record_type,split,fit_phase,duration_epochs,selection_candidate,selected,locked_at_utc,epoch,steps,triplets_visited,positive_edges_skipped,mean_bpr_data_loss,first_epoch_bpr_data_loss,final_epoch_bpr_data_loss,support_threshold,recall_at_10,hits_at_10,positive_edges,products_with_positives,candidate_pairs,fit_wall_seconds,fit_cpu_seconds,fit_steps,fit_triplets_visited,fit_positive_edges_skipped,phase_wall_seconds,phase_worker_cpu_seconds,peak_aggregate_rss_bytes,phase_output_bytes,timeout_limit_seconds,rss_limit_bytes,output_limit_bytes,run_wall_seconds,run_worker_cpu_seconds,dimension,neighbor_sample,learning_rate,regularization,objective,activation,input_path,input_sha256,protocol_path,protocol_sha256,code_commit,runner_sha256,cli_sha256,evaluation_sha256,models_sha256,data_code_sha256
validation_duration,validation_2023,validation_2023,0,False,False,2026-10-02T17:32:26.207893+00:00,,,,,,,,1,0.022193380921479558,171,7705,3483,1618588,0.8478433359996416,0.8453779979999999,0,0,,482.3596412370098,478.75906029299995,249405440,116627455,900.0,536870912,536870912,,,8,8,0.02,0.0005,bpr,tanh,results/generated/consolidation-post-RC1/core-verification-20261002/inputs/HealthGraphBench_RC1/data/real_R6/maude_B/prepared_snapshots.json.gz,1cba7f84ff24131715c68a985d9302c96c7bab4a4b2a27d906559a41104fbd36,results/generated/consolidation-post-RC1/maude-duration-20261002T172405Z/experiment_protocol_executed.md (read-only run snapshot),69cda4bbd4cd86c3ebbe2346346e2a6292ef69a89699d92e1b628bc504fcb94a,4a22c2addc8203efd2b38a60c416270855c3bf3b,6b6a38a42efe5e394fc3344ac07fcde4f7915436255bf699b33b237150abfca5,7e2e3f4190abb9e6299b7bc4f1f9a60446248d0948a3f77f50b8d15c20f2a529,825cafb260dd2b8f8558224447a866cec9c7dba1cee5b5c5b05ad89a174145b7,5c5fdf3e15913804e33459c7afb899124f9bcfa0942ae14d54794e4bc7c81e50,019d8d4792115e83327e2d5e6c5aa10dc42355bc908b84093fde28dadf0ba9d0
validation_duration,validation_2023,validation_2023,3,True,False,2026-10-02T17:32:26.207893+00:00,,,,,,0.6927517690732703,0.31540401669322593,1,0.17157689811810511,1322,7705,3483,1618588,28.577758562983945,28.16320639,203028,203028,,482.3596412370098,478.75906029299995,249405440,116627455,900.0,536870912,536870912,,,8,8,0.02,0.0005,bpr,tanh,results/generated/consolidation-post-RC1/core-verification-20261002/inputs/HealthGraphBench_RC1/data/real_R6/maude_B/prepared_snapshots.json.gz,1cba7f84ff24131715c68a985d9302c96c7bab4a4b2a27d906559a41104fbd36,results/generated/consolidation-post-RC1/maude-duration-20261002T172405Z/experiment_protocol_executed.md (read-only run snapshot),69cda4bbd4cd86c3ebbe2346346e2a6292ef69a89699d92e1b628bc504fcb94a,4a22c2addc8203efd2b38a60c416270855c3bf3b,6b6a38a42efe5e394fc3344ac07fcde4f7915436255bf699b33b237150abfca5,7e2e3f4190abb9e6299b7bc4f1f9a60446248d0948a3f77f50b8d15c20f2a529,825cafb260dd2b8f8558224447a866cec9c7dba1cee5b5c5b05ad89a174145b7,5c5fdf3e15913804e33459c7afb899124f9bcfa0942ae14d54794e4bc7c81e50,019d8d4792115e83327e2d5e6c5aa10dc42355bc908b84093fde28dadf0ba9d0
validation_duration,validation_2023,validation_2023,10,True,False,2026-10-02T17:32:26.207893+00:00,,,,,,0.6927517690732703,0.3033096207976994,1,0.16690460739779364,1286,7705,3483,1618588,92.37278664801852,92.02636689900001,676760,676760,,482.3596412370098,478.75906029299995,249405440,116627455,900.0,536870912,536870912,,,8,8,0.02,0.0005,bpr,tanh,results/generated/consolidation-post-RC1/core-verification-20261002/inputs/HealthGraphBench_RC1/data/real_R6/maude_B/prepared_snapshots.json.gz,1cba7f84ff24131715c68a985d9302c96c7bab4a4b2a27d906559a41104fbd36,results/generated/consolidation-post-RC1/maude-duration-20261002T172405Z/experiment_protocol_executed.md (read-only run snapshot),69cda4bbd4cd86c3ebbe2346346e2a6292ef69a89699d92e1b628bc504fcb94a,4a22c2addc8203efd2b38a60c416270855c3bf3b,6b6a38a42efe5e394fc3344ac07fcde4f7915436255bf699b33b237150abfca5,7e2e3f4190abb9e6299b7bc4f1f9a60446248d0948a3f77f50b8d15c20f2a529,825cafb260dd2b8f8558224447a866cec9c7dba1cee5b5c5b05ad89a174145b7,5c5fdf3e15913804e33459c7afb899124f9bcfa0942ae14d54794e4bc7c81e50,019d8d4792115e83327e2d5e6c5aa10dc42355bc908b84093fde28dadf0ba9d0
validation_duration,validation_2023,validation_2023,30,True,True,2026-10-02T17:32:26.207893+00:00,,,,,,0.6927517690732703,0.21020840214521264,1,0.20506164828033743,1580,7705,3483,1618588,272.0915981569851,269.570137795,2030280,2030280,,482.3596412370098,478.75906029299995,249405440,116627455,900.0,536870912,536870912,,,8,8,0.02,0.0005,bpr,tanh,results/generated/consolidation-post-RC1/core-verification-20261002/inputs/HealthGraphBench_RC1/data/real_R6/maude_B/prepared_snapshots.json.gz,1cba7f84ff24131715c68a985d9302c96c7bab4a4b2a27d906559a41104fbd36,results/generated/consolidation-post-RC1/maude-duration-20261002T172405Z/experiment_protocol_executed.md (read-only run snapshot),69cda4bbd4cd86c3ebbe2346346e2a6292ef69a89699d92e1b628bc504fcb94a,4a22c2addc8203efd2b38a60c416270855c3bf3b,6b6a38a42efe5e394fc3344ac07fcde4f7915436255bf699b33b237150abfca5,7e2e3f4190abb9e6299b7bc4f1f9a60446248d0948a3f77f50b8d15c20f2a529,825cafb260dd2b8f8558224447a866cec9c7dba1cee5b5c5b05ad89a174145b7,5c5fdf3e15913804e33459c7afb899124f9bcfa0942ae14d54794e4bc7c81e50,019d8d4792115e83327e2d5e6c5aa10dc42355bc908b84093fde28dadf0ba9d0
training_epoch,validation_2023_fit,validation_2023,3,True,False,2026-10-02T17:32:26.207893+00:00,1,67676,67676,0,0.6927517690732703,,,,,,,,,28.577758562983945,28.16320639,203028,203028,0,,,,,,,,,,8,8,0.02,0.0005,bpr,tanh,results/generated/consolidation-post-RC1/core-verification-20261002/inputs/HealthGraphBench_RC1/data/real_R6/maude_B/prepared_snapshots.json.gz,1cba7f84ff24131715c68a985d9302c96c7bab4a4b2a27d906559a41104fbd36,results/generated/consolidation-post-RC1/maude-duration-20261002T172405Z/experiment_protocol_executed.md (read-only run snapshot),69cda4bbd4cd86c3ebbe2346346e2a6292ef69a89699d92e1b628bc504fcb94a,4a22c2addc8203efd2b38a60c416270855c3bf3b,6b6a38a42efe5e394fc3344ac07fcde4f7915436255bf699b33b237150abfca5,7e2e3f4190abb9e6299b7bc4f1f9a60446248d0948a3f77f50b8d15c20f2a529,825cafb260dd2b8f8558224447a866cec9c7dba1cee5b5c5b05ad89a174145b7,5c5fdf3e15913804e33459c7afb899124f9bcfa0942ae14d54794e4bc7c81e50,019d8d4792115e83327e2d5e6c5aa10dc42355bc908b84093fde28dadf0ba9d0
training_epoch,validation_2023_fit,validation_2023,3,True,False,2026-10-02T17:32:26.207893+00:00,2,67676,67676,0,0.34526725326605817,,,,,,,,,28.577758562983945,28.16320639,203028,203028,0,,,,,,,,,,8,8,0.02,0.0005,bpr,tanh,results/generated/consolidation-post-RC1/core-verification-20261002/inputs/HealthGraphBench_RC1/data/real_R6/maude_B/prepared_snapshots.json.gz,1cba7f84ff24131715c68a985d9302c96c7bab4a4b2a27d906559a41104fbd36,results/generated/consolidation-post-RC1/maude-duration-20261002T172405Z/experiment_protocol_executed.md (read-only run snapshot),69cda4bbd4cd86c3ebbe2346346e2a6292ef69a89699d92e1b628bc504fcb94a,4a22c2addc8203efd2b38a60c416270855c3bf3b,6b6a38a42efe5e394fc3344ac07fcde4f7915436255bf699b33b237150abfca5,7e2e3f4190abb9e6299b7bc4f1f9a60446248d0948a3f77f50b8d15c20f2a529,825cafb260dd2b8f8558224447a866cec9c7dba1cee5b5c5b05ad89a174145b7,5c5fdf3e15913804e33459c7afb899124f9bcfa0942ae14d54794e4bc7c81e50,019d8d4792115e83327e2d5e6c5aa10dc42355bc908b84093fde28dadf0ba9d0
training_epoch,validation_2023_fit,validation_2023,3,True,False,2026-10-02T17:32:26.207893+00:00,3,67676,67676,0,0.31540401669322593,,,,,,,,,28.577758562983945,28.16320639,203028,203028,0,,,,,,,,,,8,8,0.02,0.0005,bpr,tanh,results/generated/consolidation-post-RC1/core-verification-20261002/inputs/HealthGraphBench_RC1/data/real_R6/maude_B/prepared_snapshots.json.gz,1cba7f84ff24131715c68a985d9302c96c7bab4a4b2a27d906559a41104fbd36,results/generated/consolidation-post-RC1/maude-duration-20261002T172405Z/experiment_protocol_executed.md (read-only run snapshot),69cda4bbd4cd86c3ebbe2346346e2a6292ef69a89699d92e1b628bc504fcb94a,4a22c2addc8203efd2b38a60c416270855c3bf3b,6b6a38a42efe5e394fc3344ac07fcde4f7915436255bf699b33b237150abfca5,7e2e3f4190abb9e6299b7bc4f1f9a60446248d0948a3f77f50b8d15c20f2a529,825cafb260dd2b8f8558224447a866cec9c7dba1cee5b5c5b05ad89a174145b7,5c5fdf3e15913804e33459c7afb899124f9bcfa0942ae14d54794e4bc7c81e50,019d8d4792115e83327e2d5e6c5aa10dc42355bc908b84093fde28dadf0ba9d0
training_epoch,validation_2023_fit,validation_2023,10,True,False,2026-10-02T17:32:26.207893+00:00,1,67676,67676,0,0.6927517690732703,,,,,,,,,92.37278664801852,92.02636689900001,676760,676760,0,,,,,,,,,,8,8,0.02,0.0005,bpr,tanh,results/generated/consolidation-post-RC1/core-verification-20261002/inputs/HealthGraphBench_RC1/data/real_R6/maude_B/prepared_snapshots.json.gz,1cba7f84ff24131715c68a985d9302c96c7bab4a4b2a27d906559a41104fbd36,results/generated/consolidation-post-RC1/maude-duration-20261002T172405Z/experiment_protocol_executed.md (read-only run snapshot),69cda4bbd4cd86c3ebbe2346346e2a6292ef69a89699d92e1b628bc504fcb94a,4a22c2addc8203efd2b38a60c416270855c3bf3b,6b6a38a42efe5e394fc3344ac07fcde4f7915436255bf699b33b237150abfca5,7e2e3f4190abb9e6299b7bc4f1f9a60446248d0948a3f77f50b8d15c20f2a529,825cafb260dd2b8f8558224447a866cec9c7dba1cee5b5c5b05ad89a174145b7,5c5fdf3e15913804e33459c7afb899124f9bcfa0942ae14d54794e4bc7c81e50,019d8d4792115e83327e2d5e6c5aa10dc42355bc908b84093fde28dadf0ba9d0
training_epoch,validation_2023_fit,validation_2023,10,True,False,2026-10-02T17:32:26.207893+00:00,2,67676,67676,0,0.34526725326605817,,,,,,,,,92.37278664801852,92.02636689900001,676760,676760,0,,,,,,,,,,8,8,0.02,0.0005,bpr,tanh,results/generated/consolidation-post-RC1/core-verification-20261002/inputs/HealthGraphBench_RC1/data/real_R6/maude_B/prepared_snapshots.json.gz,1cba7f84ff24131715c68a985d9302c96c7bab4a4b2a27d906559a41104fbd36,results/generated/consolidation-post-RC1/maude-duration-20261002T172405Z/experiment_protocol_executed.md (read-only run snapshot),69cda4bbd4cd86c3ebbe2346346e2a6292ef69a89699d92e1b628bc504fcb94a,4a22c2addc8203efd2b38a60c416270855c3bf3b,6b6a38a42efe5e394fc3344ac07fcde4f7915436255bf699b33b237150abfca5,7e2e3f4190abb9e6299b7bc4f1f9a60446248d0948a3f77f50b8d15c20f2a529,825cafb260dd2b8f8558224447a866cec9c7dba1cee5b5c5b05ad89a174145b7,5c5fdf3e15913804e33459c7afb899124f9bcfa0942ae14d54794e4bc7c81e50,019d8d4792115e83327e2d5e6c5aa10dc42355bc908b84093fde28dadf0ba9d0
training_epoch,validation_2023_fit,validation_2023,10,True,False,2026-10-02T17:32:26.207893+00:00,3,67676,67676,0,0.31540401669322593,,,,,,,,,92.37278664801852,92.02636689900001,676760,676760,0,,,,,,,,,,8,8,0.02,0.0005,bpr,tanh,results/generated/consolidation-post-RC1/core-verification-20261002/inputs/HealthGraphBench_RC1/data/real_R6/maude_B/prepared_snapshots.json.gz,1cba7f84ff24131715c68a985d9302c96c7bab4a4b2a27d906559a41104fbd36,results/generated/consolidation-post-RC1/maude-duration-20261002T172405Z/experiment_protocol_executed.md (read-only run snapshot),69cda4bbd4cd86c3ebbe2346346e2a6292ef69a89699d92e1b628bc504fcb94a,4a22c2addc8203efd2b38a60c416270855c3bf3b,6b6a38a42efe5e394fc3344ac07fcde4f7915436255bf699b33b237150abfca5,7e2e3f4190abb9e6299b7bc4f1f9a60446248d0948a3f77f50b8d15c20f2a529,825cafb260dd2b8f8558224447a866cec9c7dba1cee5b5c5b05ad89a174145b7,5c5fdf3e15913804e33459c7afb899124f9bcfa0942ae14d54794e4bc7c81e50,019d8d4792115e83327e2d5e6c5aa10dc42355bc908b84093fde28dadf0ba9d0
training_epoch,validation_2023_fit,validation_2023,10,True,False,2026-10-02T17:32:26.207893+00:00,4,67676,67676,0,0.31428992449228776,,,,,,,,,92.37278664801852,92.02636689900001,676760,676760,0,,,,,,,,,,8,8,0.02,0.0005,bpr,tanh,results/generated/consolidation-post-RC1/core-verification-20261002/inputs/HealthGraphBench_RC1/data/real_R6/maude_B/prepared_snapshots.json.gz,1cba7f84ff24131715c68a985d9302c96c7bab4a4b2a27d906559a41104fbd36,results/generated/consolidation-post-RC1/maude-duration-20261002T172405Z/experiment_protocol_executed.md (read-only run snapshot),69cda4bbd4cd86c3ebbe2346346e2a6292ef69a89699d92e1b628bc504fcb94a,4a22c2addc8203efd2b38a60c416270855c3bf3b,6b6a38a42efe5e394fc3344ac07fcde4f7915436255bf699b33b237150abfca5,7e2e3f4190abb9e6299b7bc4f1f9a60446248d0948a3f77f50b8d15c20f2a529,825cafb260dd2b8f8558224447a866cec9c7dba1cee5b5c5b05ad89a174145b7,5c5fdf3e15913804e33459c7afb899124f9bcfa0942ae14d54794e4bc7c81e50,019d8d4792115e83327e2d5e6c5aa10dc42355bc908b84093fde28dadf0ba9d0
training_epoch,validation_2023_fit,validation_2023,10,True,False,2026-10-02T17:32:26.207893+00:00,5,67676,67676,0,0.31110194752877735,,,,,,,,,92.37278664801852,92.02636689900001,676760,676760,0,,,,,,,,,,8,8,0.02,0.0005,bpr,tanh,results/generated/consolidation-post-RC1/core-verification-20261002/inputs/HealthGraphBench_RC1/data/real_R6/maude_B/prepared_snapshots.json.gz,1cba7f84ff24131715c68a985d9302c96c7bab4a4b2a27d906559a41104fbd36,results/generated/consolidation-post-RC1/maude-duration-20261002T172405Z/experiment_protocol_executed.md (read-only run snapshot),69cda4bbd4cd86c3ebbe2346346e2a6292ef69a89699d92e1b628bc504fcb94a,4a22c2addc8203efd2b38a60c416270855c3bf3b,6b6a38a42efe5e394fc3344ac07fcde4f7915436255bf699b33b237150abfca5,7e2e3f4190abb9e6299b7bc4f1f9a60446248d0948a3f77f50b8d15c20f2a529,825cafb260dd2b8f8558224447a866cec9c7dba1cee5b5c5b05ad89a174145b7,5c5fdf3e15913804e33459c7afb899124f9bcfa0942ae14d54794e4bc7c81e50,019d8d4792115e83327e2d5e6c5aa10dc42355bc908b84093fde28dadf0ba9d0
training_epoch,validation_2023_fit,validation_2023,10,True,False,2026-10-02T17:32:26.207893+00:00,6,67676,67676,0,0.3121177556895386,,,,,,,,,92.37278664801852,92.02636689900001,676760,676760,0,,,,,,,,,,8,8,0.02,0.0005,bpr,tanh,results/generated/consolidation-post-RC1/core-verification-20261002/inputs/HealthGraphBench_RC1/data/real_R6/maude_B/prepared_snapshots.json.gz,1cba7f84ff24131715c68a985d9302c96c7bab4a4b2a27d906559a41104fbd36,results/generated/consolidation-post-RC1/maude-duration-20261002T172405Z/experiment_protocol_executed.md (read-only run snapshot),69cda4bbd4cd86c3ebbe2346346e2a6292ef69a89699d92e1b628bc504fcb94a,4a22c2addc8203efd2b38a60c416270855c3bf3b,6b6a38a42efe5e394fc3344ac07fcde4f7915436255bf699b33b237150abfca5,7e2e3f4190abb9e6299b7bc4f1f9a60446248d0948a3f77f50b8d15c20f2a529,825cafb260dd2b8f8558224447a866cec9c7dba1cee5b5c5b05ad89a174145b7,5c5fdf3e15913804e33459c7afb899124f9bcfa0942ae14d54794e4bc7c81e50,019d8d4792115e83327e2d5e6c5aa10dc42355bc908b84093fde28dadf0ba9d0
training_epoch,validation_2023_fit,validation_2023,10,True,False,2026-10-02T17:32:26.207893+00:00,7,67676,67676,0,0.30913436025957053,,,,,,,,,92.37278664801852,92.02636689900001,676760,676760,0,,,,,,,,,,8,8,0.02,0.0005,bpr,tanh,results/generated/consolidation-post-RC1/core-verification-20261002/inputs/HealthGraphBench_RC1/data/real_R6/maude_B/prepared_snapshots.json.gz,1cba7f84ff24131715c68a985d9302c96c7bab4a4b2a27d906559a41104fbd36,results/generated/consolidation-post-RC1/maude-duration-20261002T172405Z/experiment_protocol_executed.md (read-only run snapshot),69cda4bbd4cd86c3ebbe2346346e2a6292ef69a89699d92e1b628bc504fcb94a,4a22c2addc8203efd2b38a60c416270855c3bf3b,6b6a38a42efe5e394fc3344ac07fcde4f7915436255bf699b33b237150abfca5,7e2e3f4190abb9e6299b7bc4f1f9a60446248d0948a3f77f50b8d15c20f2a529,825cafb260dd2b8f8558224447a866cec9c7dba1cee5b5c5b05ad89a174145b7,5c5fdf3e15913804e33459c7afb899124f9bcfa0942ae14d54794e4bc7c81e50,019d8d4792115e83327e2d5e6c5aa10dc42355bc908b84093fde28dadf0ba9d0
training_epoch,validation_2023_fit,validation_2023,10,True,False,2026-10-02T17:32:26.207893+00:00,8,67676,67676,0,0.30837063809139525,,,,,,,,,92.37278664801852,92.02636689900001,676760,676760,0,,,,,,,,,,8,8,0.02,0.0005,bpr,tanh,results/generated/consolidation-post-RC1/core-verification-20261002/inputs/HealthGraphBench_RC1/data/real_R6/maude_B/prepared_snapshots.json.gz,1cba7f84ff24131715c68a985d9302c96c7bab4a4b2a27d906559a41104fbd36,results/generated/consolidation-post-RC1/maude-duration-20261002T172405Z/experiment_protocol_executed.md (read-only run snapshot),69cda4bbd4cd86c3ebbe2346346e2a6292ef69a89699d92e1b628bc504fcb94a,4a22c2addc8203efd2b38a60c416270855c3bf3b,6b6a38a42efe5e394fc3344ac07fcde4f7915436255bf699b33b237150abfca5,7e2e3f4190abb9e6299b7bc4f1f9a60446248d0948a3f77f50b8d15c20f2a529,825cafb260dd2b8f8558224447a866cec9c7dba1cee5b5c5b05ad89a174145b7,5c5fdf3e15913804e33459c7afb899124f9bcfa0942ae14d54794e4bc7c81e50,019d8d4792115e83327e2d5e6c5aa10dc42355bc908b84093fde28dadf0ba9d0
training_epoch,validation_2023_fit,validation_2023,10,True,False,2026-10-02T17:32:26.207893+00:00,9,67676,67676,0,0.30383884109171494,,,,,,,,,92.37278664801852,92.02636689900001,676760,676760,0,,,,,,,,,,8,8,0.02,0.0005,bpr,tanh,results/generated/consolidation-post-RC1/core-verification-20261002/inputs/HealthGraphBench_RC1/data/real_R6/maude_B/prepared_snapshots.json.gz,1cba7f84ff24131715c68a985d9302c96c7bab4a4b2a27d906559a41104fbd36,results/generated/consolidation-post-RC1/maude-duration-20261002T172405Z/experiment_protocol_executed.md (read-only run snapshot),69cda4bbd4cd86c3ebbe2346346e2a6292ef69a89699d92e1b628bc504fcb94a,4a22c2addc8203efd2b38a60c416270855c3bf3b,6b6a38a42efe5e394fc3344ac07fcde4f7915436255bf699b33b237150abfca5,7e2e3f4190abb9e6299b7bc4f1f9a60446248d0948a3f77f50b8d15c20f2a529,825cafb260dd2b8f8558224447a866cec9c7dba1cee5b5c5b05ad89a174145b7,5c5fdf3e15913804e33459c7afb899124f9bcfa0942ae14d54794e4bc7c81e50,019d8d4792115e83327e2d5e6c5aa10dc42355bc908b84093fde28dadf0ba9d0
training_epoch,validation_2023_fit,validation_2023,10,True,False,2026-10-02T17:32:26.207893+00:00,10,67676,67676,0,0.3033096207976994,,,,,,,,,92.37278664801852,92.02636689900001,676760,676760,0,,,,,,,,,,8,8,0.02,0.0005,bpr,tanh,results/generated/consolidation-post-RC1/core-verification-20261002/inputs/HealthGraphBench_RC1/data/real_R6/maude_B/prepared_snapshots.json.gz,1cba7f84ff24131715c68a985d9302c96c7bab4a4b2a27d906559a41104fbd36,results/generated/consolidation-post-RC1/maude-duration-20261002T172405Z/experiment_protocol_executed.md (read-only run snapshot),69cda4bbd4cd86c3ebbe2346346e2a6292ef69a89699d92e1b628bc504fcb94a,4a22c2addc8203efd2b38a60c416270855c3bf3b,6b6a38a42efe5e394fc3344ac07fcde4f7915436255bf699b33b237150abfca5,7e2e3f4190abb9e6299b7bc4f1f9a60446248d0948a3f77f50b8d15c20f2a529,825cafb260dd2b8f8558224447a866cec9c7dba1cee5b5c5b05ad89a174145b7,5c5fdf3e15913804e33459c7afb899124f9bcfa0942ae14d54794e4bc7c81e50,019d8d4792115e83327e2d5e6c5aa10dc42355bc908b84093fde28dadf0ba9d0
training_epoch,validation_2023_fit,validation_2023,30,True,True,2026-10-02T17:32:26.207893+00:00,1,67676,67676,0,0.6927517690732703,,,,,,,,,272.0915981569851,269.570137795,2030280,2030280,0,,,,,,,,,,8,8,0.02,0.0005,bpr,tanh,results/generated/consolidation-post-RC1/core-verification-20261002/inputs/HealthGraphBench_RC1/data/real_R6/maude_B/prepared_snapshots.json.gz,1cba7f84ff24131715c68a985d9302c96c7bab4a4b2a27d906559a41104fbd36,results/generated/consolidation-post-RC1/maude-duration-20261002T172405Z/experiment_protocol_executed.md (read-only run snapshot),69cda4bbd4cd86c3ebbe2346346e2a6292ef69a89699d92e1b628bc504fcb94a,4a22c2addc8203efd2b38a60c416270855c3bf3b,6b6a38a42efe5e394fc3344ac07fcde4f7915436255bf699b33b237150abfca5,7e2e3f4190abb9e6299b7bc4f1f9a60446248d0948a3f77f50b8d15c20f2a529,825cafb260dd2b8f8558224447a866cec9c7dba1cee5b5c5b05ad89a174145b7,5c5fdf3e15913804e33459c7afb899124f9bcfa0942ae14d54794e4bc7c81e50,019d8d4792115e83327e2d5e6c5aa10dc42355bc908b84093fde28dadf0ba9d0
training_epoch,validation_2023_fit,validation_2023,30,True,True,2026-10-02T17:32:26.207893+00:00,2,67676,67676,0,0.34526725326605817,,,,,,,,,272.0915981569851,269.570137795,2030280,2030280,0,,,,,,,,,,8,8,0.02,0.0005,bpr,tanh,results/generated/consolidation-post-RC1/core-verification-20261002/inputs/HealthGraphBench_RC1/data/real_R6/maude_B/prepared_snapshots.json.gz,1cba7f84ff24131715c68a985d9302c96c7bab4a4b2a27d906559a41104fbd36,results/generated/consolidation-post-RC1/maude-duration-20261002T172405Z/experiment_protocol_executed.md (read-only run snapshot),69cda4bbd4cd86c3ebbe2346346e2a6292ef69a89699d92e1b628bc504fcb94a,4a22c2addc8203efd2b38a60c416270855c3bf3b,6b6a38a42efe5e394fc3344ac07fcde4f7915436255bf699b33b237150abfca5,7e2e3f4190abb9e6299b7bc4f1f9a60446248d0948a3f77f50b8d15c20f2a529,825cafb260dd2b8f8558224447a866cec9c7dba1cee5b5c5b05ad89a174145b7,5c5fdf3e15913804e33459c7afb899124f9bcfa0942ae14d54794e4bc7c81e50,019d8d4792115e83327e2d5e6c5aa10dc42355bc908b84093fde28dadf0ba9d0
training_epoch,validation_2023_fit,validation_2023,30,True,True,2026-10-02T17:32:26.207893+00:00,3,67676,67676,0,0.31540401669322593,,,,,,,,,272.0915981569851,269.570137795,2030280,2030280,0,,,,,,,,,,8,8,0.02,0.0005,bpr,tanh,results/generated/consolidation-post-RC1/core-verification-20261002/inputs/HealthGraphBench_RC1/data/real_R6/maude_B/prepared_snapshots.json.gz,1cba7f84ff24131715c68a985d9302c96c7bab4a4b2a27d906559a41104fbd36,results/generated/consolidation-post-RC1/maude-duration-20261002T172405Z/experiment_protocol_executed.md (read-only run snapshot),69cda4bbd4cd86c3ebbe2346346e2a6292ef69a89699d92e1b628bc504fcb94a,4a22c2addc8203efd2b38a60c416270855c3bf3b,6b6a38a42efe5e394fc3344ac07fcde4f7915436255bf699b33b237150abfca5,7e2e3f4190abb9e6299b7bc4f1f9a60446248d0948a3f77f50b8d15c20f2a529,825cafb260dd2b8f8558224447a866cec9c7dba1cee5b5c5b05ad89a174145b7,5c5fdf3e15913804e33459c7afb899124f9bcfa0942ae14d54794e4bc7c81e50,019d8d4792115e83327e2d5e6c5aa10dc42355bc908b84093fde28dadf0ba9d0
training_epoch,validation_2023_fit,validation_2023,30,True,True,2026-10-02T17:32:26.207893+00:00,4,67676,67676,0,0.31428992449228776,,,,,,,,,272.0915981569851,269.570137795,2030280,2030280,0,,,,,,,,,,8,8,0.02,0.0005,bpr,tanh,results/generated/consolidation-post-RC1/core-verification-20261002/inputs/HealthGraphBench_RC1/data/real_R6/maude_B/prepared_snapshots.json.gz,1cba7f84ff24131715c68a985d9302c96c7bab4a4b2a27d906559a41104fbd36,results/generated/consolidation-post-RC1/maude-duration-20261002T172405Z/experiment_protocol_executed.md (read-only run snapshot),69cda4bbd4cd86c3ebbe2346346e2a6292ef69a89699d92e1b628bc504fcb94a,4a22c2addc8203efd2b38a60c416270855c3bf3b,6b6a38a42efe5e394fc3344ac07fcde4f7915436255bf699b33b237150abfca5,7e2e3f4190abb9e6299b7bc4f1f9a60446248d0948a3f77f50b8d15c20f2a529,825cafb260dd2b8f8558224447a866cec9c7dba1cee5b5c5b05ad89a174145b7,5c5fdf3e15913804e33459c7afb899124f9bcfa0942ae14d54794e4bc7c81e50,019d8d4792115e83327e2d5e6c5aa10dc42355bc908b84093fde28dadf0ba9d0
training_epoch,validation_2023_fit,validation_2023,30,True,True,2026-10-02T17:32:26.207893+00:00,5,67676,67676,0,0.31110194752877735,,,,,,,,,272.0915981569851,269.570137795,2030280,2030280,0,,,,,,,,,,8,8,0.02,0.0005,bpr,tanh,results/generated/consolidation-post-RC1/core-verification-20261002/inputs/HealthGraphBench_RC1/data/real_R6/maude_B/prepared_snapshots.json.gz,1cba7f84ff24131715c68a985d9302c96c7bab4a4b2a27d906559a41104fbd36,results/generated/consolidation-post-RC1/maude-duration-20261002T172405Z/experiment_protocol_executed.md (read-only run snapshot),69cda4bbd4cd86c3ebbe2346346e2a6292ef69a89699d92e1b628bc504fcb94a,4a22c2addc8203efd2b38a60c416270855c3bf3b,6b6a38a42efe5e394fc3344ac07fcde4f7915436255bf699b33b237150abfca5,7e2e3f4190abb9e6299b7bc4f1f9a60446248d0948a3f77f50b8d15c20f2a529,825cafb260dd2b8f8558224447a866cec9c7dba1cee5b5c5b05ad89a174145b7,5c5fdf3e15913804e33459c7afb899124f9bcfa0942ae14d54794e4bc7c81e50,019d8d4792115e83327e2d5e6c5aa10dc42355bc908b84093fde28dadf0ba9d0
training_epoch,validation_2023_fit,validation_2023,30,True,True,2026-10-02T17:32:26.207893+00:00,6,67676,67676,0,0.3121177556895386,,,,,,,,,272.0915981569851,269.570137795,2030280,2030280,0,,,,,,,,,,8,8,0.02,0.0005,bpr,tanh,results/generated/consolidation-post-RC1/core-verification-20261002/inputs/HealthGraphBench_RC1/data/real_R6/maude_B/prepared_snapshots.json.gz,1cba7f84ff24131715c68a985d9302c96c7bab4a4b2a27d906559a41104fbd36,results/generated/consolidation-post-RC1/maude-duration-20261002T172405Z/experiment_protocol_executed.md (read-only run snapshot),69cda4bbd4cd86c3ebbe2346346e2a6292ef69a89699d92e1b628bc504fcb94a,4a22c2addc8203efd2b38a60c416270855c3bf3b,6b6a38a42efe5e394fc3344ac07fcde4f7915436255bf699b33b237150abfca5,7e2e3f4190abb9e6299b7bc4f1f9a60446248d0948a3f77f50b8d15c20f2a529,825cafb260dd2b8f8558224447a866cec9c7dba1cee5b5c5b05ad89a174145b7,5c5fdf3e15913804e33459c7afb899124f9bcfa0942ae14d54794e4bc7c81e50,019d8d4792115e83327e2d5e6c5aa10dc42355bc908b84093fde28dadf0ba9d0
training_epoch,validation_2023_fit,validation_2023,30,True,True,2026-10-02T17:32:26.207893+00:00,7,67676,67676,0,0.30913436025957053,,,,,,,,,272.0915981569851,269.570137795,2030280,2030280,0,,,,,,,,,,8,8,0.02,0.0005,bpr,tanh,results/generated/consolidation-post-RC1/core-verification-20261002/inputs/HealthGraphBench_RC1/data/real_R6/maude_B/prepared_snapshots.json.gz,1cba7f84ff24131715c68a985d9302c96c7bab4a4b2a27d906559a41104fbd36,results/generated/consolidation-post-RC1/maude-duration-20261002T172405Z/experiment_protocol_executed.md (read-only run snapshot),69cda4bbd4cd86c3ebbe2346346e2a6292ef69a89699d92e1b628bc504fcb94a,4a22c2addc8203efd2b38a60c416270855c3bf3b,6b6a38a42efe5e394fc3344ac07fcde4f7915436255bf699b33b237150abfca5,7e2e3f4190abb9e6299b7bc4f1f9a60446248d0948a3f77f50b8d15c20f2a529,825cafb260dd2b8f8558224447a866cec9c7dba1cee5b5c5b05ad89a174145b7,5c5fdf3e15913804e33459c7afb899124f9bcfa0942ae14d54794e4bc7c81e50,019d8d4792115e83327e2d5e6c5aa10dc42355bc908b84093fde28dadf0ba9d0
training_epoch,validation_2023_fit,validation_2023,30,True,True,2026-10-02T17:32:26.207893+00:00,8,67676,67676,0,0.30837063809139525,,,,,,,,,272.0915981569851,269.570137795,2030280,2030280,0,,,,,,,,,,8,8,0.02,0.0005,bpr,tanh,results/generated/consolidation-post-RC1/core-verification-20261002/inputs/HealthGraphBench_RC1/data/real_R6/maude_B/prepared_snapshots.json.gz,1cba7f84ff24131715c68a985d9302c96c7bab4a4b2a27d906559a41104fbd36,results/generated/consolidation-post-RC1/maude-duration-20261002T172405Z/experiment_protocol_executed.md (read-only run snapshot),69cda4bbd4cd86c3ebbe2346346e2a6292ef69a89699d92e1b628bc504fcb94a,4a22c2addc8203efd2b38a60c416270855c3bf3b,6b6a38a42efe5e394fc3344ac07fcde4f7915436255bf699b33b237150abfca5,7e2e3f4190abb9e6299b7bc4f1f9a60446248d0948a3f77f50b8d15c20f2a529,825cafb260dd2b8f8558224447a866cec9c7dba1cee5b5c5b05ad89a174145b7,5c5fdf3e15913804e33459c7afb899124f9bcfa0942ae14d54794e4bc7c81e50,019d8d4792115e83327e2d5e6c5aa10dc42355bc908b84093fde28dadf0ba9d0
training_epoch,validation_2023_fit,validation_2023,30,True,True,2026-10-02T17:32:26.207893+00:00,9,67676,67676,0,0.30383884109171494,,,,,,,,,272.0915981569851,269.570137795,2030280,2030280,0,,,,,,,,,,8,8,0.02,0.0005,bpr,tanh,results/generated/consolidation-post-RC1/core-verification-20261002/inputs/HealthGraphBench_RC1/data/real_R6/maude_B/prepared_snapshots.json.gz,1cba7f84ff24131715c68a985d9302c96c7bab4a4b2a27d906559a41104fbd36,results/generated/consolidation-post-RC1/maude-duration-20261002T172405Z/experiment_protocol_executed.md (read-only run snapshot),69cda4bbd4cd86c3ebbe2346346e2a6292ef69a89699d92e1b628bc504fcb94a,4a22c2addc8203efd2b38a60c416270855c3bf3b,6b6a38a42efe5e394fc3344ac07fcde4f7915436255bf699b33b237150abfca5,7e2e3f4190abb9e6299b7bc4f1f9a60446248d0948a3f77f50b8d15c20f2a529,825cafb260dd2b8f8558224447a866cec9c7dba1cee5b5c5b05ad89a174145b7,5c5fdf3e15913804e33459c7afb899124f9bcfa0942ae14d54794e4bc7c81e50,019d8d4792115e83327e2d5e6c5aa10dc42355bc908b84093fde28dadf0ba9d0
training_epoch,validation_2023_fit,validation_2023,30,True,True,2026-10-02T17:32:26.207893+00:00,10,67676,67676,0,0.3033096207976994,,,,,,,,,272.0915981569851,269.570137795,2030280,2030280,0,,,,,,,,,,8,8,0.02,0.0005,bpr,tanh,results/generated/consolidation-post-RC1/core-verification-20261002/inputs/HealthGraphBench_RC1/data/real_R6/maude_B/prepared_snapshots.json.gz,1cba7f84ff24131715c68a985d9302c96c7bab4a4b2a27d906559a41104fbd36,results/generated/consolidation-post-RC1/maude-duration-20261002T172405Z/experiment_protocol_executed.md (read-only run snapshot),69cda4bbd4cd86c3ebbe2346346e2a6292ef69a89699d92e1b628bc504fcb94a,4a22c2addc8203efd2b38a60c416270855c3bf3b,6b6a38a42efe5e394fc3344ac07fcde4f7915436255bf699b33b237150abfca5,7e2e3f4190abb9e6299b7bc4f1f9a60446248d0948a3f77f50b8d15c20f2a529,825cafb260dd2b8f8558224447a866cec9c7dba1cee5b5c5b05ad89a174145b7,5c5fdf3e15913804e33459c7afb899124f9bcfa0942ae14d54794e4bc7c81e50,019d8d4792115e83327e2d5e6c5aa10dc42355bc908b84093fde28dadf0ba9d0
training_epoch,validation_2023_fit,validation_2023,30,True,True,2026-10-02T17:32:26.207893+00:00,11,67676,67676,0,0.3021920192459842,,,,,,,,,272.0915981569851,269.570137795,2030280,2030280,0,,,,,,,,,,8,8,0.02,0.0005,bpr,tanh,results/generated/consolidation-post-RC1/core-verification-20261002/inputs/HealthGraphBench_RC1/data/real_R6/maude_B/prepared_snapshots.json.gz,1cba7f84ff24131715c68a985d9302c96c7bab4a4b2a27d906559a41104fbd36,results/generated/consolidation-post-RC1/maude-duration-20261002T172405Z/experiment_protocol_executed.md (read-only run snapshot),69cda4bbd4cd86c3ebbe2346346e2a6292ef69a89699d92e1b628bc504fcb94a,4a22c2addc8203efd2b38a60c416270855c3bf3b,6b6a38a42efe5e394fc3344ac07fcde4f7915436255bf699b33b237150abfca5,7e2e3f4190abb9e6299b7bc4f1f9a60446248d0948a3f77f50b8d15c20f2a529,825cafb260dd2b8f8558224447a866cec9c7dba1cee5b5c5b05ad89a174145b7,5c5fdf3e15913804e33459c7afb899124f9bcfa0942ae14d54794e4bc7c81e50,019d8d4792115e83327e2d5e6c5aa10dc42355bc908b84093fde28dadf0ba9d0
training_epoch,validation_2023_fit,validation_2023,30,True,True,2026-10-02T17:32:26.207893+00:00,12,67676,67676,0,0.2742000820983173,,,,,,,,,272.0915981569851,269.570137795,2030280,2030280,0,,,,,,,,,,8,8,0.02,0.0005,bpr,tanh,results/generated/consolidation-post-RC1/core-verification-20261002/inputs/HealthGraphBench_RC1/data/real_R6/maude_B/prepared_snapshots.json.gz,1cba7f84ff24131715c68a985d9302c96c7bab4a4b2a27d906559a41104fbd36,results/generated/consolidation-post-RC1/maude-duration-20261002T172405Z/experiment_protocol_executed.md (read-only run snapshot),69cda4bbd4cd86c3ebbe2346346e2a6292ef69a89699d92e1b628bc504fcb94a,4a22c2addc8203efd2b38a60c416270855c3bf3b,6b6a38a42efe5e394fc3344ac07fcde4f7915436255bf699b33b237150abfca5,7e2e3f4190abb9e6299b7bc4f1f9a60446248d0948a3f77f50b8d15c20f2a529,825cafb260dd2b8f8558224447a866cec9c7dba1cee5b5c5b05ad89a174145b7,5c5fdf3e15913804e33459c7afb899124f9bcfa0942ae14d54794e4bc7c81e50,019d8d4792115e83327e2d5e6c5aa10dc42355bc908b84093fde28dadf0ba9d0
training_epoch,validation_2023_fit,validation_2023,30,True,True,2026-10-02T17:32:26.207893+00:00,13,67676,67676,0,0.2562141542776308,,,,,,,,,272.0915981569851,269.570137795,2030280,2030280,0,,,,,,,,,,8,8,0.02,0.0005,bpr,tanh,results/generated/consolidation-post-RC1/core-verification-20261002/inputs/HealthGraphBench_RC1/data/real_R6/maude_B/prepared_snapshots.json.gz,1cba7f84ff24131715c68a985d9302c96c7bab4a4b2a27d906559a41104fbd36,results/generated/consolidation-post-RC1/maude-duration-20261002T172405Z/experiment_protocol_executed.md (read-only run snapshot),69cda4bbd4cd86c3ebbe2346346e2a6292ef69a89699d92e1b628bc504fcb94a,4a22c2addc8203efd2b38a60c416270855c3bf3b,6b6a38a42efe5e394fc3344ac07fcde4f7915436255bf699b33b237150abfca5,7e2e3f4190abb9e6299b7bc4f1f9a60446248d0948a3f77f50b8d15c20f2a529,825cafb260dd2b8f8558224447a866cec9c7dba1cee5b5c5b05ad89a174145b7,5c5fdf3e15913804e33459c7afb899124f9bcfa0942ae14d54794e4bc7c81e50,019d8d4792115e83327e2d5e6c5aa10dc42355bc908b84093fde28dadf0ba9d0
training_epoch,validation_2023_fit,validation_2023,30,True,True,2026-10-02T17:32:26.207893+00:00,14,67676,67676,0,0.25127074620920004,,,,,,,,,272.0915981569851,269.570137795,2030280,2030280,0,,,,,,,,,,8,8,0.02,0.0005,bpr,tanh,results/generated/consolidation-post-RC1/core-verification-20261002/inputs/HealthGraphBench_RC1/data/real_R6/maude_B/prepared_snapshots.json.gz,1cba7f84ff24131715c68a985d9302c96c7bab4a4b2a27d906559a41104fbd36,results/generated/consolidation-post-RC1/maude-duration-20261002T172405Z/experiment_protocol_executed.md (read-only run snapshot),69cda4bbd4cd86c3ebbe2346346e2a6292ef69a89699d92e1b628bc504fcb94a,4a22c2addc8203efd2b38a60c416270855c3bf3b,6b6a38a42efe5e394fc3344ac07fcde4f7915436255bf699b33b237150abfca5,7e2e3f4190abb9e6299b7bc4f1f9a60446248d0948a3f77f50b8d15c20f2a529,825cafb260dd2b8f8558224447a866cec9c7dba1cee5b5c5b05ad89a174145b7,5c5fdf3e15913804e33459c7afb899124f9bcfa0942ae14d54794e4bc7c81e50,019d8d4792115e83327e2d5e6c5aa10dc42355bc908b84093fde28dadf0ba9d0
training_epoch,validation_2023_fit,validation_2023,30,True,True,2026-10-02T17:32:26.207893+00:00,15,67676,67676,0,0.2482829180884183,,,,,,,,,272.0915981569851,269.570137795,2030280,2030280,0,,,,,,,,,,8,8,0.02,0.0005,bpr,tanh,results/generated/consolidation-post-RC1/core-verification-20261002/inputs/HealthGraphBench_RC1/data/real_R6/maude_B/prepared_snapshots.json.gz,1cba7f84ff24131715c68a985d9302c96c7bab4a4b2a27d906559a41104fbd36,results/generated/consolidation-post-RC1/maude-duration-20261002T172405Z/experiment_protocol_executed.md (read-only run snapshot),69cda4bbd4cd86c3ebbe2346346e2a6292ef69a89699d92e1b628bc504fcb94a,4a22c2addc8203efd2b38a60c416270855c3bf3b,6b6a38a42efe5e394fc3344ac07fcde4f7915436255bf699b33b237150abfca5,7e2e3f4190abb9e6299b7bc4f1f9a60446248d0948a3f77f50b8d15c20f2a529,825cafb260dd2b8f8558224447a866cec9c7dba1cee5b5c5b05ad89a174145b7,5c5fdf3e15913804e33459c7afb899124f9bcfa0942ae14d54794e4bc7c81e50,019d8d4792115e83327e2d5e6c5aa10dc42355bc908b84093fde28dadf0ba9d0
training_epoch,validation_2023_fit,validation_2023,30,True,True,2026-10-02T17:32:26.207893+00:00,16,67676,67676,0,0.24701634622725865,,,,,,,,,272.0915981569851,269.570137795,2030280,2030280,0,,,,,,,,,,8,8,0.02,0.0005,bpr,tanh,results/generated/consolidation-post-RC1/core-verification-20261002/inputs/HealthGraphBench_RC1/data/real_R6/maude_B/prepared_snapshots.json.gz,1cba7f84ff24131715c68a985d9302c96c7bab4a4b2a27d906559a41104fbd36,results/generated/consolidation-post-RC1/maude-duration-20261002T172405Z/experiment_protocol_executed.md (read-only run snapshot),69cda4bbd4cd86c3ebbe2346346e2a6292ef69a89699d92e1b628bc504fcb94a,4a22c2addc8203efd2b38a60c416270855c3bf3b,6b6a38a42efe5e394fc3344ac07fcde4f7915436255bf699b33b237150abfca5,7e2e3f4190abb9e6299b7bc4f1f9a60446248d0948a3f77f50b8d15c20f2a529,825cafb260dd2b8f8558224447a866cec9c7dba1cee5b5c5b05ad89a174145b7,5c5fdf3e15913804e33459c7afb899124f9bcfa0942ae14d54794e4bc7c81e50,019d8d4792115e83327e2d5e6c5aa10dc42355bc908b84093fde28dadf0ba9d0
training_epoch,validation_2023_fit,validation_2023,30,True,True,2026-10-02T17:32:26.207893+00:00,17,67676,67676,0,0.2431264115271219,,,,,,,,,272.0915981569851,269.570137795,2030280,2030280,0,,,,,,,,,,8,8,0.02,0.0005,bpr,tanh,results/generated/consolidation-post-RC1/core-verification-20261002/inputs/HealthGraphBench_RC1/data/real_R6/maude_B/prepared_snapshots.json.gz,1cba7f84ff24131715c68a985d9302c96c7bab4a4b2a27d906559a41104fbd36,results/generated/consolidation-post-RC1/maude-duration-20261002T172405Z/experiment_protocol_executed.md (read-only run snapshot),69cda4bbd4cd86c3ebbe2346346e2a6292ef69a89699d92e1b628bc504fcb94a,4a22c2addc8203efd2b38a60c416270855c3bf3b,6b6a38a42efe5e394fc3344ac07fcde4f7915436255bf699b33b237150abfca5,7e2e3f4190abb9e6299b7bc4f1f9a60446248d0948a3f77f50b8d15c20f2a529,825cafb260dd2b8f8558224447a866cec9c7dba1cee5b5c5b05ad89a174145b7,5c5fdf3e15913804e33459c7afb899124f9bcfa0942ae14d54794e4bc7c81e50,019d8d4792115e83327e2d5e6c5aa10dc42355bc908b84093fde28dadf0ba9d0
training_epoch,validation_2023_fit,validation_2023,30,True,True,2026-10-02T17:32:26.207893+00:00,18,67676,67676,0,0.24583799639276113,,,,,,,,,272.0915981569851,269.570137795,2030280,2030280,0,,,,,,,,,,8,8,0.02,0.0005,bpr,tanh,results/generated/consolidation-post-RC1/core-verification-20261002/inputs/HealthGraphBench_RC1/data/real_R6/maude_B/prepared_snapshots.json.gz,1cba7f84ff24131715c68a985d9302c96c7bab4a4b2a27d906559a41104fbd36,results/generated/consolidation-post-RC1/maude-duration-20261002T172405Z/experiment_protocol_executed.md (read-only run snapshot),69cda4bbd4cd86c3ebbe2346346e2a6292ef69a89699d92e1b628bc504fcb94a,4a22c2addc8203efd2b38a60c416270855c3bf3b,6b6a38a42efe5e394fc3344ac07fcde4f7915436255bf699b33b237150abfca5,7e2e3f4190abb9e6299b7bc4f1f9a60446248d0948a3f77f50b8d15c20f2a529,825cafb260dd2b8f8558224447a866cec9c7dba1cee5b5c5b05ad89a174145b7,5c5fdf3e15913804e33459c7afb899124f9bcfa0942ae14d54794e4bc7c81e50,019d8d4792115e83327e2d5e6c5aa10dc42355bc908b84093fde28dadf0ba9d0
training_epoch,validation_2023_fit,validation_2023,30,True,True,2026-10-02T17:32:26.207893+00:00,19,67676,67676,0,0.23729573365796322,,,,,,,,,272.0915981569851,269.570137795,2030280,2030280,0,,,,,,,,,,8,8,0.02,0.0005,bpr,tanh,results/generated/consolidation-post-RC1/core-verification-20261002/inputs/HealthGraphBench_RC1/data/real_R6/maude_B/prepared_snapshots.json.gz,1cba7f84ff24131715c68a985d9302c96c7bab4a4b2a27d906559a41104fbd36,results/generated/consolidation-post-RC1/maude-duration-20261002T172405Z/experiment_protocol_executed.md (read-only run snapshot),69cda4bbd4cd86c3ebbe2346346e2a6292ef69a89699d92e1b628bc504fcb94a,4a22c2addc8203efd2b38a60c416270855c3bf3b,6b6a38a42efe5e394fc3344ac07fcde4f7915436255bf699b33b237150abfca5,7e2e3f4190abb9e6299b7bc4f1f9a60446248d0948a3f77f50b8d15c20f2a529,825cafb260dd2b8f8558224447a866cec9c7dba1cee5b5c5b05ad89a174145b7,5c5fdf3e15913804e33459c7afb899124f9bcfa0942ae14d54794e4bc7c81e50,019d8d4792115e83327e2d5e6c5aa10dc42355bc908b84093fde28dadf0ba9d0
training_epoch,validation_2023_fit,validation_2023,30,True,True,2026-10-02T17:32:26.207893+00:00,20,67676,67676,0,0.23259985334244027,,,,,,,,,272.0915981569851,269.570137795,2030280,2030280,0,,,,,,,,,,8,8,0.02,0.0005,bpr,tanh,results/generated/consolidation-post-RC1/core-verification-20261002/inputs/HealthGraphBench_RC1/data/real_R6/maude_B/prepared_snapshots.json.gz,1cba7f84ff24131715c68a985d9302c96c7bab4a4b2a27d906559a41104fbd36,results/generated/consolidation-post-RC1/maude-duration-20261002T172405Z/experiment_protocol_executed.md (read-only run snapshot),69cda4bbd4cd86c3ebbe2346346e2a6292ef69a89699d92e1b628bc504fcb94a,4a22c2addc8203efd2b38a60c416270855c3bf3b,6b6a38a42efe5e394fc3344ac07fcde4f7915436255bf699b33b237150abfca5,7e2e3f4190abb9e6299b7bc4f1f9a60446248d0948a3f77f50b8d15c20f2a529,825cafb260dd2b8f8558224447a866cec9c7dba1cee5b5c5b05ad89a174145b7,5c5fdf3e15913804e33459c7afb899124f9bcfa0942ae14d54794e4bc7c81e50,019d8d4792115e83327e2d5e6c5aa10dc42355bc908b84093fde28dadf0ba9d0
training_epoch,validation_2023_fit,validation_2023,30,True,True,2026-10-02T17:32:26.207893+00:00,21,67676,67676,0,0.22752085013241832,,,,,,,,,272.0915981569851,269.570137795,2030280,2030280,0,,,,,,,,,,8,8,0.02,0.0005,bpr,tanh,results/generated/consolidation-post-RC1/core-verification-20261002/inputs/HealthGraphBench_RC1/data/real_R6/maude_B/prepared_snapshots.json.gz,1cba7f84ff24131715c68a985d9302c96c7bab4a4b2a27d906559a41104fbd36,results/generated/consolidation-post-RC1/maude-duration-20261002T172405Z/experiment_protocol_executed.md (read-only run snapshot),69cda4bbd4cd86c3ebbe2346346e2a6292ef69a89699d92e1b628bc504fcb94a,4a22c2addc8203efd2b38a60c416270855c3bf3b,6b6a38a42efe5e394fc3344ac07fcde4f7915436255bf699b33b237150abfca5,7e2e3f4190abb9e6299b7bc4f1f9a60446248d0948a3f77f50b8d15c20f2a529,825cafb260dd2b8f8558224447a866cec9c7dba1cee5b5c5b05ad89a174145b7,5c5fdf3e15913804e33459c7afb899124f9bcfa0942ae14d54794e4bc7c81e50,019d8d4792115e83327e2d5e6c5aa10dc42355bc908b84093fde28dadf0ba9d0
training_epoch,validation_2023_fit,validation_2023,30,True,True,2026-10-02T17:32:26.207893+00:00,22,67676,67676,0,0.22189649701188,,,,,,,,,272.0915981569851,269.570137795,2030280,2030280,0,,,,,,,,,,8,8,0.02,0.0005,bpr,tanh,results/generated/consolidation-post-RC1/core-verification-20261002/inputs/HealthGraphBench_RC1/data/real_R6/maude_B/prepared_snapshots.json.gz,1cba7f84ff24131715c68a985d9302c96c7bab4a4b2a27d906559a41104fbd36,results/generated/consolidation-post-RC1/maude-duration-20261002T172405Z/experiment_protocol_executed.md (read-only run snapshot),69cda4bbd4cd86c3ebbe2346346e2a6292ef69a89699d92e1b628bc504fcb94a,4a22c2addc8203efd2b38a60c416270855c3bf3b,6b6a38a42efe5e394fc3344ac07fcde4f7915436255bf699b33b237150abfca5,7e2e3f4190abb9e6299b7bc4f1f9a60446248d0948a3f77f50b8d15c20f2a529,825cafb260dd2b8f8558224447a866cec9c7dba1cee5b5c5b05ad89a174145b7,5c5fdf3e15913804e33459c7afb899124f9bcfa0942ae14d54794e4bc7c81e50,019d8d4792115e83327e2d5e6c5aa10dc42355bc908b84093fde28dadf0ba9d0
training_epoch,validation_2023_fit,validation_2023,30,True,True,2026-10-02T17:32:26.207893+00:00,23,67676,67676,0,0.22351195730870635,,,,,,,,,272.0915981569851,269.570137795,2030280,2030280,0,,,,,,,,,,8,8,0.02,0.0005,bpr,tanh,results/generated/consolidation-post-RC1/core-verification-20261002/inputs/HealthGraphBench_RC1/data/real_R6/maude_B/prepared_snapshots.json.gz,1cba7f84ff24131715c68a985d9302c96c7bab4a4b2a27d906559a41104fbd36,results/generated/consolidation-post-RC1/maude-duration-20261002T172405Z/experiment_protocol_executed.md (read-only run snapshot),69cda4bbd4cd86c3ebbe2346346e2a6292ef69a89699d92e1b628bc504fcb94a,4a22c2addc8203efd2b38a60c416270855c3bf3b,6b6a38a42efe5e394fc3344ac07fcde4f7915436255bf699b33b237150abfca5,7e2e3f4190abb9e6299b7bc4f1f9a60446248d0948a3f77f50b8d15c20f2a529,825cafb260dd2b8f8558224447a866cec9c7dba1cee5b5c5b05ad89a174145b7,5c5fdf3e15913804e33459c7afb899124f9bcfa0942ae14d54794e4bc7c81e50,019d8d4792115e83327e2d5e6c5aa10dc42355bc908b84093fde28dadf0ba9d0
training_epoch,validation_2023_fit,validation_2023,30,True,True,2026-10-02T17:32:26.207893+00:00,24,67676,67676,0,0.21601143339903775,,,,,,,,,272.0915981569851,269.570137795,2030280,2030280,0,,,,,,,,,,8,8,0.02,0.0005,bpr,tanh,results/generated/consolidation-post-RC1/core-verification-20261002/inputs/HealthGraphBench_RC1/data/real_R6/maude_B/prepared_snapshots.json.gz,1cba7f84ff24131715c68a985d9302c96c7bab4a4b2a27d906559a41104fbd36,results/generated/consolidation-post-RC1/maude-duration-20261002T172405Z/experiment_protocol_executed.md (read-only run snapshot),69cda4bbd4cd86c3ebbe2346346e2a6292ef69a89699d92e1b628bc504fcb94a,4a22c2addc8203efd2b38a60c416270855c3bf3b,6b6a38a42efe5e394fc3344ac07fcde4f7915436255bf699b33b237150abfca5,7e2e3f4190abb9e6299b7bc4f1f9a60446248d0948a3f77f50b8d15c20f2a529,825cafb260dd2b8f8558224447a866cec9c7dba1cee5b5c5b05ad89a174145b7,5c5fdf3e15913804e33459c7afb899124f9bcfa0942ae14d54794e4bc7c81e50,019d8d4792115e83327e2d5e6c5aa10dc42355bc908b84093fde28dadf0ba9d0
training_epoch,validation_2023_fit,validation_2023,30,True,True,2026-10-02T17:32:26.207893+00:00,25,67676,67676,0,0.21596844168463825,,,,,,,,,272.0915981569851,269.570137795,2030280,2030280,0,,,,,,,,,,8,8,0.02,0.0005,bpr,tanh,results/generated/consolidation-post-RC1/core-verification-20261002/inputs/HealthGraphBench_RC1/data/real_R6/maude_B/prepared_snapshots.json.gz,1cba7f84ff24131715c68a985d9302c96c7bab4a4b2a27d906559a41104fbd36,results/generated/consolidation-post-RC1/maude-duration-20261002T172405Z/experiment_protocol_executed.md (read-only run snapshot),69cda4bbd4cd86c3ebbe2346346e2a6292ef69a89699d92e1b628bc504fcb94a,4a22c2addc8203efd2b38a60c416270855c3bf3b,6b6a38a42efe5e394fc3344ac07fcde4f7915436255bf699b33b237150abfca5,7e2e3f4190abb9e6299b7bc4f1f9a60446248d0948a3f77f50b8d15c20f2a529,825cafb260dd2b8f8558224447a866cec9c7dba1cee5b5c5b05ad89a174145b7,5c5fdf3e15913804e33459c7afb899124f9bcfa0942ae14d54794e4bc7c81e50,019d8d4792115e83327e2d5e6c5aa10dc42355bc908b84093fde28dadf0ba9d0
training_epoch,validation_2023_fit,validation_2023,30,True,True,2026-10-02T17:32:26.207893+00:00,26,67676,67676,0,0.2137972864941033,,,,,,,,,272.0915981569851,269.570137795,2030280,2030280,0,,,,,,,,,,8,8,0.02,0.0005,bpr,tanh,results/generated/consolidation-post-RC1/core-verification-20261002/inputs/HealthGraphBench_RC1/data/real_R6/maude_B/prepared_snapshots.json.gz,1cba7f84ff24131715c68a985d9302c96c7bab4a4b2a27d906559a41104fbd36,results/generated/consolidation-post-RC1/maude-duration-20261002T172405Z/experiment_protocol_executed.md (read-only run snapshot),69cda4bbd4cd86c3ebbe2346346e2a6292ef69a89699d92e1b628bc504fcb94a,4a22c2addc8203efd2b38a60c416270855c3bf3b,6b6a38a42efe5e394fc3344ac07fcde4f7915436255bf699b33b237150abfca5,7e2e3f4190abb9e6299b7bc4f1f9a60446248d0948a3f77f50b8d15c20f2a529,825cafb260dd2b8f8558224447a866cec9c7dba1cee5b5c5b05ad89a174145b7,5c5fdf3e15913804e33459c7afb899124f9bcfa0942ae14d54794e4bc7c81e50,019d8d4792115e83327e2d5e6c5aa10dc42355bc908b84093fde28dadf0ba9d0
training_epoch,validation_2023_fit,validation_2023,30,True,True,2026-10-02T17:32:26.207893+00:00,27,67676,67676,0,0.21248340901120805,,,,,,,,,272.0915981569851,269.570137795,2030280,2030280,0,,,,,,,,,,8,8,0.02,0.0005,bpr,tanh,results/generated/consolidation-post-RC1/core-verification-20261002/inputs/HealthGraphBench_RC1/data/real_R6/maude_B/prepared_snapshots.json.gz,1cba7f84ff24131715c68a985d9302c96c7bab4a4b2a27d906559a41104fbd36,results/generated/consolidation-post-RC1/maude-duration-20261002T172405Z/experiment_protocol_executed.md (read-only run snapshot),69cda4bbd4cd86c3ebbe2346346e2a6292ef69a89699d92e1b628bc504fcb94a,4a22c2addc8203efd2b38a60c416270855c3bf3b,6b6a38a42efe5e394fc3344ac07fcde4f7915436255bf699b33b237150abfca5,7e2e3f4190abb9e6299b7bc4f1f9a60446248d0948a3f77f50b8d15c20f2a529,825cafb260dd2b8f8558224447a866cec9c7dba1cee5b5c5b05ad89a174145b7,5c5fdf3e15913804e33459c7afb899124f9bcfa0942ae14d54794e4bc7c81e50,019d8d4792115e83327e2d5e6c5aa10dc42355bc908b84093fde28dadf0ba9d0
training_epoch,validation_2023_fit,validation_2023,30,True,True,2026-10-02T17:32:26.207893+00:00,28,67676,67676,0,0.2107600558403389,,,,,,,,,272.0915981569851,269.570137795,2030280,2030280,0,,,,,,,,,,8,8,0.02,0.0005,bpr,tanh,results/generated/consolidation-post-RC1/core-verification-20261002/inputs/HealthGraphBench_RC1/data/real_R6/maude_B/prepared_snapshots.json.gz,1cba7f84ff24131715c68a985d9302c96c7bab4a4b2a27d906559a41104fbd36,results/generated/consolidation-post-RC1/maude-duration-20261002T172405Z/experiment_protocol_executed.md (read-only run snapshot),69cda4bbd4cd86c3ebbe2346346e2a6292ef69a89699d92e1b628bc504fcb94a,4a22c2addc8203efd2b38a60c416270855c3bf3b,6b6a38a42efe5e394fc3344ac07fcde4f7915436255bf699b33b237150abfca5,7e2e3f4190abb9e6299b7bc4f1f9a60446248d0948a3f77f50b8d15c20f2a529,825cafb260dd2b8f8558224447a866cec9c7dba1cee5b5c5b05ad89a174145b7,5c5fdf3e15913804e33459c7afb899124f9bcfa0942ae14d54794e4bc7c81e50,019d8d4792115e83327e2d5e6c5aa10dc42355bc908b84093fde28dadf0ba9d0
training_epoch,validation_2023_fit,validation_2023,30,True,True,2026-10-02T17:32:26.207893+00:00,29,67676,67676,0,0.210018941728835,,,,,,,,,272.0915981569851,269.570137795,2030280,2030280,0,,,,,,,,,,8,8,0.02,0.0005,bpr,tanh,results/generated/consolidation-post-RC1/core-verification-20261002/inputs/HealthGraphBench_RC1/data/real_R6/maude_B/prepared_snapshots.json.gz,1cba7f84ff24131715c68a985d9302c96c7bab4a4b2a27d906559a41104fbd36,results/generated/consolidation-post-RC1/maude-duration-20261002T172405Z/experiment_protocol_executed.md (read-only run snapshot),69cda4bbd4cd86c3ebbe2346346e2a6292ef69a89699d92e1b628bc504fcb94a,4a22c2addc8203efd2b38a60c416270855c3bf3b,6b6a38a42efe5e394fc3344ac07fcde4f7915436255bf699b33b237150abfca5,7e2e3f4190abb9e6299b7bc4f1f9a60446248d0948a3f77f50b8d15c20f2a529,825cafb260dd2b8f8558224447a866cec9c7dba1cee5b5c5b05ad89a174145b7,5c5fdf3e15913804e33459c7afb899124f9bcfa0942ae14d54794e4bc7c81e50,019d8d4792115e83327e2d5e6c5aa10dc42355bc908b84093fde28dadf0ba9d0
training_epoch,validation_2023_fit,validation_2023,30,True,True,2026-10-02T17:32:26.207893+00:00,30,67676,67676,0,0.21020840214521264,,,,,,,,,272.0915981569851,269.570137795,2030280,2030280,0,,,,,,,,,,8,8,0.02,0.0005,bpr,tanh,results/generated/consolidation-post-RC1/core-verification-20261002/inputs/HealthGraphBench_RC1/data/real_R6/maude_B/prepared_snapshots.json.gz,1cba7f84ff24131715c68a985d9302c96c7bab4a4b2a27d906559a41104fbd36,results/generated/consolidation-post-RC1/maude-duration-20261002T172405Z/experiment_protocol_executed.md (read-only run snapshot),69cda4bbd4cd86c3ebbe2346346e2a6292ef69a89699d92e1b628bc504fcb94a,4a22c2addc8203efd2b38a60c416270855c3bf3b,6b6a38a42efe5e394fc3344ac07fcde4f7915436255bf699b33b237150abfca5,7e2e3f4190abb9e6299b7bc4f1f9a60446248d0948a3f77f50b8d15c20f2a529,825cafb260dd2b8f8558224447a866cec9c7dba1cee5b5c5b05ad89a174145b7,5c5fdf3e15913804e33459c7afb899124f9bcfa0942ae14d54794e4bc7c81e50,019d8d4792115e83327e2d5e6c5aa10dc42355bc908b84093fde28dadf0ba9d0
training_epoch,test_2024_refit,test_2024,30,False,True,2026-10-02T17:32:26.207893+00:00,1,75657,75657,0,0.6927316613411573,,,,,,,,,309.8165859900182,307.938674359,2269710,2269710,0,,,,,,,,,,8,8,0.02,0.0005,bpr,tanh,results/generated/consolidation-post-RC1/core-verification-20261002/inputs/HealthGraphBench_RC1/data/real_R6/maude_B/prepared_snapshots.json.gz,1cba7f84ff24131715c68a985d9302c96c7bab4a4b2a27d906559a41104fbd36,results/generated/consolidation-post-RC1/maude-duration-20261002T172405Z/experiment_protocol_executed.md (read-only run snapshot),69cda4bbd4cd86c3ebbe2346346e2a6292ef69a89699d92e1b628bc504fcb94a,4a22c2addc8203efd2b38a60c416270855c3bf3b,6b6a38a42efe5e394fc3344ac07fcde4f7915436255bf699b33b237150abfca5,7e2e3f4190abb9e6299b7bc4f1f9a60446248d0948a3f77f50b8d15c20f2a529,825cafb260dd2b8f8558224447a866cec9c7dba1cee5b5c5b05ad89a174145b7,5c5fdf3e15913804e33459c7afb899124f9bcfa0942ae14d54794e4bc7c81e50,019d8d4792115e83327e2d5e6c5aa10dc42355bc908b84093fde28dadf0ba9d0
training_epoch,test_2024_refit,test_2024,30,False,True,2026-10-02T17:32:26.207893+00:00,2,75657,75657,0,0.3443488498277555,,,,,,,,,309.8165859900182,307.938674359,2269710,2269710,0,,,,,,,,,,8,8,0.02,0.0005,bpr,tanh,results/generated/consolidation-post-RC1/core-verification-20261002/inputs/HealthGraphBench_RC1/data/real_R6/maude_B/prepared_snapshots.json.gz,1cba7f84ff24131715c68a985d9302c96c7bab4a4b2a27d906559a41104fbd36,results/generated/consolidation-post-RC1/maude-duration-20261002T172405Z/experiment_protocol_executed.md (read-only run snapshot),69cda4bbd4cd86c3ebbe2346346e2a6292ef69a89699d92e1b628bc504fcb94a,4a22c2addc8203efd2b38a60c416270855c3bf3b,6b6a38a42efe5e394fc3344ac07fcde4f7915436255bf699b33b237150abfca5,7e2e3f4190abb9e6299b7bc4f1f9a60446248d0948a3f77f50b8d15c20f2a529,825cafb260dd2b8f8558224447a866cec9c7dba1cee5b5c5b05ad89a174145b7,5c5fdf3e15913804e33459c7afb899124f9bcfa0942ae14d54794e4bc7c81e50,019d8d4792115e83327e2d5e6c5aa10dc42355bc908b84093fde28dadf0ba9d0
training_epoch,test_2024_refit,test_2024,30,False,True,2026-10-02T17:32:26.207893+00:00,3,75657,75657,0,0.32265313353245284,,,,,,,,,309.8165859900182,307.938674359,2269710,2269710,0,,,,,,,,,,8,8,0.02,0.0005,bpr,tanh,results/generated/consolidation-post-RC1/core-verification-20261002/inputs/HealthGraphBench_RC1/data/real_R6/maude_B/prepared_snapshots.json.gz,1cba7f84ff24131715c68a985d9302c96c7bab4a4b2a27d906559a41104fbd36,results/generated/consolidation-post-RC1/maude-duration-20261002T172405Z/experiment_protocol_executed.md (read-only run snapshot),69cda4bbd4cd86c3ebbe2346346e2a6292ef69a89699d92e1b628bc504fcb94a,4a22c2addc8203efd2b38a60c416270855c3bf3b,6b6a38a42efe5e394fc3344ac07fcde4f7915436255bf699b33b237150abfca5,7e2e3f4190abb9e6299b7bc4f1f9a60446248d0948a3f77f50b8d15c20f2a529,825cafb260dd2b8f8558224447a866cec9c7dba1cee5b5c5b05ad89a174145b7,5c5fdf3e15913804e33459c7afb899124f9bcfa0942ae14d54794e4bc7c81e50,019d8d4792115e83327e2d5e6c5aa10dc42355bc908b84093fde28dadf0ba9d0
training_epoch,test_2024_refit,test_2024,30,False,True,2026-10-02T17:32:26.207893+00:00,4,75657,75657,0,0.3200327798242797,,,,,,,,,309.8165859900182,307.938674359,2269710,2269710,0,,,,,,,,,,8,8,0.02,0.0005,bpr,tanh,results/generated/consolidation-post-RC1/core-verification-20261002/inputs/HealthGraphBench_RC1/data/real_R6/maude_B/prepared_snapshots.json.gz,1cba7f84ff24131715c68a985d9302c96c7bab4a4b2a27d906559a41104fbd36,results/generated/consolidation-post-RC1/maude-duration-20261002T172405Z/experiment_protocol_executed.md (read-only run snapshot),69cda4bbd4cd86c3ebbe2346346e2a6292ef69a89699d92e1b628bc504fcb94a,4a22c2addc8203efd2b38a60c416270855c3bf3b,6b6a38a42efe5e394fc3344ac07fcde4f7915436255bf699b33b237150abfca5,7e2e3f4190abb9e6299b7bc4f1f9a60446248d0948a3f77f50b8d15c20f2a529,825cafb260dd2b8f8558224447a866cec9c7dba1cee5b5c5b05ad89a174145b7,5c5fdf3e15913804e33459c7afb899124f9bcfa0942ae14d54794e4bc7c81e50,019d8d4792115e83327e2d5e6c5aa10dc42355bc908b84093fde28dadf0ba9d0
training_epoch,test_2024_refit,test_2024,30,False,True,2026-10-02T17:32:26.207893+00:00,5,75657,75657,0,0.31418063419993436,,,,,,,,,309.8165859900182,307.938674359,2269710,2269710,0,,,,,,,,,,8,8,0.02,0.0005,bpr,tanh,results/generated/consolidation-post-RC1/core-verification-20261002/inputs/HealthGraphBench_RC1/data/real_R6/maude_B/prepared_snapshots.json.gz,1cba7f84ff24131715c68a985d9302c96c7bab4a4b2a27d906559a41104fbd36,results/generated/consolidation-post-RC1/maude-duration-20261002T172405Z/experiment_protocol_executed.md (read-only run snapshot),69cda4bbd4cd86c3ebbe2346346e2a6292ef69a89699d92e1b628bc504fcb94a,4a22c2addc8203efd2b38a60c416270855c3bf3b,6b6a38a42efe5e394fc3344ac07fcde4f7915436255bf699b33b237150abfca5,7e2e3f4190abb9e6299b7bc4f1f9a60446248d0948a3f77f50b8d15c20f2a529,825cafb260dd2b8f8558224447a866cec9c7dba1cee5b5c5b05ad89a174145b7,5c5fdf3e15913804e33459c7afb899124f9bcfa0942ae14d54794e4bc7c81e50,019d8d4792115e83327e2d5e6c5aa10dc42355bc908b84093fde28dadf0ba9d0
training_epoch,test_2024_refit,test_2024,30,False,True,2026-10-02T17:32:26.207893+00:00,6,75657,75657,0,0.310600946408389,,,,,,,,,309.8165859900182,307.938674359,2269710,2269710,0,,,,,,,,,,8,8,0.02,0.0005,bpr,tanh,results/generated/consolidation-post-RC1/core-verification-20261002/inputs/HealthGraphBench_RC1/data/real_R6/maude_B/prepared_snapshots.json.gz,1cba7f84ff24131715c68a985d9302c96c7bab4a4b2a27d906559a41104fbd36,results/generated/consolidation-post-RC1/maude-duration-20261002T172405Z/experiment_protocol_executed.md (read-only run snapshot),69cda4bbd4cd86c3ebbe2346346e2a6292ef69a89699d92e1b628bc504fcb94a,4a22c2addc8203efd2b38a60c416270855c3bf3b,6b6a38a42efe5e394fc3344ac07fcde4f7915436255bf699b33b237150abfca5,7e2e3f4190abb9e6299b7bc4f1f9a60446248d0948a3f77f50b8d15c20f2a529,825cafb260dd2b8f8558224447a866cec9c7dba1cee5b5c5b05ad89a174145b7,5c5fdf3e15913804e33459c7afb899124f9bcfa0942ae14d54794e4bc7c81e50,019d8d4792115e83327e2d5e6c5aa10dc42355bc908b84093fde28dadf0ba9d0
training_epoch,test_2024_refit,test_2024,30,False,True,2026-10-02T17:32:26.207893+00:00,7,75657,75657,0,0.3099647957163761,,,,,,,,,309.8165859900182,307.938674359,2269710,2269710,0,,,,,,,,,,8,8,0.02,0.0005,bpr,tanh,results/generated/consolidation-post-RC1/core-verification-20261002/inputs/HealthGraphBench_RC1/data/real_R6/maude_B/prepared_snapshots.json.gz,1cba7f84ff24131715c68a985d9302c96c7bab4a4b2a27d906559a41104fbd36,results/generated/consolidation-post-RC1/maude-duration-20261002T172405Z/experiment_protocol_executed.md (read-only run snapshot),69cda4bbd4cd86c3ebbe2346346e2a6292ef69a89699d92e1b628bc504fcb94a,4a22c2addc8203efd2b38a60c416270855c3bf3b,6b6a38a42efe5e394fc3344ac07fcde4f7915436255bf699b33b237150abfca5,7e2e3f4190abb9e6299b7bc4f1f9a60446248d0948a3f77f50b8d15c20f2a529,825cafb260dd2b8f8558224447a866cec9c7dba1cee5b5c5b05ad89a174145b7,5c5fdf3e15913804e33459c7afb899124f9bcfa0942ae14d54794e4bc7c81e50,019d8d4792115e83327e2d5e6c5aa10dc42355bc908b84093fde28dadf0ba9d0
training_epoch,test_2024_refit,test_2024,30,False,True,2026-10-02T17:32:26.207893+00:00,8,75657,75657,0,0.3075482948958524,,,,,,,,,309.8165859900182,307.938674359,2269710,2269710,0,,,,,,,,,,8,8,0.02,0.0005,bpr,tanh,results/generated/consolidation-post-RC1/core-verification-20261002/inputs/HealthGraphBench_RC1/data/real_R6/maude_B/prepared_snapshots.json.gz,1cba7f84ff24131715c68a985d9302c96c7bab4a4b2a27d906559a41104fbd36,results/generated/consolidation-post-RC1/maude-duration-20261002T172405Z/experiment_protocol_executed.md (read-only run snapshot),69cda4bbd4cd86c3ebbe2346346e2a6292ef69a89699d92e1b628bc504fcb94a,4a22c2addc8203efd2b38a60c416270855c3bf3b,6b6a38a42efe5e394fc3344ac07fcde4f7915436255bf699b33b237150abfca5,7e2e3f4190abb9e6299b7bc4f1f9a60446248d0948a3f77f50b8d15c20f2a529,825cafb260dd2b8f8558224447a866cec9c7dba1cee5b5c5b05ad89a174145b7,5c5fdf3e15913804e33459c7afb899124f9bcfa0942ae14d54794e4bc7c81e50,019d8d4792115e83327e2d5e6c5aa10dc42355bc908b84093fde28dadf0ba9d0
training_epoch,test_2024_refit,test_2024,30,False,True,2026-10-02T17:32:26.207893+00:00,9,75657,75657,0,0.30229313183888445,,,,,,,,,309.8165859900182,307.938674359,2269710,2269710,0,,,,,,,,,,8,8,0.02,0.0005,bpr,tanh,results/generated/consolidation-post-RC1/core-verification-20261002/inputs/HealthGraphBench_RC1/data/real_R6/maude_B/prepared_snapshots.json.gz,1cba7f84ff24131715c68a985d9302c96c7bab4a4b2a27d906559a41104fbd36,results/generated/consolidation-post-RC1/maude-duration-20261002T172405Z/experiment_protocol_executed.md (read-only run snapshot),69cda4bbd4cd86c3ebbe2346346e2a6292ef69a89699d92e1b628bc504fcb94a,4a22c2addc8203efd2b38a60c416270855c3bf3b,6b6a38a42efe5e394fc3344ac07fcde4f7915436255bf699b33b237150abfca5,7e2e3f4190abb9e6299b7bc4f1f9a60446248d0948a3f77f50b8d15c20f2a529,825cafb260dd2b8f8558224447a866cec9c7dba1cee5b5c5b05ad89a174145b7,5c5fdf3e15913804e33459c7afb899124f9bcfa0942ae14d54794e4bc7c81e50,019d8d4792115e83327e2d5e6c5aa10dc42355bc908b84093fde28dadf0ba9d0
training_epoch,test_2024_refit,test_2024,30,False,True,2026-10-02T17:32:26.207893+00:00,10,75657,75657,0,0.26862090480458506,,,,,,,,,309.8165859900182,307.938674359,2269710,2269710,0,,,,,,,,,,8,8,0.02,0.0005,bpr,tanh,results/generated/consolidation-post-RC1/core-verification-20261002/inputs/HealthGraphBench_RC1/data/real_R6/maude_B/prepared_snapshots.json.gz,1cba7f84ff24131715c68a985d9302c96c7bab4a4b2a27d906559a41104fbd36,results/generated/consolidation-post-RC1/maude-duration-20261002T172405Z/experiment_protocol_executed.md (read-only run snapshot),69cda4bbd4cd86c3ebbe2346346e2a6292ef69a89699d92e1b628bc504fcb94a,4a22c2addc8203efd2b38a60c416270855c3bf3b,6b6a38a42efe5e394fc3344ac07fcde4f7915436255bf699b33b237150abfca5,7e2e3f4190abb9e6299b7bc4f1f9a60446248d0948a3f77f50b8d15c20f2a529,825cafb260dd2b8f8558224447a866cec9c7dba1cee5b5c5b05ad89a174145b7,5c5fdf3e15913804e33459c7afb899124f9bcfa0942ae14d54794e4bc7c81e50,019d8d4792115e83327e2d5e6c5aa10dc42355bc908b84093fde28dadf0ba9d0
training_epoch,test_2024_refit,test_2024,30,False,True,2026-10-02T17:32:26.207893+00:00,11,75657,75657,0,0.255317833447353,,,,,,,,,309.8165859900182,307.938674359,2269710,2269710,0,,,,,,,,,,8,8,0.02,0.0005,bpr,tanh,results/generated/consolidation-post-RC1/core-verification-20261002/inputs/HealthGraphBench_RC1/data/real_R6/maude_B/prepared_snapshots.json.gz,1cba7f84ff24131715c68a985d9302c96c7bab4a4b2a27d906559a41104fbd36,results/generated/consolidation-post-RC1/maude-duration-20261002T172405Z/experiment_protocol_executed.md (read-only run snapshot),69cda4bbd4cd86c3ebbe2346346e2a6292ef69a89699d92e1b628bc504fcb94a,4a22c2addc8203efd2b38a60c416270855c3bf3b,6b6a38a42efe5e394fc3344ac07fcde4f7915436255bf699b33b237150abfca5,7e2e3f4190abb9e6299b7bc4f1f9a60446248d0948a3f77f50b8d15c20f2a529,825cafb260dd2b8f8558224447a866cec9c7dba1cee5b5c5b05ad89a174145b7,5c5fdf3e15913804e33459c7afb899124f9bcfa0942ae14d54794e4bc7c81e50,019d8d4792115e83327e2d5e6c5aa10dc42355bc908b84093fde28dadf0ba9d0
training_epoch,test_2024_refit,test_2024,30,False,True,2026-10-02T17:32:26.207893+00:00,12,75657,75657,0,0.25359616098844756,,,,,,,,,309.8165859900182,307.938674359,2269710,2269710,0,,,,,,,,,,8,8,0.02,0.0005,bpr,tanh,results/generated/consolidation-post-RC1/core-verification-20261002/inputs/HealthGraphBench_RC1/data/real_R6/maude_B/prepared_snapshots.json.gz,1cba7f84ff24131715c68a985d9302c96c7bab4a4b2a27d906559a41104fbd36,results/generated/consolidation-post-RC1/maude-duration-20261002T172405Z/experiment_protocol_executed.md (read-only run snapshot),69cda4bbd4cd86c3ebbe2346346e2a6292ef69a89699d92e1b628bc504fcb94a,4a22c2addc8203efd2b38a60c416270855c3bf3b,6b6a38a42efe5e394fc3344ac07fcde4f7915436255bf699b33b237150abfca5,7e2e3f4190abb9e6299b7bc4f1f9a60446248d0948a3f77f50b8d15c20f2a529,825cafb260dd2b8f8558224447a866cec9c7dba1cee5b5c5b05ad89a174145b7,5c5fdf3e15913804e33459c7afb899124f9bcfa0942ae14d54794e4bc7c81e50,019d8d4792115e83327e2d5e6c5aa10dc42355bc908b84093fde28dadf0ba9d0
training_epoch,test_2024_refit,test_2024,30,False,True,2026-10-02T17:32:26.207893+00:00,13,75657,75657,0,0.24813877217378932,,,,,,,,,309.8165859900182,307.938674359,2269710,2269710,0,,,,,,,,,,8,8,0.02,0.0005,bpr,tanh,results/generated/consolidation-post-RC1/core-verification-20261002/inputs/HealthGraphBench_RC1/data/real_R6/maude_B/prepared_snapshots.json.gz,1cba7f84ff24131715c68a985d9302c96c7bab4a4b2a27d906559a41104fbd36,results/generated/consolidation-post-RC1/maude-duration-20261002T172405Z/experiment_protocol_executed.md (read-only run snapshot),69cda4bbd4cd86c3ebbe2346346e2a6292ef69a89699d92e1b628bc504fcb94a,4a22c2addc8203efd2b38a60c416270855c3bf3b,6b6a38a42efe5e394fc3344ac07fcde4f7915436255bf699b33b237150abfca5,7e2e3f4190abb9e6299b7bc4f1f9a60446248d0948a3f77f50b8d15c20f2a529,825cafb260dd2b8f8558224447a866cec9c7dba1cee5b5c5b05ad89a174145b7,5c5fdf3e15913804e33459c7afb899124f9bcfa0942ae14d54794e4bc7c81e50,019d8d4792115e83327e2d5e6c5aa10dc42355bc908b84093fde28dadf0ba9d0
training_epoch,test_2024_refit,test_2024,30,False,True,2026-10-02T17:32:26.207893+00:00,14,75657,75657,0,0.24553030390525768,,,,,,,,,309.8165859900182,307.938674359,2269710,2269710,0,,,,,,,,,,8,8,0.02,0.0005,bpr,tanh,results/generated/consolidation-post-RC1/core-verification-20261002/inputs/HealthGraphBench_RC1/data/real_R6/maude_B/prepared_snapshots.json.gz,1cba7f84ff24131715c68a985d9302c96c7bab4a4b2a27d906559a41104fbd36,results/generated/consolidation-post-RC1/maude-duration-20261002T172405Z/experiment_protocol_executed.md (read-only run snapshot),69cda4bbd4cd86c3ebbe2346346e2a6292ef69a89699d92e1b628bc504fcb94a,4a22c2addc8203efd2b38a60c416270855c3bf3b,6b6a38a42efe5e394fc3344ac07fcde4f7915436255bf699b33b237150abfca5,7e2e3f4190abb9e6299b7bc4f1f9a60446248d0948a3f77f50b8d15c20f2a529,825cafb260dd2b8f8558224447a866cec9c7dba1cee5b5c5b05ad89a174145b7,5c5fdf3e15913804e33459c7afb899124f9bcfa0942ae14d54794e4bc7c81e50,019d8d4792115e83327e2d5e6c5aa10dc42355bc908b84093fde28dadf0ba9d0
training_epoch,test_2024_refit,test_2024,30,False,True,2026-10-02T17:32:26.207893+00:00,15,75657,75657,0,0.2376660423898044,,,,,,,,,309.8165859900182,307.938674359,2269710,2269710,0,,,,,,,,,,8,8,0.02,0.0005,bpr,tanh,results/generated/consolidation-post-RC1/core-verification-20261002/inputs/HealthGraphBench_RC1/data/real_R6/maude_B/prepared_snapshots.json.gz,1cba7f84ff24131715c68a985d9302c96c7bab4a4b2a27d906559a41104fbd36,results/generated/consolidation-post-RC1/maude-duration-20261002T172405Z/experiment_protocol_executed.md (read-only run snapshot),69cda4bbd4cd86c3ebbe2346346e2a6292ef69a89699d92e1b628bc504fcb94a,4a22c2addc8203efd2b38a60c416270855c3bf3b,6b6a38a42efe5e394fc3344ac07fcde4f7915436255bf699b33b237150abfca5,7e2e3f4190abb9e6299b7bc4f1f9a60446248d0948a3f77f50b8d15c20f2a529,825cafb260dd2b8f8558224447a866cec9c7dba1cee5b5c5b05ad89a174145b7,5c5fdf3e15913804e33459c7afb899124f9bcfa0942ae14d54794e4bc7c81e50,019d8d4792115e83327e2d5e6c5aa10dc42355bc908b84093fde28dadf0ba9d0
training_epoch,test_2024_refit,test_2024,30,False,True,2026-10-02T17:32:26.207893+00:00,16,75657,75657,0,0.23276778189592673,,,,,,,,,309.8165859900182,307.938674359,2269710,2269710,0,,,,,,,,,,8,8,0.02,0.0005,bpr,tanh,results/generated/consolidation-post-RC1/core-verification-20261002/inputs/HealthGraphBench_RC1/data/real_R6/maude_B/prepared_snapshots.json.gz,1cba7f84ff24131715c68a985d9302c96c7bab4a4b2a27d906559a41104fbd36,results/generated/consolidation-post-RC1/maude-duration-20261002T172405Z/experiment_protocol_executed.md (read-only run snapshot),69cda4bbd4cd86c3ebbe2346346e2a6292ef69a89699d92e1b628bc504fcb94a,4a22c2addc8203efd2b38a60c416270855c3bf3b,6b6a38a42efe5e394fc3344ac07fcde4f7915436255bf699b33b237150abfca5,7e2e3f4190abb9e6299b7bc4f1f9a60446248d0948a3f77f50b8d15c20f2a529,825cafb260dd2b8f8558224447a866cec9c7dba1cee5b5c5b05ad89a174145b7,5c5fdf3e15913804e33459c7afb899124f9bcfa0942ae14d54794e4bc7c81e50,019d8d4792115e83327e2d5e6c5aa10dc42355bc908b84093fde28dadf0ba9d0
training_epoch,test_2024_refit,test_2024,30,False,True,2026-10-02T17:32:26.207893+00:00,17,75657,75657,0,0.2296965433057208,,,,,,,,,309.8165859900182,307.938674359,2269710,2269710,0,,,,,,,,,,8,8,0.02,0.0005,bpr,tanh,results/generated/consolidation-post-RC1/core-verification-20261002/inputs/HealthGraphBench_RC1/data/real_R6/maude_B/prepared_snapshots.json.gz,1cba7f84ff24131715c68a985d9302c96c7bab4a4b2a27d906559a41104fbd36,results/generated/consolidation-post-RC1/maude-duration-20261002T172405Z/experiment_protocol_executed.md (read-only run snapshot),69cda4bbd4cd86c3ebbe2346346e2a6292ef69a89699d92e1b628bc504fcb94a,4a22c2addc8203efd2b38a60c416270855c3bf3b,6b6a38a42efe5e394fc3344ac07fcde4f7915436255bf699b33b237150abfca5,7e2e3f4190abb9e6299b7bc4f1f9a60446248d0948a3f77f50b8d15c20f2a529,825cafb260dd2b8f8558224447a866cec9c7dba1cee5b5c5b05ad89a174145b7,5c5fdf3e15913804e33459c7afb899124f9bcfa0942ae14d54794e4bc7c81e50,019d8d4792115e83327e2d5e6c5aa10dc42355bc908b84093fde28dadf0ba9d0
training_epoch,test_2024_refit,test_2024,30,False,True,2026-10-02T17:32:26.207893+00:00,18,75657,75657,0,0.2286259764620241,,,,,,,,,309.8165859900182,307.938674359,2269710,2269710,0,,,,,,,,,,8,8,0.02,0.0005,bpr,tanh,results/generated/consolidation-post-RC1/core-verification-20261002/inputs/HealthGraphBench_RC1/data/real_R6/maude_B/prepared_snapshots.json.gz,1cba7f84ff24131715c68a985d9302c96c7bab4a4b2a27d906559a41104fbd36,results/generated/consolidation-post-RC1/maude-duration-20261002T172405Z/experiment_protocol_executed.md (read-only run snapshot),69cda4bbd4cd86c3ebbe2346346e2a6292ef69a89699d92e1b628bc504fcb94a,4a22c2addc8203efd2b38a60c416270855c3bf3b,6b6a38a42efe5e394fc3344ac07fcde4f7915436255bf699b33b237150abfca5,7e2e3f4190abb9e6299b7bc4f1f9a60446248d0948a3f77f50b8d15c20f2a529,825cafb260dd2b8f8558224447a866cec9c7dba1cee5b5c5b05ad89a174145b7,5c5fdf3e15913804e33459c7afb899124f9bcfa0942ae14d54794e4bc7c81e50,019d8d4792115e83327e2d5e6c5aa10dc42355bc908b84093fde28dadf0ba9d0
training_epoch,test_2024_refit,test_2024,30,False,True,2026-10-02T17:32:26.207893+00:00,19,75657,75657,0,0.2260611069361158,,,,,,,,,309.8165859900182,307.938674359,2269710,2269710,0,,,,,,,,,,8,8,0.02,0.0005,bpr,tanh,results/generated/consolidation-post-RC1/core-verification-20261002/inputs/HealthGraphBench_RC1/data/real_R6/maude_B/prepared_snapshots.json.gz,1cba7f84ff24131715c68a985d9302c96c7bab4a4b2a27d906559a41104fbd36,results/generated/consolidation-post-RC1/maude-duration-20261002T172405Z/experiment_protocol_executed.md (read-only run snapshot),69cda4bbd4cd86c3ebbe2346346e2a6292ef69a89699d92e1b628bc504fcb94a,4a22c2addc8203efd2b38a60c416270855c3bf3b,6b6a38a42efe5e394fc3344ac07fcde4f7915436255bf699b33b237150abfca5,7e2e3f4190abb9e6299b7bc4f1f9a60446248d0948a3f77f50b8d15c20f2a529,825cafb260dd2b8f8558224447a866cec9c7dba1cee5b5c5b05ad89a174145b7,5c5fdf3e15913804e33459c7afb899124f9bcfa0942ae14d54794e4bc7c81e50,019d8d4792115e83327e2d5e6c5aa10dc42355bc908b84093fde28dadf0ba9d0
training_epoch,test_2024_refit,test_2024,30,False,True,2026-10-02T17:32:26.207893+00:00,20,75657,75657,0,0.22877565567088629,,,,,,,,,309.8165859900182,307.938674359,2269710,2269710,0,,,,,,,,,,8,8,0.02,0.0005,bpr,tanh,results/generated/consolidation-post-RC1/core-verification-20261002/inputs/HealthGraphBench_RC1/data/real_R6/maude_B/prepared_snapshots.json.gz,1cba7f84ff24131715c68a985d9302c96c7bab4a4b2a27d906559a41104fbd36,results/generated/consolidation-post-RC1/maude-duration-20261002T172405Z/experiment_protocol_executed.md (read-only run snapshot),69cda4bbd4cd86c3ebbe2346346e2a6292ef69a89699d92e1b628bc504fcb94a,4a22c2addc8203efd2b38a60c416270855c3bf3b,6b6a38a42efe5e394fc3344ac07fcde4f7915436255bf699b33b237150abfca5,7e2e3f4190abb9e6299b7bc4f1f9a60446248d0948a3f77f50b8d15c20f2a529,825cafb260dd2b8f8558224447a866cec9c7dba1cee5b5c5b05ad89a174145b7,5c5fdf3e15913804e33459c7afb899124f9bcfa0942ae14d54794e4bc7c81e50,019d8d4792115e83327e2d5e6c5aa10dc42355bc908b84093fde28dadf0ba9d0
training_epoch,test_2024_refit,test_2024,30,False,True,2026-10-02T17:32:26.207893+00:00,21,75657,75657,0,0.22668171990829683,,,,,,,,,309.8165859900182,307.938674359,2269710,2269710,0,,,,,,,,,,8,8,0.02,0.0005,bpr,tanh,results/generated/consolidation-post-RC1/core-verification-20261002/inputs/HealthGraphBench_RC1/data/real_R6/maude_B/prepared_snapshots.json.gz,1cba7f84ff24131715c68a985d9302c96c7bab4a4b2a27d906559a41104fbd36,results/generated/consolidation-post-RC1/maude-duration-20261002T172405Z/experiment_protocol_executed.md (read-only run snapshot),69cda4bbd4cd86c3ebbe2346346e2a6292ef69a89699d92e1b628bc504fcb94a,4a22c2addc8203efd2b38a60c416270855c3bf3b,6b6a38a42efe5e394fc3344ac07fcde4f7915436255bf699b33b237150abfca5,7e2e3f4190abb9e6299b7bc4f1f9a60446248d0948a3f77f50b8d15c20f2a529,825cafb260dd2b8f8558224447a866cec9c7dba1cee5b5c5b05ad89a174145b7,5c5fdf3e15913804e33459c7afb899124f9bcfa0942ae14d54794e4bc7c81e50,019d8d4792115e83327e2d5e6c5aa10dc42355bc908b84093fde28dadf0ba9d0
training_epoch,test_2024_refit,test_2024,30,False,True,2026-10-02T17:32:26.207893+00:00,22,75657,75657,0,0.2260799420423106,,,,,,,,,309.8165859900182,307.938674359,2269710,2269710,0,,,,,,,,,,8,8,0.02,0.0005,bpr,tanh,results/generated/consolidation-post-RC1/core-verification-20261002/inputs/HealthGraphBench_RC1/data/real_R6/maude_B/prepared_snapshots.json.gz,1cba7f84ff24131715c68a985d9302c96c7bab4a4b2a27d906559a41104fbd36,results/generated/consolidation-post-RC1/maude-duration-20261002T172405Z/experiment_protocol_executed.md (read-only run snapshot),69cda4bbd4cd86c3ebbe2346346e2a6292ef69a89699d92e1b628bc504fcb94a,4a22c2addc8203efd2b38a60c416270855c3bf3b,6b6a38a42efe5e394fc3344ac07fcde4f7915436255bf699b33b237150abfca5,7e2e3f4190abb9e6299b7bc4f1f9a60446248d0948a3f77f50b8d15c20f2a529,825cafb260dd2b8f8558224447a866cec9c7dba1cee5b5c5b05ad89a174145b7,5c5fdf3e15913804e33459c7afb899124f9bcfa0942ae14d54794e4bc7c81e50,019d8d4792115e83327e2d5e6c5aa10dc42355bc908b84093fde28dadf0ba9d0
training_epoch,test_2024_refit,test_2024,30,False,True,2026-10-02T17:32:26.207893+00:00,23,75657,75657,0,0.22283126297134748,,,,,,,,,309.8165859900182,307.938674359,2269710,2269710,0,,,,,,,,,,8,8,0.02,0.0005,bpr,tanh,results/generated/consolidation-post-RC1/core-verification-20261002/inputs/HealthGraphBench_RC1/data/real_R6/maude_B/prepared_snapshots.json.gz,1cba7f84ff24131715c68a985d9302c96c7bab4a4b2a27d906559a41104fbd36,results/generated/consolidation-post-RC1/maude-duration-20261002T172405Z/experiment_protocol_executed.md (read-only run snapshot),69cda4bbd4cd86c3ebbe2346346e2a6292ef69a89699d92e1b628bc504fcb94a,4a22c2addc8203efd2b38a60c416270855c3bf3b,6b6a38a42efe5e394fc3344ac07fcde4f7915436255bf699b33b237150abfca5,7e2e3f4190abb9e6299b7bc4f1f9a60446248d0948a3f77f50b8d15c20f2a529,825cafb260dd2b8f8558224447a866cec9c7dba1cee5b5c5b05ad89a174145b7,5c5fdf3e15913804e33459c7afb899124f9bcfa0942ae14d54794e4bc7c81e50,019d8d4792115e83327e2d5e6c5aa10dc42355bc908b84093fde28dadf0ba9d0
training_epoch,test_2024_refit,test_2024,30,False,True,2026-10-02T17:32:26.207893+00:00,24,75657,75657,0,0.2232167038245682,,,,,,,,,309.8165859900182,307.938674359,2269710,2269710,0,,,,,,,,,,8,8,0.02,0.0005,bpr,tanh,results/generated/consolidation-post-RC1/core-verification-20261002/inputs/HealthGraphBench_RC1/data/real_R6/maude_B/prepared_snapshots.json.gz,1cba7f84ff24131715c68a985d9302c96c7bab4a4b2a27d906559a41104fbd36,results/generated/consolidation-post-RC1/maude-duration-20261002T172405Z/experiment_protocol_executed.md (read-only run snapshot),69cda4bbd4cd86c3ebbe2346346e2a6292ef69a89699d92e1b628bc504fcb94a,4a22c2addc8203efd2b38a60c416270855c3bf3b,6b6a38a42efe5e394fc3344ac07fcde4f7915436255bf699b33b237150abfca5,7e2e3f4190abb9e6299b7bc4f1f9a60446248d0948a3f77f50b8d15c20f2a529,825cafb260dd2b8f8558224447a866cec9c7dba1cee5b5c5b05ad89a174145b7,5c5fdf3e15913804e33459c7afb899124f9bcfa0942ae14d54794e4bc7c81e50,019d8d4792115e83327e2d5e6c5aa10dc42355bc908b84093fde28dadf0ba9d0
training_epoch,test_2024_refit,test_2024,30,False,True,2026-10-02T17:32:26.207893+00:00,25,75657,75657,0,0.22124012346083435,,,,,,,,,309.8165859900182,307.938674359,2269710,2269710,0,,,,,,,,,,8,8,0.02,0.0005,bpr,tanh,results/generated/consolidation-post-RC1/core-verification-20261002/inputs/HealthGraphBench_RC1/data/real_R6/maude_B/prepared_snapshots.json.gz,1cba7f84ff24131715c68a985d9302c96c7bab4a4b2a27d906559a41104fbd36,results/generated/consolidation-post-RC1/maude-duration-20261002T172405Z/experiment_protocol_executed.md (read-only run snapshot),69cda4bbd4cd86c3ebbe2346346e2a6292ef69a89699d92e1b628bc504fcb94a,4a22c2addc8203efd2b38a60c416270855c3bf3b,6b6a38a42efe5e394fc3344ac07fcde4f7915436255bf699b33b237150abfca5,7e2e3f4190abb9e6299b7bc4f1f9a60446248d0948a3f77f50b8d15c20f2a529,825cafb260dd2b8f8558224447a866cec9c7dba1cee5b5c5b05ad89a174145b7,5c5fdf3e15913804e33459c7afb899124f9bcfa0942ae14d54794e4bc7c81e50,019d8d4792115e83327e2d5e6c5aa10dc42355bc908b84093fde28dadf0ba9d0
training_epoch,test_2024_refit,test_2024,30,False,True,2026-10-02T17:32:26.207893+00:00,26,75657,75657,0,0.22039439714002435,,,,,,,,,309.8165859900182,307.938674359,2269710,2269710,0,,,,,,,,,,8,8,0.02,0.0005,bpr,tanh,results/generated/consolidation-post-RC1/core-verification-20261002/inputs/HealthGraphBench_RC1/data/real_R6/maude_B/prepared_snapshots.json.gz,1cba7f84ff24131715c68a985d9302c96c7bab4a4b2a27d906559a41104fbd36,results/generated/consolidation-post-RC1/maude-duration-20261002T172405Z/experiment_protocol_executed.md (read-only run snapshot),69cda4bbd4cd86c3ebbe2346346e2a6292ef69a89699d92e1b628bc504fcb94a,4a22c2addc8203efd2b38a60c416270855c3bf3b,6b6a38a42efe5e394fc3344ac07fcde4f7915436255bf699b33b237150abfca5,7e2e3f4190abb9e6299b7bc4f1f9a60446248d0948a3f77f50b8d15c20f2a529,825cafb260dd2b8f8558224447a866cec9c7dba1cee5b5c5b05ad89a174145b7,5c5fdf3e15913804e33459c7afb899124f9bcfa0942ae14d54794e4bc7c81e50,019d8d4792115e83327e2d5e6c5aa10dc42355bc908b84093fde28dadf0ba9d0
training_epoch,test_2024_refit,test_2024,30,False,True,2026-10-02T17:32:26.207893+00:00,27,75657,75657,0,0.2230642238422328,,,,,,,,,309.8165859900182,307.938674359,2269710,2269710,0,,,,,,,,,,8,8,0.02,0.0005,bpr,tanh,results/generated/consolidation-post-RC1/core-verification-20261002/inputs/HealthGraphBench_RC1/data/real_R6/maude_B/prepared_snapshots.json.gz,1cba7f84ff24131715c68a985d9302c96c7bab4a4b2a27d906559a41104fbd36,results/generated/consolidation-post-RC1/maude-duration-20261002T172405Z/experiment_protocol_executed.md (read-only run snapshot),69cda4bbd4cd86c3ebbe2346346e2a6292ef69a89699d92e1b628bc504fcb94a,4a22c2addc8203efd2b38a60c416270855c3bf3b,6b6a38a42efe5e394fc3344ac07fcde4f7915436255bf699b33b237150abfca5,7e2e3f4190abb9e6299b7bc4f1f9a60446248d0948a3f77f50b8d15c20f2a529,825cafb260dd2b8f8558224447a866cec9c7dba1cee5b5c5b05ad89a174145b7,5c5fdf3e15913804e33459c7afb899124f9bcfa0942ae14d54794e4bc7c81e50,019d8d4792115e83327e2d5e6c5aa10dc42355bc908b84093fde28dadf0ba9d0
training_epoch,test_2024_refit,test_2024,30,False,True,2026-10-02T17:32:26.207893+00:00,28,75657,75657,0,0.21791215589517807,,,,,,,,,309.8165859900182,307.938674359,2269710,2269710,0,,,,,,,,,,8,8,0.02,0.0005,bpr,tanh,results/generated/consolidation-post-RC1/core-verification-20261002/inputs/HealthGraphBench_RC1/data/real_R6/maude_B/prepared_snapshots.json.gz,1cba7f84ff24131715c68a985d9302c96c7bab4a4b2a27d906559a41104fbd36,results/generated/consolidation-post-RC1/maude-duration-20261002T172405Z/experiment_protocol_executed.md (read-only run snapshot),69cda4bbd4cd86c3ebbe2346346e2a6292ef69a89699d92e1b628bc504fcb94a,4a22c2addc8203efd2b38a60c416270855c3bf3b,6b6a38a42efe5e394fc3344ac07fcde4f7915436255bf699b33b237150abfca5,7e2e3f4190abb9e6299b7bc4f1f9a60446248d0948a3f77f50b8d15c20f2a529,825cafb260dd2b8f8558224447a866cec9c7dba1cee5b5c5b05ad89a174145b7,5c5fdf3e15913804e33459c7afb899124f9bcfa0942ae14d54794e4bc7c81e50,019d8d4792115e83327e2d5e6c5aa10dc42355bc908b84093fde28dadf0ba9d0
training_epoch,test_2024_refit,test_2024,30,False,True,2026-10-02T17:32:26.207893+00:00,29,75657,75657,0,0.22224083039659628,,,,,,,,,309.8165859900182,307.938674359,2269710,2269710,0,,,,,,,,,,8,8,0.02,0.0005,bpr,tanh,results/generated/consolidation-post-RC1/core-verification-20261002/inputs/HealthGraphBench_RC1/data/real_R6/maude_B/prepared_snapshots.json.gz,1cba7f84ff24131715c68a985d9302c96c7bab4a4b2a27d906559a41104fbd36,results/generated/consolidation-post-RC1/maude-duration-20261002T172405Z/experiment_protocol_executed.md (read-only run snapshot),69cda4bbd4cd86c3ebbe2346346e2a6292ef69a89699d92e1b628bc504fcb94a,4a22c2addc8203efd2b38a60c416270855c3bf3b,6b6a38a42efe5e394fc3344ac07fcde4f7915436255bf699b33b237150abfca5,7e2e3f4190abb9e6299b7bc4f1f9a60446248d0948a3f77f50b8d15c20f2a529,825cafb260dd2b8f8558224447a866cec9c7dba1cee5b5c5b05ad89a174145b7,5c5fdf3e15913804e33459c7afb899124f9bcfa0942ae14d54794e4bc7c81e50,019d8d4792115e83327e2d5e6c5aa10dc42355bc908b84093fde28dadf0ba9d0
training_epoch,test_2024_refit,test_2024,30,False,True,2026-10-02T17:32:26.207893+00:00,30,75657,75657,0,0.22121216685985767,,,,,,,,,309.8165859900182,307.938674359,2269710,2269710,0,,,,,,,,,,8,8,0.02,0.0005,bpr,tanh,results/generated/consolidation-post-RC1/core-verification-20261002/inputs/HealthGraphBench_RC1/data/real_R6/maude_B/prepared_snapshots.json.gz,1cba7f84ff24131715c68a985d9302c96c7bab4a4b2a27d906559a41104fbd36,results/generated/consolidation-post-RC1/maude-duration-20261002T172405Z/experiment_protocol_executed.md (read-only run snapshot),69cda4bbd4cd86c3ebbe2346346e2a6292ef69a89699d92e1b628bc504fcb94a,4a22c2addc8203efd2b38a60c416270855c3bf3b,6b6a38a42efe5e394fc3344ac07fcde4f7915436255bf699b33b237150abfca5,7e2e3f4190abb9e6299b7bc4f1f9a60446248d0948a3f77f50b8d15c20f2a529,825cafb260dd2b8f8558224447a866cec9c7dba1cee5b5c5b05ad89a174145b7,5c5fdf3e15913804e33459c7afb899124f9bcfa0942ae14d54794e4bc7c81e50,019d8d4792115e83327e2d5e6c5aa10dc42355bc908b84093fde28dadf0ba9d0
training_epoch,test_2025_refit,test_2025,30,False,True,2026-10-02T17:32:26.207893+00:00,1,81891,81891,0,0.6733420390007733,,,,,,,,,333.7489462060039,332.469206424,2456730,2456730,0,,,,,,,,,,8,8,0.02,0.0005,bpr,tanh,results/generated/consolidation-post-RC1/core-verification-20261002/inputs/HealthGraphBench_RC1/data/real_R6/maude_B/prepared_snapshots.json.gz,1cba7f84ff24131715c68a985d9302c96c7bab4a4b2a27d906559a41104fbd36,results/generated/consolidation-post-RC1/maude-duration-20261002T172405Z/experiment_protocol_executed.md (read-only run snapshot),69cda4bbd4cd86c3ebbe2346346e2a6292ef69a89699d92e1b628bc504fcb94a,4a22c2addc8203efd2b38a60c416270855c3bf3b,6b6a38a42efe5e394fc3344ac07fcde4f7915436255bf699b33b237150abfca5,7e2e3f4190abb9e6299b7bc4f1f9a60446248d0948a3f77f50b8d15c20f2a529,825cafb260dd2b8f8558224447a866cec9c7dba1cee5b5c5b05ad89a174145b7,5c5fdf3e15913804e33459c7afb899124f9bcfa0942ae14d54794e4bc7c81e50,019d8d4792115e83327e2d5e6c5aa10dc42355bc908b84093fde28dadf0ba9d0
training_epoch,test_2025_refit,test_2025,30,False,True,2026-10-02T17:32:26.207893+00:00,2,81891,81891,0,0.32355725875701324,,,,,,,,,333.7489462060039,332.469206424,2456730,2456730,0,,,,,,,,,,8,8,0.02,0.0005,bpr,tanh,results/generated/consolidation-post-RC1/core-verification-20261002/inputs/HealthGraphBench_RC1/data/real_R6/maude_B/prepared_snapshots.json.gz,1cba7f84ff24131715c68a985d9302c96c7bab4a4b2a27d906559a41104fbd36,results/generated/consolidation-post-RC1/maude-duration-20261002T172405Z/experiment_protocol_executed.md (read-only run snapshot),69cda4bbd4cd86c3ebbe2346346e2a6292ef69a89699d92e1b628bc504fcb94a,4a22c2addc8203efd2b38a60c416270855c3bf3b,6b6a38a42efe5e394fc3344ac07fcde4f7915436255bf699b33b237150abfca5,7e2e3f4190abb9e6299b7bc4f1f9a60446248d0948a3f77f50b8d15c20f2a529,825cafb260dd2b8f8558224447a866cec9c7dba1cee5b5c5b05ad89a174145b7,5c5fdf3e15913804e33459c7afb899124f9bcfa0942ae14d54794e4bc7c81e50,019d8d4792115e83327e2d5e6c5aa10dc42355bc908b84093fde28dadf0ba9d0
training_epoch,test_2025_refit,test_2025,30,False,True,2026-10-02T17:32:26.207893+00:00,3,81891,81891,0,0.31921879747533943,,,,,,,,,333.7489462060039,332.469206424,2456730,2456730,0,,,,,,,,,,8,8,0.02,0.0005,bpr,tanh,results/generated/consolidation-post-RC1/core-verification-20261002/inputs/HealthGraphBench_RC1/data/real_R6/maude_B/prepared_snapshots.json.gz,1cba7f84ff24131715c68a985d9302c96c7bab4a4b2a27d906559a41104fbd36,results/generated/consolidation-post-RC1/maude-duration-20261002T172405Z/experiment_protocol_executed.md (read-only run snapshot),69cda4bbd4cd86c3ebbe2346346e2a6292ef69a89699d92e1b628bc504fcb94a,4a22c2addc8203efd2b38a60c416270855c3bf3b,6b6a38a42efe5e394fc3344ac07fcde4f7915436255bf699b33b237150abfca5,7e2e3f4190abb9e6299b7bc4f1f9a60446248d0948a3f77f50b8d15c20f2a529,825cafb260dd2b8f8558224447a866cec9c7dba1cee5b5c5b05ad89a174145b7,5c5fdf3e15913804e33459c7afb899124f9bcfa0942ae14d54794e4bc7c81e50,019d8d4792115e83327e2d5e6c5aa10dc42355bc908b84093fde28dadf0ba9d0
training_epoch,test_2025_refit,test_2025,30,False,True,2026-10-02T17:32:26.207893+00:00,4,81891,81891,0,0.3132914596025737,,,,,,,,,333.7489462060039,332.469206424,2456730,2456730,0,,,,,,,,,,8,8,0.02,0.0005,bpr,tanh,results/generated/consolidation-post-RC1/core-verification-20261002/inputs/HealthGraphBench_RC1/data/real_R6/maude_B/prepared_snapshots.json.gz,1cba7f84ff24131715c68a985d9302c96c7bab4a4b2a27d906559a41104fbd36,results/generated/consolidation-post-RC1/maude-duration-20261002T172405Z/experiment_protocol_executed.md (read-only run snapshot),69cda4bbd4cd86c3ebbe2346346e2a6292ef69a89699d92e1b628bc504fcb94a,4a22c2addc8203efd2b38a60c416270855c3bf3b,6b6a38a42efe5e394fc3344ac07fcde4f7915436255bf699b33b237150abfca5,7e2e3f4190abb9e6299b7bc4f1f9a60446248d0948a3f77f50b8d15c20f2a529,825cafb260dd2b8f8558224447a866cec9c7dba1cee5b5c5b05ad89a174145b7,5c5fdf3e15913804e33459c7afb899124f9bcfa0942ae14d54794e4bc7c81e50,019d8d4792115e83327e2d5e6c5aa10dc42355bc908b84093fde28dadf0ba9d0
training_epoch,test_2025_refit,test_2025,30,False,True,2026-10-02T17:32:26.207893+00:00,5,81891,81891,0,0.31410381848905,,,,,,,,,333.7489462060039,332.469206424,2456730,2456730,0,,,,,,,,,,8,8,0.02,0.0005,bpr,tanh,results/generated/consolidation-post-RC1/core-verification-20261002/inputs/HealthGraphBench_RC1/data/real_R6/maude_B/prepared_snapshots.json.gz,1cba7f84ff24131715c68a985d9302c96c7bab4a4b2a27d906559a41104fbd36,results/generated/consolidation-post-RC1/maude-duration-20261002T172405Z/experiment_protocol_executed.md (read-only run snapshot),69cda4bbd4cd86c3ebbe2346346e2a6292ef69a89699d92e1b628bc504fcb94a,4a22c2addc8203efd2b38a60c416270855c3bf3b,6b6a38a42efe5e394fc3344ac07fcde4f7915436255bf699b33b237150abfca5,7e2e3f4190abb9e6299b7bc4f1f9a60446248d0948a3f77f50b8d15c20f2a529,825cafb260dd2b8f8558224447a866cec9c7dba1cee5b5c5b05ad89a174145b7,5c5fdf3e15913804e33459c7afb899124f9bcfa0942ae14d54794e4bc7c81e50,019d8d4792115e83327e2d5e6c5aa10dc42355bc908b84093fde28dadf0ba9d0
training_epoch,test_2025_refit,test_2025,30,False,True,2026-10-02T17:32:26.207893+00:00,6,81891,81891,0,0.3088364745520014,,,,,,,,,333.7489462060039,332.469206424,2456730,2456730,0,,,,,,,,,,8,8,0.02,0.0005,bpr,tanh,results/generated/consolidation-post-RC1/core-verification-20261002/inputs/HealthGraphBench_RC1/data/real_R6/maude_B/prepared_snapshots.json.gz,1cba7f84ff24131715c68a985d9302c96c7bab4a4b2a27d906559a41104fbd36,results/generated/consolidation-post-RC1/maude-duration-20261002T172405Z/experiment_protocol_executed.md (read-only run snapshot),69cda4bbd4cd86c3ebbe2346346e2a6292ef69a89699d92e1b628bc504fcb94a,4a22c2addc8203efd2b38a60c416270855c3bf3b,6b6a38a42efe5e394fc3344ac07fcde4f7915436255bf699b33b237150abfca5,7e2e3f4190abb9e6299b7bc4f1f9a60446248d0948a3f77f50b8d15c20f2a529,825cafb260dd2b8f8558224447a866cec9c7dba1cee5b5c5b05ad89a174145b7,5c5fdf3e15913804e33459c7afb899124f9bcfa0942ae14d54794e4bc7c81e50,019d8d4792115e83327e2d5e6c5aa10dc42355bc908b84093fde28dadf0ba9d0
training_epoch,test_2025_refit,test_2025,30,False,True,2026-10-02T17:32:26.207893+00:00,7,81891,81891,0,0.30230081611559884,,,,,,,,,333.7489462060039,332.469206424,2456730,2456730,0,,,,,,,,,,8,8,0.02,0.0005,bpr,tanh,results/generated/consolidation-post-RC1/core-verification-20261002/inputs/HealthGraphBench_RC1/data/real_R6/maude_B/prepared_snapshots.json.gz,1cba7f84ff24131715c68a985d9302c96c7bab4a4b2a27d906559a41104fbd36,results/generated/consolidation-post-RC1/maude-duration-20261002T172405Z/experiment_protocol_executed.md (read-only run snapshot),69cda4bbd4cd86c3ebbe2346346e2a6292ef69a89699d92e1b628bc504fcb94a,4a22c2addc8203efd2b38a60c416270855c3bf3b,6b6a38a42efe5e394fc3344ac07fcde4f7915436255bf699b33b237150abfca5,7e2e3f4190abb9e6299b7bc4f1f9a60446248d0948a3f77f50b8d15c20f2a529,825cafb260dd2b8f8558224447a866cec9c7dba1cee5b5c5b05ad89a174145b7,5c5fdf3e15913804e33459c7afb899124f9bcfa0942ae14d54794e4bc7c81e50,019d8d4792115e83327e2d5e6c5aa10dc42355bc908b84093fde28dadf0ba9d0
training_epoch,test_2025_refit,test_2025,30,False,True,2026-10-02T17:32:26.207893+00:00,8,81891,81891,0,0.2976163129248073,,,,,,,,,333.7489462060039,332.469206424,2456730,2456730,0,,,,,,,,,,8,8,0.02,0.0005,bpr,tanh,results/generated/consolidation-post-RC1/core-verification-20261002/inputs/HealthGraphBench_RC1/data/real_R6/maude_B/prepared_snapshots.json.gz,1cba7f84ff24131715c68a985d9302c96c7bab4a4b2a27d906559a41104fbd36,results/generated/consolidation-post-RC1/maude-duration-20261002T172405Z/experiment_protocol_executed.md (read-only run snapshot),69cda4bbd4cd86c3ebbe2346346e2a6292ef69a89699d92e1b628bc504fcb94a,4a22c2addc8203efd2b38a60c416270855c3bf3b,6b6a38a42efe5e394fc3344ac07fcde4f7915436255bf699b33b237150abfca5,7e2e3f4190abb9e6299b7bc4f1f9a60446248d0948a3f77f50b8d15c20f2a529,825cafb260dd2b8f8558224447a866cec9c7dba1cee5b5c5b05ad89a174145b7,5c5fdf3e15913804e33459c7afb899124f9bcfa0942ae14d54794e4bc7c81e50,019d8d4792115e83327e2d5e6c5aa10dc42355bc908b84093fde28dadf0ba9d0
training_epoch,test_2025_refit,test_2025,30,False,True,2026-10-02T17:32:26.207893+00:00,9,81891,81891,0,0.2608605042526086,,,,,,,,,333.7489462060039,332.469206424,2456730,2456730,0,,,,,,,,,,8,8,0.02,0.0005,bpr,tanh,results/generated/consolidation-post-RC1/core-verification-20261002/inputs/HealthGraphBench_RC1/data/real_R6/maude_B/prepared_snapshots.json.gz,1cba7f84ff24131715c68a985d9302c96c7bab4a4b2a27d906559a41104fbd36,results/generated/consolidation-post-RC1/maude-duration-20261002T172405Z/experiment_protocol_executed.md (read-only run snapshot),69cda4bbd4cd86c3ebbe2346346e2a6292ef69a89699d92e1b628bc504fcb94a,4a22c2addc8203efd2b38a60c416270855c3bf3b,6b6a38a42efe5e394fc3344ac07fcde4f7915436255bf699b33b237150abfca5,7e2e3f4190abb9e6299b7bc4f1f9a60446248d0948a3f77f50b8d15c20f2a529,825cafb260dd2b8f8558224447a866cec9c7dba1cee5b5c5b05ad89a174145b7,5c5fdf3e15913804e33459c7afb899124f9bcfa0942ae14d54794e4bc7c81e50,019d8d4792115e83327e2d5e6c5aa10dc42355bc908b84093fde28dadf0ba9d0
training_epoch,test_2025_refit,test_2025,30,False,True,2026-10-02T17:32:26.207893+00:00,10,81891,81891,0,0.25187613145346915,,,,,,,,,333.7489462060039,332.469206424,2456730,2456730,0,,,,,,,,,,8,8,0.02,0.0005,bpr,tanh,results/generated/consolidation-post-RC1/core-verification-20261002/inputs/HealthGraphBench_RC1/data/real_R6/maude_B/prepared_snapshots.json.gz,1cba7f84ff24131715c68a985d9302c96c7bab4a4b2a27d906559a41104fbd36,results/generated/consolidation-post-RC1/maude-duration-20261002T172405Z/experiment_protocol_executed.md (read-only run snapshot),69cda4bbd4cd86c3ebbe2346346e2a6292ef69a89699d92e1b628bc504fcb94a,4a22c2addc8203efd2b38a60c416270855c3bf3b,6b6a38a42efe5e394fc3344ac07fcde4f7915436255bf699b33b237150abfca5,7e2e3f4190abb9e6299b7bc4f1f9a60446248d0948a3f77f50b8d15c20f2a529,825cafb260dd2b8f8558224447a866cec9c7dba1cee5b5c5b05ad89a174145b7,5c5fdf3e15913804e33459c7afb899124f9bcfa0942ae14d54794e4bc7c81e50,019d8d4792115e83327e2d5e6c5aa10dc42355bc908b84093fde28dadf0ba9d0
training_epoch,test_2025_refit,test_2025,30,False,True,2026-10-02T17:32:26.207893+00:00,11,81891,81891,0,0.25105711336462244,,,,,,,,,333.7489462060039,332.469206424,2456730,2456730,0,,,,,,,,,,8,8,0.02,0.0005,bpr,tanh,results/generated/consolidation-post-RC1/core-verification-20261002/inputs/HealthGraphBench_RC1/data/real_R6/maude_B/prepared_snapshots.json.gz,1cba7f84ff24131715c68a985d9302c96c7bab4a4b2a27d906559a41104fbd36,results/generated/consolidation-post-RC1/maude-duration-20261002T172405Z/experiment_protocol_executed.md (read-only run snapshot),69cda4bbd4cd86c3ebbe2346346e2a6292ef69a89699d92e1b628bc504fcb94a,4a22c2addc8203efd2b38a60c416270855c3bf3b,6b6a38a42efe5e394fc3344ac07fcde4f7915436255bf699b33b237150abfca5,7e2e3f4190abb9e6299b7bc4f1f9a60446248d0948a3f77f50b8d15c20f2a529,825cafb260dd2b8f8558224447a866cec9c7dba1cee5b5c5b05ad89a174145b7,5c5fdf3e15913804e33459c7afb899124f9bcfa0942ae14d54794e4bc7c81e50,019d8d4792115e83327e2d5e6c5aa10dc42355bc908b84093fde28dadf0ba9d0
training_epoch,test_2025_refit,test_2025,30,False,True,2026-10-02T17:32:26.207893+00:00,12,81891,81891,0,0.24464318242560834,,,,,,,,,333.7489462060039,332.469206424,2456730,2456730,0,,,,,,,,,,8,8,0.02,0.0005,bpr,tanh,results/generated/consolidation-post-RC1/core-verification-20261002/inputs/HealthGraphBench_RC1/data/real_R6/maude_B/prepared_snapshots.json.gz,1cba7f84ff24131715c68a985d9302c96c7bab4a4b2a27d906559a41104fbd36,results/generated/consolidation-post-RC1/maude-duration-20261002T172405Z/experiment_protocol_executed.md (read-only run snapshot),69cda4bbd4cd86c3ebbe2346346e2a6292ef69a89699d92e1b628bc504fcb94a,4a22c2addc8203efd2b38a60c416270855c3bf3b,6b6a38a42efe5e394fc3344ac07fcde4f7915436255bf699b33b237150abfca5,7e2e3f4190abb9e6299b7bc4f1f9a60446248d0948a3f77f50b8d15c20f2a529,825cafb260dd2b8f8558224447a866cec9c7dba1cee5b5c5b05ad89a174145b7,5c5fdf3e15913804e33459c7afb899124f9bcfa0942ae14d54794e4bc7c81e50,019d8d4792115e83327e2d5e6c5aa10dc42355bc908b84093fde28dadf0ba9d0
training_epoch,test_2025_refit,test_2025,30,False,True,2026-10-02T17:32:26.207893+00:00,13,81891,81891,0,0.23680562586678072,,,,,,,,,333.7489462060039,332.469206424,2456730,2456730,0,,,,,,,,,,8,8,0.02,0.0005,bpr,tanh,results/generated/consolidation-post-RC1/core-verification-20261002/inputs/HealthGraphBench_RC1/data/real_R6/maude_B/prepared_snapshots.json.gz,1cba7f84ff24131715c68a985d9302c96c7bab4a4b2a27d906559a41104fbd36,results/generated/consolidation-post-RC1/maude-duration-20261002T172405Z/experiment_protocol_executed.md (read-only run snapshot),69cda4bbd4cd86c3ebbe2346346e2a6292ef69a89699d92e1b628bc504fcb94a,4a22c2addc8203efd2b38a60c416270855c3bf3b,6b6a38a42efe5e394fc3344ac07fcde4f7915436255bf699b33b237150abfca5,7e2e3f4190abb9e6299b7bc4f1f9a60446248d0948a3f77f50b8d15c20f2a529,825cafb260dd2b8f8558224447a866cec9c7dba1cee5b5c5b05ad89a174145b7,5c5fdf3e15913804e33459c7afb899124f9bcfa0942ae14d54794e4bc7c81e50,019d8d4792115e83327e2d5e6c5aa10dc42355bc908b84093fde28dadf0ba9d0
training_epoch,test_2025_refit,test_2025,30,False,True,2026-10-02T17:32:26.207893+00:00,14,81891,81891,0,0.22909814057473848,,,,,,,,,333.7489462060039,332.469206424,2456730,2456730,0,,,,,,,,,,8,8,0.02,0.0005,bpr,tanh,results/generated/consolidation-post-RC1/core-verification-20261002/inputs/HealthGraphBench_RC1/data/real_R6/maude_B/prepared_snapshots.json.gz,1cba7f84ff24131715c68a985d9302c96c7bab4a4b2a27d906559a41104fbd36,results/generated/consolidation-post-RC1/maude-duration-20261002T172405Z/experiment_protocol_executed.md (read-only run snapshot),69cda4bbd4cd86c3ebbe2346346e2a6292ef69a89699d92e1b628bc504fcb94a,4a22c2addc8203efd2b38a60c416270855c3bf3b,6b6a38a42efe5e394fc3344ac07fcde4f7915436255bf699b33b237150abfca5,7e2e3f4190abb9e6299b7bc4f1f9a60446248d0948a3f77f50b8d15c20f2a529,825cafb260dd2b8f8558224447a866cec9c7dba1cee5b5c5b05ad89a174145b7,5c5fdf3e15913804e33459c7afb899124f9bcfa0942ae14d54794e4bc7c81e50,019d8d4792115e83327e2d5e6c5aa10dc42355bc908b84093fde28dadf0ba9d0
training_epoch,test_2025_refit,test_2025,30,False,True,2026-10-02T17:32:26.207893+00:00,15,81891,81891,0,0.22881492089140468,,,,,,,,,333.7489462060039,332.469206424,2456730,2456730,0,,,,,,,,,,8,8,0.02,0.0005,bpr,tanh,results/generated/consolidation-post-RC1/core-verification-20261002/inputs/HealthGraphBench_RC1/data/real_R6/maude_B/prepared_snapshots.json.gz,1cba7f84ff24131715c68a985d9302c96c7bab4a4b2a27d906559a41104fbd36,results/generated/consolidation-post-RC1/maude-duration-20261002T172405Z/experiment_protocol_executed.md (read-only run snapshot),69cda4bbd4cd86c3ebbe2346346e2a6292ef69a89699d92e1b628bc504fcb94a,4a22c2addc8203efd2b38a60c416270855c3bf3b,6b6a38a42efe5e394fc3344ac07fcde4f7915436255bf699b33b237150abfca5,7e2e3f4190abb9e6299b7bc4f1f9a60446248d0948a3f77f50b8d15c20f2a529,825cafb260dd2b8f8558224447a866cec9c7dba1cee5b5c5b05ad89a174145b7,5c5fdf3e15913804e33459c7afb899124f9bcfa0942ae14d54794e4bc7c81e50,019d8d4792115e83327e2d5e6c5aa10dc42355bc908b84093fde28dadf0ba9d0
training_epoch,test_2025_refit,test_2025,30,False,True,2026-10-02T17:32:26.207893+00:00,16,81891,81891,0,0.2269732206759051,,,,,,,,,333.7489462060039,332.469206424,2456730,2456730,0,,,,,,,,,,8,8,0.02,0.0005,bpr,tanh,results/generated/consolidation-post-RC1/core-verification-20261002/inputs/HealthGraphBench_RC1/data/real_R6/maude_B/prepared_snapshots.json.gz,1cba7f84ff24131715c68a985d9302c96c7bab4a4b2a27d906559a41104fbd36,results/generated/consolidation-post-RC1/maude-duration-20261002T172405Z/experiment_protocol_executed.md (read-only run snapshot),69cda4bbd4cd86c3ebbe2346346e2a6292ef69a89699d92e1b628bc504fcb94a,4a22c2addc8203efd2b38a60c416270855c3bf3b,6b6a38a42efe5e394fc3344ac07fcde4f7915436255bf699b33b237150abfca5,7e2e3f4190abb9e6299b7bc4f1f9a60446248d0948a3f77f50b8d15c20f2a529,825cafb260dd2b8f8558224447a866cec9c7dba1cee5b5c5b05ad89a174145b7,5c5fdf3e15913804e33459c7afb899124f9bcfa0942ae14d54794e4bc7c81e50,019d8d4792115e83327e2d5e6c5aa10dc42355bc908b84093fde28dadf0ba9d0
training_epoch,test_2025_refit,test_2025,30,False,True,2026-10-02T17:32:26.207893+00:00,17,81891,81891,0,0.22383406679952914,,,,,,,,,333.7489462060039,332.469206424,2456730,2456730,0,,,,,,,,,,8,8,0.02,0.0005,bpr,tanh,results/generated/consolidation-post-RC1/core-verification-20261002/inputs/HealthGraphBench_RC1/data/real_R6/maude_B/prepared_snapshots.json.gz,1cba7f84ff24131715c68a985d9302c96c7bab4a4b2a27d906559a41104fbd36,results/generated/consolidation-post-RC1/maude-duration-20261002T172405Z/experiment_protocol_executed.md (read-only run snapshot),69cda4bbd4cd86c3ebbe2346346e2a6292ef69a89699d92e1b628bc504fcb94a,4a22c2addc8203efd2b38a60c416270855c3bf3b,6b6a38a42efe5e394fc3344ac07fcde4f7915436255bf699b33b237150abfca5,7e2e3f4190abb9e6299b7bc4f1f9a60446248d0948a3f77f50b8d15c20f2a529,825cafb260dd2b8f8558224447a866cec9c7dba1cee5b5c5b05ad89a174145b7,5c5fdf3e15913804e33459c7afb899124f9bcfa0942ae14d54794e4bc7c81e50,019d8d4792115e83327e2d5e6c5aa10dc42355bc908b84093fde28dadf0ba9d0
training_epoch,test_2025_refit,test_2025,30,False,True,2026-10-02T17:32:26.207893+00:00,18,81891,81891,0,0.22414719615979448,,,,,,,,,333.7489462060039,332.469206424,2456730,2456730,0,,,,,,,,,,8,8,0.02,0.0005,bpr,tanh,results/generated/consolidation-post-RC1/core-verification-20261002/inputs/HealthGraphBench_RC1/data/real_R6/maude_B/prepared_snapshots.json.gz,1cba7f84ff24131715c68a985d9302c96c7bab4a4b2a27d906559a41104fbd36,results/generated/consolidation-post-RC1/maude-duration-20261002T172405Z/experiment_protocol_executed.md (read-only run snapshot),69cda4bbd4cd86c3ebbe2346346e2a6292ef69a89699d92e1b628bc504fcb94a,4a22c2addc8203efd2b38a60c416270855c3bf3b,6b6a38a42efe5e394fc3344ac07fcde4f7915436255bf699b33b237150abfca5,7e2e3f4190abb9e6299b7bc4f1f9a60446248d0948a3f77f50b8d15c20f2a529,825cafb260dd2b8f8558224447a866cec9c7dba1cee5b5c5b05ad89a174145b7,5c5fdf3e15913804e33459c7afb899124f9bcfa0942ae14d54794e4bc7c81e50,019d8d4792115e83327e2d5e6c5aa10dc42355bc908b84093fde28dadf0ba9d0
training_epoch,test_2025_refit,test_2025,30,False,True,2026-10-02T17:32:26.207893+00:00,19,81891,81891,0,0.22110665830770088,,,,,,,,,333.7489462060039,332.469206424,2456730,2456730,0,,,,,,,,,,8,8,0.02,0.0005,bpr,tanh,results/generated/consolidation-post-RC1/core-verification-20261002/inputs/HealthGraphBench_RC1/data/real_R6/maude_B/prepared_snapshots.json.gz,1cba7f84ff24131715c68a985d9302c96c7bab4a4b2a27d906559a41104fbd36,results/generated/consolidation-post-RC1/maude-duration-20261002T172405Z/experiment_protocol_executed.md (read-only run snapshot),69cda4bbd4cd86c3ebbe2346346e2a6292ef69a89699d92e1b628bc504fcb94a,4a22c2addc8203efd2b38a60c416270855c3bf3b,6b6a38a42efe5e394fc3344ac07fcde4f7915436255bf699b33b237150abfca5,7e2e3f4190abb9e6299b7bc4f1f9a60446248d0948a3f77f50b8d15c20f2a529,825cafb260dd2b8f8558224447a866cec9c7dba1cee5b5c5b05ad89a174145b7,5c5fdf3e15913804e33459c7afb899124f9bcfa0942ae14d54794e4bc7c81e50,019d8d4792115e83327e2d5e6c5aa10dc42355bc908b84093fde28dadf0ba9d0
training_epoch,test_2025_refit,test_2025,30,False,True,2026-10-02T17:32:26.207893+00:00,20,81891,81891,0,0.22351672510922493,,,,,,,,,333.7489462060039,332.469206424,2456730,2456730,0,,,,,,,,,,8,8,0.02,0.0005,bpr,tanh,results/generated/consolidation-post-RC1/core-verification-20261002/inputs/HealthGraphBench_RC1/data/real_R6/maude_B/prepared_snapshots.json.gz,1cba7f84ff24131715c68a985d9302c96c7bab4a4b2a27d906559a41104fbd36,results/generated/consolidation-post-RC1/maude-duration-20261002T172405Z/experiment_protocol_executed.md (read-only run snapshot),69cda4bbd4cd86c3ebbe2346346e2a6292ef69a89699d92e1b628bc504fcb94a,4a22c2addc8203efd2b38a60c416270855c3bf3b,6b6a38a42efe5e394fc3344ac07fcde4f7915436255bf699b33b237150abfca5,7e2e3f4190abb9e6299b7bc4f1f9a60446248d0948a3f77f50b8d15c20f2a529,825cafb260dd2b8f8558224447a866cec9c7dba1cee5b5c5b05ad89a174145b7,5c5fdf3e15913804e33459c7afb899124f9bcfa0942ae14d54794e4bc7c81e50,019d8d4792115e83327e2d5e6c5aa10dc42355bc908b84093fde28dadf0ba9d0
training_epoch,test_2025_refit,test_2025,30,False,True,2026-10-02T17:32:26.207893+00:00,21,81891,81891,0,0.221309421313283,,,,,,,,,333.7489462060039,332.469206424,2456730,2456730,0,,,,,,,,,,8,8,0.02,0.0005,bpr,tanh,results/generated/consolidation-post-RC1/core-verification-20261002/inputs/HealthGraphBench_RC1/data/real_R6/maude_B/prepared_snapshots.json.gz,1cba7f84ff24131715c68a985d9302c96c7bab4a4b2a27d906559a41104fbd36,results/generated/consolidation-post-RC1/maude-duration-20261002T172405Z/experiment_protocol_executed.md (read-only run snapshot),69cda4bbd4cd86c3ebbe2346346e2a6292ef69a89699d92e1b628bc504fcb94a,4a22c2addc8203efd2b38a60c416270855c3bf3b,6b6a38a42efe5e394fc3344ac07fcde4f7915436255bf699b33b237150abfca5,7e2e3f4190abb9e6299b7bc4f1f9a60446248d0948a3f77f50b8d15c20f2a529,825cafb260dd2b8f8558224447a866cec9c7dba1cee5b5c5b05ad89a174145b7,5c5fdf3e15913804e33459c7afb899124f9bcfa0942ae14d54794e4bc7c81e50,019d8d4792115e83327e2d5e6c5aa10dc42355bc908b84093fde28dadf0ba9d0
training_epoch,test_2025_refit,test_2025,30,False,True,2026-10-02T17:32:26.207893+00:00,22,81891,81891,0,0.22243495568283517,,,,,,,,,333.7489462060039,332.469206424,2456730,2456730,0,,,,,,,,,,8,8,0.02,0.0005,bpr,tanh,results/generated/consolidation-post-RC1/core-verification-20261002/inputs/HealthGraphBench_RC1/data/real_R6/maude_B/prepared_snapshots.json.gz,1cba7f84ff24131715c68a985d9302c96c7bab4a4b2a27d906559a41104fbd36,results/generated/consolidation-post-RC1/maude-duration-20261002T172405Z/experiment_protocol_executed.md (read-only run snapshot),69cda4bbd4cd86c3ebbe2346346e2a6292ef69a89699d92e1b628bc504fcb94a,4a22c2addc8203efd2b38a60c416270855c3bf3b,6b6a38a42efe5e394fc3344ac07fcde4f7915436255bf699b33b237150abfca5,7e2e3f4190abb9e6299b7bc4f1f9a60446248d0948a3f77f50b8d15c20f2a529,825cafb260dd2b8f8558224447a866cec9c7dba1cee5b5c5b05ad89a174145b7,5c5fdf3e15913804e33459c7afb899124f9bcfa0942ae14d54794e4bc7c81e50,019d8d4792115e83327e2d5e6c5aa10dc42355bc908b84093fde28dadf0ba9d0
training_epoch,test_2025_refit,test_2025,30,False,True,2026-10-02T17:32:26.207893+00:00,23,81891,81891,0,0.21881748547563154,,,,,,,,,333.7489462060039,332.469206424,2456730,2456730,0,,,,,,,,,,8,8,0.02,0.0005,bpr,tanh,results/generated/consolidation-post-RC1/core-verification-20261002/inputs/HealthGraphBench_RC1/data/real_R6/maude_B/prepared_snapshots.json.gz,1cba7f84ff24131715c68a985d9302c96c7bab4a4b2a27d906559a41104fbd36,results/generated/consolidation-post-RC1/maude-duration-20261002T172405Z/experiment_protocol_executed.md (read-only run snapshot),69cda4bbd4cd86c3ebbe2346346e2a6292ef69a89699d92e1b628bc504fcb94a,4a22c2addc8203efd2b38a60c416270855c3bf3b,6b6a38a42efe5e394fc3344ac07fcde4f7915436255bf699b33b237150abfca5,7e2e3f4190abb9e6299b7bc4f1f9a60446248d0948a3f77f50b8d15c20f2a529,825cafb260dd2b8f8558224447a866cec9c7dba1cee5b5c5b05ad89a174145b7,5c5fdf3e15913804e33459c7afb899124f9bcfa0942ae14d54794e4bc7c81e50,019d8d4792115e83327e2d5e6c5aa10dc42355bc908b84093fde28dadf0ba9d0
training_epoch,test_2025_refit,test_2025,30,False,True,2026-10-02T17:32:26.207893+00:00,24,81891,81891,0,0.21828934834909605,,,,,,,,,333.7489462060039,332.469206424,2456730,2456730,0,,,,,,,,,,8,8,0.02,0.0005,bpr,tanh,results/generated/consolidation-post-RC1/core-verification-20261002/inputs/HealthGraphBench_RC1/data/real_R6/maude_B/prepared_snapshots.json.gz,1cba7f84ff24131715c68a985d9302c96c7bab4a4b2a27d906559a41104fbd36,results/generated/consolidation-post-RC1/maude-duration-20261002T172405Z/experiment_protocol_executed.md (read-only run snapshot),69cda4bbd4cd86c3ebbe2346346e2a6292ef69a89699d92e1b628bc504fcb94a,4a22c2addc8203efd2b38a60c416270855c3bf3b,6b6a38a42efe5e394fc3344ac07fcde4f7915436255bf699b33b237150abfca5,7e2e3f4190abb9e6299b7bc4f1f9a60446248d0948a3f77f50b8d15c20f2a529,825cafb260dd2b8f8558224447a866cec9c7dba1cee5b5c5b05ad89a174145b7,5c5fdf3e15913804e33459c7afb899124f9bcfa0942ae14d54794e4bc7c81e50,019d8d4792115e83327e2d5e6c5aa10dc42355bc908b84093fde28dadf0ba9d0
training_epoch,test_2025_refit,test_2025,30,False,True,2026-10-02T17:32:26.207893+00:00,25,81891,81891,0,0.2156601695224231,,,,,,,,,333.7489462060039,332.469206424,2456730,2456730,0,,,,,,,,,,8,8,0.02,0.0005,bpr,tanh,results/generated/consolidation-post-RC1/core-verification-20261002/inputs/HealthGraphBench_RC1/data/real_R6/maude_B/prepared_snapshots.json.gz,1cba7f84ff24131715c68a985d9302c96c7bab4a4b2a27d906559a41104fbd36,results/generated/consolidation-post-RC1/maude-duration-20261002T172405Z/experiment_protocol_executed.md (read-only run snapshot),69cda4bbd4cd86c3ebbe2346346e2a6292ef69a89699d92e1b628bc504fcb94a,4a22c2addc8203efd2b38a60c416270855c3bf3b,6b6a38a42efe5e394fc3344ac07fcde4f7915436255bf699b33b237150abfca5,7e2e3f4190abb9e6299b7bc4f1f9a60446248d0948a3f77f50b8d15c20f2a529,825cafb260dd2b8f8558224447a866cec9c7dba1cee5b5c5b05ad89a174145b7,5c5fdf3e15913804e33459c7afb899124f9bcfa0942ae14d54794e4bc7c81e50,019d8d4792115e83327e2d5e6c5aa10dc42355bc908b84093fde28dadf0ba9d0
training_epoch,test_2025_refit,test_2025,30,False,True,2026-10-02T17:32:26.207893+00:00,26,81891,81891,0,0.21029876539556233,,,,,,,,,333.7489462060039,332.469206424,2456730,2456730,0,,,,,,,,,,8,8,0.02,0.0005,bpr,tanh,results/generated/consolidation-post-RC1/core-verification-20261002/inputs/HealthGraphBench_RC1/data/real_R6/maude_B/prepared_snapshots.json.gz,1cba7f84ff24131715c68a985d9302c96c7bab4a4b2a27d906559a41104fbd36,results/generated/consolidation-post-RC1/maude-duration-20261002T172405Z/experiment_protocol_executed.md (read-only run snapshot),69cda4bbd4cd86c3ebbe2346346e2a6292ef69a89699d92e1b628bc504fcb94a,4a22c2addc8203efd2b38a60c416270855c3bf3b,6b6a38a42efe5e394fc3344ac07fcde4f7915436255bf699b33b237150abfca5,7e2e3f4190abb9e6299b7bc4f1f9a60446248d0948a3f77f50b8d15c20f2a529,825cafb260dd2b8f8558224447a866cec9c7dba1cee5b5c5b05ad89a174145b7,5c5fdf3e15913804e33459c7afb899124f9bcfa0942ae14d54794e4bc7c81e50,019d8d4792115e83327e2d5e6c5aa10dc42355bc908b84093fde28dadf0ba9d0
training_epoch,test_2025_refit,test_2025,30,False,True,2026-10-02T17:32:26.207893+00:00,27,81891,81891,0,0.20721711962059758,,,,,,,,,333.7489462060039,332.469206424,2456730,2456730,0,,,,,,,,,,8,8,0.02,0.0005,bpr,tanh,results/generated/consolidation-post-RC1/core-verification-20261002/inputs/HealthGraphBench_RC1/data/real_R6/maude_B/prepared_snapshots.json.gz,1cba7f84ff24131715c68a985d9302c96c7bab4a4b2a27d906559a41104fbd36,results/generated/consolidation-post-RC1/maude-duration-20261002T172405Z/experiment_protocol_executed.md (read-only run snapshot),69cda4bbd4cd86c3ebbe2346346e2a6292ef69a89699d92e1b628bc504fcb94a,4a22c2addc8203efd2b38a60c416270855c3bf3b,6b6a38a42efe5e394fc3344ac07fcde4f7915436255bf699b33b237150abfca5,7e2e3f4190abb9e6299b7bc4f1f9a60446248d0948a3f77f50b8d15c20f2a529,825cafb260dd2b8f8558224447a866cec9c7dba1cee5b5c5b05ad89a174145b7,5c5fdf3e15913804e33459c7afb899124f9bcfa0942ae14d54794e4bc7c81e50,019d8d4792115e83327e2d5e6c5aa10dc42355bc908b84093fde28dadf0ba9d0
training_epoch,test_2025_refit,test_2025,30,False,True,2026-10-02T17:32:26.207893+00:00,28,81891,81891,0,0.20697383275713546,,,,,,,,,333.7489462060039,332.469206424,2456730,2456730,0,,,,,,,,,,8,8,0.02,0.0005,bpr,tanh,results/generated/consolidation-post-RC1/core-verification-20261002/inputs/HealthGraphBench_RC1/data/real_R6/maude_B/prepared_snapshots.json.gz,1cba7f84ff24131715c68a985d9302c96c7bab4a4b2a27d906559a41104fbd36,results/generated/consolidation-post-RC1/maude-duration-20261002T172405Z/experiment_protocol_executed.md (read-only run snapshot),69cda4bbd4cd86c3ebbe2346346e2a6292ef69a89699d92e1b628bc504fcb94a,4a22c2addc8203efd2b38a60c416270855c3bf3b,6b6a38a42efe5e394fc3344ac07fcde4f7915436255bf699b33b237150abfca5,7e2e3f4190abb9e6299b7bc4f1f9a60446248d0948a3f77f50b8d15c20f2a529,825cafb260dd2b8f8558224447a866cec9c7dba1cee5b5c5b05ad89a174145b7,5c5fdf3e15913804e33459c7afb899124f9bcfa0942ae14d54794e4bc7c81e50,019d8d4792115e83327e2d5e6c5aa10dc42355bc908b84093fde28dadf0ba9d0
training_epoch,test_2025_refit,test_2025,30,False,True,2026-10-02T17:32:26.207893+00:00,29,81891,81891,0,0.2071123199871576,,,,,,,,,333.7489462060039,332.469206424,2456730,2456730,0,,,,,,,,,,8,8,0.02,0.0005,bpr,tanh,results/generated/consolidation-post-RC1/core-verification-20261002/inputs/HealthGraphBench_RC1/data/real_R6/maude_B/prepared_snapshots.json.gz,1cba7f84ff24131715c68a985d9302c96c7bab4a4b2a27d906559a41104fbd36,results/generated/consolidation-post-RC1/maude-duration-20261002T172405Z/experiment_protocol_executed.md (read-only run snapshot),69cda4bbd4cd86c3ebbe2346346e2a6292ef69a89699d92e1b628bc504fcb94a,4a22c2addc8203efd2b38a60c416270855c3bf3b,6b6a38a42efe5e394fc3344ac07fcde4f7915436255bf699b33b237150abfca5,7e2e3f4190abb9e6299b7bc4f1f9a60446248d0948a3f77f50b8d15c20f2a529,825cafb260dd2b8f8558224447a866cec9c7dba1cee5b5c5b05ad89a174145b7,5c5fdf3e15913804e33459c7afb899124f9bcfa0942ae14d54794e4bc7c81e50,019d8d4792115e83327e2d5e6c5aa10dc42355bc908b84093fde28dadf0ba9d0
training_epoch,test_2025_refit,test_2025,30,False,True,2026-10-02T17:32:26.207893+00:00,30,81891,81891,0,0.2088448921079758,,,,,,,,,333.7489462060039,332.469206424,2456730,2456730,0,,,,,,,,,,8,8,0.02,0.0005,bpr,tanh,results/generated/consolidation-post-RC1/core-verification-20261002/inputs/HealthGraphBench_RC1/data/real_R6/maude_B/prepared_snapshots.json.gz,1cba7f84ff24131715c68a985d9302c96c7bab4a4b2a27d906559a41104fbd36,results/generated/consolidation-post-RC1/maude-duration-20261002T172405Z/experiment_protocol_executed.md (read-only run snapshot),69cda4bbd4cd86c3ebbe2346346e2a6292ef69a89699d92e1b628bc504fcb94a,4a22c2addc8203efd2b38a60c416270855c3bf3b,6b6a38a42efe5e394fc3344ac07fcde4f7915436255bf699b33b237150abfca5,7e2e3f4190abb9e6299b7bc4f1f9a60446248d0948a3f77f50b8d15c20f2a529,825cafb260dd2b8f8558224447a866cec9c7dba1cee5b5c5b05ad89a174145b7,5c5fdf3e15913804e33459c7afb899124f9bcfa0942ae14d54794e4bc7c81e50,019d8d4792115e83327e2d5e6c5aa10dc42355bc908b84093fde28dadf0ba9d0
test_year,2024_Q1-Q4,test_2024,30,False,True,2026-10-02T17:32:26.207893+00:00,,,,,,,,1,0.20089955022488756,1206,6003,2950,1367736,309.8165859900182,307.938674359,2269710,2269710,0,329.3184531859879,327.363863712,235630592,24442575,900.0,536870912,536870912,,,8,8,0.02,0.0005,bpr,tanh,results/generated/consolidation-post-RC1/core-verification-20261002/inputs/HealthGraphBench_RC1/data/real_R6/maude_B/prepared_snapshots.json.gz,1cba7f84ff24131715c68a985d9302c96c7bab4a4b2a27d906559a41104fbd36,results/generated/consolidation-post-RC1/maude-duration-20261002T172405Z/experiment_protocol_executed.md (read-only run snapshot),69cda4bbd4cd86c3ebbe2346346e2a6292ef69a89699d92e1b628bc504fcb94a,4a22c2addc8203efd2b38a60c416270855c3bf3b,6b6a38a42efe5e394fc3344ac07fcde4f7915436255bf699b33b237150abfca5,7e2e3f4190abb9e6299b7bc4f1f9a60446248d0948a3f77f50b8d15c20f2a529,825cafb260dd2b8f8558224447a866cec9c7dba1cee5b5c5b05ad89a174145b7,5c5fdf3e15913804e33459c7afb899124f9bcfa0942ae14d54794e4bc7c81e50,019d8d4792115e83327e2d5e6c5aa10dc42355bc908b84093fde28dadf0ba9d0
test_year,2025_Q1-Q4,test_2025,30,False,True,2026-10-02T17:32:26.207893+00:00,,,,,,,,1,0.21879793613164134,1569,7171,3420,1607420,333.7489462060039,332.469206424,2456730,2456730,0,356.21360963300685,354.86002935100004,238419968,28668881,900.0,536870912,536870912,,,8,8,0.02,0.0005,bpr,tanh,results/generated/consolidation-post-RC1/core-verification-20261002/inputs/HealthGraphBench_RC1/data/real_R6/maude_B/prepared_snapshots.json.gz,1cba7f84ff24131715c68a985d9302c96c7bab4a4b2a27d906559a41104fbd36,results/generated/consolidation-post-RC1/maude-duration-20261002T172405Z/experiment_protocol_executed.md (read-only run snapshot),69cda4bbd4cd86c3ebbe2346346e2a6292ef69a89699d92e1b628bc504fcb94a,4a22c2addc8203efd2b38a60c416270855c3bf3b,6b6a38a42efe5e394fc3344ac07fcde4f7915436255bf699b33b237150abfca5,7e2e3f4190abb9e6299b7bc4f1f9a60446248d0948a3f77f50b8d15c20f2a529,825cafb260dd2b8f8558224447a866cec9c7dba1cee5b5c5b05ad89a174145b7,5c5fdf3e15913804e33459c7afb899124f9bcfa0942ae14d54794e4bc7c81e50,019d8d4792115e83327e2d5e6c5aa10dc42355bc908b84093fde28dadf0ba9d0
pooled_test,2024-2025_pooled,test_2024+test_2025,30,False,True,2026-10-02T17:32:26.207893+00:00,,,,,,,,1,0.21064217397904964,2775,13174,6370,2975156,,,,,,,,249405440,,,,,1167.907775233005,1160.982953356,8,8,0.02,0.0005,bpr,tanh,results/generated/consolidation-post-RC1/core-verification-20261002/inputs/HealthGraphBench_RC1/data/real_R6/maude_B/prepared_snapshots.json.gz,1cba7f84ff24131715c68a985d9302c96c7bab4a4b2a27d906559a41104fbd36,results/generated/consolidation-post-RC1/maude-duration-20261002T172405Z/experiment_protocol_executed.md (read-only run snapshot),69cda4bbd4cd86c3ebbe2346346e2a6292ef69a89699d92e1b628bc504fcb94a,4a22c2addc8203efd2b38a60c416270855c3bf3b,6b6a38a42efe5e394fc3344ac07fcde4f7915436255bf699b33b237150abfca5,7e2e3f4190abb9e6299b7bc4f1f9a60446248d0948a3f77f50b8d15c20f2a529,825cafb260dd2b8f8558224447a866cec9c7dba1cee5b5c5b05ad89a174145b7,5c5fdf3e15913804e33459c7afb899124f9bcfa0942ae14d54794e4bc7c81e50,019d8d4792115e83327e2d5e6c5aa10dc42355bc908b84093fde28dadf0ba9d0
run_total,validation_2023+test_2024+test_2025,,,,,2026-10-02T17:32:26.207893+00:00,,,,,,,,,,,,,,,,,,,1167.8917040560045,,249405440,,,,,1167.907775233005,1160.982953356,8,8,0.02,0.0005,bpr,tanh,results/generated/consolidation-post-RC1/core-verification-20261002/inputs/HealthGraphBench_RC1/data/real_R6/maude_B/prepared_snapshots.json.gz,1cba7f84ff24131715c68a985d9302c96c7bab4a4b2a27d906559a41104fbd36,results/generated/consolidation-post-RC1/maude-duration-20261002T172405Z/experiment_protocol_executed.md (read-only run snapshot),69cda4bbd4cd86c3ebbe2346346e2a6292ef69a89699d92e1b628bc504fcb94a,4a22c2addc8203efd2b38a60c416270855c3bf3b,6b6a38a42efe5e394fc3344ac07fcde4f7915436255bf699b33b237150abfca5,7e2e3f4190abb9e6299b7bc4f1f9a60446248d0948a3f77f50b8d15c20f2a529,825cafb260dd2b8f8558224447a866cec9c7dba1cee5b5c5b05ad89a174145b7,5c5fdf3e15913804e33459c7afb899124f9bcfa0942ae14d54794e4bc7c81e50,019d8d4792115e83327e2d5e6c5aa10dc42355bc908b84093fde28dadf0ba9d0
