record_type,model,training_origin,split,fit_phase,duration_epochs,epoch,mean_bpr_data_loss,steps,triplets_visited,positive_edges_skipped,fit_wall_seconds,fit_cpu_seconds,fit_steps,fit_triplets_visited,fit_positive_edges_skipped,phase_wall_seconds,phase_worker_cpu_seconds,peak_aggregate_rss_bytes,phase_output_bytes,metric,support_threshold,value,hits,positive_edges,products_with_positives,candidate_pairs,denominator,denominator_type,source_run,source_manifest_path,source_manifest_sha256,source_report_path,source_report_sha256,source_summary_path,source_summary_sha256,source_epoch_log_path,source_epoch_log_sha256,code_commit
training_epoch,mean30,réutilisé depuis C,validation_2023,validation_2023,30,1,0.6927517690732703,67676,67676,0,272.0915981569851,269.570137795,2030280,2030280,0,482.3596412370098,478.75906029299995,249405440,116627455,,,,,,,,,,C:maude-duration-20261002T172405Z,results/generated/consolidation-post-RC1/maude-duration-20261002T172405Z/run_manifest.json,41f104f7b08c959b7c1c979e8448b7ab40a263f730a532aa74a0642e926d8fbb,results/generated/consolidation-post-RC1/maude-duration-20261002T172405Z/report.json,36517f4de36e7274c68219755efd9edc36028f170e4c3a4deed58bc8d445bedc,results/generated/consolidation-post-RC1/maude-duration-20261002T172405Z/validation_2023/validation_summary.json,478e4a27800b6086029828e8e8ee5af79c1ad2c603e081a15cd94efdbb5b7b5e,results/generated/consolidation-post-RC1/maude-duration-20261002T172405Z/validation_2023/fit_epochs_30/epochs.jsonl.gz,6fe5a0154068830322f9c385f1c0563571b34b5329060ac037d87a25acb141d7,4a22c2addc8203efd2b38a60c416270855c3bf3b
training_epoch,mean30,réutilisé depuis C,validation_2023,validation_2023,30,2,0.34526725326605817,67676,67676,0,272.0915981569851,269.570137795,2030280,2030280,0,482.3596412370098,478.75906029299995,249405440,116627455,,,,,,,,,,C:maude-duration-20261002T172405Z,results/generated/consolidation-post-RC1/maude-duration-20261002T172405Z/run_manifest.json,41f104f7b08c959b7c1c979e8448b7ab40a263f730a532aa74a0642e926d8fbb,results/generated/consolidation-post-RC1/maude-duration-20261002T172405Z/report.json,36517f4de36e7274c68219755efd9edc36028f170e4c3a4deed58bc8d445bedc,results/generated/consolidation-post-RC1/maude-duration-20261002T172405Z/validation_2023/validation_summary.json,478e4a27800b6086029828e8e8ee5af79c1ad2c603e081a15cd94efdbb5b7b5e,results/generated/consolidation-post-RC1/maude-duration-20261002T172405Z/validation_2023/fit_epochs_30/epochs.jsonl.gz,6fe5a0154068830322f9c385f1c0563571b34b5329060ac037d87a25acb141d7,4a22c2addc8203efd2b38a60c416270855c3bf3b
training_epoch,mean30,réutilisé depuis C,validation_2023,validation_2023,30,3,0.31540401669322593,67676,67676,0,272.0915981569851,269.570137795,2030280,2030280,0,482.3596412370098,478.75906029299995,249405440,116627455,,,,,,,,,,C:maude-duration-20261002T172405Z,results/generated/consolidation-post-RC1/maude-duration-20261002T172405Z/run_manifest.json,41f104f7b08c959b7c1c979e8448b7ab40a263f730a532aa74a0642e926d8fbb,results/generated/consolidation-post-RC1/maude-duration-20261002T172405Z/report.json,36517f4de36e7274c68219755efd9edc36028f170e4c3a4deed58bc8d445bedc,results/generated/consolidation-post-RC1/maude-duration-20261002T172405Z/validation_2023/validation_summary.json,478e4a27800b6086029828e8e8ee5af79c1ad2c603e081a15cd94efdbb5b7b5e,results/generated/consolidation-post-RC1/maude-duration-20261002T172405Z/validation_2023/fit_epochs_30/epochs.jsonl.gz,6fe5a0154068830322f9c385f1c0563571b34b5329060ac037d87a25acb141d7,4a22c2addc8203efd2b38a60c416270855c3bf3b
training_epoch,mean30,réutilisé depuis C,validation_2023,validation_2023,30,4,0.31428992449228776,67676,67676,0,272.0915981569851,269.570137795,2030280,2030280,0,482.3596412370098,478.75906029299995,249405440,116627455,,,,,,,,,,C:maude-duration-20261002T172405Z,results/generated/consolidation-post-RC1/maude-duration-20261002T172405Z/run_manifest.json,41f104f7b08c959b7c1c979e8448b7ab40a263f730a532aa74a0642e926d8fbb,results/generated/consolidation-post-RC1/maude-duration-20261002T172405Z/report.json,36517f4de36e7274c68219755efd9edc36028f170e4c3a4deed58bc8d445bedc,results/generated/consolidation-post-RC1/maude-duration-20261002T172405Z/validation_2023/validation_summary.json,478e4a27800b6086029828e8e8ee5af79c1ad2c603e081a15cd94efdbb5b7b5e,results/generated/consolidation-post-RC1/maude-duration-20261002T172405Z/validation_2023/fit_epochs_30/epochs.jsonl.gz,6fe5a0154068830322f9c385f1c0563571b34b5329060ac037d87a25acb141d7,4a22c2addc8203efd2b38a60c416270855c3bf3b
training_epoch,mean30,réutilisé depuis C,validation_2023,validation_2023,30,5,0.31110194752877735,67676,67676,0,272.0915981569851,269.570137795,2030280,2030280,0,482.3596412370098,478.75906029299995,249405440,116627455,,,,,,,,,,C:maude-duration-20261002T172405Z,results/generated/consolidation-post-RC1/maude-duration-20261002T172405Z/run_manifest.json,41f104f7b08c959b7c1c979e8448b7ab40a263f730a532aa74a0642e926d8fbb,results/generated/consolidation-post-RC1/maude-duration-20261002T172405Z/report.json,36517f4de36e7274c68219755efd9edc36028f170e4c3a4deed58bc8d445bedc,results/generated/consolidation-post-RC1/maude-duration-20261002T172405Z/validation_2023/validation_summary.json,478e4a27800b6086029828e8e8ee5af79c1ad2c603e081a15cd94efdbb5b7b5e,results/generated/consolidation-post-RC1/maude-duration-20261002T172405Z/validation_2023/fit_epochs_30/epochs.jsonl.gz,6fe5a0154068830322f9c385f1c0563571b34b5329060ac037d87a25acb141d7,4a22c2addc8203efd2b38a60c416270855c3bf3b
training_epoch,mean30,réutilisé depuis C,validation_2023,validation_2023,30,6,0.3121177556895386,67676,67676,0,272.0915981569851,269.570137795,2030280,2030280,0,482.3596412370098,478.75906029299995,249405440,116627455,,,,,,,,,,C:maude-duration-20261002T172405Z,results/generated/consolidation-post-RC1/maude-duration-20261002T172405Z/run_manifest.json,41f104f7b08c959b7c1c979e8448b7ab40a263f730a532aa74a0642e926d8fbb,results/generated/consolidation-post-RC1/maude-duration-20261002T172405Z/report.json,36517f4de36e7274c68219755efd9edc36028f170e4c3a4deed58bc8d445bedc,results/generated/consolidation-post-RC1/maude-duration-20261002T172405Z/validation_2023/validation_summary.json,478e4a27800b6086029828e8e8ee5af79c1ad2c603e081a15cd94efdbb5b7b5e,results/generated/consolidation-post-RC1/maude-duration-20261002T172405Z/validation_2023/fit_epochs_30/epochs.jsonl.gz,6fe5a0154068830322f9c385f1c0563571b34b5329060ac037d87a25acb141d7,4a22c2addc8203efd2b38a60c416270855c3bf3b
training_epoch,mean30,réutilisé depuis C,validation_2023,validation_2023,30,7,0.30913436025957053,67676,67676,0,272.0915981569851,269.570137795,2030280,2030280,0,482.3596412370098,478.75906029299995,249405440,116627455,,,,,,,,,,C:maude-duration-20261002T172405Z,results/generated/consolidation-post-RC1/maude-duration-20261002T172405Z/run_manifest.json,41f104f7b08c959b7c1c979e8448b7ab40a263f730a532aa74a0642e926d8fbb,results/generated/consolidation-post-RC1/maude-duration-20261002T172405Z/report.json,36517f4de36e7274c68219755efd9edc36028f170e4c3a4deed58bc8d445bedc,results/generated/consolidation-post-RC1/maude-duration-20261002T172405Z/validation_2023/validation_summary.json,478e4a27800b6086029828e8e8ee5af79c1ad2c603e081a15cd94efdbb5b7b5e,results/generated/consolidation-post-RC1/maude-duration-20261002T172405Z/validation_2023/fit_epochs_30/epochs.jsonl.gz,6fe5a0154068830322f9c385f1c0563571b34b5329060ac037d87a25acb141d7,4a22c2addc8203efd2b38a60c416270855c3bf3b
training_epoch,mean30,réutilisé depuis C,validation_2023,validation_2023,30,8,0.30837063809139525,67676,67676,0,272.0915981569851,269.570137795,2030280,2030280,0,482.3596412370098,478.75906029299995,249405440,116627455,,,,,,,,,,C:maude-duration-20261002T172405Z,results/generated/consolidation-post-RC1/maude-duration-20261002T172405Z/run_manifest.json,41f104f7b08c959b7c1c979e8448b7ab40a263f730a532aa74a0642e926d8fbb,results/generated/consolidation-post-RC1/maude-duration-20261002T172405Z/report.json,36517f4de36e7274c68219755efd9edc36028f170e4c3a4deed58bc8d445bedc,results/generated/consolidation-post-RC1/maude-duration-20261002T172405Z/validation_2023/validation_summary.json,478e4a27800b6086029828e8e8ee5af79c1ad2c603e081a15cd94efdbb5b7b5e,results/generated/consolidation-post-RC1/maude-duration-20261002T172405Z/validation_2023/fit_epochs_30/epochs.jsonl.gz,6fe5a0154068830322f9c385f1c0563571b34b5329060ac037d87a25acb141d7,4a22c2addc8203efd2b38a60c416270855c3bf3b
training_epoch,mean30,réutilisé depuis C,validation_2023,validation_2023,30,9,0.30383884109171494,67676,67676,0,272.0915981569851,269.570137795,2030280,2030280,0,482.3596412370098,478.75906029299995,249405440,116627455,,,,,,,,,,C:maude-duration-20261002T172405Z,results/generated/consolidation-post-RC1/maude-duration-20261002T172405Z/run_manifest.json,41f104f7b08c959b7c1c979e8448b7ab40a263f730a532aa74a0642e926d8fbb,results/generated/consolidation-post-RC1/maude-duration-20261002T172405Z/report.json,36517f4de36e7274c68219755efd9edc36028f170e4c3a4deed58bc8d445bedc,results/generated/consolidation-post-RC1/maude-duration-20261002T172405Z/validation_2023/validation_summary.json,478e4a27800b6086029828e8e8ee5af79c1ad2c603e081a15cd94efdbb5b7b5e,results/generated/consolidation-post-RC1/maude-duration-20261002T172405Z/validation_2023/fit_epochs_30/epochs.jsonl.gz,6fe5a0154068830322f9c385f1c0563571b34b5329060ac037d87a25acb141d7,4a22c2addc8203efd2b38a60c416270855c3bf3b
training_epoch,mean30,réutilisé depuis C,validation_2023,validation_2023,30,10,0.3033096207976994,67676,67676,0,272.0915981569851,269.570137795,2030280,2030280,0,482.3596412370098,478.75906029299995,249405440,116627455,,,,,,,,,,C:maude-duration-20261002T172405Z,results/generated/consolidation-post-RC1/maude-duration-20261002T172405Z/run_manifest.json,41f104f7b08c959b7c1c979e8448b7ab40a263f730a532aa74a0642e926d8fbb,results/generated/consolidation-post-RC1/maude-duration-20261002T172405Z/report.json,36517f4de36e7274c68219755efd9edc36028f170e4c3a4deed58bc8d445bedc,results/generated/consolidation-post-RC1/maude-duration-20261002T172405Z/validation_2023/validation_summary.json,478e4a27800b6086029828e8e8ee5af79c1ad2c603e081a15cd94efdbb5b7b5e,results/generated/consolidation-post-RC1/maude-duration-20261002T172405Z/validation_2023/fit_epochs_30/epochs.jsonl.gz,6fe5a0154068830322f9c385f1c0563571b34b5329060ac037d87a25acb141d7,4a22c2addc8203efd2b38a60c416270855c3bf3b
training_epoch,mean30,réutilisé depuis C,validation_2023,validation_2023,30,11,0.3021920192459842,67676,67676,0,272.0915981569851,269.570137795,2030280,2030280,0,482.3596412370098,478.75906029299995,249405440,116627455,,,,,,,,,,C:maude-duration-20261002T172405Z,results/generated/consolidation-post-RC1/maude-duration-20261002T172405Z/run_manifest.json,41f104f7b08c959b7c1c979e8448b7ab40a263f730a532aa74a0642e926d8fbb,results/generated/consolidation-post-RC1/maude-duration-20261002T172405Z/report.json,36517f4de36e7274c68219755efd9edc36028f170e4c3a4deed58bc8d445bedc,results/generated/consolidation-post-RC1/maude-duration-20261002T172405Z/validation_2023/validation_summary.json,478e4a27800b6086029828e8e8ee5af79c1ad2c603e081a15cd94efdbb5b7b5e,results/generated/consolidation-post-RC1/maude-duration-20261002T172405Z/validation_2023/fit_epochs_30/epochs.jsonl.gz,6fe5a0154068830322f9c385f1c0563571b34b5329060ac037d87a25acb141d7,4a22c2addc8203efd2b38a60c416270855c3bf3b
training_epoch,mean30,réutilisé depuis C,validation_2023,validation_2023,30,12,0.2742000820983173,67676,67676,0,272.0915981569851,269.570137795,2030280,2030280,0,482.3596412370098,478.75906029299995,249405440,116627455,,,,,,,,,,C:maude-duration-20261002T172405Z,results/generated/consolidation-post-RC1/maude-duration-20261002T172405Z/run_manifest.json,41f104f7b08c959b7c1c979e8448b7ab40a263f730a532aa74a0642e926d8fbb,results/generated/consolidation-post-RC1/maude-duration-20261002T172405Z/report.json,36517f4de36e7274c68219755efd9edc36028f170e4c3a4deed58bc8d445bedc,results/generated/consolidation-post-RC1/maude-duration-20261002T172405Z/validation_2023/validation_summary.json,478e4a27800b6086029828e8e8ee5af79c1ad2c603e081a15cd94efdbb5b7b5e,results/generated/consolidation-post-RC1/maude-duration-20261002T172405Z/validation_2023/fit_epochs_30/epochs.jsonl.gz,6fe5a0154068830322f9c385f1c0563571b34b5329060ac037d87a25acb141d7,4a22c2addc8203efd2b38a60c416270855c3bf3b
training_epoch,mean30,réutilisé depuis C,validation_2023,validation_2023,30,13,0.2562141542776308,67676,67676,0,272.0915981569851,269.570137795,2030280,2030280,0,482.3596412370098,478.75906029299995,249405440,116627455,,,,,,,,,,C:maude-duration-20261002T172405Z,results/generated/consolidation-post-RC1/maude-duration-20261002T172405Z/run_manifest.json,41f104f7b08c959b7c1c979e8448b7ab40a263f730a532aa74a0642e926d8fbb,results/generated/consolidation-post-RC1/maude-duration-20261002T172405Z/report.json,36517f4de36e7274c68219755efd9edc36028f170e4c3a4deed58bc8d445bedc,results/generated/consolidation-post-RC1/maude-duration-20261002T172405Z/validation_2023/validation_summary.json,478e4a27800b6086029828e8e8ee5af79c1ad2c603e081a15cd94efdbb5b7b5e,results/generated/consolidation-post-RC1/maude-duration-20261002T172405Z/validation_2023/fit_epochs_30/epochs.jsonl.gz,6fe5a0154068830322f9c385f1c0563571b34b5329060ac037d87a25acb141d7,4a22c2addc8203efd2b38a60c416270855c3bf3b
training_epoch,mean30,réutilisé depuis C,validation_2023,validation_2023,30,14,0.25127074620920004,67676,67676,0,272.0915981569851,269.570137795,2030280,2030280,0,482.3596412370098,478.75906029299995,249405440,116627455,,,,,,,,,,C:maude-duration-20261002T172405Z,results/generated/consolidation-post-RC1/maude-duration-20261002T172405Z/run_manifest.json,41f104f7b08c959b7c1c979e8448b7ab40a263f730a532aa74a0642e926d8fbb,results/generated/consolidation-post-RC1/maude-duration-20261002T172405Z/report.json,36517f4de36e7274c68219755efd9edc36028f170e4c3a4deed58bc8d445bedc,results/generated/consolidation-post-RC1/maude-duration-20261002T172405Z/validation_2023/validation_summary.json,478e4a27800b6086029828e8e8ee5af79c1ad2c603e081a15cd94efdbb5b7b5e,results/generated/consolidation-post-RC1/maude-duration-20261002T172405Z/validation_2023/fit_epochs_30/epochs.jsonl.gz,6fe5a0154068830322f9c385f1c0563571b34b5329060ac037d87a25acb141d7,4a22c2addc8203efd2b38a60c416270855c3bf3b
training_epoch,mean30,réutilisé depuis C,validation_2023,validation_2023,30,15,0.2482829180884183,67676,67676,0,272.0915981569851,269.570137795,2030280,2030280,0,482.3596412370098,478.75906029299995,249405440,116627455,,,,,,,,,,C:maude-duration-20261002T172405Z,results/generated/consolidation-post-RC1/maude-duration-20261002T172405Z/run_manifest.json,41f104f7b08c959b7c1c979e8448b7ab40a263f730a532aa74a0642e926d8fbb,results/generated/consolidation-post-RC1/maude-duration-20261002T172405Z/report.json,36517f4de36e7274c68219755efd9edc36028f170e4c3a4deed58bc8d445bedc,results/generated/consolidation-post-RC1/maude-duration-20261002T172405Z/validation_2023/validation_summary.json,478e4a27800b6086029828e8e8ee5af79c1ad2c603e081a15cd94efdbb5b7b5e,results/generated/consolidation-post-RC1/maude-duration-20261002T172405Z/validation_2023/fit_epochs_30/epochs.jsonl.gz,6fe5a0154068830322f9c385f1c0563571b34b5329060ac037d87a25acb141d7,4a22c2addc8203efd2b38a60c416270855c3bf3b
training_epoch,mean30,réutilisé depuis C,validation_2023,validation_2023,30,16,0.24701634622725865,67676,67676,0,272.0915981569851,269.570137795,2030280,2030280,0,482.3596412370098,478.75906029299995,249405440,116627455,,,,,,,,,,C:maude-duration-20261002T172405Z,results/generated/consolidation-post-RC1/maude-duration-20261002T172405Z/run_manifest.json,41f104f7b08c959b7c1c979e8448b7ab40a263f730a532aa74a0642e926d8fbb,results/generated/consolidation-post-RC1/maude-duration-20261002T172405Z/report.json,36517f4de36e7274c68219755efd9edc36028f170e4c3a4deed58bc8d445bedc,results/generated/consolidation-post-RC1/maude-duration-20261002T172405Z/validation_2023/validation_summary.json,478e4a27800b6086029828e8e8ee5af79c1ad2c603e081a15cd94efdbb5b7b5e,results/generated/consolidation-post-RC1/maude-duration-20261002T172405Z/validation_2023/fit_epochs_30/epochs.jsonl.gz,6fe5a0154068830322f9c385f1c0563571b34b5329060ac037d87a25acb141d7,4a22c2addc8203efd2b38a60c416270855c3bf3b
training_epoch,mean30,réutilisé depuis C,validation_2023,validation_2023,30,17,0.2431264115271219,67676,67676,0,272.0915981569851,269.570137795,2030280,2030280,0,482.3596412370098,478.75906029299995,249405440,116627455,,,,,,,,,,C:maude-duration-20261002T172405Z,results/generated/consolidation-post-RC1/maude-duration-20261002T172405Z/run_manifest.json,41f104f7b08c959b7c1c979e8448b7ab40a263f730a532aa74a0642e926d8fbb,results/generated/consolidation-post-RC1/maude-duration-20261002T172405Z/report.json,36517f4de36e7274c68219755efd9edc36028f170e4c3a4deed58bc8d445bedc,results/generated/consolidation-post-RC1/maude-duration-20261002T172405Z/validation_2023/validation_summary.json,478e4a27800b6086029828e8e8ee5af79c1ad2c603e081a15cd94efdbb5b7b5e,results/generated/consolidation-post-RC1/maude-duration-20261002T172405Z/validation_2023/fit_epochs_30/epochs.jsonl.gz,6fe5a0154068830322f9c385f1c0563571b34b5329060ac037d87a25acb141d7,4a22c2addc8203efd2b38a60c416270855c3bf3b
training_epoch,mean30,réutilisé depuis C,validation_2023,validation_2023,30,18,0.24583799639276113,67676,67676,0,272.0915981569851,269.570137795,2030280,2030280,0,482.3596412370098,478.75906029299995,249405440,116627455,,,,,,,,,,C:maude-duration-20261002T172405Z,results/generated/consolidation-post-RC1/maude-duration-20261002T172405Z/run_manifest.json,41f104f7b08c959b7c1c979e8448b7ab40a263f730a532aa74a0642e926d8fbb,results/generated/consolidation-post-RC1/maude-duration-20261002T172405Z/report.json,36517f4de36e7274c68219755efd9edc36028f170e4c3a4deed58bc8d445bedc,results/generated/consolidation-post-RC1/maude-duration-20261002T172405Z/validation_2023/validation_summary.json,478e4a27800b6086029828e8e8ee5af79c1ad2c603e081a15cd94efdbb5b7b5e,results/generated/consolidation-post-RC1/maude-duration-20261002T172405Z/validation_2023/fit_epochs_30/epochs.jsonl.gz,6fe5a0154068830322f9c385f1c0563571b34b5329060ac037d87a25acb141d7,4a22c2addc8203efd2b38a60c416270855c3bf3b
training_epoch,mean30,réutilisé depuis C,validation_2023,validation_2023,30,19,0.23729573365796322,67676,67676,0,272.0915981569851,269.570137795,2030280,2030280,0,482.3596412370098,478.75906029299995,249405440,116627455,,,,,,,,,,C:maude-duration-20261002T172405Z,results/generated/consolidation-post-RC1/maude-duration-20261002T172405Z/run_manifest.json,41f104f7b08c959b7c1c979e8448b7ab40a263f730a532aa74a0642e926d8fbb,results/generated/consolidation-post-RC1/maude-duration-20261002T172405Z/report.json,36517f4de36e7274c68219755efd9edc36028f170e4c3a4deed58bc8d445bedc,results/generated/consolidation-post-RC1/maude-duration-20261002T172405Z/validation_2023/validation_summary.json,478e4a27800b6086029828e8e8ee5af79c1ad2c603e081a15cd94efdbb5b7b5e,results/generated/consolidation-post-RC1/maude-duration-20261002T172405Z/validation_2023/fit_epochs_30/epochs.jsonl.gz,6fe5a0154068830322f9c385f1c0563571b34b5329060ac037d87a25acb141d7,4a22c2addc8203efd2b38a60c416270855c3bf3b
training_epoch,mean30,réutilisé depuis C,validation_2023,validation_2023,30,20,0.23259985334244027,67676,67676,0,272.0915981569851,269.570137795,2030280,2030280,0,482.3596412370098,478.75906029299995,249405440,116627455,,,,,,,,,,C:maude-duration-20261002T172405Z,results/generated/consolidation-post-RC1/maude-duration-20261002T172405Z/run_manifest.json,41f104f7b08c959b7c1c979e8448b7ab40a263f730a532aa74a0642e926d8fbb,results/generated/consolidation-post-RC1/maude-duration-20261002T172405Z/report.json,36517f4de36e7274c68219755efd9edc36028f170e4c3a4deed58bc8d445bedc,results/generated/consolidation-post-RC1/maude-duration-20261002T172405Z/validation_2023/validation_summary.json,478e4a27800b6086029828e8e8ee5af79c1ad2c603e081a15cd94efdbb5b7b5e,results/generated/consolidation-post-RC1/maude-duration-20261002T172405Z/validation_2023/fit_epochs_30/epochs.jsonl.gz,6fe5a0154068830322f9c385f1c0563571b34b5329060ac037d87a25acb141d7,4a22c2addc8203efd2b38a60c416270855c3bf3b
training_epoch,mean30,réutilisé depuis C,validation_2023,validation_2023,30,21,0.22752085013241832,67676,67676,0,272.0915981569851,269.570137795,2030280,2030280,0,482.3596412370098,478.75906029299995,249405440,116627455,,,,,,,,,,C:maude-duration-20261002T172405Z,results/generated/consolidation-post-RC1/maude-duration-20261002T172405Z/run_manifest.json,41f104f7b08c959b7c1c979e8448b7ab40a263f730a532aa74a0642e926d8fbb,results/generated/consolidation-post-RC1/maude-duration-20261002T172405Z/report.json,36517f4de36e7274c68219755efd9edc36028f170e4c3a4deed58bc8d445bedc,results/generated/consolidation-post-RC1/maude-duration-20261002T172405Z/validation_2023/validation_summary.json,478e4a27800b6086029828e8e8ee5af79c1ad2c603e081a15cd94efdbb5b7b5e,results/generated/consolidation-post-RC1/maude-duration-20261002T172405Z/validation_2023/fit_epochs_30/epochs.jsonl.gz,6fe5a0154068830322f9c385f1c0563571b34b5329060ac037d87a25acb141d7,4a22c2addc8203efd2b38a60c416270855c3bf3b
training_epoch,mean30,réutilisé depuis C,validation_2023,validation_2023,30,22,0.22189649701188,67676,67676,0,272.0915981569851,269.570137795,2030280,2030280,0,482.3596412370098,478.75906029299995,249405440,116627455,,,,,,,,,,C:maude-duration-20261002T172405Z,results/generated/consolidation-post-RC1/maude-duration-20261002T172405Z/run_manifest.json,41f104f7b08c959b7c1c979e8448b7ab40a263f730a532aa74a0642e926d8fbb,results/generated/consolidation-post-RC1/maude-duration-20261002T172405Z/report.json,36517f4de36e7274c68219755efd9edc36028f170e4c3a4deed58bc8d445bedc,results/generated/consolidation-post-RC1/maude-duration-20261002T172405Z/validation_2023/validation_summary.json,478e4a27800b6086029828e8e8ee5af79c1ad2c603e081a15cd94efdbb5b7b5e,results/generated/consolidation-post-RC1/maude-duration-20261002T172405Z/validation_2023/fit_epochs_30/epochs.jsonl.gz,6fe5a0154068830322f9c385f1c0563571b34b5329060ac037d87a25acb141d7,4a22c2addc8203efd2b38a60c416270855c3bf3b
training_epoch,mean30,réutilisé depuis C,validation_2023,validation_2023,30,23,0.22351195730870635,67676,67676,0,272.0915981569851,269.570137795,2030280,2030280,0,482.3596412370098,478.75906029299995,249405440,116627455,,,,,,,,,,C:maude-duration-20261002T172405Z,results/generated/consolidation-post-RC1/maude-duration-20261002T172405Z/run_manifest.json,41f104f7b08c959b7c1c979e8448b7ab40a263f730a532aa74a0642e926d8fbb,results/generated/consolidation-post-RC1/maude-duration-20261002T172405Z/report.json,36517f4de36e7274c68219755efd9edc36028f170e4c3a4deed58bc8d445bedc,results/generated/consolidation-post-RC1/maude-duration-20261002T172405Z/validation_2023/validation_summary.json,478e4a27800b6086029828e8e8ee5af79c1ad2c603e081a15cd94efdbb5b7b5e,results/generated/consolidation-post-RC1/maude-duration-20261002T172405Z/validation_2023/fit_epochs_30/epochs.jsonl.gz,6fe5a0154068830322f9c385f1c0563571b34b5329060ac037d87a25acb141d7,4a22c2addc8203efd2b38a60c416270855c3bf3b
training_epoch,mean30,réutilisé depuis C,validation_2023,validation_2023,30,24,0.21601143339903775,67676,67676,0,272.0915981569851,269.570137795,2030280,2030280,0,482.3596412370098,478.75906029299995,249405440,116627455,,,,,,,,,,C:maude-duration-20261002T172405Z,results/generated/consolidation-post-RC1/maude-duration-20261002T172405Z/run_manifest.json,41f104f7b08c959b7c1c979e8448b7ab40a263f730a532aa74a0642e926d8fbb,results/generated/consolidation-post-RC1/maude-duration-20261002T172405Z/report.json,36517f4de36e7274c68219755efd9edc36028f170e4c3a4deed58bc8d445bedc,results/generated/consolidation-post-RC1/maude-duration-20261002T172405Z/validation_2023/validation_summary.json,478e4a27800b6086029828e8e8ee5af79c1ad2c603e081a15cd94efdbb5b7b5e,results/generated/consolidation-post-RC1/maude-duration-20261002T172405Z/validation_2023/fit_epochs_30/epochs.jsonl.gz,6fe5a0154068830322f9c385f1c0563571b34b5329060ac037d87a25acb141d7,4a22c2addc8203efd2b38a60c416270855c3bf3b
training_epoch,mean30,réutilisé depuis C,validation_2023,validation_2023,30,25,0.21596844168463825,67676,67676,0,272.0915981569851,269.570137795,2030280,2030280,0,482.3596412370098,478.75906029299995,249405440,116627455,,,,,,,,,,C:maude-duration-20261002T172405Z,results/generated/consolidation-post-RC1/maude-duration-20261002T172405Z/run_manifest.json,41f104f7b08c959b7c1c979e8448b7ab40a263f730a532aa74a0642e926d8fbb,results/generated/consolidation-post-RC1/maude-duration-20261002T172405Z/report.json,36517f4de36e7274c68219755efd9edc36028f170e4c3a4deed58bc8d445bedc,results/generated/consolidation-post-RC1/maude-duration-20261002T172405Z/validation_2023/validation_summary.json,478e4a27800b6086029828e8e8ee5af79c1ad2c603e081a15cd94efdbb5b7b5e,results/generated/consolidation-post-RC1/maude-duration-20261002T172405Z/validation_2023/fit_epochs_30/epochs.jsonl.gz,6fe5a0154068830322f9c385f1c0563571b34b5329060ac037d87a25acb141d7,4a22c2addc8203efd2b38a60c416270855c3bf3b
training_epoch,mean30,réutilisé depuis C,validation_2023,validation_2023,30,26,0.2137972864941033,67676,67676,0,272.0915981569851,269.570137795,2030280,2030280,0,482.3596412370098,478.75906029299995,249405440,116627455,,,,,,,,,,C:maude-duration-20261002T172405Z,results/generated/consolidation-post-RC1/maude-duration-20261002T172405Z/run_manifest.json,41f104f7b08c959b7c1c979e8448b7ab40a263f730a532aa74a0642e926d8fbb,results/generated/consolidation-post-RC1/maude-duration-20261002T172405Z/report.json,36517f4de36e7274c68219755efd9edc36028f170e4c3a4deed58bc8d445bedc,results/generated/consolidation-post-RC1/maude-duration-20261002T172405Z/validation_2023/validation_summary.json,478e4a27800b6086029828e8e8ee5af79c1ad2c603e081a15cd94efdbb5b7b5e,results/generated/consolidation-post-RC1/maude-duration-20261002T172405Z/validation_2023/fit_epochs_30/epochs.jsonl.gz,6fe5a0154068830322f9c385f1c0563571b34b5329060ac037d87a25acb141d7,4a22c2addc8203efd2b38a60c416270855c3bf3b
training_epoch,mean30,réutilisé depuis C,validation_2023,validation_2023,30,27,0.21248340901120805,67676,67676,0,272.0915981569851,269.570137795,2030280,2030280,0,482.3596412370098,478.75906029299995,249405440,116627455,,,,,,,,,,C:maude-duration-20261002T172405Z,results/generated/consolidation-post-RC1/maude-duration-20261002T172405Z/run_manifest.json,41f104f7b08c959b7c1c979e8448b7ab40a263f730a532aa74a0642e926d8fbb,results/generated/consolidation-post-RC1/maude-duration-20261002T172405Z/report.json,36517f4de36e7274c68219755efd9edc36028f170e4c3a4deed58bc8d445bedc,results/generated/consolidation-post-RC1/maude-duration-20261002T172405Z/validation_2023/validation_summary.json,478e4a27800b6086029828e8e8ee5af79c1ad2c603e081a15cd94efdbb5b7b5e,results/generated/consolidation-post-RC1/maude-duration-20261002T172405Z/validation_2023/fit_epochs_30/epochs.jsonl.gz,6fe5a0154068830322f9c385f1c0563571b34b5329060ac037d87a25acb141d7,4a22c2addc8203efd2b38a60c416270855c3bf3b
training_epoch,mean30,réutilisé depuis C,validation_2023,validation_2023,30,28,0.2107600558403389,67676,67676,0,272.0915981569851,269.570137795,2030280,2030280,0,482.3596412370098,478.75906029299995,249405440,116627455,,,,,,,,,,C:maude-duration-20261002T172405Z,results/generated/consolidation-post-RC1/maude-duration-20261002T172405Z/run_manifest.json,41f104f7b08c959b7c1c979e8448b7ab40a263f730a532aa74a0642e926d8fbb,results/generated/consolidation-post-RC1/maude-duration-20261002T172405Z/report.json,36517f4de36e7274c68219755efd9edc36028f170e4c3a4deed58bc8d445bedc,results/generated/consolidation-post-RC1/maude-duration-20261002T172405Z/validation_2023/validation_summary.json,478e4a27800b6086029828e8e8ee5af79c1ad2c603e081a15cd94efdbb5b7b5e,results/generated/consolidation-post-RC1/maude-duration-20261002T172405Z/validation_2023/fit_epochs_30/epochs.jsonl.gz,6fe5a0154068830322f9c385f1c0563571b34b5329060ac037d87a25acb141d7,4a22c2addc8203efd2b38a60c416270855c3bf3b
training_epoch,mean30,réutilisé depuis C,validation_2023,validation_2023,30,29,0.210018941728835,67676,67676,0,272.0915981569851,269.570137795,2030280,2030280,0,482.3596412370098,478.75906029299995,249405440,116627455,,,,,,,,,,C:maude-duration-20261002T172405Z,results/generated/consolidation-post-RC1/maude-duration-20261002T172405Z/run_manifest.json,41f104f7b08c959b7c1c979e8448b7ab40a263f730a532aa74a0642e926d8fbb,results/generated/consolidation-post-RC1/maude-duration-20261002T172405Z/report.json,36517f4de36e7274c68219755efd9edc36028f170e4c3a4deed58bc8d445bedc,results/generated/consolidation-post-RC1/maude-duration-20261002T172405Z/validation_2023/validation_summary.json,478e4a27800b6086029828e8e8ee5af79c1ad2c603e081a15cd94efdbb5b7b5e,results/generated/consolidation-post-RC1/maude-duration-20261002T172405Z/validation_2023/fit_epochs_30/epochs.jsonl.gz,6fe5a0154068830322f9c385f1c0563571b34b5329060ac037d87a25acb141d7,4a22c2addc8203efd2b38a60c416270855c3bf3b
training_epoch,mean30,réutilisé depuis C,validation_2023,validation_2023,30,30,0.21020840214521264,67676,67676,0,272.0915981569851,269.570137795,2030280,2030280,0,482.3596412370098,478.75906029299995,249405440,116627455,,,,,,,,,,C:maude-duration-20261002T172405Z,results/generated/consolidation-post-RC1/maude-duration-20261002T172405Z/run_manifest.json,41f104f7b08c959b7c1c979e8448b7ab40a263f730a532aa74a0642e926d8fbb,results/generated/consolidation-post-RC1/maude-duration-20261002T172405Z/report.json,36517f4de36e7274c68219755efd9edc36028f170e4c3a4deed58bc8d445bedc,results/generated/consolidation-post-RC1/maude-duration-20261002T172405Z/validation_2023/validation_summary.json,478e4a27800b6086029828e8e8ee5af79c1ad2c603e081a15cd94efdbb5b7b5e,results/generated/consolidation-post-RC1/maude-duration-20261002T172405Z/validation_2023/fit_epochs_30/epochs.jsonl.gz,6fe5a0154068830322f9c385f1c0563571b34b5329060ac037d87a25acb141d7,4a22c2addc8203efd2b38a60c416270855c3bf3b
training_epoch,mean30,réutilisé depuis C,test_2024,test_2024,30,1,0.6927316613411573,75657,75657,0,309.8165859900182,307.938674359,2269710,2269710,0,329.3184531859879,327.363863712,235630592,24442575,,,,,,,,,,C:maude-duration-20261002T172405Z,results/generated/consolidation-post-RC1/maude-duration-20261002T172405Z/run_manifest.json,41f104f7b08c959b7c1c979e8448b7ab40a263f730a532aa74a0642e926d8fbb,results/generated/consolidation-post-RC1/maude-duration-20261002T172405Z/report.json,36517f4de36e7274c68219755efd9edc36028f170e4c3a4deed58bc8d445bedc,results/generated/consolidation-post-RC1/maude-duration-20261002T172405Z/test_2024/phase_summary.json,80e055e94fb589012123b352fbf68a75e12232e80865ec61982fe9296e7cbbfb,results/generated/consolidation-post-RC1/maude-duration-20261002T172405Z/test_2024/fit_epochs_30/epochs.jsonl.gz,5b4b46fa9e1e9b4f9e638da36a9d401053c465511710d8267b37c8262ec7a9b4,4a22c2addc8203efd2b38a60c416270855c3bf3b
training_epoch,mean30,réutilisé depuis C,test_2024,test_2024,30,2,0.3443488498277555,75657,75657,0,309.8165859900182,307.938674359,2269710,2269710,0,329.3184531859879,327.363863712,235630592,24442575,,,,,,,,,,C:maude-duration-20261002T172405Z,results/generated/consolidation-post-RC1/maude-duration-20261002T172405Z/run_manifest.json,41f104f7b08c959b7c1c979e8448b7ab40a263f730a532aa74a0642e926d8fbb,results/generated/consolidation-post-RC1/maude-duration-20261002T172405Z/report.json,36517f4de36e7274c68219755efd9edc36028f170e4c3a4deed58bc8d445bedc,results/generated/consolidation-post-RC1/maude-duration-20261002T172405Z/test_2024/phase_summary.json,80e055e94fb589012123b352fbf68a75e12232e80865ec61982fe9296e7cbbfb,results/generated/consolidation-post-RC1/maude-duration-20261002T172405Z/test_2024/fit_epochs_30/epochs.jsonl.gz,5b4b46fa9e1e9b4f9e638da36a9d401053c465511710d8267b37c8262ec7a9b4,4a22c2addc8203efd2b38a60c416270855c3bf3b
training_epoch,mean30,réutilisé depuis C,test_2024,test_2024,30,3,0.32265313353245284,75657,75657,0,309.8165859900182,307.938674359,2269710,2269710,0,329.3184531859879,327.363863712,235630592,24442575,,,,,,,,,,C:maude-duration-20261002T172405Z,results/generated/consolidation-post-RC1/maude-duration-20261002T172405Z/run_manifest.json,41f104f7b08c959b7c1c979e8448b7ab40a263f730a532aa74a0642e926d8fbb,results/generated/consolidation-post-RC1/maude-duration-20261002T172405Z/report.json,36517f4de36e7274c68219755efd9edc36028f170e4c3a4deed58bc8d445bedc,results/generated/consolidation-post-RC1/maude-duration-20261002T172405Z/test_2024/phase_summary.json,80e055e94fb589012123b352fbf68a75e12232e80865ec61982fe9296e7cbbfb,results/generated/consolidation-post-RC1/maude-duration-20261002T172405Z/test_2024/fit_epochs_30/epochs.jsonl.gz,5b4b46fa9e1e9b4f9e638da36a9d401053c465511710d8267b37c8262ec7a9b4,4a22c2addc8203efd2b38a60c416270855c3bf3b
training_epoch,mean30,réutilisé depuis C,test_2024,test_2024,30,4,0.3200327798242797,75657,75657,0,309.8165859900182,307.938674359,2269710,2269710,0,329.3184531859879,327.363863712,235630592,24442575,,,,,,,,,,C:maude-duration-20261002T172405Z,results/generated/consolidation-post-RC1/maude-duration-20261002T172405Z/run_manifest.json,41f104f7b08c959b7c1c979e8448b7ab40a263f730a532aa74a0642e926d8fbb,results/generated/consolidation-post-RC1/maude-duration-20261002T172405Z/report.json,36517f4de36e7274c68219755efd9edc36028f170e4c3a4deed58bc8d445bedc,results/generated/consolidation-post-RC1/maude-duration-20261002T172405Z/test_2024/phase_summary.json,80e055e94fb589012123b352fbf68a75e12232e80865ec61982fe9296e7cbbfb,results/generated/consolidation-post-RC1/maude-duration-20261002T172405Z/test_2024/fit_epochs_30/epochs.jsonl.gz,5b4b46fa9e1e9b4f9e638da36a9d401053c465511710d8267b37c8262ec7a9b4,4a22c2addc8203efd2b38a60c416270855c3bf3b
training_epoch,mean30,réutilisé depuis C,test_2024,test_2024,30,5,0.31418063419993436,75657,75657,0,309.8165859900182,307.938674359,2269710,2269710,0,329.3184531859879,327.363863712,235630592,24442575,,,,,,,,,,C:maude-duration-20261002T172405Z,results/generated/consolidation-post-RC1/maude-duration-20261002T172405Z/run_manifest.json,41f104f7b08c959b7c1c979e8448b7ab40a263f730a532aa74a0642e926d8fbb,results/generated/consolidation-post-RC1/maude-duration-20261002T172405Z/report.json,36517f4de36e7274c68219755efd9edc36028f170e4c3a4deed58bc8d445bedc,results/generated/consolidation-post-RC1/maude-duration-20261002T172405Z/test_2024/phase_summary.json,80e055e94fb589012123b352fbf68a75e12232e80865ec61982fe9296e7cbbfb,results/generated/consolidation-post-RC1/maude-duration-20261002T172405Z/test_2024/fit_epochs_30/epochs.jsonl.gz,5b4b46fa9e1e9b4f9e638da36a9d401053c465511710d8267b37c8262ec7a9b4,4a22c2addc8203efd2b38a60c416270855c3bf3b
training_epoch,mean30,réutilisé depuis C,test_2024,test_2024,30,6,0.310600946408389,75657,75657,0,309.8165859900182,307.938674359,2269710,2269710,0,329.3184531859879,327.363863712,235630592,24442575,,,,,,,,,,C:maude-duration-20261002T172405Z,results/generated/consolidation-post-RC1/maude-duration-20261002T172405Z/run_manifest.json,41f104f7b08c959b7c1c979e8448b7ab40a263f730a532aa74a0642e926d8fbb,results/generated/consolidation-post-RC1/maude-duration-20261002T172405Z/report.json,36517f4de36e7274c68219755efd9edc36028f170e4c3a4deed58bc8d445bedc,results/generated/consolidation-post-RC1/maude-duration-20261002T172405Z/test_2024/phase_summary.json,80e055e94fb589012123b352fbf68a75e12232e80865ec61982fe9296e7cbbfb,results/generated/consolidation-post-RC1/maude-duration-20261002T172405Z/test_2024/fit_epochs_30/epochs.jsonl.gz,5b4b46fa9e1e9b4f9e638da36a9d401053c465511710d8267b37c8262ec7a9b4,4a22c2addc8203efd2b38a60c416270855c3bf3b
training_epoch,mean30,réutilisé depuis C,test_2024,test_2024,30,7,0.3099647957163761,75657,75657,0,309.8165859900182,307.938674359,2269710,2269710,0,329.3184531859879,327.363863712,235630592,24442575,,,,,,,,,,C:maude-duration-20261002T172405Z,results/generated/consolidation-post-RC1/maude-duration-20261002T172405Z/run_manifest.json,41f104f7b08c959b7c1c979e8448b7ab40a263f730a532aa74a0642e926d8fbb,results/generated/consolidation-post-RC1/maude-duration-20261002T172405Z/report.json,36517f4de36e7274c68219755efd9edc36028f170e4c3a4deed58bc8d445bedc,results/generated/consolidation-post-RC1/maude-duration-20261002T172405Z/test_2024/phase_summary.json,80e055e94fb589012123b352fbf68a75e12232e80865ec61982fe9296e7cbbfb,results/generated/consolidation-post-RC1/maude-duration-20261002T172405Z/test_2024/fit_epochs_30/epochs.jsonl.gz,5b4b46fa9e1e9b4f9e638da36a9d401053c465511710d8267b37c8262ec7a9b4,4a22c2addc8203efd2b38a60c416270855c3bf3b
training_epoch,mean30,réutilisé depuis C,test_2024,test_2024,30,8,0.3075482948958524,75657,75657,0,309.8165859900182,307.938674359,2269710,2269710,0,329.3184531859879,327.363863712,235630592,24442575,,,,,,,,,,C:maude-duration-20261002T172405Z,results/generated/consolidation-post-RC1/maude-duration-20261002T172405Z/run_manifest.json,41f104f7b08c959b7c1c979e8448b7ab40a263f730a532aa74a0642e926d8fbb,results/generated/consolidation-post-RC1/maude-duration-20261002T172405Z/report.json,36517f4de36e7274c68219755efd9edc36028f170e4c3a4deed58bc8d445bedc,results/generated/consolidation-post-RC1/maude-duration-20261002T172405Z/test_2024/phase_summary.json,80e055e94fb589012123b352fbf68a75e12232e80865ec61982fe9296e7cbbfb,results/generated/consolidation-post-RC1/maude-duration-20261002T172405Z/test_2024/fit_epochs_30/epochs.jsonl.gz,5b4b46fa9e1e9b4f9e638da36a9d401053c465511710d8267b37c8262ec7a9b4,4a22c2addc8203efd2b38a60c416270855c3bf3b
training_epoch,mean30,réutilisé depuis C,test_2024,test_2024,30,9,0.30229313183888445,75657,75657,0,309.8165859900182,307.938674359,2269710,2269710,0,329.3184531859879,327.363863712,235630592,24442575,,,,,,,,,,C:maude-duration-20261002T172405Z,results/generated/consolidation-post-RC1/maude-duration-20261002T172405Z/run_manifest.json,41f104f7b08c959b7c1c979e8448b7ab40a263f730a532aa74a0642e926d8fbb,results/generated/consolidation-post-RC1/maude-duration-20261002T172405Z/report.json,36517f4de36e7274c68219755efd9edc36028f170e4c3a4deed58bc8d445bedc,results/generated/consolidation-post-RC1/maude-duration-20261002T172405Z/test_2024/phase_summary.json,80e055e94fb589012123b352fbf68a75e12232e80865ec61982fe9296e7cbbfb,results/generated/consolidation-post-RC1/maude-duration-20261002T172405Z/test_2024/fit_epochs_30/epochs.jsonl.gz,5b4b46fa9e1e9b4f9e638da36a9d401053c465511710d8267b37c8262ec7a9b4,4a22c2addc8203efd2b38a60c416270855c3bf3b
training_epoch,mean30,réutilisé depuis C,test_2024,test_2024,30,10,0.26862090480458506,75657,75657,0,309.8165859900182,307.938674359,2269710,2269710,0,329.3184531859879,327.363863712,235630592,24442575,,,,,,,,,,C:maude-duration-20261002T172405Z,results/generated/consolidation-post-RC1/maude-duration-20261002T172405Z/run_manifest.json,41f104f7b08c959b7c1c979e8448b7ab40a263f730a532aa74a0642e926d8fbb,results/generated/consolidation-post-RC1/maude-duration-20261002T172405Z/report.json,36517f4de36e7274c68219755efd9edc36028f170e4c3a4deed58bc8d445bedc,results/generated/consolidation-post-RC1/maude-duration-20261002T172405Z/test_2024/phase_summary.json,80e055e94fb589012123b352fbf68a75e12232e80865ec61982fe9296e7cbbfb,results/generated/consolidation-post-RC1/maude-duration-20261002T172405Z/test_2024/fit_epochs_30/epochs.jsonl.gz,5b4b46fa9e1e9b4f9e638da36a9d401053c465511710d8267b37c8262ec7a9b4,4a22c2addc8203efd2b38a60c416270855c3bf3b
training_epoch,mean30,réutilisé depuis C,test_2024,test_2024,30,11,0.255317833447353,75657,75657,0,309.8165859900182,307.938674359,2269710,2269710,0,329.3184531859879,327.363863712,235630592,24442575,,,,,,,,,,C:maude-duration-20261002T172405Z,results/generated/consolidation-post-RC1/maude-duration-20261002T172405Z/run_manifest.json,41f104f7b08c959b7c1c979e8448b7ab40a263f730a532aa74a0642e926d8fbb,results/generated/consolidation-post-RC1/maude-duration-20261002T172405Z/report.json,36517f4de36e7274c68219755efd9edc36028f170e4c3a4deed58bc8d445bedc,results/generated/consolidation-post-RC1/maude-duration-20261002T172405Z/test_2024/phase_summary.json,80e055e94fb589012123b352fbf68a75e12232e80865ec61982fe9296e7cbbfb,results/generated/consolidation-post-RC1/maude-duration-20261002T172405Z/test_2024/fit_epochs_30/epochs.jsonl.gz,5b4b46fa9e1e9b4f9e638da36a9d401053c465511710d8267b37c8262ec7a9b4,4a22c2addc8203efd2b38a60c416270855c3bf3b
training_epoch,mean30,réutilisé depuis C,test_2024,test_2024,30,12,0.25359616098844756,75657,75657,0,309.8165859900182,307.938674359,2269710,2269710,0,329.3184531859879,327.363863712,235630592,24442575,,,,,,,,,,C:maude-duration-20261002T172405Z,results/generated/consolidation-post-RC1/maude-duration-20261002T172405Z/run_manifest.json,41f104f7b08c959b7c1c979e8448b7ab40a263f730a532aa74a0642e926d8fbb,results/generated/consolidation-post-RC1/maude-duration-20261002T172405Z/report.json,36517f4de36e7274c68219755efd9edc36028f170e4c3a4deed58bc8d445bedc,results/generated/consolidation-post-RC1/maude-duration-20261002T172405Z/test_2024/phase_summary.json,80e055e94fb589012123b352fbf68a75e12232e80865ec61982fe9296e7cbbfb,results/generated/consolidation-post-RC1/maude-duration-20261002T172405Z/test_2024/fit_epochs_30/epochs.jsonl.gz,5b4b46fa9e1e9b4f9e638da36a9d401053c465511710d8267b37c8262ec7a9b4,4a22c2addc8203efd2b38a60c416270855c3bf3b
training_epoch,mean30,réutilisé depuis C,test_2024,test_2024,30,13,0.24813877217378932,75657,75657,0,309.8165859900182,307.938674359,2269710,2269710,0,329.3184531859879,327.363863712,235630592,24442575,,,,,,,,,,C:maude-duration-20261002T172405Z,results/generated/consolidation-post-RC1/maude-duration-20261002T172405Z/run_manifest.json,41f104f7b08c959b7c1c979e8448b7ab40a263f730a532aa74a0642e926d8fbb,results/generated/consolidation-post-RC1/maude-duration-20261002T172405Z/report.json,36517f4de36e7274c68219755efd9edc36028f170e4c3a4deed58bc8d445bedc,results/generated/consolidation-post-RC1/maude-duration-20261002T172405Z/test_2024/phase_summary.json,80e055e94fb589012123b352fbf68a75e12232e80865ec61982fe9296e7cbbfb,results/generated/consolidation-post-RC1/maude-duration-20261002T172405Z/test_2024/fit_epochs_30/epochs.jsonl.gz,5b4b46fa9e1e9b4f9e638da36a9d401053c465511710d8267b37c8262ec7a9b4,4a22c2addc8203efd2b38a60c416270855c3bf3b
training_epoch,mean30,réutilisé depuis C,test_2024,test_2024,30,14,0.24553030390525768,75657,75657,0,309.8165859900182,307.938674359,2269710,2269710,0,329.3184531859879,327.363863712,235630592,24442575,,,,,,,,,,C:maude-duration-20261002T172405Z,results/generated/consolidation-post-RC1/maude-duration-20261002T172405Z/run_manifest.json,41f104f7b08c959b7c1c979e8448b7ab40a263f730a532aa74a0642e926d8fbb,results/generated/consolidation-post-RC1/maude-duration-20261002T172405Z/report.json,36517f4de36e7274c68219755efd9edc36028f170e4c3a4deed58bc8d445bedc,results/generated/consolidation-post-RC1/maude-duration-20261002T172405Z/test_2024/phase_summary.json,80e055e94fb589012123b352fbf68a75e12232e80865ec61982fe9296e7cbbfb,results/generated/consolidation-post-RC1/maude-duration-20261002T172405Z/test_2024/fit_epochs_30/epochs.jsonl.gz,5b4b46fa9e1e9b4f9e638da36a9d401053c465511710d8267b37c8262ec7a9b4,4a22c2addc8203efd2b38a60c416270855c3bf3b
training_epoch,mean30,réutilisé depuis C,test_2024,test_2024,30,15,0.2376660423898044,75657,75657,0,309.8165859900182,307.938674359,2269710,2269710,0,329.3184531859879,327.363863712,235630592,24442575,,,,,,,,,,C:maude-duration-20261002T172405Z,results/generated/consolidation-post-RC1/maude-duration-20261002T172405Z/run_manifest.json,41f104f7b08c959b7c1c979e8448b7ab40a263f730a532aa74a0642e926d8fbb,results/generated/consolidation-post-RC1/maude-duration-20261002T172405Z/report.json,36517f4de36e7274c68219755efd9edc36028f170e4c3a4deed58bc8d445bedc,results/generated/consolidation-post-RC1/maude-duration-20261002T172405Z/test_2024/phase_summary.json,80e055e94fb589012123b352fbf68a75e12232e80865ec61982fe9296e7cbbfb,results/generated/consolidation-post-RC1/maude-duration-20261002T172405Z/test_2024/fit_epochs_30/epochs.jsonl.gz,5b4b46fa9e1e9b4f9e638da36a9d401053c465511710d8267b37c8262ec7a9b4,4a22c2addc8203efd2b38a60c416270855c3bf3b
training_epoch,mean30,réutilisé depuis C,test_2024,test_2024,30,16,0.23276778189592673,75657,75657,0,309.8165859900182,307.938674359,2269710,2269710,0,329.3184531859879,327.363863712,235630592,24442575,,,,,,,,,,C:maude-duration-20261002T172405Z,results/generated/consolidation-post-RC1/maude-duration-20261002T172405Z/run_manifest.json,41f104f7b08c959b7c1c979e8448b7ab40a263f730a532aa74a0642e926d8fbb,results/generated/consolidation-post-RC1/maude-duration-20261002T172405Z/report.json,36517f4de36e7274c68219755efd9edc36028f170e4c3a4deed58bc8d445bedc,results/generated/consolidation-post-RC1/maude-duration-20261002T172405Z/test_2024/phase_summary.json,80e055e94fb589012123b352fbf68a75e12232e80865ec61982fe9296e7cbbfb,results/generated/consolidation-post-RC1/maude-duration-20261002T172405Z/test_2024/fit_epochs_30/epochs.jsonl.gz,5b4b46fa9e1e9b4f9e638da36a9d401053c465511710d8267b37c8262ec7a9b4,4a22c2addc8203efd2b38a60c416270855c3bf3b
training_epoch,mean30,réutilisé depuis C,test_2024,test_2024,30,17,0.2296965433057208,75657,75657,0,309.8165859900182,307.938674359,2269710,2269710,0,329.3184531859879,327.363863712,235630592,24442575,,,,,,,,,,C:maude-duration-20261002T172405Z,results/generated/consolidation-post-RC1/maude-duration-20261002T172405Z/run_manifest.json,41f104f7b08c959b7c1c979e8448b7ab40a263f730a532aa74a0642e926d8fbb,results/generated/consolidation-post-RC1/maude-duration-20261002T172405Z/report.json,36517f4de36e7274c68219755efd9edc36028f170e4c3a4deed58bc8d445bedc,results/generated/consolidation-post-RC1/maude-duration-20261002T172405Z/test_2024/phase_summary.json,80e055e94fb589012123b352fbf68a75e12232e80865ec61982fe9296e7cbbfb,results/generated/consolidation-post-RC1/maude-duration-20261002T172405Z/test_2024/fit_epochs_30/epochs.jsonl.gz,5b4b46fa9e1e9b4f9e638da36a9d401053c465511710d8267b37c8262ec7a9b4,4a22c2addc8203efd2b38a60c416270855c3bf3b
training_epoch,mean30,réutilisé depuis C,test_2024,test_2024,30,18,0.2286259764620241,75657,75657,0,309.8165859900182,307.938674359,2269710,2269710,0,329.3184531859879,327.363863712,235630592,24442575,,,,,,,,,,C:maude-duration-20261002T172405Z,results/generated/consolidation-post-RC1/maude-duration-20261002T172405Z/run_manifest.json,41f104f7b08c959b7c1c979e8448b7ab40a263f730a532aa74a0642e926d8fbb,results/generated/consolidation-post-RC1/maude-duration-20261002T172405Z/report.json,36517f4de36e7274c68219755efd9edc36028f170e4c3a4deed58bc8d445bedc,results/generated/consolidation-post-RC1/maude-duration-20261002T172405Z/test_2024/phase_summary.json,80e055e94fb589012123b352fbf68a75e12232e80865ec61982fe9296e7cbbfb,results/generated/consolidation-post-RC1/maude-duration-20261002T172405Z/test_2024/fit_epochs_30/epochs.jsonl.gz,5b4b46fa9e1e9b4f9e638da36a9d401053c465511710d8267b37c8262ec7a9b4,4a22c2addc8203efd2b38a60c416270855c3bf3b
training_epoch,mean30,réutilisé depuis C,test_2024,test_2024,30,19,0.2260611069361158,75657,75657,0,309.8165859900182,307.938674359,2269710,2269710,0,329.3184531859879,327.363863712,235630592,24442575,,,,,,,,,,C:maude-duration-20261002T172405Z,results/generated/consolidation-post-RC1/maude-duration-20261002T172405Z/run_manifest.json,41f104f7b08c959b7c1c979e8448b7ab40a263f730a532aa74a0642e926d8fbb,results/generated/consolidation-post-RC1/maude-duration-20261002T172405Z/report.json,36517f4de36e7274c68219755efd9edc36028f170e4c3a4deed58bc8d445bedc,results/generated/consolidation-post-RC1/maude-duration-20261002T172405Z/test_2024/phase_summary.json,80e055e94fb589012123b352fbf68a75e12232e80865ec61982fe9296e7cbbfb,results/generated/consolidation-post-RC1/maude-duration-20261002T172405Z/test_2024/fit_epochs_30/epochs.jsonl.gz,5b4b46fa9e1e9b4f9e638da36a9d401053c465511710d8267b37c8262ec7a9b4,4a22c2addc8203efd2b38a60c416270855c3bf3b
training_epoch,mean30,réutilisé depuis C,test_2024,test_2024,30,20,0.22877565567088629,75657,75657,0,309.8165859900182,307.938674359,2269710,2269710,0,329.3184531859879,327.363863712,235630592,24442575,,,,,,,,,,C:maude-duration-20261002T172405Z,results/generated/consolidation-post-RC1/maude-duration-20261002T172405Z/run_manifest.json,41f104f7b08c959b7c1c979e8448b7ab40a263f730a532aa74a0642e926d8fbb,results/generated/consolidation-post-RC1/maude-duration-20261002T172405Z/report.json,36517f4de36e7274c68219755efd9edc36028f170e4c3a4deed58bc8d445bedc,results/generated/consolidation-post-RC1/maude-duration-20261002T172405Z/test_2024/phase_summary.json,80e055e94fb589012123b352fbf68a75e12232e80865ec61982fe9296e7cbbfb,results/generated/consolidation-post-RC1/maude-duration-20261002T172405Z/test_2024/fit_epochs_30/epochs.jsonl.gz,5b4b46fa9e1e9b4f9e638da36a9d401053c465511710d8267b37c8262ec7a9b4,4a22c2addc8203efd2b38a60c416270855c3bf3b
training_epoch,mean30,réutilisé depuis C,test_2024,test_2024,30,21,0.22668171990829683,75657,75657,0,309.8165859900182,307.938674359,2269710,2269710,0,329.3184531859879,327.363863712,235630592,24442575,,,,,,,,,,C:maude-duration-20261002T172405Z,results/generated/consolidation-post-RC1/maude-duration-20261002T172405Z/run_manifest.json,41f104f7b08c959b7c1c979e8448b7ab40a263f730a532aa74a0642e926d8fbb,results/generated/consolidation-post-RC1/maude-duration-20261002T172405Z/report.json,36517f4de36e7274c68219755efd9edc36028f170e4c3a4deed58bc8d445bedc,results/generated/consolidation-post-RC1/maude-duration-20261002T172405Z/test_2024/phase_summary.json,80e055e94fb589012123b352fbf68a75e12232e80865ec61982fe9296e7cbbfb,results/generated/consolidation-post-RC1/maude-duration-20261002T172405Z/test_2024/fit_epochs_30/epochs.jsonl.gz,5b4b46fa9e1e9b4f9e638da36a9d401053c465511710d8267b37c8262ec7a9b4,4a22c2addc8203efd2b38a60c416270855c3bf3b
training_epoch,mean30,réutilisé depuis C,test_2024,test_2024,30,22,0.2260799420423106,75657,75657,0,309.8165859900182,307.938674359,2269710,2269710,0,329.3184531859879,327.363863712,235630592,24442575,,,,,,,,,,C:maude-duration-20261002T172405Z,results/generated/consolidation-post-RC1/maude-duration-20261002T172405Z/run_manifest.json,41f104f7b08c959b7c1c979e8448b7ab40a263f730a532aa74a0642e926d8fbb,results/generated/consolidation-post-RC1/maude-duration-20261002T172405Z/report.json,36517f4de36e7274c68219755efd9edc36028f170e4c3a4deed58bc8d445bedc,results/generated/consolidation-post-RC1/maude-duration-20261002T172405Z/test_2024/phase_summary.json,80e055e94fb589012123b352fbf68a75e12232e80865ec61982fe9296e7cbbfb,results/generated/consolidation-post-RC1/maude-duration-20261002T172405Z/test_2024/fit_epochs_30/epochs.jsonl.gz,5b4b46fa9e1e9b4f9e638da36a9d401053c465511710d8267b37c8262ec7a9b4,4a22c2addc8203efd2b38a60c416270855c3bf3b
training_epoch,mean30,réutilisé depuis C,test_2024,test_2024,30,23,0.22283126297134748,75657,75657,0,309.8165859900182,307.938674359,2269710,2269710,0,329.3184531859879,327.363863712,235630592,24442575,,,,,,,,,,C:maude-duration-20261002T172405Z,results/generated/consolidation-post-RC1/maude-duration-20261002T172405Z/run_manifest.json,41f104f7b08c959b7c1c979e8448b7ab40a263f730a532aa74a0642e926d8fbb,results/generated/consolidation-post-RC1/maude-duration-20261002T172405Z/report.json,36517f4de36e7274c68219755efd9edc36028f170e4c3a4deed58bc8d445bedc,results/generated/consolidation-post-RC1/maude-duration-20261002T172405Z/test_2024/phase_summary.json,80e055e94fb589012123b352fbf68a75e12232e80865ec61982fe9296e7cbbfb,results/generated/consolidation-post-RC1/maude-duration-20261002T172405Z/test_2024/fit_epochs_30/epochs.jsonl.gz,5b4b46fa9e1e9b4f9e638da36a9d401053c465511710d8267b37c8262ec7a9b4,4a22c2addc8203efd2b38a60c416270855c3bf3b
training_epoch,mean30,réutilisé depuis C,test_2024,test_2024,30,24,0.2232167038245682,75657,75657,0,309.8165859900182,307.938674359,2269710,2269710,0,329.3184531859879,327.363863712,235630592,24442575,,,,,,,,,,C:maude-duration-20261002T172405Z,results/generated/consolidation-post-RC1/maude-duration-20261002T172405Z/run_manifest.json,41f104f7b08c959b7c1c979e8448b7ab40a263f730a532aa74a0642e926d8fbb,results/generated/consolidation-post-RC1/maude-duration-20261002T172405Z/report.json,36517f4de36e7274c68219755efd9edc36028f170e4c3a4deed58bc8d445bedc,results/generated/consolidation-post-RC1/maude-duration-20261002T172405Z/test_2024/phase_summary.json,80e055e94fb589012123b352fbf68a75e12232e80865ec61982fe9296e7cbbfb,results/generated/consolidation-post-RC1/maude-duration-20261002T172405Z/test_2024/fit_epochs_30/epochs.jsonl.gz,5b4b46fa9e1e9b4f9e638da36a9d401053c465511710d8267b37c8262ec7a9b4,4a22c2addc8203efd2b38a60c416270855c3bf3b
training_epoch,mean30,réutilisé depuis C,test_2024,test_2024,30,25,0.22124012346083435,75657,75657,0,309.8165859900182,307.938674359,2269710,2269710,0,329.3184531859879,327.363863712,235630592,24442575,,,,,,,,,,C:maude-duration-20261002T172405Z,results/generated/consolidation-post-RC1/maude-duration-20261002T172405Z/run_manifest.json,41f104f7b08c959b7c1c979e8448b7ab40a263f730a532aa74a0642e926d8fbb,results/generated/consolidation-post-RC1/maude-duration-20261002T172405Z/report.json,36517f4de36e7274c68219755efd9edc36028f170e4c3a4deed58bc8d445bedc,results/generated/consolidation-post-RC1/maude-duration-20261002T172405Z/test_2024/phase_summary.json,80e055e94fb589012123b352fbf68a75e12232e80865ec61982fe9296e7cbbfb,results/generated/consolidation-post-RC1/maude-duration-20261002T172405Z/test_2024/fit_epochs_30/epochs.jsonl.gz,5b4b46fa9e1e9b4f9e638da36a9d401053c465511710d8267b37c8262ec7a9b4,4a22c2addc8203efd2b38a60c416270855c3bf3b
training_epoch,mean30,réutilisé depuis C,test_2024,test_2024,30,26,0.22039439714002435,75657,75657,0,309.8165859900182,307.938674359,2269710,2269710,0,329.3184531859879,327.363863712,235630592,24442575,,,,,,,,,,C:maude-duration-20261002T172405Z,results/generated/consolidation-post-RC1/maude-duration-20261002T172405Z/run_manifest.json,41f104f7b08c959b7c1c979e8448b7ab40a263f730a532aa74a0642e926d8fbb,results/generated/consolidation-post-RC1/maude-duration-20261002T172405Z/report.json,36517f4de36e7274c68219755efd9edc36028f170e4c3a4deed58bc8d445bedc,results/generated/consolidation-post-RC1/maude-duration-20261002T172405Z/test_2024/phase_summary.json,80e055e94fb589012123b352fbf68a75e12232e80865ec61982fe9296e7cbbfb,results/generated/consolidation-post-RC1/maude-duration-20261002T172405Z/test_2024/fit_epochs_30/epochs.jsonl.gz,5b4b46fa9e1e9b4f9e638da36a9d401053c465511710d8267b37c8262ec7a9b4,4a22c2addc8203efd2b38a60c416270855c3bf3b
training_epoch,mean30,réutilisé depuis C,test_2024,test_2024,30,27,0.2230642238422328,75657,75657,0,309.8165859900182,307.938674359,2269710,2269710,0,329.3184531859879,327.363863712,235630592,24442575,,,,,,,,,,C:maude-duration-20261002T172405Z,results/generated/consolidation-post-RC1/maude-duration-20261002T172405Z/run_manifest.json,41f104f7b08c959b7c1c979e8448b7ab40a263f730a532aa74a0642e926d8fbb,results/generated/consolidation-post-RC1/maude-duration-20261002T172405Z/report.json,36517f4de36e7274c68219755efd9edc36028f170e4c3a4deed58bc8d445bedc,results/generated/consolidation-post-RC1/maude-duration-20261002T172405Z/test_2024/phase_summary.json,80e055e94fb589012123b352fbf68a75e12232e80865ec61982fe9296e7cbbfb,results/generated/consolidation-post-RC1/maude-duration-20261002T172405Z/test_2024/fit_epochs_30/epochs.jsonl.gz,5b4b46fa9e1e9b4f9e638da36a9d401053c465511710d8267b37c8262ec7a9b4,4a22c2addc8203efd2b38a60c416270855c3bf3b
training_epoch,mean30,réutilisé depuis C,test_2024,test_2024,30,28,0.21791215589517807,75657,75657,0,309.8165859900182,307.938674359,2269710,2269710,0,329.3184531859879,327.363863712,235630592,24442575,,,,,,,,,,C:maude-duration-20261002T172405Z,results/generated/consolidation-post-RC1/maude-duration-20261002T172405Z/run_manifest.json,41f104f7b08c959b7c1c979e8448b7ab40a263f730a532aa74a0642e926d8fbb,results/generated/consolidation-post-RC1/maude-duration-20261002T172405Z/report.json,36517f4de36e7274c68219755efd9edc36028f170e4c3a4deed58bc8d445bedc,results/generated/consolidation-post-RC1/maude-duration-20261002T172405Z/test_2024/phase_summary.json,80e055e94fb589012123b352fbf68a75e12232e80865ec61982fe9296e7cbbfb,results/generated/consolidation-post-RC1/maude-duration-20261002T172405Z/test_2024/fit_epochs_30/epochs.jsonl.gz,5b4b46fa9e1e9b4f9e638da36a9d401053c465511710d8267b37c8262ec7a9b4,4a22c2addc8203efd2b38a60c416270855c3bf3b
training_epoch,mean30,réutilisé depuis C,test_2024,test_2024,30,29,0.22224083039659628,75657,75657,0,309.8165859900182,307.938674359,2269710,2269710,0,329.3184531859879,327.363863712,235630592,24442575,,,,,,,,,,C:maude-duration-20261002T172405Z,results/generated/consolidation-post-RC1/maude-duration-20261002T172405Z/run_manifest.json,41f104f7b08c959b7c1c979e8448b7ab40a263f730a532aa74a0642e926d8fbb,results/generated/consolidation-post-RC1/maude-duration-20261002T172405Z/report.json,36517f4de36e7274c68219755efd9edc36028f170e4c3a4deed58bc8d445bedc,results/generated/consolidation-post-RC1/maude-duration-20261002T172405Z/test_2024/phase_summary.json,80e055e94fb589012123b352fbf68a75e12232e80865ec61982fe9296e7cbbfb,results/generated/consolidation-post-RC1/maude-duration-20261002T172405Z/test_2024/fit_epochs_30/epochs.jsonl.gz,5b4b46fa9e1e9b4f9e638da36a9d401053c465511710d8267b37c8262ec7a9b4,4a22c2addc8203efd2b38a60c416270855c3bf3b
training_epoch,mean30,réutilisé depuis C,test_2024,test_2024,30,30,0.22121216685985767,75657,75657,0,309.8165859900182,307.938674359,2269710,2269710,0,329.3184531859879,327.363863712,235630592,24442575,,,,,,,,,,C:maude-duration-20261002T172405Z,results/generated/consolidation-post-RC1/maude-duration-20261002T172405Z/run_manifest.json,41f104f7b08c959b7c1c979e8448b7ab40a263f730a532aa74a0642e926d8fbb,results/generated/consolidation-post-RC1/maude-duration-20261002T172405Z/report.json,36517f4de36e7274c68219755efd9edc36028f170e4c3a4deed58bc8d445bedc,results/generated/consolidation-post-RC1/maude-duration-20261002T172405Z/test_2024/phase_summary.json,80e055e94fb589012123b352fbf68a75e12232e80865ec61982fe9296e7cbbfb,results/generated/consolidation-post-RC1/maude-duration-20261002T172405Z/test_2024/fit_epochs_30/epochs.jsonl.gz,5b4b46fa9e1e9b4f9e638da36a9d401053c465511710d8267b37c8262ec7a9b4,4a22c2addc8203efd2b38a60c416270855c3bf3b
training_epoch,mean30,réutilisé depuis C,test_2025,test_2025,30,1,0.6733420390007733,81891,81891,0,333.7489462060039,332.469206424,2456730,2456730,0,356.21360963300685,354.86002935100004,238419968,28668881,,,,,,,,,,C:maude-duration-20261002T172405Z,results/generated/consolidation-post-RC1/maude-duration-20261002T172405Z/run_manifest.json,41f104f7b08c959b7c1c979e8448b7ab40a263f730a532aa74a0642e926d8fbb,results/generated/consolidation-post-RC1/maude-duration-20261002T172405Z/report.json,36517f4de36e7274c68219755efd9edc36028f170e4c3a4deed58bc8d445bedc,results/generated/consolidation-post-RC1/maude-duration-20261002T172405Z/test_2025/phase_summary.json,4f9ae86d9ec8ca11fa7996773a050a001969b59ccb1ba7a024ceff7eb46796be,results/generated/consolidation-post-RC1/maude-duration-20261002T172405Z/test_2025/fit_epochs_30/epochs.jsonl.gz,d680c070bd05923f5a2da30c53b190b24479675b45ec1a2e9a6e63464fba3bd3,4a22c2addc8203efd2b38a60c416270855c3bf3b
training_epoch,mean30,réutilisé depuis C,test_2025,test_2025,30,2,0.32355725875701324,81891,81891,0,333.7489462060039,332.469206424,2456730,2456730,0,356.21360963300685,354.86002935100004,238419968,28668881,,,,,,,,,,C:maude-duration-20261002T172405Z,results/generated/consolidation-post-RC1/maude-duration-20261002T172405Z/run_manifest.json,41f104f7b08c959b7c1c979e8448b7ab40a263f730a532aa74a0642e926d8fbb,results/generated/consolidation-post-RC1/maude-duration-20261002T172405Z/report.json,36517f4de36e7274c68219755efd9edc36028f170e4c3a4deed58bc8d445bedc,results/generated/consolidation-post-RC1/maude-duration-20261002T172405Z/test_2025/phase_summary.json,4f9ae86d9ec8ca11fa7996773a050a001969b59ccb1ba7a024ceff7eb46796be,results/generated/consolidation-post-RC1/maude-duration-20261002T172405Z/test_2025/fit_epochs_30/epochs.jsonl.gz,d680c070bd05923f5a2da30c53b190b24479675b45ec1a2e9a6e63464fba3bd3,4a22c2addc8203efd2b38a60c416270855c3bf3b
training_epoch,mean30,réutilisé depuis C,test_2025,test_2025,30,3,0.31921879747533943,81891,81891,0,333.7489462060039,332.469206424,2456730,2456730,0,356.21360963300685,354.86002935100004,238419968,28668881,,,,,,,,,,C:maude-duration-20261002T172405Z,results/generated/consolidation-post-RC1/maude-duration-20261002T172405Z/run_manifest.json,41f104f7b08c959b7c1c979e8448b7ab40a263f730a532aa74a0642e926d8fbb,results/generated/consolidation-post-RC1/maude-duration-20261002T172405Z/report.json,36517f4de36e7274c68219755efd9edc36028f170e4c3a4deed58bc8d445bedc,results/generated/consolidation-post-RC1/maude-duration-20261002T172405Z/test_2025/phase_summary.json,4f9ae86d9ec8ca11fa7996773a050a001969b59ccb1ba7a024ceff7eb46796be,results/generated/consolidation-post-RC1/maude-duration-20261002T172405Z/test_2025/fit_epochs_30/epochs.jsonl.gz,d680c070bd05923f5a2da30c53b190b24479675b45ec1a2e9a6e63464fba3bd3,4a22c2addc8203efd2b38a60c416270855c3bf3b
training_epoch,mean30,réutilisé depuis C,test_2025,test_2025,30,4,0.3132914596025737,81891,81891,0,333.7489462060039,332.469206424,2456730,2456730,0,356.21360963300685,354.86002935100004,238419968,28668881,,,,,,,,,,C:maude-duration-20261002T172405Z,results/generated/consolidation-post-RC1/maude-duration-20261002T172405Z/run_manifest.json,41f104f7b08c959b7c1c979e8448b7ab40a263f730a532aa74a0642e926d8fbb,results/generated/consolidation-post-RC1/maude-duration-20261002T172405Z/report.json,36517f4de36e7274c68219755efd9edc36028f170e4c3a4deed58bc8d445bedc,results/generated/consolidation-post-RC1/maude-duration-20261002T172405Z/test_2025/phase_summary.json,4f9ae86d9ec8ca11fa7996773a050a001969b59ccb1ba7a024ceff7eb46796be,results/generated/consolidation-post-RC1/maude-duration-20261002T172405Z/test_2025/fit_epochs_30/epochs.jsonl.gz,d680c070bd05923f5a2da30c53b190b24479675b45ec1a2e9a6e63464fba3bd3,4a22c2addc8203efd2b38a60c416270855c3bf3b
training_epoch,mean30,réutilisé depuis C,test_2025,test_2025,30,5,0.31410381848905,81891,81891,0,333.7489462060039,332.469206424,2456730,2456730,0,356.21360963300685,354.86002935100004,238419968,28668881,,,,,,,,,,C:maude-duration-20261002T172405Z,results/generated/consolidation-post-RC1/maude-duration-20261002T172405Z/run_manifest.json,41f104f7b08c959b7c1c979e8448b7ab40a263f730a532aa74a0642e926d8fbb,results/generated/consolidation-post-RC1/maude-duration-20261002T172405Z/report.json,36517f4de36e7274c68219755efd9edc36028f170e4c3a4deed58bc8d445bedc,results/generated/consolidation-post-RC1/maude-duration-20261002T172405Z/test_2025/phase_summary.json,4f9ae86d9ec8ca11fa7996773a050a001969b59ccb1ba7a024ceff7eb46796be,results/generated/consolidation-post-RC1/maude-duration-20261002T172405Z/test_2025/fit_epochs_30/epochs.jsonl.gz,d680c070bd05923f5a2da30c53b190b24479675b45ec1a2e9a6e63464fba3bd3,4a22c2addc8203efd2b38a60c416270855c3bf3b
training_epoch,mean30,réutilisé depuis C,test_2025,test_2025,30,6,0.3088364745520014,81891,81891,0,333.7489462060039,332.469206424,2456730,2456730,0,356.21360963300685,354.86002935100004,238419968,28668881,,,,,,,,,,C:maude-duration-20261002T172405Z,results/generated/consolidation-post-RC1/maude-duration-20261002T172405Z/run_manifest.json,41f104f7b08c959b7c1c979e8448b7ab40a263f730a532aa74a0642e926d8fbb,results/generated/consolidation-post-RC1/maude-duration-20261002T172405Z/report.json,36517f4de36e7274c68219755efd9edc36028f170e4c3a4deed58bc8d445bedc,results/generated/consolidation-post-RC1/maude-duration-20261002T172405Z/test_2025/phase_summary.json,4f9ae86d9ec8ca11fa7996773a050a001969b59ccb1ba7a024ceff7eb46796be,results/generated/consolidation-post-RC1/maude-duration-20261002T172405Z/test_2025/fit_epochs_30/epochs.jsonl.gz,d680c070bd05923f5a2da30c53b190b24479675b45ec1a2e9a6e63464fba3bd3,4a22c2addc8203efd2b38a60c416270855c3bf3b
training_epoch,mean30,réutilisé depuis C,test_2025,test_2025,30,7,0.30230081611559884,81891,81891,0,333.7489462060039,332.469206424,2456730,2456730,0,356.21360963300685,354.86002935100004,238419968,28668881,,,,,,,,,,C:maude-duration-20261002T172405Z,results/generated/consolidation-post-RC1/maude-duration-20261002T172405Z/run_manifest.json,41f104f7b08c959b7c1c979e8448b7ab40a263f730a532aa74a0642e926d8fbb,results/generated/consolidation-post-RC1/maude-duration-20261002T172405Z/report.json,36517f4de36e7274c68219755efd9edc36028f170e4c3a4deed58bc8d445bedc,results/generated/consolidation-post-RC1/maude-duration-20261002T172405Z/test_2025/phase_summary.json,4f9ae86d9ec8ca11fa7996773a050a001969b59ccb1ba7a024ceff7eb46796be,results/generated/consolidation-post-RC1/maude-duration-20261002T172405Z/test_2025/fit_epochs_30/epochs.jsonl.gz,d680c070bd05923f5a2da30c53b190b24479675b45ec1a2e9a6e63464fba3bd3,4a22c2addc8203efd2b38a60c416270855c3bf3b
training_epoch,mean30,réutilisé depuis C,test_2025,test_2025,30,8,0.2976163129248073,81891,81891,0,333.7489462060039,332.469206424,2456730,2456730,0,356.21360963300685,354.86002935100004,238419968,28668881,,,,,,,,,,C:maude-duration-20261002T172405Z,results/generated/consolidation-post-RC1/maude-duration-20261002T172405Z/run_manifest.json,41f104f7b08c959b7c1c979e8448b7ab40a263f730a532aa74a0642e926d8fbb,results/generated/consolidation-post-RC1/maude-duration-20261002T172405Z/report.json,36517f4de36e7274c68219755efd9edc36028f170e4c3a4deed58bc8d445bedc,results/generated/consolidation-post-RC1/maude-duration-20261002T172405Z/test_2025/phase_summary.json,4f9ae86d9ec8ca11fa7996773a050a001969b59ccb1ba7a024ceff7eb46796be,results/generated/consolidation-post-RC1/maude-duration-20261002T172405Z/test_2025/fit_epochs_30/epochs.jsonl.gz,d680c070bd05923f5a2da30c53b190b24479675b45ec1a2e9a6e63464fba3bd3,4a22c2addc8203efd2b38a60c416270855c3bf3b
training_epoch,mean30,réutilisé depuis C,test_2025,test_2025,30,9,0.2608605042526086,81891,81891,0,333.7489462060039,332.469206424,2456730,2456730,0,356.21360963300685,354.86002935100004,238419968,28668881,,,,,,,,,,C:maude-duration-20261002T172405Z,results/generated/consolidation-post-RC1/maude-duration-20261002T172405Z/run_manifest.json,41f104f7b08c959b7c1c979e8448b7ab40a263f730a532aa74a0642e926d8fbb,results/generated/consolidation-post-RC1/maude-duration-20261002T172405Z/report.json,36517f4de36e7274c68219755efd9edc36028f170e4c3a4deed58bc8d445bedc,results/generated/consolidation-post-RC1/maude-duration-20261002T172405Z/test_2025/phase_summary.json,4f9ae86d9ec8ca11fa7996773a050a001969b59ccb1ba7a024ceff7eb46796be,results/generated/consolidation-post-RC1/maude-duration-20261002T172405Z/test_2025/fit_epochs_30/epochs.jsonl.gz,d680c070bd05923f5a2da30c53b190b24479675b45ec1a2e9a6e63464fba3bd3,4a22c2addc8203efd2b38a60c416270855c3bf3b
training_epoch,mean30,réutilisé depuis C,test_2025,test_2025,30,10,0.25187613145346915,81891,81891,0,333.7489462060039,332.469206424,2456730,2456730,0,356.21360963300685,354.86002935100004,238419968,28668881,,,,,,,,,,C:maude-duration-20261002T172405Z,results/generated/consolidation-post-RC1/maude-duration-20261002T172405Z/run_manifest.json,41f104f7b08c959b7c1c979e8448b7ab40a263f730a532aa74a0642e926d8fbb,results/generated/consolidation-post-RC1/maude-duration-20261002T172405Z/report.json,36517f4de36e7274c68219755efd9edc36028f170e4c3a4deed58bc8d445bedc,results/generated/consolidation-post-RC1/maude-duration-20261002T172405Z/test_2025/phase_summary.json,4f9ae86d9ec8ca11fa7996773a050a001969b59ccb1ba7a024ceff7eb46796be,results/generated/consolidation-post-RC1/maude-duration-20261002T172405Z/test_2025/fit_epochs_30/epochs.jsonl.gz,d680c070bd05923f5a2da30c53b190b24479675b45ec1a2e9a6e63464fba3bd3,4a22c2addc8203efd2b38a60c416270855c3bf3b
training_epoch,mean30,réutilisé depuis C,test_2025,test_2025,30,11,0.25105711336462244,81891,81891,0,333.7489462060039,332.469206424,2456730,2456730,0,356.21360963300685,354.86002935100004,238419968,28668881,,,,,,,,,,C:maude-duration-20261002T172405Z,results/generated/consolidation-post-RC1/maude-duration-20261002T172405Z/run_manifest.json,41f104f7b08c959b7c1c979e8448b7ab40a263f730a532aa74a0642e926d8fbb,results/generated/consolidation-post-RC1/maude-duration-20261002T172405Z/report.json,36517f4de36e7274c68219755efd9edc36028f170e4c3a4deed58bc8d445bedc,results/generated/consolidation-post-RC1/maude-duration-20261002T172405Z/test_2025/phase_summary.json,4f9ae86d9ec8ca11fa7996773a050a001969b59ccb1ba7a024ceff7eb46796be,results/generated/consolidation-post-RC1/maude-duration-20261002T172405Z/test_2025/fit_epochs_30/epochs.jsonl.gz,d680c070bd05923f5a2da30c53b190b24479675b45ec1a2e9a6e63464fba3bd3,4a22c2addc8203efd2b38a60c416270855c3bf3b
training_epoch,mean30,réutilisé depuis C,test_2025,test_2025,30,12,0.24464318242560834,81891,81891,0,333.7489462060039,332.469206424,2456730,2456730,0,356.21360963300685,354.86002935100004,238419968,28668881,,,,,,,,,,C:maude-duration-20261002T172405Z,results/generated/consolidation-post-RC1/maude-duration-20261002T172405Z/run_manifest.json,41f104f7b08c959b7c1c979e8448b7ab40a263f730a532aa74a0642e926d8fbb,results/generated/consolidation-post-RC1/maude-duration-20261002T172405Z/report.json,36517f4de36e7274c68219755efd9edc36028f170e4c3a4deed58bc8d445bedc,results/generated/consolidation-post-RC1/maude-duration-20261002T172405Z/test_2025/phase_summary.json,4f9ae86d9ec8ca11fa7996773a050a001969b59ccb1ba7a024ceff7eb46796be,results/generated/consolidation-post-RC1/maude-duration-20261002T172405Z/test_2025/fit_epochs_30/epochs.jsonl.gz,d680c070bd05923f5a2da30c53b190b24479675b45ec1a2e9a6e63464fba3bd3,4a22c2addc8203efd2b38a60c416270855c3bf3b
training_epoch,mean30,réutilisé depuis C,test_2025,test_2025,30,13,0.23680562586678072,81891,81891,0,333.7489462060039,332.469206424,2456730,2456730,0,356.21360963300685,354.86002935100004,238419968,28668881,,,,,,,,,,C:maude-duration-20261002T172405Z,results/generated/consolidation-post-RC1/maude-duration-20261002T172405Z/run_manifest.json,41f104f7b08c959b7c1c979e8448b7ab40a263f730a532aa74a0642e926d8fbb,results/generated/consolidation-post-RC1/maude-duration-20261002T172405Z/report.json,36517f4de36e7274c68219755efd9edc36028f170e4c3a4deed58bc8d445bedc,results/generated/consolidation-post-RC1/maude-duration-20261002T172405Z/test_2025/phase_summary.json,4f9ae86d9ec8ca11fa7996773a050a001969b59ccb1ba7a024ceff7eb46796be,results/generated/consolidation-post-RC1/maude-duration-20261002T172405Z/test_2025/fit_epochs_30/epochs.jsonl.gz,d680c070bd05923f5a2da30c53b190b24479675b45ec1a2e9a6e63464fba3bd3,4a22c2addc8203efd2b38a60c416270855c3bf3b
training_epoch,mean30,réutilisé depuis C,test_2025,test_2025,30,14,0.22909814057473848,81891,81891,0,333.7489462060039,332.469206424,2456730,2456730,0,356.21360963300685,354.86002935100004,238419968,28668881,,,,,,,,,,C:maude-duration-20261002T172405Z,results/generated/consolidation-post-RC1/maude-duration-20261002T172405Z/run_manifest.json,41f104f7b08c959b7c1c979e8448b7ab40a263f730a532aa74a0642e926d8fbb,results/generated/consolidation-post-RC1/maude-duration-20261002T172405Z/report.json,36517f4de36e7274c68219755efd9edc36028f170e4c3a4deed58bc8d445bedc,results/generated/consolidation-post-RC1/maude-duration-20261002T172405Z/test_2025/phase_summary.json,4f9ae86d9ec8ca11fa7996773a050a001969b59ccb1ba7a024ceff7eb46796be,results/generated/consolidation-post-RC1/maude-duration-20261002T172405Z/test_2025/fit_epochs_30/epochs.jsonl.gz,d680c070bd05923f5a2da30c53b190b24479675b45ec1a2e9a6e63464fba3bd3,4a22c2addc8203efd2b38a60c416270855c3bf3b
training_epoch,mean30,réutilisé depuis C,test_2025,test_2025,30,15,0.22881492089140468,81891,81891,0,333.7489462060039,332.469206424,2456730,2456730,0,356.21360963300685,354.86002935100004,238419968,28668881,,,,,,,,,,C:maude-duration-20261002T172405Z,results/generated/consolidation-post-RC1/maude-duration-20261002T172405Z/run_manifest.json,41f104f7b08c959b7c1c979e8448b7ab40a263f730a532aa74a0642e926d8fbb,results/generated/consolidation-post-RC1/maude-duration-20261002T172405Z/report.json,36517f4de36e7274c68219755efd9edc36028f170e4c3a4deed58bc8d445bedc,results/generated/consolidation-post-RC1/maude-duration-20261002T172405Z/test_2025/phase_summary.json,4f9ae86d9ec8ca11fa7996773a050a001969b59ccb1ba7a024ceff7eb46796be,results/generated/consolidation-post-RC1/maude-duration-20261002T172405Z/test_2025/fit_epochs_30/epochs.jsonl.gz,d680c070bd05923f5a2da30c53b190b24479675b45ec1a2e9a6e63464fba3bd3,4a22c2addc8203efd2b38a60c416270855c3bf3b
training_epoch,mean30,réutilisé depuis C,test_2025,test_2025,30,16,0.2269732206759051,81891,81891,0,333.7489462060039,332.469206424,2456730,2456730,0,356.21360963300685,354.86002935100004,238419968,28668881,,,,,,,,,,C:maude-duration-20261002T172405Z,results/generated/consolidation-post-RC1/maude-duration-20261002T172405Z/run_manifest.json,41f104f7b08c959b7c1c979e8448b7ab40a263f730a532aa74a0642e926d8fbb,results/generated/consolidation-post-RC1/maude-duration-20261002T172405Z/report.json,36517f4de36e7274c68219755efd9edc36028f170e4c3a4deed58bc8d445bedc,results/generated/consolidation-post-RC1/maude-duration-20261002T172405Z/test_2025/phase_summary.json,4f9ae86d9ec8ca11fa7996773a050a001969b59ccb1ba7a024ceff7eb46796be,results/generated/consolidation-post-RC1/maude-duration-20261002T172405Z/test_2025/fit_epochs_30/epochs.jsonl.gz,d680c070bd05923f5a2da30c53b190b24479675b45ec1a2e9a6e63464fba3bd3,4a22c2addc8203efd2b38a60c416270855c3bf3b
training_epoch,mean30,réutilisé depuis C,test_2025,test_2025,30,17,0.22383406679952914,81891,81891,0,333.7489462060039,332.469206424,2456730,2456730,0,356.21360963300685,354.86002935100004,238419968,28668881,,,,,,,,,,C:maude-duration-20261002T172405Z,results/generated/consolidation-post-RC1/maude-duration-20261002T172405Z/run_manifest.json,41f104f7b08c959b7c1c979e8448b7ab40a263f730a532aa74a0642e926d8fbb,results/generated/consolidation-post-RC1/maude-duration-20261002T172405Z/report.json,36517f4de36e7274c68219755efd9edc36028f170e4c3a4deed58bc8d445bedc,results/generated/consolidation-post-RC1/maude-duration-20261002T172405Z/test_2025/phase_summary.json,4f9ae86d9ec8ca11fa7996773a050a001969b59ccb1ba7a024ceff7eb46796be,results/generated/consolidation-post-RC1/maude-duration-20261002T172405Z/test_2025/fit_epochs_30/epochs.jsonl.gz,d680c070bd05923f5a2da30c53b190b24479675b45ec1a2e9a6e63464fba3bd3,4a22c2addc8203efd2b38a60c416270855c3bf3b
training_epoch,mean30,réutilisé depuis C,test_2025,test_2025,30,18,0.22414719615979448,81891,81891,0,333.7489462060039,332.469206424,2456730,2456730,0,356.21360963300685,354.86002935100004,238419968,28668881,,,,,,,,,,C:maude-duration-20261002T172405Z,results/generated/consolidation-post-RC1/maude-duration-20261002T172405Z/run_manifest.json,41f104f7b08c959b7c1c979e8448b7ab40a263f730a532aa74a0642e926d8fbb,results/generated/consolidation-post-RC1/maude-duration-20261002T172405Z/report.json,36517f4de36e7274c68219755efd9edc36028f170e4c3a4deed58bc8d445bedc,results/generated/consolidation-post-RC1/maude-duration-20261002T172405Z/test_2025/phase_summary.json,4f9ae86d9ec8ca11fa7996773a050a001969b59ccb1ba7a024ceff7eb46796be,results/generated/consolidation-post-RC1/maude-duration-20261002T172405Z/test_2025/fit_epochs_30/epochs.jsonl.gz,d680c070bd05923f5a2da30c53b190b24479675b45ec1a2e9a6e63464fba3bd3,4a22c2addc8203efd2b38a60c416270855c3bf3b
training_epoch,mean30,réutilisé depuis C,test_2025,test_2025,30,19,0.22110665830770088,81891,81891,0,333.7489462060039,332.469206424,2456730,2456730,0,356.21360963300685,354.86002935100004,238419968,28668881,,,,,,,,,,C:maude-duration-20261002T172405Z,results/generated/consolidation-post-RC1/maude-duration-20261002T172405Z/run_manifest.json,41f104f7b08c959b7c1c979e8448b7ab40a263f730a532aa74a0642e926d8fbb,results/generated/consolidation-post-RC1/maude-duration-20261002T172405Z/report.json,36517f4de36e7274c68219755efd9edc36028f170e4c3a4deed58bc8d445bedc,results/generated/consolidation-post-RC1/maude-duration-20261002T172405Z/test_2025/phase_summary.json,4f9ae86d9ec8ca11fa7996773a050a001969b59ccb1ba7a024ceff7eb46796be,results/generated/consolidation-post-RC1/maude-duration-20261002T172405Z/test_2025/fit_epochs_30/epochs.jsonl.gz,d680c070bd05923f5a2da30c53b190b24479675b45ec1a2e9a6e63464fba3bd3,4a22c2addc8203efd2b38a60c416270855c3bf3b
training_epoch,mean30,réutilisé depuis C,test_2025,test_2025,30,20,0.22351672510922493,81891,81891,0,333.7489462060039,332.469206424,2456730,2456730,0,356.21360963300685,354.86002935100004,238419968,28668881,,,,,,,,,,C:maude-duration-20261002T172405Z,results/generated/consolidation-post-RC1/maude-duration-20261002T172405Z/run_manifest.json,41f104f7b08c959b7c1c979e8448b7ab40a263f730a532aa74a0642e926d8fbb,results/generated/consolidation-post-RC1/maude-duration-20261002T172405Z/report.json,36517f4de36e7274c68219755efd9edc36028f170e4c3a4deed58bc8d445bedc,results/generated/consolidation-post-RC1/maude-duration-20261002T172405Z/test_2025/phase_summary.json,4f9ae86d9ec8ca11fa7996773a050a001969b59ccb1ba7a024ceff7eb46796be,results/generated/consolidation-post-RC1/maude-duration-20261002T172405Z/test_2025/fit_epochs_30/epochs.jsonl.gz,d680c070bd05923f5a2da30c53b190b24479675b45ec1a2e9a6e63464fba3bd3,4a22c2addc8203efd2b38a60c416270855c3bf3b
training_epoch,mean30,réutilisé depuis C,test_2025,test_2025,30,21,0.221309421313283,81891,81891,0,333.7489462060039,332.469206424,2456730,2456730,0,356.21360963300685,354.86002935100004,238419968,28668881,,,,,,,,,,C:maude-duration-20261002T172405Z,results/generated/consolidation-post-RC1/maude-duration-20261002T172405Z/run_manifest.json,41f104f7b08c959b7c1c979e8448b7ab40a263f730a532aa74a0642e926d8fbb,results/generated/consolidation-post-RC1/maude-duration-20261002T172405Z/report.json,36517f4de36e7274c68219755efd9edc36028f170e4c3a4deed58bc8d445bedc,results/generated/consolidation-post-RC1/maude-duration-20261002T172405Z/test_2025/phase_summary.json,4f9ae86d9ec8ca11fa7996773a050a001969b59ccb1ba7a024ceff7eb46796be,results/generated/consolidation-post-RC1/maude-duration-20261002T172405Z/test_2025/fit_epochs_30/epochs.jsonl.gz,d680c070bd05923f5a2da30c53b190b24479675b45ec1a2e9a6e63464fba3bd3,4a22c2addc8203efd2b38a60c416270855c3bf3b
training_epoch,mean30,réutilisé depuis C,test_2025,test_2025,30,22,0.22243495568283517,81891,81891,0,333.7489462060039,332.469206424,2456730,2456730,0,356.21360963300685,354.86002935100004,238419968,28668881,,,,,,,,,,C:maude-duration-20261002T172405Z,results/generated/consolidation-post-RC1/maude-duration-20261002T172405Z/run_manifest.json,41f104f7b08c959b7c1c979e8448b7ab40a263f730a532aa74a0642e926d8fbb,results/generated/consolidation-post-RC1/maude-duration-20261002T172405Z/report.json,36517f4de36e7274c68219755efd9edc36028f170e4c3a4deed58bc8d445bedc,results/generated/consolidation-post-RC1/maude-duration-20261002T172405Z/test_2025/phase_summary.json,4f9ae86d9ec8ca11fa7996773a050a001969b59ccb1ba7a024ceff7eb46796be,results/generated/consolidation-post-RC1/maude-duration-20261002T172405Z/test_2025/fit_epochs_30/epochs.jsonl.gz,d680c070bd05923f5a2da30c53b190b24479675b45ec1a2e9a6e63464fba3bd3,4a22c2addc8203efd2b38a60c416270855c3bf3b
training_epoch,mean30,réutilisé depuis C,test_2025,test_2025,30,23,0.21881748547563154,81891,81891,0,333.7489462060039,332.469206424,2456730,2456730,0,356.21360963300685,354.86002935100004,238419968,28668881,,,,,,,,,,C:maude-duration-20261002T172405Z,results/generated/consolidation-post-RC1/maude-duration-20261002T172405Z/run_manifest.json,41f104f7b08c959b7c1c979e8448b7ab40a263f730a532aa74a0642e926d8fbb,results/generated/consolidation-post-RC1/maude-duration-20261002T172405Z/report.json,36517f4de36e7274c68219755efd9edc36028f170e4c3a4deed58bc8d445bedc,results/generated/consolidation-post-RC1/maude-duration-20261002T172405Z/test_2025/phase_summary.json,4f9ae86d9ec8ca11fa7996773a050a001969b59ccb1ba7a024ceff7eb46796be,results/generated/consolidation-post-RC1/maude-duration-20261002T172405Z/test_2025/fit_epochs_30/epochs.jsonl.gz,d680c070bd05923f5a2da30c53b190b24479675b45ec1a2e9a6e63464fba3bd3,4a22c2addc8203efd2b38a60c416270855c3bf3b
training_epoch,mean30,réutilisé depuis C,test_2025,test_2025,30,24,0.21828934834909605,81891,81891,0,333.7489462060039,332.469206424,2456730,2456730,0,356.21360963300685,354.86002935100004,238419968,28668881,,,,,,,,,,C:maude-duration-20261002T172405Z,results/generated/consolidation-post-RC1/maude-duration-20261002T172405Z/run_manifest.json,41f104f7b08c959b7c1c979e8448b7ab40a263f730a532aa74a0642e926d8fbb,results/generated/consolidation-post-RC1/maude-duration-20261002T172405Z/report.json,36517f4de36e7274c68219755efd9edc36028f170e4c3a4deed58bc8d445bedc,results/generated/consolidation-post-RC1/maude-duration-20261002T172405Z/test_2025/phase_summary.json,4f9ae86d9ec8ca11fa7996773a050a001969b59ccb1ba7a024ceff7eb46796be,results/generated/consolidation-post-RC1/maude-duration-20261002T172405Z/test_2025/fit_epochs_30/epochs.jsonl.gz,d680c070bd05923f5a2da30c53b190b24479675b45ec1a2e9a6e63464fba3bd3,4a22c2addc8203efd2b38a60c416270855c3bf3b
training_epoch,mean30,réutilisé depuis C,test_2025,test_2025,30,25,0.2156601695224231,81891,81891,0,333.7489462060039,332.469206424,2456730,2456730,0,356.21360963300685,354.86002935100004,238419968,28668881,,,,,,,,,,C:maude-duration-20261002T172405Z,results/generated/consolidation-post-RC1/maude-duration-20261002T172405Z/run_manifest.json,41f104f7b08c959b7c1c979e8448b7ab40a263f730a532aa74a0642e926d8fbb,results/generated/consolidation-post-RC1/maude-duration-20261002T172405Z/report.json,36517f4de36e7274c68219755efd9edc36028f170e4c3a4deed58bc8d445bedc,results/generated/consolidation-post-RC1/maude-duration-20261002T172405Z/test_2025/phase_summary.json,4f9ae86d9ec8ca11fa7996773a050a001969b59ccb1ba7a024ceff7eb46796be,results/generated/consolidation-post-RC1/maude-duration-20261002T172405Z/test_2025/fit_epochs_30/epochs.jsonl.gz,d680c070bd05923f5a2da30c53b190b24479675b45ec1a2e9a6e63464fba3bd3,4a22c2addc8203efd2b38a60c416270855c3bf3b
training_epoch,mean30,réutilisé depuis C,test_2025,test_2025,30,26,0.21029876539556233,81891,81891,0,333.7489462060039,332.469206424,2456730,2456730,0,356.21360963300685,354.86002935100004,238419968,28668881,,,,,,,,,,C:maude-duration-20261002T172405Z,results/generated/consolidation-post-RC1/maude-duration-20261002T172405Z/run_manifest.json,41f104f7b08c959b7c1c979e8448b7ab40a263f730a532aa74a0642e926d8fbb,results/generated/consolidation-post-RC1/maude-duration-20261002T172405Z/report.json,36517f4de36e7274c68219755efd9edc36028f170e4c3a4deed58bc8d445bedc,results/generated/consolidation-post-RC1/maude-duration-20261002T172405Z/test_2025/phase_summary.json,4f9ae86d9ec8ca11fa7996773a050a001969b59ccb1ba7a024ceff7eb46796be,results/generated/consolidation-post-RC1/maude-duration-20261002T172405Z/test_2025/fit_epochs_30/epochs.jsonl.gz,d680c070bd05923f5a2da30c53b190b24479675b45ec1a2e9a6e63464fba3bd3,4a22c2addc8203efd2b38a60c416270855c3bf3b
training_epoch,mean30,réutilisé depuis C,test_2025,test_2025,30,27,0.20721711962059758,81891,81891,0,333.7489462060039,332.469206424,2456730,2456730,0,356.21360963300685,354.86002935100004,238419968,28668881,,,,,,,,,,C:maude-duration-20261002T172405Z,results/generated/consolidation-post-RC1/maude-duration-20261002T172405Z/run_manifest.json,41f104f7b08c959b7c1c979e8448b7ab40a263f730a532aa74a0642e926d8fbb,results/generated/consolidation-post-RC1/maude-duration-20261002T172405Z/report.json,36517f4de36e7274c68219755efd9edc36028f170e4c3a4deed58bc8d445bedc,results/generated/consolidation-post-RC1/maude-duration-20261002T172405Z/test_2025/phase_summary.json,4f9ae86d9ec8ca11fa7996773a050a001969b59ccb1ba7a024ceff7eb46796be,results/generated/consolidation-post-RC1/maude-duration-20261002T172405Z/test_2025/fit_epochs_30/epochs.jsonl.gz,d680c070bd05923f5a2da30c53b190b24479675b45ec1a2e9a6e63464fba3bd3,4a22c2addc8203efd2b38a60c416270855c3bf3b
training_epoch,mean30,réutilisé depuis C,test_2025,test_2025,30,28,0.20697383275713546,81891,81891,0,333.7489462060039,332.469206424,2456730,2456730,0,356.21360963300685,354.86002935100004,238419968,28668881,,,,,,,,,,C:maude-duration-20261002T172405Z,results/generated/consolidation-post-RC1/maude-duration-20261002T172405Z/run_manifest.json,41f104f7b08c959b7c1c979e8448b7ab40a263f730a532aa74a0642e926d8fbb,results/generated/consolidation-post-RC1/maude-duration-20261002T172405Z/report.json,36517f4de36e7274c68219755efd9edc36028f170e4c3a4deed58bc8d445bedc,results/generated/consolidation-post-RC1/maude-duration-20261002T172405Z/test_2025/phase_summary.json,4f9ae86d9ec8ca11fa7996773a050a001969b59ccb1ba7a024ceff7eb46796be,results/generated/consolidation-post-RC1/maude-duration-20261002T172405Z/test_2025/fit_epochs_30/epochs.jsonl.gz,d680c070bd05923f5a2da30c53b190b24479675b45ec1a2e9a6e63464fba3bd3,4a22c2addc8203efd2b38a60c416270855c3bf3b
training_epoch,mean30,réutilisé depuis C,test_2025,test_2025,30,29,0.2071123199871576,81891,81891,0,333.7489462060039,332.469206424,2456730,2456730,0,356.21360963300685,354.86002935100004,238419968,28668881,,,,,,,,,,C:maude-duration-20261002T172405Z,results/generated/consolidation-post-RC1/maude-duration-20261002T172405Z/run_manifest.json,41f104f7b08c959b7c1c979e8448b7ab40a263f730a532aa74a0642e926d8fbb,results/generated/consolidation-post-RC1/maude-duration-20261002T172405Z/report.json,36517f4de36e7274c68219755efd9edc36028f170e4c3a4deed58bc8d445bedc,results/generated/consolidation-post-RC1/maude-duration-20261002T172405Z/test_2025/phase_summary.json,4f9ae86d9ec8ca11fa7996773a050a001969b59ccb1ba7a024ceff7eb46796be,results/generated/consolidation-post-RC1/maude-duration-20261002T172405Z/test_2025/fit_epochs_30/epochs.jsonl.gz,d680c070bd05923f5a2da30c53b190b24479675b45ec1a2e9a6e63464fba3bd3,4a22c2addc8203efd2b38a60c416270855c3bf3b
training_epoch,mean30,réutilisé depuis C,test_2025,test_2025,30,30,0.2088448921079758,81891,81891,0,333.7489462060039,332.469206424,2456730,2456730,0,356.21360963300685,354.86002935100004,238419968,28668881,,,,,,,,,,C:maude-duration-20261002T172405Z,results/generated/consolidation-post-RC1/maude-duration-20261002T172405Z/run_manifest.json,41f104f7b08c959b7c1c979e8448b7ab40a263f730a532aa74a0642e926d8fbb,results/generated/consolidation-post-RC1/maude-duration-20261002T172405Z/report.json,36517f4de36e7274c68219755efd9edc36028f170e4c3a4deed58bc8d445bedc,results/generated/consolidation-post-RC1/maude-duration-20261002T172405Z/test_2025/phase_summary.json,4f9ae86d9ec8ca11fa7996773a050a001969b59ccb1ba7a024ceff7eb46796be,results/generated/consolidation-post-RC1/maude-duration-20261002T172405Z/test_2025/fit_epochs_30/epochs.jsonl.gz,d680c070bd05923f5a2da30c53b190b24479675b45ec1a2e9a6e63464fba3bd3,4a22c2addc8203efd2b38a60c416270855c3bf3b
training_epoch,none30,nouvel entraînement D1,validation_2023,validation_2023,30,1,0.693145362207682,67676,67676,0,105.23305495697423,104.898574693,2030280,2030280,0,128.00492632202804,127.589380032,303284224,28982697,,,,,,,,,,D1:maude-aggregation-20261002T205122Z,results/generated/consolidation-post-RC1/maude-aggregation-20261002T205122Z/run_manifest.json,03835cb2bfc0dced9bc840f839965c0813d82ba792a3c261d1ca6f4575126e65,results/generated/consolidation-post-RC1/maude-aggregation-20261002T205122Z/report.json,b863135ef668a8a558166c216cfb5e0f747730801206cbd95b676aaf34e60515,results/generated/consolidation-post-RC1/maude-aggregation-20261002T205122Z/validation_2023/validation_summary.json,2cfc4a719cfa5bcb20471982b040e5449521b50e1ca94fd5a68b8869e709614a,results/generated/consolidation-post-RC1/maude-aggregation-20261002T205122Z/validation_2023/fit_epochs_30/epochs.jsonl.gz,24d0d904f23cd57ac11cbaccb63d59f579389f31b6f545f3f0acc7e364379b0c,b14d878a78f559b65c70fc872a51a59af4c5ae85
training_epoch,none30,nouvel entraînement D1,validation_2023,validation_2023,30,2,0.6931297758428097,67676,67676,0,105.23305495697423,104.898574693,2030280,2030280,0,128.00492632202804,127.589380032,303284224,28982697,,,,,,,,,,D1:maude-aggregation-20261002T205122Z,results/generated/consolidation-post-RC1/maude-aggregation-20261002T205122Z/run_manifest.json,03835cb2bfc0dced9bc840f839965c0813d82ba792a3c261d1ca6f4575126e65,results/generated/consolidation-post-RC1/maude-aggregation-20261002T205122Z/report.json,b863135ef668a8a558166c216cfb5e0f747730801206cbd95b676aaf34e60515,results/generated/consolidation-post-RC1/maude-aggregation-20261002T205122Z/validation_2023/validation_summary.json,2cfc4a719cfa5bcb20471982b040e5449521b50e1ca94fd5a68b8869e709614a,results/generated/consolidation-post-RC1/maude-aggregation-20261002T205122Z/validation_2023/fit_epochs_30/epochs.jsonl.gz,24d0d904f23cd57ac11cbaccb63d59f579389f31b6f545f3f0acc7e364379b0c,b14d878a78f559b65c70fc872a51a59af4c5ae85
training_epoch,none30,nouvel entraînement D1,validation_2023,validation_2023,30,3,0.6931394550572326,67676,67676,0,105.23305495697423,104.898574693,2030280,2030280,0,128.00492632202804,127.589380032,303284224,28982697,,,,,,,,,,D1:maude-aggregation-20261002T205122Z,results/generated/consolidation-post-RC1/maude-aggregation-20261002T205122Z/run_manifest.json,03835cb2bfc0dced9bc840f839965c0813d82ba792a3c261d1ca6f4575126e65,results/generated/consolidation-post-RC1/maude-aggregation-20261002T205122Z/report.json,b863135ef668a8a558166c216cfb5e0f747730801206cbd95b676aaf34e60515,results/generated/consolidation-post-RC1/maude-aggregation-20261002T205122Z/validation_2023/validation_summary.json,2cfc4a719cfa5bcb20471982b040e5449521b50e1ca94fd5a68b8869e709614a,results/generated/consolidation-post-RC1/maude-aggregation-20261002T205122Z/validation_2023/fit_epochs_30/epochs.jsonl.gz,24d0d904f23cd57ac11cbaccb63d59f579389f31b6f545f3f0acc7e364379b0c,b14d878a78f559b65c70fc872a51a59af4c5ae85
training_epoch,none30,nouvel entraînement D1,validation_2023,validation_2023,30,4,0.6931443616687191,67676,67676,0,105.23305495697423,104.898574693,2030280,2030280,0,128.00492632202804,127.589380032,303284224,28982697,,,,,,,,,,D1:maude-aggregation-20261002T205122Z,results/generated/consolidation-post-RC1/maude-aggregation-20261002T205122Z/run_manifest.json,03835cb2bfc0dced9bc840f839965c0813d82ba792a3c261d1ca6f4575126e65,results/generated/consolidation-post-RC1/maude-aggregation-20261002T205122Z/report.json,b863135ef668a8a558166c216cfb5e0f747730801206cbd95b676aaf34e60515,results/generated/consolidation-post-RC1/maude-aggregation-20261002T205122Z/validation_2023/validation_summary.json,2cfc4a719cfa5bcb20471982b040e5449521b50e1ca94fd5a68b8869e709614a,results/generated/consolidation-post-RC1/maude-aggregation-20261002T205122Z/validation_2023/fit_epochs_30/epochs.jsonl.gz,24d0d904f23cd57ac11cbaccb63d59f579389f31b6f545f3f0acc7e364379b0c,b14d878a78f559b65c70fc872a51a59af4c5ae85
training_epoch,none30,nouvel entraînement D1,validation_2023,validation_2023,30,5,0.6931461630215634,67676,67676,0,105.23305495697423,104.898574693,2030280,2030280,0,128.00492632202804,127.589380032,303284224,28982697,,,,,,,,,,D1:maude-aggregation-20261002T205122Z,results/generated/consolidation-post-RC1/maude-aggregation-20261002T205122Z/run_manifest.json,03835cb2bfc0dced9bc840f839965c0813d82ba792a3c261d1ca6f4575126e65,results/generated/consolidation-post-RC1/maude-aggregation-20261002T205122Z/report.json,b863135ef668a8a558166c216cfb5e0f747730801206cbd95b676aaf34e60515,results/generated/consolidation-post-RC1/maude-aggregation-20261002T205122Z/validation_2023/validation_summary.json,2cfc4a719cfa5bcb20471982b040e5449521b50e1ca94fd5a68b8869e709614a,results/generated/consolidation-post-RC1/maude-aggregation-20261002T205122Z/validation_2023/fit_epochs_30/epochs.jsonl.gz,24d0d904f23cd57ac11cbaccb63d59f579389f31b6f545f3f0acc7e364379b0c,b14d878a78f559b65c70fc872a51a59af4c5ae85
training_epoch,none30,nouvel entraînement D1,validation_2023,validation_2023,30,6,0.6931468262801825,67676,67676,0,105.23305495697423,104.898574693,2030280,2030280,0,128.00492632202804,127.589380032,303284224,28982697,,,,,,,,,,D1:maude-aggregation-20261002T205122Z,results/generated/consolidation-post-RC1/maude-aggregation-20261002T205122Z/run_manifest.json,03835cb2bfc0dced9bc840f839965c0813d82ba792a3c261d1ca6f4575126e65,results/generated/consolidation-post-RC1/maude-aggregation-20261002T205122Z/report.json,b863135ef668a8a558166c216cfb5e0f747730801206cbd95b676aaf34e60515,results/generated/consolidation-post-RC1/maude-aggregation-20261002T205122Z/validation_2023/validation_summary.json,2cfc4a719cfa5bcb20471982b040e5449521b50e1ca94fd5a68b8869e709614a,results/generated/consolidation-post-RC1/maude-aggregation-20261002T205122Z/validation_2023/fit_epochs_30/epochs.jsonl.gz,24d0d904f23cd57ac11cbaccb63d59f579389f31b6f545f3f0acc7e364379b0c,b14d878a78f559b65c70fc872a51a59af4c5ae85
training_epoch,none30,nouvel entraînement D1,validation_2023,validation_2023,30,7,0.6931470422130483,67676,67676,0,105.23305495697423,104.898574693,2030280,2030280,0,128.00492632202804,127.589380032,303284224,28982697,,,,,,,,,,D1:maude-aggregation-20261002T205122Z,results/generated/consolidation-post-RC1/maude-aggregation-20261002T205122Z/run_manifest.json,03835cb2bfc0dced9bc840f839965c0813d82ba792a3c261d1ca6f4575126e65,results/generated/consolidation-post-RC1/maude-aggregation-20261002T205122Z/report.json,b863135ef668a8a558166c216cfb5e0f747730801206cbd95b676aaf34e60515,results/generated/consolidation-post-RC1/maude-aggregation-20261002T205122Z/validation_2023/validation_summary.json,2cfc4a719cfa5bcb20471982b040e5449521b50e1ca94fd5a68b8869e709614a,results/generated/consolidation-post-RC1/maude-aggregation-20261002T205122Z/validation_2023/fit_epochs_30/epochs.jsonl.gz,24d0d904f23cd57ac11cbaccb63d59f579389f31b6f545f3f0acc7e364379b0c,b14d878a78f559b65c70fc872a51a59af4c5ae85
training_epoch,none30,nouvel entraînement D1,validation_2023,validation_2023,30,8,0.6931471305768369,67676,67676,0,105.23305495697423,104.898574693,2030280,2030280,0,128.00492632202804,127.589380032,303284224,28982697,,,,,,,,,,D1:maude-aggregation-20261002T205122Z,results/generated/consolidation-post-RC1/maude-aggregation-20261002T205122Z/run_manifest.json,03835cb2bfc0dced9bc840f839965c0813d82ba792a3c261d1ca6f4575126e65,results/generated/consolidation-post-RC1/maude-aggregation-20261002T205122Z/report.json,b863135ef668a8a558166c216cfb5e0f747730801206cbd95b676aaf34e60515,results/generated/consolidation-post-RC1/maude-aggregation-20261002T205122Z/validation_2023/validation_summary.json,2cfc4a719cfa5bcb20471982b040e5449521b50e1ca94fd5a68b8869e709614a,results/generated/consolidation-post-RC1/maude-aggregation-20261002T205122Z/validation_2023/fit_epochs_30/epochs.jsonl.gz,24d0d904f23cd57ac11cbaccb63d59f579389f31b6f545f3f0acc7e364379b0c,b14d878a78f559b65c70fc872a51a59af4c5ae85
training_epoch,none30,nouvel entraînement D1,validation_2023,validation_2023,30,9,0.6931471625522565,67676,67676,0,105.23305495697423,104.898574693,2030280,2030280,0,128.00492632202804,127.589380032,303284224,28982697,,,,,,,,,,D1:maude-aggregation-20261002T205122Z,results/generated/consolidation-post-RC1/maude-aggregation-20261002T205122Z/run_manifest.json,03835cb2bfc0dced9bc840f839965c0813d82ba792a3c261d1ca6f4575126e65,results/generated/consolidation-post-RC1/maude-aggregation-20261002T205122Z/report.json,b863135ef668a8a558166c216cfb5e0f747730801206cbd95b676aaf34e60515,results/generated/consolidation-post-RC1/maude-aggregation-20261002T205122Z/validation_2023/validation_summary.json,2cfc4a719cfa5bcb20471982b040e5449521b50e1ca94fd5a68b8869e709614a,results/generated/consolidation-post-RC1/maude-aggregation-20261002T205122Z/validation_2023/fit_epochs_30/epochs.jsonl.gz,24d0d904f23cd57ac11cbaccb63d59f579389f31b6f545f3f0acc7e364379b0c,b14d878a78f559b65c70fc872a51a59af4c5ae85
training_epoch,none30,nouvel entraînement D1,validation_2023,validation_2023,30,10,0.6931471734543168,67676,67676,0,105.23305495697423,104.898574693,2030280,2030280,0,128.00492632202804,127.589380032,303284224,28982697,,,,,,,,,,D1:maude-aggregation-20261002T205122Z,results/generated/consolidation-post-RC1/maude-aggregation-20261002T205122Z/run_manifest.json,03835cb2bfc0dced9bc840f839965c0813d82ba792a3c261d1ca6f4575126e65,results/generated/consolidation-post-RC1/maude-aggregation-20261002T205122Z/report.json,b863135ef668a8a558166c216cfb5e0f747730801206cbd95b676aaf34e60515,results/generated/consolidation-post-RC1/maude-aggregation-20261002T205122Z/validation_2023/validation_summary.json,2cfc4a719cfa5bcb20471982b040e5449521b50e1ca94fd5a68b8869e709614a,results/generated/consolidation-post-RC1/maude-aggregation-20261002T205122Z/validation_2023/fit_epochs_30/epochs.jsonl.gz,24d0d904f23cd57ac11cbaccb63d59f579389f31b6f545f3f0acc7e364379b0c,b14d878a78f559b65c70fc872a51a59af4c5ae85
training_epoch,none30,nouvel entraînement D1,validation_2023,validation_2023,30,11,0.693147177988345,67676,67676,0,105.23305495697423,104.898574693,2030280,2030280,0,128.00492632202804,127.589380032,303284224,28982697,,,,,,,,,,D1:maude-aggregation-20261002T205122Z,results/generated/consolidation-post-RC1/maude-aggregation-20261002T205122Z/run_manifest.json,03835cb2bfc0dced9bc840f839965c0813d82ba792a3c261d1ca6f4575126e65,results/generated/consolidation-post-RC1/maude-aggregation-20261002T205122Z/report.json,b863135ef668a8a558166c216cfb5e0f747730801206cbd95b676aaf34e60515,results/generated/consolidation-post-RC1/maude-aggregation-20261002T205122Z/validation_2023/validation_summary.json,2cfc4a719cfa5bcb20471982b040e5449521b50e1ca94fd5a68b8869e709614a,results/generated/consolidation-post-RC1/maude-aggregation-20261002T205122Z/validation_2023/fit_epochs_30/epochs.jsonl.gz,24d0d904f23cd57ac11cbaccb63d59f579389f31b6f545f3f0acc7e364379b0c,b14d878a78f559b65c70fc872a51a59af4c5ae85
training_epoch,none30,nouvel entraînement D1,validation_2023,validation_2023,30,12,0.6931471795522562,67676,67676,0,105.23305495697423,104.898574693,2030280,2030280,0,128.00492632202804,127.589380032,303284224,28982697,,,,,,,,,,D1:maude-aggregation-20261002T205122Z,results/generated/consolidation-post-RC1/maude-aggregation-20261002T205122Z/run_manifest.json,03835cb2bfc0dced9bc840f839965c0813d82ba792a3c261d1ca6f4575126e65,results/generated/consolidation-post-RC1/maude-aggregation-20261002T205122Z/report.json,b863135ef668a8a558166c216cfb5e0f747730801206cbd95b676aaf34e60515,results/generated/consolidation-post-RC1/maude-aggregation-20261002T205122Z/validation_2023/validation_summary.json,2cfc4a719cfa5bcb20471982b040e5449521b50e1ca94fd5a68b8869e709614a,results/generated/consolidation-post-RC1/maude-aggregation-20261002T205122Z/validation_2023/fit_epochs_30/epochs.jsonl.gz,24d0d904f23cd57ac11cbaccb63d59f579389f31b6f545f3f0acc7e364379b0c,b14d878a78f559b65c70fc872a51a59af4c5ae85
training_epoch,none30,nouvel entraînement D1,validation_2023,validation_2023,30,13,0.6931471801854524,67676,67676,0,105.23305495697423,104.898574693,2030280,2030280,0,128.00492632202804,127.589380032,303284224,28982697,,,,,,,,,,D1:maude-aggregation-20261002T205122Z,results/generated/consolidation-post-RC1/maude-aggregation-20261002T205122Z/run_manifest.json,03835cb2bfc0dced9bc840f839965c0813d82ba792a3c261d1ca6f4575126e65,results/generated/consolidation-post-RC1/maude-aggregation-20261002T205122Z/report.json,b863135ef668a8a558166c216cfb5e0f747730801206cbd95b676aaf34e60515,results/generated/consolidation-post-RC1/maude-aggregation-20261002T205122Z/validation_2023/validation_summary.json,2cfc4a719cfa5bcb20471982b040e5449521b50e1ca94fd5a68b8869e709614a,results/generated/consolidation-post-RC1/maude-aggregation-20261002T205122Z/validation_2023/fit_epochs_30/epochs.jsonl.gz,24d0d904f23cd57ac11cbaccb63d59f579389f31b6f545f3f0acc7e364379b0c,b14d878a78f559b65c70fc872a51a59af4c5ae85
training_epoch,none30,nouvel entraînement D1,validation_2023,validation_2023,30,14,0.6931471804247625,67676,67676,0,105.23305495697423,104.898574693,2030280,2030280,0,128.00492632202804,127.589380032,303284224,28982697,,,,,,,,,,D1:maude-aggregation-20261002T205122Z,results/generated/consolidation-post-RC1/maude-aggregation-20261002T205122Z/run_manifest.json,03835cb2bfc0dced9bc840f839965c0813d82ba792a3c261d1ca6f4575126e65,results/generated/consolidation-post-RC1/maude-aggregation-20261002T205122Z/report.json,b863135ef668a8a558166c216cfb5e0f747730801206cbd95b676aaf34e60515,results/generated/consolidation-post-RC1/maude-aggregation-20261002T205122Z/validation_2023/validation_summary.json,2cfc4a719cfa5bcb20471982b040e5449521b50e1ca94fd5a68b8869e709614a,results/generated/consolidation-post-RC1/maude-aggregation-20261002T205122Z/validation_2023/fit_epochs_30/epochs.jsonl.gz,24d0d904f23cd57ac11cbaccb63d59f579389f31b6f545f3f0acc7e364379b0c,b14d878a78f559b65c70fc872a51a59af4c5ae85
training_epoch,none30,nouvel entraînement D1,validation_2023,validation_2023,30,15,0.6931471805080215,67676,67676,0,105.23305495697423,104.898574693,2030280,2030280,0,128.00492632202804,127.589380032,303284224,28982697,,,,,,,,,,D1:maude-aggregation-20261002T205122Z,results/generated/consolidation-post-RC1/maude-aggregation-20261002T205122Z/run_manifest.json,03835cb2bfc0dced9bc840f839965c0813d82ba792a3c261d1ca6f4575126e65,results/generated/consolidation-post-RC1/maude-aggregation-20261002T205122Z/report.json,b863135ef668a8a558166c216cfb5e0f747730801206cbd95b676aaf34e60515,results/generated/consolidation-post-RC1/maude-aggregation-20261002T205122Z/validation_2023/validation_summary.json,2cfc4a719cfa5bcb20471982b040e5449521b50e1ca94fd5a68b8869e709614a,results/generated/consolidation-post-RC1/maude-aggregation-20261002T205122Z/validation_2023/fit_epochs_30/epochs.jsonl.gz,24d0d904f23cd57ac11cbaccb63d59f579389f31b6f545f3f0acc7e364379b0c,b14d878a78f559b65c70fc872a51a59af4c5ae85
training_epoch,none30,nouvel entraînement D1,validation_2023,validation_2023,30,16,0.6931471805404359,67676,67676,0,105.23305495697423,104.898574693,2030280,2030280,0,128.00492632202804,127.589380032,303284224,28982697,,,,,,,,,,D1:maude-aggregation-20261002T205122Z,results/generated/consolidation-post-RC1/maude-aggregation-20261002T205122Z/run_manifest.json,03835cb2bfc0dced9bc840f839965c0813d82ba792a3c261d1ca6f4575126e65,results/generated/consolidation-post-RC1/maude-aggregation-20261002T205122Z/report.json,b863135ef668a8a558166c216cfb5e0f747730801206cbd95b676aaf34e60515,results/generated/consolidation-post-RC1/maude-aggregation-20261002T205122Z/validation_2023/validation_summary.json,2cfc4a719cfa5bcb20471982b040e5449521b50e1ca94fd5a68b8869e709614a,results/generated/consolidation-post-RC1/maude-aggregation-20261002T205122Z/validation_2023/fit_epochs_30/epochs.jsonl.gz,24d0d904f23cd57ac11cbaccb63d59f579389f31b6f545f3f0acc7e364379b0c,b14d878a78f559b65c70fc872a51a59af4c5ae85
training_epoch,none30,nouvel entraînement D1,validation_2023,validation_2023,30,17,0.6931471805522957,67676,67676,0,105.23305495697423,104.898574693,2030280,2030280,0,128.00492632202804,127.589380032,303284224,28982697,,,,,,,,,,D1:maude-aggregation-20261002T205122Z,results/generated/consolidation-post-RC1/maude-aggregation-20261002T205122Z/run_manifest.json,03835cb2bfc0dced9bc840f839965c0813d82ba792a3c261d1ca6f4575126e65,results/generated/consolidation-post-RC1/maude-aggregation-20261002T205122Z/report.json,b863135ef668a8a558166c216cfb5e0f747730801206cbd95b676aaf34e60515,results/generated/consolidation-post-RC1/maude-aggregation-20261002T205122Z/validation_2023/validation_summary.json,2cfc4a719cfa5bcb20471982b040e5449521b50e1ca94fd5a68b8869e709614a,results/generated/consolidation-post-RC1/maude-aggregation-20261002T205122Z/validation_2023/fit_epochs_30/epochs.jsonl.gz,24d0d904f23cd57ac11cbaccb63d59f579389f31b6f545f3f0acc7e364379b0c,b14d878a78f559b65c70fc872a51a59af4c5ae85
training_epoch,none30,nouvel entraînement D1,validation_2023,validation_2023,30,18,0.6931471805571685,67676,67676,0,105.23305495697423,104.898574693,2030280,2030280,0,128.00492632202804,127.589380032,303284224,28982697,,,,,,,,,,D1:maude-aggregation-20261002T205122Z,results/generated/consolidation-post-RC1/maude-aggregation-20261002T205122Z/run_manifest.json,03835cb2bfc0dced9bc840f839965c0813d82ba792a3c261d1ca6f4575126e65,results/generated/consolidation-post-RC1/maude-aggregation-20261002T205122Z/report.json,b863135ef668a8a558166c216cfb5e0f747730801206cbd95b676aaf34e60515,results/generated/consolidation-post-RC1/maude-aggregation-20261002T205122Z/validation_2023/validation_summary.json,2cfc4a719cfa5bcb20471982b040e5449521b50e1ca94fd5a68b8869e709614a,results/generated/consolidation-post-RC1/maude-aggregation-20261002T205122Z/validation_2023/fit_epochs_30/epochs.jsonl.gz,24d0d904f23cd57ac11cbaccb63d59f579389f31b6f545f3f0acc7e364379b0c,b14d878a78f559b65c70fc872a51a59af4c5ae85
training_epoch,none30,nouvel entraînement D1,validation_2023,validation_2023,30,19,0.6931471805588176,67676,67676,0,105.23305495697423,104.898574693,2030280,2030280,0,128.00492632202804,127.589380032,303284224,28982697,,,,,,,,,,D1:maude-aggregation-20261002T205122Z,results/generated/consolidation-post-RC1/maude-aggregation-20261002T205122Z/run_manifest.json,03835cb2bfc0dced9bc840f839965c0813d82ba792a3c261d1ca6f4575126e65,results/generated/consolidation-post-RC1/maude-aggregation-20261002T205122Z/report.json,b863135ef668a8a558166c216cfb5e0f747730801206cbd95b676aaf34e60515,results/generated/consolidation-post-RC1/maude-aggregation-20261002T205122Z/validation_2023/validation_summary.json,2cfc4a719cfa5bcb20471982b040e5449521b50e1ca94fd5a68b8869e709614a,results/generated/consolidation-post-RC1/maude-aggregation-20261002T205122Z/validation_2023/fit_epochs_30/epochs.jsonl.gz,24d0d904f23cd57ac11cbaccb63d59f579389f31b6f545f3f0acc7e364379b0c,b14d878a78f559b65c70fc872a51a59af4c5ae85
training_epoch,none30,nouvel entraînement D1,validation_2023,validation_2023,30,20,0.6931471805593443,67676,67676,0,105.23305495697423,104.898574693,2030280,2030280,0,128.00492632202804,127.589380032,303284224,28982697,,,,,,,,,,D1:maude-aggregation-20261002T205122Z,results/generated/consolidation-post-RC1/maude-aggregation-20261002T205122Z/run_manifest.json,03835cb2bfc0dced9bc840f839965c0813d82ba792a3c261d1ca6f4575126e65,results/generated/consolidation-post-RC1/maude-aggregation-20261002T205122Z/report.json,b863135ef668a8a558166c216cfb5e0f747730801206cbd95b676aaf34e60515,results/generated/consolidation-post-RC1/maude-aggregation-20261002T205122Z/validation_2023/validation_summary.json,2cfc4a719cfa5bcb20471982b040e5449521b50e1ca94fd5a68b8869e709614a,results/generated/consolidation-post-RC1/maude-aggregation-20261002T205122Z/validation_2023/fit_epochs_30/epochs.jsonl.gz,24d0d904f23cd57ac11cbaccb63d59f579389f31b6f545f3f0acc7e364379b0c,b14d878a78f559b65c70fc872a51a59af4c5ae85
training_epoch,none30,nouvel entraînement D1,validation_2023,validation_2023,30,21,0.693147180559331,67676,67676,0,105.23305495697423,104.898574693,2030280,2030280,0,128.00492632202804,127.589380032,303284224,28982697,,,,,,,,,,D1:maude-aggregation-20261002T205122Z,results/generated/consolidation-post-RC1/maude-aggregation-20261002T205122Z/run_manifest.json,03835cb2bfc0dced9bc840f839965c0813d82ba792a3c261d1ca6f4575126e65,results/generated/consolidation-post-RC1/maude-aggregation-20261002T205122Z/report.json,b863135ef668a8a558166c216cfb5e0f747730801206cbd95b676aaf34e60515,results/generated/consolidation-post-RC1/maude-aggregation-20261002T205122Z/validation_2023/validation_summary.json,2cfc4a719cfa5bcb20471982b040e5449521b50e1ca94fd5a68b8869e709614a,results/generated/consolidation-post-RC1/maude-aggregation-20261002T205122Z/validation_2023/fit_epochs_30/epochs.jsonl.gz,24d0d904f23cd57ac11cbaccb63d59f579389f31b6f545f3f0acc7e364379b0c,b14d878a78f559b65c70fc872a51a59af4c5ae85
training_epoch,none30,nouvel entraînement D1,validation_2023,validation_2023,30,22,0.6931471805592169,67676,67676,0,105.23305495697423,104.898574693,2030280,2030280,0,128.00492632202804,127.589380032,303284224,28982697,,,,,,,,,,D1:maude-aggregation-20261002T205122Z,results/generated/consolidation-post-RC1/maude-aggregation-20261002T205122Z/run_manifest.json,03835cb2bfc0dced9bc840f839965c0813d82ba792a3c261d1ca6f4575126e65,results/generated/consolidation-post-RC1/maude-aggregation-20261002T205122Z/report.json,b863135ef668a8a558166c216cfb5e0f747730801206cbd95b676aaf34e60515,results/generated/consolidation-post-RC1/maude-aggregation-20261002T205122Z/validation_2023/validation_summary.json,2cfc4a719cfa5bcb20471982b040e5449521b50e1ca94fd5a68b8869e709614a,results/generated/consolidation-post-RC1/maude-aggregation-20261002T205122Z/validation_2023/fit_epochs_30/epochs.jsonl.gz,24d0d904f23cd57ac11cbaccb63d59f579389f31b6f545f3f0acc7e364379b0c,b14d878a78f559b65c70fc872a51a59af4c5ae85
training_epoch,none30,nouvel entraînement D1,validation_2023,validation_2023,30,23,0.6931471805590774,67676,67676,0,105.23305495697423,104.898574693,2030280,2030280,0,128.00492632202804,127.589380032,303284224,28982697,,,,,,,,,,D1:maude-aggregation-20261002T205122Z,results/generated/consolidation-post-RC1/maude-aggregation-20261002T205122Z/run_manifest.json,03835cb2bfc0dced9bc840f839965c0813d82ba792a3c261d1ca6f4575126e65,results/generated/consolidation-post-RC1/maude-aggregation-20261002T205122Z/report.json,b863135ef668a8a558166c216cfb5e0f747730801206cbd95b676aaf34e60515,results/generated/consolidation-post-RC1/maude-aggregation-20261002T205122Z/validation_2023/validation_summary.json,2cfc4a719cfa5bcb20471982b040e5449521b50e1ca94fd5a68b8869e709614a,results/generated/consolidation-post-RC1/maude-aggregation-20261002T205122Z/validation_2023/fit_epochs_30/epochs.jsonl.gz,24d0d904f23cd57ac11cbaccb63d59f579389f31b6f545f3f0acc7e364379b0c,b14d878a78f559b65c70fc872a51a59af4c5ae85
training_epoch,none30,nouvel entraînement D1,validation_2023,validation_2023,30,24,0.6931471805589501,67676,67676,0,105.23305495697423,104.898574693,2030280,2030280,0,128.00492632202804,127.589380032,303284224,28982697,,,,,,,,,,D1:maude-aggregation-20261002T205122Z,results/generated/consolidation-post-RC1/maude-aggregation-20261002T205122Z/run_manifest.json,03835cb2bfc0dced9bc840f839965c0813d82ba792a3c261d1ca6f4575126e65,results/generated/consolidation-post-RC1/maude-aggregation-20261002T205122Z/report.json,b863135ef668a8a558166c216cfb5e0f747730801206cbd95b676aaf34e60515,results/generated/consolidation-post-RC1/maude-aggregation-20261002T205122Z/validation_2023/validation_summary.json,2cfc4a719cfa5bcb20471982b040e5449521b50e1ca94fd5a68b8869e709614a,results/generated/consolidation-post-RC1/maude-aggregation-20261002T205122Z/validation_2023/fit_epochs_30/epochs.jsonl.gz,24d0d904f23cd57ac11cbaccb63d59f579389f31b6f545f3f0acc7e364379b0c,b14d878a78f559b65c70fc872a51a59af4c5ae85
training_epoch,none30,nouvel entraînement D1,validation_2023,validation_2023,30,25,0.6931471805589232,67676,67676,0,105.23305495697423,104.898574693,2030280,2030280,0,128.00492632202804,127.589380032,303284224,28982697,,,,,,,,,,D1:maude-aggregation-20261002T205122Z,results/generated/consolidation-post-RC1/maude-aggregation-20261002T205122Z/run_manifest.json,03835cb2bfc0dced9bc840f839965c0813d82ba792a3c261d1ca6f4575126e65,results/generated/consolidation-post-RC1/maude-aggregation-20261002T205122Z/report.json,b863135ef668a8a558166c216cfb5e0f747730801206cbd95b676aaf34e60515,results/generated/consolidation-post-RC1/maude-aggregation-20261002T205122Z/validation_2023/validation_summary.json,2cfc4a719cfa5bcb20471982b040e5449521b50e1ca94fd5a68b8869e709614a,results/generated/consolidation-post-RC1/maude-aggregation-20261002T205122Z/validation_2023/fit_epochs_30/epochs.jsonl.gz,24d0d904f23cd57ac11cbaccb63d59f579389f31b6f545f3f0acc7e364379b0c,b14d878a78f559b65c70fc872a51a59af4c5ae85
training_epoch,none30,nouvel entraînement D1,validation_2023,validation_2023,30,26,0.693147180558925,67676,67676,0,105.23305495697423,104.898574693,2030280,2030280,0,128.00492632202804,127.589380032,303284224,28982697,,,,,,,,,,D1:maude-aggregation-20261002T205122Z,results/generated/consolidation-post-RC1/maude-aggregation-20261002T205122Z/run_manifest.json,03835cb2bfc0dced9bc840f839965c0813d82ba792a3c261d1ca6f4575126e65,results/generated/consolidation-post-RC1/maude-aggregation-20261002T205122Z/report.json,b863135ef668a8a558166c216cfb5e0f747730801206cbd95b676aaf34e60515,results/generated/consolidation-post-RC1/maude-aggregation-20261002T205122Z/validation_2023/validation_summary.json,2cfc4a719cfa5bcb20471982b040e5449521b50e1ca94fd5a68b8869e709614a,results/generated/consolidation-post-RC1/maude-aggregation-20261002T205122Z/validation_2023/fit_epochs_30/epochs.jsonl.gz,24d0d904f23cd57ac11cbaccb63d59f579389f31b6f545f3f0acc7e364379b0c,b14d878a78f559b65c70fc872a51a59af4c5ae85
training_epoch,none30,nouvel entraînement D1,validation_2023,validation_2023,30,27,0.6931471805589251,67676,67676,0,105.23305495697423,104.898574693,2030280,2030280,0,128.00492632202804,127.589380032,303284224,28982697,,,,,,,,,,D1:maude-aggregation-20261002T205122Z,results/generated/consolidation-post-RC1/maude-aggregation-20261002T205122Z/run_manifest.json,03835cb2bfc0dced9bc840f839965c0813d82ba792a3c261d1ca6f4575126e65,results/generated/consolidation-post-RC1/maude-aggregation-20261002T205122Z/report.json,b863135ef668a8a558166c216cfb5e0f747730801206cbd95b676aaf34e60515,results/generated/consolidation-post-RC1/maude-aggregation-20261002T205122Z/validation_2023/validation_summary.json,2cfc4a719cfa5bcb20471982b040e5449521b50e1ca94fd5a68b8869e709614a,results/generated/consolidation-post-RC1/maude-aggregation-20261002T205122Z/validation_2023/fit_epochs_30/epochs.jsonl.gz,24d0d904f23cd57ac11cbaccb63d59f579389f31b6f545f3f0acc7e364379b0c,b14d878a78f559b65c70fc872a51a59af4c5ae85
training_epoch,none30,nouvel entraînement D1,validation_2023,validation_2023,30,28,0.693147180558925,67676,67676,0,105.23305495697423,104.898574693,2030280,2030280,0,128.00492632202804,127.589380032,303284224,28982697,,,,,,,,,,D1:maude-aggregation-20261002T205122Z,results/generated/consolidation-post-RC1/maude-aggregation-20261002T205122Z/run_manifest.json,03835cb2bfc0dced9bc840f839965c0813d82ba792a3c261d1ca6f4575126e65,results/generated/consolidation-post-RC1/maude-aggregation-20261002T205122Z/report.json,b863135ef668a8a558166c216cfb5e0f747730801206cbd95b676aaf34e60515,results/generated/consolidation-post-RC1/maude-aggregation-20261002T205122Z/validation_2023/validation_summary.json,2cfc4a719cfa5bcb20471982b040e5449521b50e1ca94fd5a68b8869e709614a,results/generated/consolidation-post-RC1/maude-aggregation-20261002T205122Z/validation_2023/fit_epochs_30/epochs.jsonl.gz,24d0d904f23cd57ac11cbaccb63d59f579389f31b6f545f3f0acc7e364379b0c,b14d878a78f559b65c70fc872a51a59af4c5ae85
training_epoch,none30,nouvel entraînement D1,validation_2023,validation_2023,30,29,0.6931471805589248,67676,67676,0,105.23305495697423,104.898574693,2030280,2030280,0,128.00492632202804,127.589380032,303284224,28982697,,,,,,,,,,D1:maude-aggregation-20261002T205122Z,results/generated/consolidation-post-RC1/maude-aggregation-20261002T205122Z/run_manifest.json,03835cb2bfc0dced9bc840f839965c0813d82ba792a3c261d1ca6f4575126e65,results/generated/consolidation-post-RC1/maude-aggregation-20261002T205122Z/report.json,b863135ef668a8a558166c216cfb5e0f747730801206cbd95b676aaf34e60515,results/generated/consolidation-post-RC1/maude-aggregation-20261002T205122Z/validation_2023/validation_summary.json,2cfc4a719cfa5bcb20471982b040e5449521b50e1ca94fd5a68b8869e709614a,results/generated/consolidation-post-RC1/maude-aggregation-20261002T205122Z/validation_2023/fit_epochs_30/epochs.jsonl.gz,24d0d904f23cd57ac11cbaccb63d59f579389f31b6f545f3f0acc7e364379b0c,b14d878a78f559b65c70fc872a51a59af4c5ae85
training_epoch,none30,nouvel entraînement D1,validation_2023,validation_2023,30,30,0.6931471805589248,67676,67676,0,105.23305495697423,104.898574693,2030280,2030280,0,128.00492632202804,127.589380032,303284224,28982697,,,,,,,,,,D1:maude-aggregation-20261002T205122Z,results/generated/consolidation-post-RC1/maude-aggregation-20261002T205122Z/run_manifest.json,03835cb2bfc0dced9bc840f839965c0813d82ba792a3c261d1ca6f4575126e65,results/generated/consolidation-post-RC1/maude-aggregation-20261002T205122Z/report.json,b863135ef668a8a558166c216cfb5e0f747730801206cbd95b676aaf34e60515,results/generated/consolidation-post-RC1/maude-aggregation-20261002T205122Z/validation_2023/validation_summary.json,2cfc4a719cfa5bcb20471982b040e5449521b50e1ca94fd5a68b8869e709614a,results/generated/consolidation-post-RC1/maude-aggregation-20261002T205122Z/validation_2023/fit_epochs_30/epochs.jsonl.gz,24d0d904f23cd57ac11cbaccb63d59f579389f31b6f545f3f0acc7e364379b0c,b14d878a78f559b65c70fc872a51a59af4c5ae85
training_epoch,none30,nouvel entraînement D1,test_2024,test_2024,30,1,0.693132477598398,75657,75657,0,117.5171298320056,117.036145049,2269710,2269710,0,136.89496369598783,136.32980348799998,300412928,24356623,,,,,,,,,,D1:maude-aggregation-20261002T205122Z,results/generated/consolidation-post-RC1/maude-aggregation-20261002T205122Z/run_manifest.json,03835cb2bfc0dced9bc840f839965c0813d82ba792a3c261d1ca6f4575126e65,results/generated/consolidation-post-RC1/maude-aggregation-20261002T205122Z/report.json,b863135ef668a8a558166c216cfb5e0f747730801206cbd95b676aaf34e60515,results/generated/consolidation-post-RC1/maude-aggregation-20261002T205122Z/test_2024/phase_summary.json,35fcacb5e1571eeb256370cff30140f8b2ab3b4f662aed4424be1376d750bae4,results/generated/consolidation-post-RC1/maude-aggregation-20261002T205122Z/test_2024/fit_epochs_30/epochs.jsonl.gz,fc45ecc0a0bd67e1140b8e936381862043cac25c629157043a68b185a3ccd453,b14d878a78f559b65c70fc872a51a59af4c5ae85
training_epoch,none30,nouvel entraînement D1,test_2024,test_2024,30,2,0.6931320413070206,75657,75657,0,117.5171298320056,117.036145049,2269710,2269710,0,136.89496369598783,136.32980348799998,300412928,24356623,,,,,,,,,,D1:maude-aggregation-20261002T205122Z,results/generated/consolidation-post-RC1/maude-aggregation-20261002T205122Z/run_manifest.json,03835cb2bfc0dced9bc840f839965c0813d82ba792a3c261d1ca6f4575126e65,results/generated/consolidation-post-RC1/maude-aggregation-20261002T205122Z/report.json,b863135ef668a8a558166c216cfb5e0f747730801206cbd95b676aaf34e60515,results/generated/consolidation-post-RC1/maude-aggregation-20261002T205122Z/test_2024/phase_summary.json,35fcacb5e1571eeb256370cff30140f8b2ab3b4f662aed4424be1376d750bae4,results/generated/consolidation-post-RC1/maude-aggregation-20261002T205122Z/test_2024/fit_epochs_30/epochs.jsonl.gz,fc45ecc0a0bd67e1140b8e936381862043cac25c629157043a68b185a3ccd453,b14d878a78f559b65c70fc872a51a59af4c5ae85
training_epoch,none30,nouvel entraînement D1,test_2024,test_2024,30,3,0.6931410379987526,75657,75657,0,117.5171298320056,117.036145049,2269710,2269710,0,136.89496369598783,136.32980348799998,300412928,24356623,,,,,,,,,,D1:maude-aggregation-20261002T205122Z,results/generated/consolidation-post-RC1/maude-aggregation-20261002T205122Z/run_manifest.json,03835cb2bfc0dced9bc840f839965c0813d82ba792a3c261d1ca6f4575126e65,results/generated/consolidation-post-RC1/maude-aggregation-20261002T205122Z/report.json,b863135ef668a8a558166c216cfb5e0f747730801206cbd95b676aaf34e60515,results/generated/consolidation-post-RC1/maude-aggregation-20261002T205122Z/test_2024/phase_summary.json,35fcacb5e1571eeb256370cff30140f8b2ab3b4f662aed4424be1376d750bae4,results/generated/consolidation-post-RC1/maude-aggregation-20261002T205122Z/test_2024/fit_epochs_30/epochs.jsonl.gz,fc45ecc0a0bd67e1140b8e936381862043cac25c629157043a68b185a3ccd453,b14d878a78f559b65c70fc872a51a59af4c5ae85
training_epoch,none30,nouvel entraînement D1,test_2024,test_2024,30,4,0.6931453076691624,75657,75657,0,117.5171298320056,117.036145049,2269710,2269710,0,136.89496369598783,136.32980348799998,300412928,24356623,,,,,,,,,,D1:maude-aggregation-20261002T205122Z,results/generated/consolidation-post-RC1/maude-aggregation-20261002T205122Z/run_manifest.json,03835cb2bfc0dced9bc840f839965c0813d82ba792a3c261d1ca6f4575126e65,results/generated/consolidation-post-RC1/maude-aggregation-20261002T205122Z/report.json,b863135ef668a8a558166c216cfb5e0f747730801206cbd95b676aaf34e60515,results/generated/consolidation-post-RC1/maude-aggregation-20261002T205122Z/test_2024/phase_summary.json,35fcacb5e1571eeb256370cff30140f8b2ab3b4f662aed4424be1376d750bae4,results/generated/consolidation-post-RC1/maude-aggregation-20261002T205122Z/test_2024/fit_epochs_30/epochs.jsonl.gz,fc45ecc0a0bd67e1140b8e936381862043cac25c629157043a68b185a3ccd453,b14d878a78f559b65c70fc872a51a59af4c5ae85
training_epoch,none30,nouvel entraînement D1,test_2024,test_2024,30,5,0.6931465110855447,75657,75657,0,117.5171298320056,117.036145049,2269710,2269710,0,136.89496369598783,136.32980348799998,300412928,24356623,,,,,,,,,,D1:maude-aggregation-20261002T205122Z,results/generated/consolidation-post-RC1/maude-aggregation-20261002T205122Z/run_manifest.json,03835cb2bfc0dced9bc840f839965c0813d82ba792a3c261d1ca6f4575126e65,results/generated/consolidation-post-RC1/maude-aggregation-20261002T205122Z/report.json,b863135ef668a8a558166c216cfb5e0f747730801206cbd95b676aaf34e60515,results/generated/consolidation-post-RC1/maude-aggregation-20261002T205122Z/test_2024/phase_summary.json,35fcacb5e1571eeb256370cff30140f8b2ab3b4f662aed4424be1376d750bae4,results/generated/consolidation-post-RC1/maude-aggregation-20261002T205122Z/test_2024/fit_epochs_30/epochs.jsonl.gz,fc45ecc0a0bd67e1140b8e936381862043cac25c629157043a68b185a3ccd453,b14d878a78f559b65c70fc872a51a59af4c5ae85
training_epoch,none30,nouvel entraînement D1,test_2024,test_2024,30,6,0.6931469685920228,75657,75657,0,117.5171298320056,117.036145049,2269710,2269710,0,136.89496369598783,136.32980348799998,300412928,24356623,,,,,,,,,,D1:maude-aggregation-20261002T205122Z,results/generated/consolidation-post-RC1/maude-aggregation-20261002T205122Z/run_manifest.json,03835cb2bfc0dced9bc840f839965c0813d82ba792a3c261d1ca6f4575126e65,results/generated/consolidation-post-RC1/maude-aggregation-20261002T205122Z/report.json,b863135ef668a8a558166c216cfb5e0f747730801206cbd95b676aaf34e60515,results/generated/consolidation-post-RC1/maude-aggregation-20261002T205122Z/test_2024/phase_summary.json,35fcacb5e1571eeb256370cff30140f8b2ab3b4f662aed4424be1376d750bae4,results/generated/consolidation-post-RC1/maude-aggregation-20261002T205122Z/test_2024/fit_epochs_30/epochs.jsonl.gz,fc45ecc0a0bd67e1140b8e936381862043cac25c629157043a68b185a3ccd453,b14d878a78f559b65c70fc872a51a59af4c5ae85
training_epoch,none30,nouvel entraînement D1,test_2024,test_2024,30,7,0.6931471061236887,75657,75657,0,117.5171298320056,117.036145049,2269710,2269710,0,136.89496369598783,136.32980348799998,300412928,24356623,,,,,,,,,,D1:maude-aggregation-20261002T205122Z,results/generated/consolidation-post-RC1/maude-aggregation-20261002T205122Z/run_manifest.json,03835cb2bfc0dced9bc840f839965c0813d82ba792a3c261d1ca6f4575126e65,results/generated/consolidation-post-RC1/maude-aggregation-20261002T205122Z/report.json,b863135ef668a8a558166c216cfb5e0f747730801206cbd95b676aaf34e60515,results/generated/consolidation-post-RC1/maude-aggregation-20261002T205122Z/test_2024/phase_summary.json,35fcacb5e1571eeb256370cff30140f8b2ab3b4f662aed4424be1376d750bae4,results/generated/consolidation-post-RC1/maude-aggregation-20261002T205122Z/test_2024/fit_epochs_30/epochs.jsonl.gz,fc45ecc0a0bd67e1140b8e936381862043cac25c629157043a68b185a3ccd453,b14d878a78f559b65c70fc872a51a59af4c5ae85
training_epoch,none30,nouvel entraînement D1,test_2024,test_2024,30,8,0.6931471537422623,75657,75657,0,117.5171298320056,117.036145049,2269710,2269710,0,136.89496369598783,136.32980348799998,300412928,24356623,,,,,,,,,,D1:maude-aggregation-20261002T205122Z,results/generated/consolidation-post-RC1/maude-aggregation-20261002T205122Z/run_manifest.json,03835cb2bfc0dced9bc840f839965c0813d82ba792a3c261d1ca6f4575126e65,results/generated/consolidation-post-RC1/maude-aggregation-20261002T205122Z/report.json,b863135ef668a8a558166c216cfb5e0f747730801206cbd95b676aaf34e60515,results/generated/consolidation-post-RC1/maude-aggregation-20261002T205122Z/test_2024/phase_summary.json,35fcacb5e1571eeb256370cff30140f8b2ab3b4f662aed4424be1376d750bae4,results/generated/consolidation-post-RC1/maude-aggregation-20261002T205122Z/test_2024/fit_epochs_30/epochs.jsonl.gz,fc45ecc0a0bd67e1140b8e936381862043cac25c629157043a68b185a3ccd453,b14d878a78f559b65c70fc872a51a59af4c5ae85
training_epoch,none30,nouvel entraînement D1,test_2024,test_2024,30,9,0.6931471712502277,75657,75657,0,117.5171298320056,117.036145049,2269710,2269710,0,136.89496369598783,136.32980348799998,300412928,24356623,,,,,,,,,,D1:maude-aggregation-20261002T205122Z,results/generated/consolidation-post-RC1/maude-aggregation-20261002T205122Z/run_manifest.json,03835cb2bfc0dced9bc840f839965c0813d82ba792a3c261d1ca6f4575126e65,results/generated/consolidation-post-RC1/maude-aggregation-20261002T205122Z/report.json,b863135ef668a8a558166c216cfb5e0f747730801206cbd95b676aaf34e60515,results/generated/consolidation-post-RC1/maude-aggregation-20261002T205122Z/test_2024/phase_summary.json,35fcacb5e1571eeb256370cff30140f8b2ab3b4f662aed4424be1376d750bae4,results/generated/consolidation-post-RC1/maude-aggregation-20261002T205122Z/test_2024/fit_epochs_30/epochs.jsonl.gz,fc45ecc0a0bd67e1140b8e936381862043cac25c629157043a68b185a3ccd453,b14d878a78f559b65c70fc872a51a59af4c5ae85
training_epoch,none30,nouvel entraînement D1,test_2024,test_2024,30,10,0.6931471773348227,75657,75657,0,117.5171298320056,117.036145049,2269710,2269710,0,136.89496369598783,136.32980348799998,300412928,24356623,,,,,,,,,,D1:maude-aggregation-20261002T205122Z,results/generated/consolidation-post-RC1/maude-aggregation-20261002T205122Z/run_manifest.json,03835cb2bfc0dced9bc840f839965c0813d82ba792a3c261d1ca6f4575126e65,results/generated/consolidation-post-RC1/maude-aggregation-20261002T205122Z/report.json,b863135ef668a8a558166c216cfb5e0f747730801206cbd95b676aaf34e60515,results/generated/consolidation-post-RC1/maude-aggregation-20261002T205122Z/test_2024/phase_summary.json,35fcacb5e1571eeb256370cff30140f8b2ab3b4f662aed4424be1376d750bae4,results/generated/consolidation-post-RC1/maude-aggregation-20261002T205122Z/test_2024/fit_epochs_30/epochs.jsonl.gz,fc45ecc0a0bd67e1140b8e936381862043cac25c629157043a68b185a3ccd453,b14d878a78f559b65c70fc872a51a59af4c5ae85
training_epoch,none30,nouvel entraînement D1,test_2024,test_2024,30,11,0.6931471794355569,75657,75657,0,117.5171298320056,117.036145049,2269710,2269710,0,136.89496369598783,136.32980348799998,300412928,24356623,,,,,,,,,,D1:maude-aggregation-20261002T205122Z,results/generated/consolidation-post-RC1/maude-aggregation-20261002T205122Z/run_manifest.json,03835cb2bfc0dced9bc840f839965c0813d82ba792a3c261d1ca6f4575126e65,results/generated/consolidation-post-RC1/maude-aggregation-20261002T205122Z/report.json,b863135ef668a8a558166c216cfb5e0f747730801206cbd95b676aaf34e60515,results/generated/consolidation-post-RC1/maude-aggregation-20261002T205122Z/test_2024/phase_summary.json,35fcacb5e1571eeb256370cff30140f8b2ab3b4f662aed4424be1376d750bae4,results/generated/consolidation-post-RC1/maude-aggregation-20261002T205122Z/test_2024/fit_epochs_30/epochs.jsonl.gz,fc45ecc0a0bd67e1140b8e936381862043cac25c629157043a68b185a3ccd453,b14d878a78f559b65c70fc872a51a59af4c5ae85
training_epoch,none30,nouvel entraînement D1,test_2024,test_2024,30,12,0.6931471801781053,75657,75657,0,117.5171298320056,117.036145049,2269710,2269710,0,136.89496369598783,136.32980348799998,300412928,24356623,,,,,,,,,,D1:maude-aggregation-20261002T205122Z,results/generated/consolidation-post-RC1/maude-aggregation-20261002T205122Z/run_manifest.json,03835cb2bfc0dced9bc840f839965c0813d82ba792a3c261d1ca6f4575126e65,results/generated/consolidation-post-RC1/maude-aggregation-20261002T205122Z/report.json,b863135ef668a8a558166c216cfb5e0f747730801206cbd95b676aaf34e60515,results/generated/consolidation-post-RC1/maude-aggregation-20261002T205122Z/test_2024/phase_summary.json,35fcacb5e1571eeb256370cff30140f8b2ab3b4f662aed4424be1376d750bae4,results/generated/consolidation-post-RC1/maude-aggregation-20261002T205122Z/test_2024/fit_epochs_30/epochs.jsonl.gz,fc45ecc0a0bd67e1140b8e936381862043cac25c629157043a68b185a3ccd453,b14d878a78f559b65c70fc872a51a59af4c5ae85
training_epoch,none30,nouvel entraînement D1,test_2024,test_2024,30,13,0.6931471804161378,75657,75657,0,117.5171298320056,117.036145049,2269710,2269710,0,136.89496369598783,136.32980348799998,300412928,24356623,,,,,,,,,,D1:maude-aggregation-20261002T205122Z,results/generated/consolidation-post-RC1/maude-aggregation-20261002T205122Z/run_manifest.json,03835cb2bfc0dced9bc840f839965c0813d82ba792a3c261d1ca6f4575126e65,results/generated/consolidation-post-RC1/maude-aggregation-20261002T205122Z/report.json,b863135ef668a8a558166c216cfb5e0f747730801206cbd95b676aaf34e60515,results/generated/consolidation-post-RC1/maude-aggregation-20261002T205122Z/test_2024/phase_summary.json,35fcacb5e1571eeb256370cff30140f8b2ab3b4f662aed4424be1376d750bae4,results/generated/consolidation-post-RC1/maude-aggregation-20261002T205122Z/test_2024/fit_epochs_30/epochs.jsonl.gz,fc45ecc0a0bd67e1140b8e936381862043cac25c629157043a68b185a3ccd453,b14d878a78f559b65c70fc872a51a59af4c5ae85
training_epoch,none30,nouvel entraînement D1,test_2024,test_2024,30,14,0.6931471805147906,75657,75657,0,117.5171298320056,117.036145049,2269710,2269710,0,136.89496369598783,136.32980348799998,300412928,24356623,,,,,,,,,,D1:maude-aggregation-20261002T205122Z,results/generated/consolidation-post-RC1/maude-aggregation-20261002T205122Z/run_manifest.json,03835cb2bfc0dced9bc840f839965c0813d82ba792a3c261d1ca6f4575126e65,results/generated/consolidation-post-RC1/maude-aggregation-20261002T205122Z/report.json,b863135ef668a8a558166c216cfb5e0f747730801206cbd95b676aaf34e60515,results/generated/consolidation-post-RC1/maude-aggregation-20261002T205122Z/test_2024/phase_summary.json,35fcacb5e1571eeb256370cff30140f8b2ab3b4f662aed4424be1376d750bae4,results/generated/consolidation-post-RC1/maude-aggregation-20261002T205122Z/test_2024/fit_epochs_30/epochs.jsonl.gz,fc45ecc0a0bd67e1140b8e936381862043cac25c629157043a68b185a3ccd453,b14d878a78f559b65c70fc872a51a59af4c5ae85
training_epoch,none30,nouvel entraînement D1,test_2024,test_2024,30,15,0.6931471805443553,75657,75657,0,117.5171298320056,117.036145049,2269710,2269710,0,136.89496369598783,136.32980348799998,300412928,24356623,,,,,,,,,,D1:maude-aggregation-20261002T205122Z,results/generated/consolidation-post-RC1/maude-aggregation-20261002T205122Z/run_manifest.json,03835cb2bfc0dced9bc840f839965c0813d82ba792a3c261d1ca6f4575126e65,results/generated/consolidation-post-RC1/maude-aggregation-20261002T205122Z/report.json,b863135ef668a8a558166c216cfb5e0f747730801206cbd95b676aaf34e60515,results/generated/consolidation-post-RC1/maude-aggregation-20261002T205122Z/test_2024/phase_summary.json,35fcacb5e1571eeb256370cff30140f8b2ab3b4f662aed4424be1376d750bae4,results/generated/consolidation-post-RC1/maude-aggregation-20261002T205122Z/test_2024/fit_epochs_30/epochs.jsonl.gz,fc45ecc0a0bd67e1140b8e936381862043cac25c629157043a68b185a3ccd453,b14d878a78f559b65c70fc872a51a59af4c5ae85
training_epoch,none30,nouvel entraînement D1,test_2024,test_2024,30,16,0.6931471805542716,75657,75657,0,117.5171298320056,117.036145049,2269710,2269710,0,136.89496369598783,136.32980348799998,300412928,24356623,,,,,,,,,,D1:maude-aggregation-20261002T205122Z,results/generated/consolidation-post-RC1/maude-aggregation-20261002T205122Z/run_manifest.json,03835cb2bfc0dced9bc840f839965c0813d82ba792a3c261d1ca6f4575126e65,results/generated/consolidation-post-RC1/maude-aggregation-20261002T205122Z/report.json,b863135ef668a8a558166c216cfb5e0f747730801206cbd95b676aaf34e60515,results/generated/consolidation-post-RC1/maude-aggregation-20261002T205122Z/test_2024/phase_summary.json,35fcacb5e1571eeb256370cff30140f8b2ab3b4f662aed4424be1376d750bae4,results/generated/consolidation-post-RC1/maude-aggregation-20261002T205122Z/test_2024/fit_epochs_30/epochs.jsonl.gz,fc45ecc0a0bd67e1140b8e936381862043cac25c629157043a68b185a3ccd453,b14d878a78f559b65c70fc872a51a59af4c5ae85
training_epoch,none30,nouvel entraînement D1,test_2024,test_2024,30,17,0.6931471805579636,75657,75657,0,117.5171298320056,117.036145049,2269710,2269710,0,136.89496369598783,136.32980348799998,300412928,24356623,,,,,,,,,,D1:maude-aggregation-20261002T205122Z,results/generated/consolidation-post-RC1/maude-aggregation-20261002T205122Z/run_manifest.json,03835cb2bfc0dced9bc840f839965c0813d82ba792a3c261d1ca6f4575126e65,results/generated/consolidation-post-RC1/maude-aggregation-20261002T205122Z/report.json,b863135ef668a8a558166c216cfb5e0f747730801206cbd95b676aaf34e60515,results/generated/consolidation-post-RC1/maude-aggregation-20261002T205122Z/test_2024/phase_summary.json,35fcacb5e1571eeb256370cff30140f8b2ab3b4f662aed4424be1376d750bae4,results/generated/consolidation-post-RC1/maude-aggregation-20261002T205122Z/test_2024/fit_epochs_30/epochs.jsonl.gz,fc45ecc0a0bd67e1140b8e936381862043cac25c629157043a68b185a3ccd453,b14d878a78f559b65c70fc872a51a59af4c5ae85
training_epoch,none30,nouvel entraînement D1,test_2024,test_2024,30,18,0.6931471805591384,75657,75657,0,117.5171298320056,117.036145049,2269710,2269710,0,136.89496369598783,136.32980348799998,300412928,24356623,,,,,,,,,,D1:maude-aggregation-20261002T205122Z,results/generated/consolidation-post-RC1/maude-aggregation-20261002T205122Z/run_manifest.json,03835cb2bfc0dced9bc840f839965c0813d82ba792a3c261d1ca6f4575126e65,results/generated/consolidation-post-RC1/maude-aggregation-20261002T205122Z/report.json,b863135ef668a8a558166c216cfb5e0f747730801206cbd95b676aaf34e60515,results/generated/consolidation-post-RC1/maude-aggregation-20261002T205122Z/test_2024/phase_summary.json,35fcacb5e1571eeb256370cff30140f8b2ab3b4f662aed4424be1376d750bae4,results/generated/consolidation-post-RC1/maude-aggregation-20261002T205122Z/test_2024/fit_epochs_30/epochs.jsonl.gz,fc45ecc0a0bd67e1140b8e936381862043cac25c629157043a68b185a3ccd453,b14d878a78f559b65c70fc872a51a59af4c5ae85
training_epoch,none30,nouvel entraînement D1,test_2024,test_2024,30,19,0.6931471805593638,75657,75657,0,117.5171298320056,117.036145049,2269710,2269710,0,136.89496369598783,136.32980348799998,300412928,24356623,,,,,,,,,,D1:maude-aggregation-20261002T205122Z,results/generated/consolidation-post-RC1/maude-aggregation-20261002T205122Z/run_manifest.json,03835cb2bfc0dced9bc840f839965c0813d82ba792a3c261d1ca6f4575126e65,results/generated/consolidation-post-RC1/maude-aggregation-20261002T205122Z/report.json,b863135ef668a8a558166c216cfb5e0f747730801206cbd95b676aaf34e60515,results/generated/consolidation-post-RC1/maude-aggregation-20261002T205122Z/test_2024/phase_summary.json,35fcacb5e1571eeb256370cff30140f8b2ab3b4f662aed4424be1376d750bae4,results/generated/consolidation-post-RC1/maude-aggregation-20261002T205122Z/test_2024/fit_epochs_30/epochs.jsonl.gz,fc45ecc0a0bd67e1140b8e936381862043cac25c629157043a68b185a3ccd453,b14d878a78f559b65c70fc872a51a59af4c5ae85
training_epoch,none30,nouvel entraînement D1,test_2024,test_2024,30,20,0.6931471805591783,75657,75657,0,117.5171298320056,117.036145049,2269710,2269710,0,136.89496369598783,136.32980348799998,300412928,24356623,,,,,,,,,,D1:maude-aggregation-20261002T205122Z,results/generated/consolidation-post-RC1/maude-aggregation-20261002T205122Z/run_manifest.json,03835cb2bfc0dced9bc840f839965c0813d82ba792a3c261d1ca6f4575126e65,results/generated/consolidation-post-RC1/maude-aggregation-20261002T205122Z/report.json,b863135ef668a8a558166c216cfb5e0f747730801206cbd95b676aaf34e60515,results/generated/consolidation-post-RC1/maude-aggregation-20261002T205122Z/test_2024/phase_summary.json,35fcacb5e1571eeb256370cff30140f8b2ab3b4f662aed4424be1376d750bae4,results/generated/consolidation-post-RC1/maude-aggregation-20261002T205122Z/test_2024/fit_epochs_30/epochs.jsonl.gz,fc45ecc0a0bd67e1140b8e936381862043cac25c629157043a68b185a3ccd453,b14d878a78f559b65c70fc872a51a59af4c5ae85
training_epoch,none30,nouvel entraînement D1,test_2024,test_2024,30,21,0.6931471805590669,75657,75657,0,117.5171298320056,117.036145049,2269710,2269710,0,136.89496369598783,136.32980348799998,300412928,24356623,,,,,,,,,,D1:maude-aggregation-20261002T205122Z,results/generated/consolidation-post-RC1/maude-aggregation-20261002T205122Z/run_manifest.json,03835cb2bfc0dced9bc840f839965c0813d82ba792a3c261d1ca6f4575126e65,results/generated/consolidation-post-RC1/maude-aggregation-20261002T205122Z/report.json,b863135ef668a8a558166c216cfb5e0f747730801206cbd95b676aaf34e60515,results/generated/consolidation-post-RC1/maude-aggregation-20261002T205122Z/test_2024/phase_summary.json,35fcacb5e1571eeb256370cff30140f8b2ab3b4f662aed4424be1376d750bae4,results/generated/consolidation-post-RC1/maude-aggregation-20261002T205122Z/test_2024/fit_epochs_30/epochs.jsonl.gz,fc45ecc0a0bd67e1140b8e936381862043cac25c629157043a68b185a3ccd453,b14d878a78f559b65c70fc872a51a59af4c5ae85
training_epoch,none30,nouvel entraînement D1,test_2024,test_2024,30,22,0.6931471805589152,75657,75657,0,117.5171298320056,117.036145049,2269710,2269710,0,136.89496369598783,136.32980348799998,300412928,24356623,,,,,,,,,,D1:maude-aggregation-20261002T205122Z,results/generated/consolidation-post-RC1/maude-aggregation-20261002T205122Z/run_manifest.json,03835cb2bfc0dced9bc840f839965c0813d82ba792a3c261d1ca6f4575126e65,results/generated/consolidation-post-RC1/maude-aggregation-20261002T205122Z/report.json,b863135ef668a8a558166c216cfb5e0f747730801206cbd95b676aaf34e60515,results/generated/consolidation-post-RC1/maude-aggregation-20261002T205122Z/test_2024/phase_summary.json,35fcacb5e1571eeb256370cff30140f8b2ab3b4f662aed4424be1376d750bae4,results/generated/consolidation-post-RC1/maude-aggregation-20261002T205122Z/test_2024/fit_epochs_30/epochs.jsonl.gz,fc45ecc0a0bd67e1140b8e936381862043cac25c629157043a68b185a3ccd453,b14d878a78f559b65c70fc872a51a59af4c5ae85
training_epoch,none30,nouvel entraînement D1,test_2024,test_2024,30,23,0.6931471805588569,75657,75657,0,117.5171298320056,117.036145049,2269710,2269710,0,136.89496369598783,136.32980348799998,300412928,24356623,,,,,,,,,,D1:maude-aggregation-20261002T205122Z,results/generated/consolidation-post-RC1/maude-aggregation-20261002T205122Z/run_manifest.json,03835cb2bfc0dced9bc840f839965c0813d82ba792a3c261d1ca6f4575126e65,results/generated/consolidation-post-RC1/maude-aggregation-20261002T205122Z/report.json,b863135ef668a8a558166c216cfb5e0f747730801206cbd95b676aaf34e60515,results/generated/consolidation-post-RC1/maude-aggregation-20261002T205122Z/test_2024/phase_summary.json,35fcacb5e1571eeb256370cff30140f8b2ab3b4f662aed4424be1376d750bae4,results/generated/consolidation-post-RC1/maude-aggregation-20261002T205122Z/test_2024/fit_epochs_30/epochs.jsonl.gz,fc45ecc0a0bd67e1140b8e936381862043cac25c629157043a68b185a3ccd453,b14d878a78f559b65c70fc872a51a59af4c5ae85
training_epoch,none30,nouvel entraînement D1,test_2024,test_2024,30,24,0.6931471805588587,75657,75657,0,117.5171298320056,117.036145049,2269710,2269710,0,136.89496369598783,136.32980348799998,300412928,24356623,,,,,,,,,,D1:maude-aggregation-20261002T205122Z,results/generated/consolidation-post-RC1/maude-aggregation-20261002T205122Z/run_manifest.json,03835cb2bfc0dced9bc840f839965c0813d82ba792a3c261d1ca6f4575126e65,results/generated/consolidation-post-RC1/maude-aggregation-20261002T205122Z/report.json,b863135ef668a8a558166c216cfb5e0f747730801206cbd95b676aaf34e60515,results/generated/consolidation-post-RC1/maude-aggregation-20261002T205122Z/test_2024/phase_summary.json,35fcacb5e1571eeb256370cff30140f8b2ab3b4f662aed4424be1376d750bae4,results/generated/consolidation-post-RC1/maude-aggregation-20261002T205122Z/test_2024/fit_epochs_30/epochs.jsonl.gz,fc45ecc0a0bd67e1140b8e936381862043cac25c629157043a68b185a3ccd453,b14d878a78f559b65c70fc872a51a59af4c5ae85
training_epoch,none30,nouvel entraînement D1,test_2024,test_2024,30,25,0.693147180558859,75657,75657,0,117.5171298320056,117.036145049,2269710,2269710,0,136.89496369598783,136.32980348799998,300412928,24356623,,,,,,,,,,D1:maude-aggregation-20261002T205122Z,results/generated/consolidation-post-RC1/maude-aggregation-20261002T205122Z/run_manifest.json,03835cb2bfc0dced9bc840f839965c0813d82ba792a3c261d1ca6f4575126e65,results/generated/consolidation-post-RC1/maude-aggregation-20261002T205122Z/report.json,b863135ef668a8a558166c216cfb5e0f747730801206cbd95b676aaf34e60515,results/generated/consolidation-post-RC1/maude-aggregation-20261002T205122Z/test_2024/phase_summary.json,35fcacb5e1571eeb256370cff30140f8b2ab3b4f662aed4424be1376d750bae4,results/generated/consolidation-post-RC1/maude-aggregation-20261002T205122Z/test_2024/fit_epochs_30/epochs.jsonl.gz,fc45ecc0a0bd67e1140b8e936381862043cac25c629157043a68b185a3ccd453,b14d878a78f559b65c70fc872a51a59af4c5ae85
training_epoch,none30,nouvel entraînement D1,test_2024,test_2024,30,26,0.6931471805588589,75657,75657,0,117.5171298320056,117.036145049,2269710,2269710,0,136.89496369598783,136.32980348799998,300412928,24356623,,,,,,,,,,D1:maude-aggregation-20261002T205122Z,results/generated/consolidation-post-RC1/maude-aggregation-20261002T205122Z/run_manifest.json,03835cb2bfc0dced9bc840f839965c0813d82ba792a3c261d1ca6f4575126e65,results/generated/consolidation-post-RC1/maude-aggregation-20261002T205122Z/report.json,b863135ef668a8a558166c216cfb5e0f747730801206cbd95b676aaf34e60515,results/generated/consolidation-post-RC1/maude-aggregation-20261002T205122Z/test_2024/phase_summary.json,35fcacb5e1571eeb256370cff30140f8b2ab3b4f662aed4424be1376d750bae4,results/generated/consolidation-post-RC1/maude-aggregation-20261002T205122Z/test_2024/fit_epochs_30/epochs.jsonl.gz,fc45ecc0a0bd67e1140b8e936381862043cac25c629157043a68b185a3ccd453,b14d878a78f559b65c70fc872a51a59af4c5ae85
training_epoch,none30,nouvel entraînement D1,test_2024,test_2024,30,27,0.6931471805588587,75657,75657,0,117.5171298320056,117.036145049,2269710,2269710,0,136.89496369598783,136.32980348799998,300412928,24356623,,,,,,,,,,D1:maude-aggregation-20261002T205122Z,results/generated/consolidation-post-RC1/maude-aggregation-20261002T205122Z/run_manifest.json,03835cb2bfc0dced9bc840f839965c0813d82ba792a3c261d1ca6f4575126e65,results/generated/consolidation-post-RC1/maude-aggregation-20261002T205122Z/report.json,b863135ef668a8a558166c216cfb5e0f747730801206cbd95b676aaf34e60515,results/generated/consolidation-post-RC1/maude-aggregation-20261002T205122Z/test_2024/phase_summary.json,35fcacb5e1571eeb256370cff30140f8b2ab3b4f662aed4424be1376d750bae4,results/generated/consolidation-post-RC1/maude-aggregation-20261002T205122Z/test_2024/fit_epochs_30/epochs.jsonl.gz,fc45ecc0a0bd67e1140b8e936381862043cac25c629157043a68b185a3ccd453,b14d878a78f559b65c70fc872a51a59af4c5ae85
training_epoch,none30,nouvel entraînement D1,test_2024,test_2024,30,28,0.6931471805588587,75657,75657,0,117.5171298320056,117.036145049,2269710,2269710,0,136.89496369598783,136.32980348799998,300412928,24356623,,,,,,,,,,D1:maude-aggregation-20261002T205122Z,results/generated/consolidation-post-RC1/maude-aggregation-20261002T205122Z/run_manifest.json,03835cb2bfc0dced9bc840f839965c0813d82ba792a3c261d1ca6f4575126e65,results/generated/consolidation-post-RC1/maude-aggregation-20261002T205122Z/report.json,b863135ef668a8a558166c216cfb5e0f747730801206cbd95b676aaf34e60515,results/generated/consolidation-post-RC1/maude-aggregation-20261002T205122Z/test_2024/phase_summary.json,35fcacb5e1571eeb256370cff30140f8b2ab3b4f662aed4424be1376d750bae4,results/generated/consolidation-post-RC1/maude-aggregation-20261002T205122Z/test_2024/fit_epochs_30/epochs.jsonl.gz,fc45ecc0a0bd67e1140b8e936381862043cac25c629157043a68b185a3ccd453,b14d878a78f559b65c70fc872a51a59af4c5ae85
training_epoch,none30,nouvel entraînement D1,test_2024,test_2024,30,29,0.6931471805588587,75657,75657,0,117.5171298320056,117.036145049,2269710,2269710,0,136.89496369598783,136.32980348799998,300412928,24356623,,,,,,,,,,D1:maude-aggregation-20261002T205122Z,results/generated/consolidation-post-RC1/maude-aggregation-20261002T205122Z/run_manifest.json,03835cb2bfc0dced9bc840f839965c0813d82ba792a3c261d1ca6f4575126e65,results/generated/consolidation-post-RC1/maude-aggregation-20261002T205122Z/report.json,b863135ef668a8a558166c216cfb5e0f747730801206cbd95b676aaf34e60515,results/generated/consolidation-post-RC1/maude-aggregation-20261002T205122Z/test_2024/phase_summary.json,35fcacb5e1571eeb256370cff30140f8b2ab3b4f662aed4424be1376d750bae4,results/generated/consolidation-post-RC1/maude-aggregation-20261002T205122Z/test_2024/fit_epochs_30/epochs.jsonl.gz,fc45ecc0a0bd67e1140b8e936381862043cac25c629157043a68b185a3ccd453,b14d878a78f559b65c70fc872a51a59af4c5ae85
training_epoch,none30,nouvel entraînement D1,test_2024,test_2024,30,30,0.6931471805588587,75657,75657,0,117.5171298320056,117.036145049,2269710,2269710,0,136.89496369598783,136.32980348799998,300412928,24356623,,,,,,,,,,D1:maude-aggregation-20261002T205122Z,results/generated/consolidation-post-RC1/maude-aggregation-20261002T205122Z/run_manifest.json,03835cb2bfc0dced9bc840f839965c0813d82ba792a3c261d1ca6f4575126e65,results/generated/consolidation-post-RC1/maude-aggregation-20261002T205122Z/report.json,b863135ef668a8a558166c216cfb5e0f747730801206cbd95b676aaf34e60515,results/generated/consolidation-post-RC1/maude-aggregation-20261002T205122Z/test_2024/phase_summary.json,35fcacb5e1571eeb256370cff30140f8b2ab3b4f662aed4424be1376d750bae4,results/generated/consolidation-post-RC1/maude-aggregation-20261002T205122Z/test_2024/fit_epochs_30/epochs.jsonl.gz,fc45ecc0a0bd67e1140b8e936381862043cac25c629157043a68b185a3ccd453,b14d878a78f559b65c70fc872a51a59af4c5ae85
training_epoch,none30,nouvel entraînement D1,test_2025,test_2025,30,1,0.6931399471343127,81891,81891,0,127.7860707360087,127.402258857,2456730,2456730,0,150.30273603700334,149.846866824,302727168,28699696,,,,,,,,,,D1:maude-aggregation-20261002T205122Z,results/generated/consolidation-post-RC1/maude-aggregation-20261002T205122Z/run_manifest.json,03835cb2bfc0dced9bc840f839965c0813d82ba792a3c261d1ca6f4575126e65,results/generated/consolidation-post-RC1/maude-aggregation-20261002T205122Z/report.json,b863135ef668a8a558166c216cfb5e0f747730801206cbd95b676aaf34e60515,results/generated/consolidation-post-RC1/maude-aggregation-20261002T205122Z/test_2025/phase_summary.json,cc087f735e507f93a2d0ad1e4a3715a35e82a10fa1eb445601412019cf855ebd,results/generated/consolidation-post-RC1/maude-aggregation-20261002T205122Z/test_2025/fit_epochs_30/epochs.jsonl.gz,9d634e56ec72d0775f6bbc5c1b5d427214a4f6620832c7ebafc644bbdaf772b6,b14d878a78f559b65c70fc872a51a59af4c5ae85
training_epoch,none30,nouvel entraînement D1,test_2025,test_2025,30,2,0.6931365375827763,81891,81891,0,127.7860707360087,127.402258857,2456730,2456730,0,150.30273603700334,149.846866824,302727168,28699696,,,,,,,,,,D1:maude-aggregation-20261002T205122Z,results/generated/consolidation-post-RC1/maude-aggregation-20261002T205122Z/run_manifest.json,03835cb2bfc0dced9bc840f839965c0813d82ba792a3c261d1ca6f4575126e65,results/generated/consolidation-post-RC1/maude-aggregation-20261002T205122Z/report.json,b863135ef668a8a558166c216cfb5e0f747730801206cbd95b676aaf34e60515,results/generated/consolidation-post-RC1/maude-aggregation-20261002T205122Z/test_2025/phase_summary.json,cc087f735e507f93a2d0ad1e4a3715a35e82a10fa1eb445601412019cf855ebd,results/generated/consolidation-post-RC1/maude-aggregation-20261002T205122Z/test_2025/fit_epochs_30/epochs.jsonl.gz,9d634e56ec72d0775f6bbc5c1b5d427214a4f6620832c7ebafc644bbdaf772b6,b14d878a78f559b65c70fc872a51a59af4c5ae85
training_epoch,none30,nouvel entraînement D1,test_2025,test_2025,30,3,0.6931437271348343,81891,81891,0,127.7860707360087,127.402258857,2456730,2456730,0,150.30273603700334,149.846866824,302727168,28699696,,,,,,,,,,D1:maude-aggregation-20261002T205122Z,results/generated/consolidation-post-RC1/maude-aggregation-20261002T205122Z/run_manifest.json,03835cb2bfc0dced9bc840f839965c0813d82ba792a3c261d1ca6f4575126e65,results/generated/consolidation-post-RC1/maude-aggregation-20261002T205122Z/report.json,b863135ef668a8a558166c216cfb5e0f747730801206cbd95b676aaf34e60515,results/generated/consolidation-post-RC1/maude-aggregation-20261002T205122Z/test_2025/phase_summary.json,cc087f735e507f93a2d0ad1e4a3715a35e82a10fa1eb445601412019cf855ebd,results/generated/consolidation-post-RC1/maude-aggregation-20261002T205122Z/test_2025/fit_epochs_30/epochs.jsonl.gz,9d634e56ec72d0775f6bbc5c1b5d427214a4f6620832c7ebafc644bbdaf772b6,b14d878a78f559b65c70fc872a51a59af4c5ae85
training_epoch,none30,nouvel entraînement D1,test_2025,test_2025,30,4,0.6931461752718694,81891,81891,0,127.7860707360087,127.402258857,2456730,2456730,0,150.30273603700334,149.846866824,302727168,28699696,,,,,,,,,,D1:maude-aggregation-20261002T205122Z,results/generated/consolidation-post-RC1/maude-aggregation-20261002T205122Z/run_manifest.json,03835cb2bfc0dced9bc840f839965c0813d82ba792a3c261d1ca6f4575126e65,results/generated/consolidation-post-RC1/maude-aggregation-20261002T205122Z/report.json,b863135ef668a8a558166c216cfb5e0f747730801206cbd95b676aaf34e60515,results/generated/consolidation-post-RC1/maude-aggregation-20261002T205122Z/test_2025/phase_summary.json,cc087f735e507f93a2d0ad1e4a3715a35e82a10fa1eb445601412019cf855ebd,results/generated/consolidation-post-RC1/maude-aggregation-20261002T205122Z/test_2025/fit_epochs_30/epochs.jsonl.gz,9d634e56ec72d0775f6bbc5c1b5d427214a4f6620832c7ebafc644bbdaf772b6,b14d878a78f559b65c70fc872a51a59af4c5ae85
training_epoch,none30,nouvel entraînement D1,test_2025,test_2025,30,5,0.6931468892005316,81891,81891,0,127.7860707360087,127.402258857,2456730,2456730,0,150.30273603700334,149.846866824,302727168,28699696,,,,,,,,,,D1:maude-aggregation-20261002T205122Z,results/generated/consolidation-post-RC1/maude-aggregation-20261002T205122Z/run_manifest.json,03835cb2bfc0dced9bc840f839965c0813d82ba792a3c261d1ca6f4575126e65,results/generated/consolidation-post-RC1/maude-aggregation-20261002T205122Z/report.json,b863135ef668a8a558166c216cfb5e0f747730801206cbd95b676aaf34e60515,results/generated/consolidation-post-RC1/maude-aggregation-20261002T205122Z/test_2025/phase_summary.json,cc087f735e507f93a2d0ad1e4a3715a35e82a10fa1eb445601412019cf855ebd,results/generated/consolidation-post-RC1/maude-aggregation-20261002T205122Z/test_2025/fit_epochs_30/epochs.jsonl.gz,9d634e56ec72d0775f6bbc5c1b5d427214a4f6620832c7ebafc644bbdaf772b6,b14d878a78f559b65c70fc872a51a59af4c5ae85
training_epoch,none30,nouvel entraînement D1,test_2025,test_2025,30,6,0.6931470982252278,81891,81891,0,127.7860707360087,127.402258857,2456730,2456730,0,150.30273603700334,149.846866824,302727168,28699696,,,,,,,,,,D1:maude-aggregation-20261002T205122Z,results/generated/consolidation-post-RC1/maude-aggregation-20261002T205122Z/run_manifest.json,03835cb2bfc0dced9bc840f839965c0813d82ba792a3c261d1ca6f4575126e65,results/generated/consolidation-post-RC1/maude-aggregation-20261002T205122Z/report.json,b863135ef668a8a558166c216cfb5e0f747730801206cbd95b676aaf34e60515,results/generated/consolidation-post-RC1/maude-aggregation-20261002T205122Z/test_2025/phase_summary.json,cc087f735e507f93a2d0ad1e4a3715a35e82a10fa1eb445601412019cf855ebd,results/generated/consolidation-post-RC1/maude-aggregation-20261002T205122Z/test_2025/fit_epochs_30/epochs.jsonl.gz,9d634e56ec72d0775f6bbc5c1b5d427214a4f6620832c7ebafc644bbdaf772b6,b14d878a78f559b65c70fc872a51a59af4c5ae85
training_epoch,none30,nouvel entraînement D1,test_2025,test_2025,30,7,0.6931471591840767,81891,81891,0,127.7860707360087,127.402258857,2456730,2456730,0,150.30273603700334,149.846866824,302727168,28699696,,,,,,,,,,D1:maude-aggregation-20261002T205122Z,results/generated/consolidation-post-RC1/maude-aggregation-20261002T205122Z/run_manifest.json,03835cb2bfc0dced9bc840f839965c0813d82ba792a3c261d1ca6f4575126e65,results/generated/consolidation-post-RC1/maude-aggregation-20261002T205122Z/report.json,b863135ef668a8a558166c216cfb5e0f747730801206cbd95b676aaf34e60515,results/generated/consolidation-post-RC1/maude-aggregation-20261002T205122Z/test_2025/phase_summary.json,cc087f735e507f93a2d0ad1e4a3715a35e82a10fa1eb445601412019cf855ebd,results/generated/consolidation-post-RC1/maude-aggregation-20261002T205122Z/test_2025/fit_epochs_30/epochs.jsonl.gz,9d634e56ec72d0775f6bbc5c1b5d427214a4f6620832c7ebafc644bbdaf772b6,b14d878a78f559b65c70fc872a51a59af4c5ae85
training_epoch,none30,nouvel entraînement D1,test_2025,test_2025,30,8,0.6931471738237293,81891,81891,0,127.7860707360087,127.402258857,2456730,2456730,0,150.30273603700334,149.846866824,302727168,28699696,,,,,,,,,,D1:maude-aggregation-20261002T205122Z,results/generated/consolidation-post-RC1/maude-aggregation-20261002T205122Z/run_manifest.json,03835cb2bfc0dced9bc840f839965c0813d82ba792a3c261d1ca6f4575126e65,results/generated/consolidation-post-RC1/maude-aggregation-20261002T205122Z/report.json,b863135ef668a8a558166c216cfb5e0f747730801206cbd95b676aaf34e60515,results/generated/consolidation-post-RC1/maude-aggregation-20261002T205122Z/test_2025/phase_summary.json,cc087f735e507f93a2d0ad1e4a3715a35e82a10fa1eb445601412019cf855ebd,results/generated/consolidation-post-RC1/maude-aggregation-20261002T205122Z/test_2025/fit_epochs_30/epochs.jsonl.gz,9d634e56ec72d0775f6bbc5c1b5d427214a4f6620832c7ebafc644bbdaf772b6,b14d878a78f559b65c70fc872a51a59af4c5ae85
training_epoch,none30,nouvel entraînement D1,test_2025,test_2025,30,9,0.693147178729164,81891,81891,0,127.7860707360087,127.402258857,2456730,2456730,0,150.30273603700334,149.846866824,302727168,28699696,,,,,,,,,,D1:maude-aggregation-20261002T205122Z,results/generated/consolidation-post-RC1/maude-aggregation-20261002T205122Z/run_manifest.json,03835cb2bfc0dced9bc840f839965c0813d82ba792a3c261d1ca6f4575126e65,results/generated/consolidation-post-RC1/maude-aggregation-20261002T205122Z/report.json,b863135ef668a8a558166c216cfb5e0f747730801206cbd95b676aaf34e60515,results/generated/consolidation-post-RC1/maude-aggregation-20261002T205122Z/test_2025/phase_summary.json,cc087f735e507f93a2d0ad1e4a3715a35e82a10fa1eb445601412019cf855ebd,results/generated/consolidation-post-RC1/maude-aggregation-20261002T205122Z/test_2025/fit_epochs_30/epochs.jsonl.gz,9d634e56ec72d0775f6bbc5c1b5d427214a4f6620832c7ebafc644bbdaf772b6,b14d878a78f559b65c70fc872a51a59af4c5ae85
training_epoch,none30,nouvel entraînement D1,test_2025,test_2025,30,10,0.6931471799991825,81891,81891,0,127.7860707360087,127.402258857,2456730,2456730,0,150.30273603700334,149.846866824,302727168,28699696,,,,,,,,,,D1:maude-aggregation-20261002T205122Z,results/generated/consolidation-post-RC1/maude-aggregation-20261002T205122Z/run_manifest.json,03835cb2bfc0dced9bc840f839965c0813d82ba792a3c261d1ca6f4575126e65,results/generated/consolidation-post-RC1/maude-aggregation-20261002T205122Z/report.json,b863135ef668a8a558166c216cfb5e0f747730801206cbd95b676aaf34e60515,results/generated/consolidation-post-RC1/maude-aggregation-20261002T205122Z/test_2025/phase_summary.json,cc087f735e507f93a2d0ad1e4a3715a35e82a10fa1eb445601412019cf855ebd,results/generated/consolidation-post-RC1/maude-aggregation-20261002T205122Z/test_2025/fit_epochs_30/epochs.jsonl.gz,9d634e56ec72d0775f6bbc5c1b5d427214a4f6620832c7ebafc644bbdaf772b6,b14d878a78f559b65c70fc872a51a59af4c5ae85
training_epoch,none30,nouvel entraînement D1,test_2025,test_2025,30,11,0.6931471803954177,81891,81891,0,127.7860707360087,127.402258857,2456730,2456730,0,150.30273603700334,149.846866824,302727168,28699696,,,,,,,,,,D1:maude-aggregation-20261002T205122Z,results/generated/consolidation-post-RC1/maude-aggregation-20261002T205122Z/run_manifest.json,03835cb2bfc0dced9bc840f839965c0813d82ba792a3c261d1ca6f4575126e65,results/generated/consolidation-post-RC1/maude-aggregation-20261002T205122Z/report.json,b863135ef668a8a558166c216cfb5e0f747730801206cbd95b676aaf34e60515,results/generated/consolidation-post-RC1/maude-aggregation-20261002T205122Z/test_2025/phase_summary.json,cc087f735e507f93a2d0ad1e4a3715a35e82a10fa1eb445601412019cf855ebd,results/generated/consolidation-post-RC1/maude-aggregation-20261002T205122Z/test_2025/fit_epochs_30/epochs.jsonl.gz,9d634e56ec72d0775f6bbc5c1b5d427214a4f6620832c7ebafc644bbdaf772b6,b14d878a78f559b65c70fc872a51a59af4c5ae85
training_epoch,none30,nouvel entraînement D1,test_2025,test_2025,30,12,0.6931471805100077,81891,81891,0,127.7860707360087,127.402258857,2456730,2456730,0,150.30273603700334,149.846866824,302727168,28699696,,,,,,,,,,D1:maude-aggregation-20261002T205122Z,results/generated/consolidation-post-RC1/maude-aggregation-20261002T205122Z/run_manifest.json,03835cb2bfc0dced9bc840f839965c0813d82ba792a3c261d1ca6f4575126e65,results/generated/consolidation-post-RC1/maude-aggregation-20261002T205122Z/report.json,b863135ef668a8a558166c216cfb5e0f747730801206cbd95b676aaf34e60515,results/generated/consolidation-post-RC1/maude-aggregation-20261002T205122Z/test_2025/phase_summary.json,cc087f735e507f93a2d0ad1e4a3715a35e82a10fa1eb445601412019cf855ebd,results/generated/consolidation-post-RC1/maude-aggregation-20261002T205122Z/test_2025/fit_epochs_30/epochs.jsonl.gz,9d634e56ec72d0775f6bbc5c1b5d427214a4f6620832c7ebafc644bbdaf772b6,b14d878a78f559b65c70fc872a51a59af4c5ae85
training_epoch,none30,nouvel entraînement D1,test_2025,test_2025,30,13,0.693147180544799,81891,81891,0,127.7860707360087,127.402258857,2456730,2456730,0,150.30273603700334,149.846866824,302727168,28699696,,,,,,,,,,D1:maude-aggregation-20261002T205122Z,results/generated/consolidation-post-RC1/maude-aggregation-20261002T205122Z/run_manifest.json,03835cb2bfc0dced9bc840f839965c0813d82ba792a3c261d1ca6f4575126e65,results/generated/consolidation-post-RC1/maude-aggregation-20261002T205122Z/report.json,b863135ef668a8a558166c216cfb5e0f747730801206cbd95b676aaf34e60515,results/generated/consolidation-post-RC1/maude-aggregation-20261002T205122Z/test_2025/phase_summary.json,cc087f735e507f93a2d0ad1e4a3715a35e82a10fa1eb445601412019cf855ebd,results/generated/consolidation-post-RC1/maude-aggregation-20261002T205122Z/test_2025/fit_epochs_30/epochs.jsonl.gz,9d634e56ec72d0775f6bbc5c1b5d427214a4f6620832c7ebafc644bbdaf772b6,b14d878a78f559b65c70fc872a51a59af4c5ae85
training_epoch,none30,nouvel entraînement D1,test_2025,test_2025,30,14,0.6931471805559175,81891,81891,0,127.7860707360087,127.402258857,2456730,2456730,0,150.30273603700334,149.846866824,302727168,28699696,,,,,,,,,,D1:maude-aggregation-20261002T205122Z,results/generated/consolidation-post-RC1/maude-aggregation-20261002T205122Z/run_manifest.json,03835cb2bfc0dced9bc840f839965c0813d82ba792a3c261d1ca6f4575126e65,results/generated/consolidation-post-RC1/maude-aggregation-20261002T205122Z/report.json,b863135ef668a8a558166c216cfb5e0f747730801206cbd95b676aaf34e60515,results/generated/consolidation-post-RC1/maude-aggregation-20261002T205122Z/test_2025/phase_summary.json,cc087f735e507f93a2d0ad1e4a3715a35e82a10fa1eb445601412019cf855ebd,results/generated/consolidation-post-RC1/maude-aggregation-20261002T205122Z/test_2025/fit_epochs_30/epochs.jsonl.gz,9d634e56ec72d0775f6bbc5c1b5d427214a4f6620832c7ebafc644bbdaf772b6,b14d878a78f559b65c70fc872a51a59af4c5ae85
training_epoch,none30,nouvel entraînement D1,test_2025,test_2025,30,15,0.6931471805585434,81891,81891,0,127.7860707360087,127.402258857,2456730,2456730,0,150.30273603700334,149.846866824,302727168,28699696,,,,,,,,,,D1:maude-aggregation-20261002T205122Z,results/generated/consolidation-post-RC1/maude-aggregation-20261002T205122Z/run_manifest.json,03835cb2bfc0dced9bc840f839965c0813d82ba792a3c261d1ca6f4575126e65,results/generated/consolidation-post-RC1/maude-aggregation-20261002T205122Z/report.json,b863135ef668a8a558166c216cfb5e0f747730801206cbd95b676aaf34e60515,results/generated/consolidation-post-RC1/maude-aggregation-20261002T205122Z/test_2025/phase_summary.json,cc087f735e507f93a2d0ad1e4a3715a35e82a10fa1eb445601412019cf855ebd,results/generated/consolidation-post-RC1/maude-aggregation-20261002T205122Z/test_2025/fit_epochs_30/epochs.jsonl.gz,9d634e56ec72d0775f6bbc5c1b5d427214a4f6620832c7ebafc644bbdaf772b6,b14d878a78f559b65c70fc872a51a59af4c5ae85
training_epoch,none30,nouvel entraînement D1,test_2025,test_2025,30,16,0.693147180559247,81891,81891,0,127.7860707360087,127.402258857,2456730,2456730,0,150.30273603700334,149.846866824,302727168,28699696,,,,,,,,,,D1:maude-aggregation-20261002T205122Z,results/generated/consolidation-post-RC1/maude-aggregation-20261002T205122Z/run_manifest.json,03835cb2bfc0dced9bc840f839965c0813d82ba792a3c261d1ca6f4575126e65,results/generated/consolidation-post-RC1/maude-aggregation-20261002T205122Z/report.json,b863135ef668a8a558166c216cfb5e0f747730801206cbd95b676aaf34e60515,results/generated/consolidation-post-RC1/maude-aggregation-20261002T205122Z/test_2025/phase_summary.json,cc087f735e507f93a2d0ad1e4a3715a35e82a10fa1eb445601412019cf855ebd,results/generated/consolidation-post-RC1/maude-aggregation-20261002T205122Z/test_2025/fit_epochs_30/epochs.jsonl.gz,9d634e56ec72d0775f6bbc5c1b5d427214a4f6620832c7ebafc644bbdaf772b6,b14d878a78f559b65c70fc872a51a59af4c5ae85
training_epoch,none30,nouvel entraînement D1,test_2025,test_2025,30,17,0.6931471805591362,81891,81891,0,127.7860707360087,127.402258857,2456730,2456730,0,150.30273603700334,149.846866824,302727168,28699696,,,,,,,,,,D1:maude-aggregation-20261002T205122Z,results/generated/consolidation-post-RC1/maude-aggregation-20261002T205122Z/run_manifest.json,03835cb2bfc0dced9bc840f839965c0813d82ba792a3c261d1ca6f4575126e65,results/generated/consolidation-post-RC1/maude-aggregation-20261002T205122Z/report.json,b863135ef668a8a558166c216cfb5e0f747730801206cbd95b676aaf34e60515,results/generated/consolidation-post-RC1/maude-aggregation-20261002T205122Z/test_2025/phase_summary.json,cc087f735e507f93a2d0ad1e4a3715a35e82a10fa1eb445601412019cf855ebd,results/generated/consolidation-post-RC1/maude-aggregation-20261002T205122Z/test_2025/fit_epochs_30/epochs.jsonl.gz,9d634e56ec72d0775f6bbc5c1b5d427214a4f6620832c7ebafc644bbdaf772b6,b14d878a78f559b65c70fc872a51a59af4c5ae85
training_epoch,none30,nouvel entraînement D1,test_2025,test_2025,30,18,0.6931471805590065,81891,81891,0,127.7860707360087,127.402258857,2456730,2456730,0,150.30273603700334,149.846866824,302727168,28699696,,,,,,,,,,D1:maude-aggregation-20261002T205122Z,results/generated/consolidation-post-RC1/maude-aggregation-20261002T205122Z/run_manifest.json,03835cb2bfc0dced9bc840f839965c0813d82ba792a3c261d1ca6f4575126e65,results/generated/consolidation-post-RC1/maude-aggregation-20261002T205122Z/report.json,b863135ef668a8a558166c216cfb5e0f747730801206cbd95b676aaf34e60515,results/generated/consolidation-post-RC1/maude-aggregation-20261002T205122Z/test_2025/phase_summary.json,cc087f735e507f93a2d0ad1e4a3715a35e82a10fa1eb445601412019cf855ebd,results/generated/consolidation-post-RC1/maude-aggregation-20261002T205122Z/test_2025/fit_epochs_30/epochs.jsonl.gz,9d634e56ec72d0775f6bbc5c1b5d427214a4f6620832c7ebafc644bbdaf772b6,b14d878a78f559b65c70fc872a51a59af4c5ae85
training_epoch,none30,nouvel entraînement D1,test_2025,test_2025,30,19,0.6931471805588615,81891,81891,0,127.7860707360087,127.402258857,2456730,2456730,0,150.30273603700334,149.846866824,302727168,28699696,,,,,,,,,,D1:maude-aggregation-20261002T205122Z,results/generated/consolidation-post-RC1/maude-aggregation-20261002T205122Z/run_manifest.json,03835cb2bfc0dced9bc840f839965c0813d82ba792a3c261d1ca6f4575126e65,results/generated/consolidation-post-RC1/maude-aggregation-20261002T205122Z/report.json,b863135ef668a8a558166c216cfb5e0f747730801206cbd95b676aaf34e60515,results/generated/consolidation-post-RC1/maude-aggregation-20261002T205122Z/test_2025/phase_summary.json,cc087f735e507f93a2d0ad1e4a3715a35e82a10fa1eb445601412019cf855ebd,results/generated/consolidation-post-RC1/maude-aggregation-20261002T205122Z/test_2025/fit_epochs_30/epochs.jsonl.gz,9d634e56ec72d0775f6bbc5c1b5d427214a4f6620832c7ebafc644bbdaf772b6,b14d878a78f559b65c70fc872a51a59af4c5ae85
training_epoch,none30,nouvel entraînement D1,test_2025,test_2025,30,20,0.6931471805588146,81891,81891,0,127.7860707360087,127.402258857,2456730,2456730,0,150.30273603700334,149.846866824,302727168,28699696,,,,,,,,,,D1:maude-aggregation-20261002T205122Z,results/generated/consolidation-post-RC1/maude-aggregation-20261002T205122Z/run_manifest.json,03835cb2bfc0dced9bc840f839965c0813d82ba792a3c261d1ca6f4575126e65,results/generated/consolidation-post-RC1/maude-aggregation-20261002T205122Z/report.json,b863135ef668a8a558166c216cfb5e0f747730801206cbd95b676aaf34e60515,results/generated/consolidation-post-RC1/maude-aggregation-20261002T205122Z/test_2025/phase_summary.json,cc087f735e507f93a2d0ad1e4a3715a35e82a10fa1eb445601412019cf855ebd,results/generated/consolidation-post-RC1/maude-aggregation-20261002T205122Z/test_2025/fit_epochs_30/epochs.jsonl.gz,9d634e56ec72d0775f6bbc5c1b5d427214a4f6620832c7ebafc644bbdaf772b6,b14d878a78f559b65c70fc872a51a59af4c5ae85
training_epoch,none30,nouvel entraînement D1,test_2025,test_2025,30,21,0.6931471805588163,81891,81891,0,127.7860707360087,127.402258857,2456730,2456730,0,150.30273603700334,149.846866824,302727168,28699696,,,,,,,,,,D1:maude-aggregation-20261002T205122Z,results/generated/consolidation-post-RC1/maude-aggregation-20261002T205122Z/run_manifest.json,03835cb2bfc0dced9bc840f839965c0813d82ba792a3c261d1ca6f4575126e65,results/generated/consolidation-post-RC1/maude-aggregation-20261002T205122Z/report.json,b863135ef668a8a558166c216cfb5e0f747730801206cbd95b676aaf34e60515,results/generated/consolidation-post-RC1/maude-aggregation-20261002T205122Z/test_2025/phase_summary.json,cc087f735e507f93a2d0ad1e4a3715a35e82a10fa1eb445601412019cf855ebd,results/generated/consolidation-post-RC1/maude-aggregation-20261002T205122Z/test_2025/fit_epochs_30/epochs.jsonl.gz,9d634e56ec72d0775f6bbc5c1b5d427214a4f6620832c7ebafc644bbdaf772b6,b14d878a78f559b65c70fc872a51a59af4c5ae85
training_epoch,none30,nouvel entraînement D1,test_2025,test_2025,30,22,0.6931471805588163,81891,81891,0,127.7860707360087,127.402258857,2456730,2456730,0,150.30273603700334,149.846866824,302727168,28699696,,,,,,,,,,D1:maude-aggregation-20261002T205122Z,results/generated/consolidation-post-RC1/maude-aggregation-20261002T205122Z/run_manifest.json,03835cb2bfc0dced9bc840f839965c0813d82ba792a3c261d1ca6f4575126e65,results/generated/consolidation-post-RC1/maude-aggregation-20261002T205122Z/report.json,b863135ef668a8a558166c216cfb5e0f747730801206cbd95b676aaf34e60515,results/generated/consolidation-post-RC1/maude-aggregation-20261002T205122Z/test_2025/phase_summary.json,cc087f735e507f93a2d0ad1e4a3715a35e82a10fa1eb445601412019cf855ebd,results/generated/consolidation-post-RC1/maude-aggregation-20261002T205122Z/test_2025/fit_epochs_30/epochs.jsonl.gz,9d634e56ec72d0775f6bbc5c1b5d427214a4f6620832c7ebafc644bbdaf772b6,b14d878a78f559b65c70fc872a51a59af4c5ae85
training_epoch,none30,nouvel entraînement D1,test_2025,test_2025,30,23,0.6931471805588162,81891,81891,0,127.7860707360087,127.402258857,2456730,2456730,0,150.30273603700334,149.846866824,302727168,28699696,,,,,,,,,,D1:maude-aggregation-20261002T205122Z,results/generated/consolidation-post-RC1/maude-aggregation-20261002T205122Z/run_manifest.json,03835cb2bfc0dced9bc840f839965c0813d82ba792a3c261d1ca6f4575126e65,results/generated/consolidation-post-RC1/maude-aggregation-20261002T205122Z/report.json,b863135ef668a8a558166c216cfb5e0f747730801206cbd95b676aaf34e60515,results/generated/consolidation-post-RC1/maude-aggregation-20261002T205122Z/test_2025/phase_summary.json,cc087f735e507f93a2d0ad1e4a3715a35e82a10fa1eb445601412019cf855ebd,results/generated/consolidation-post-RC1/maude-aggregation-20261002T205122Z/test_2025/fit_epochs_30/epochs.jsonl.gz,9d634e56ec72d0775f6bbc5c1b5d427214a4f6620832c7ebafc644bbdaf772b6,b14d878a78f559b65c70fc872a51a59af4c5ae85
training_epoch,none30,nouvel entraînement D1,test_2025,test_2025,30,24,0.6931471805588161,81891,81891,0,127.7860707360087,127.402258857,2456730,2456730,0,150.30273603700334,149.846866824,302727168,28699696,,,,,,,,,,D1:maude-aggregation-20261002T205122Z,results/generated/consolidation-post-RC1/maude-aggregation-20261002T205122Z/run_manifest.json,03835cb2bfc0dced9bc840f839965c0813d82ba792a3c261d1ca6f4575126e65,results/generated/consolidation-post-RC1/maude-aggregation-20261002T205122Z/report.json,b863135ef668a8a558166c216cfb5e0f747730801206cbd95b676aaf34e60515,results/generated/consolidation-post-RC1/maude-aggregation-20261002T205122Z/test_2025/phase_summary.json,cc087f735e507f93a2d0ad1e4a3715a35e82a10fa1eb445601412019cf855ebd,results/generated/consolidation-post-RC1/maude-aggregation-20261002T205122Z/test_2025/fit_epochs_30/epochs.jsonl.gz,9d634e56ec72d0775f6bbc5c1b5d427214a4f6620832c7ebafc644bbdaf772b6,b14d878a78f559b65c70fc872a51a59af4c5ae85
training_epoch,none30,nouvel entraînement D1,test_2025,test_2025,30,25,0.6931471805588161,81891,81891,0,127.7860707360087,127.402258857,2456730,2456730,0,150.30273603700334,149.846866824,302727168,28699696,,,,,,,,,,D1:maude-aggregation-20261002T205122Z,results/generated/consolidation-post-RC1/maude-aggregation-20261002T205122Z/run_manifest.json,03835cb2bfc0dced9bc840f839965c0813d82ba792a3c261d1ca6f4575126e65,results/generated/consolidation-post-RC1/maude-aggregation-20261002T205122Z/report.json,b863135ef668a8a558166c216cfb5e0f747730801206cbd95b676aaf34e60515,results/generated/consolidation-post-RC1/maude-aggregation-20261002T205122Z/test_2025/phase_summary.json,cc087f735e507f93a2d0ad1e4a3715a35e82a10fa1eb445601412019cf855ebd,results/generated/consolidation-post-RC1/maude-aggregation-20261002T205122Z/test_2025/fit_epochs_30/epochs.jsonl.gz,9d634e56ec72d0775f6bbc5c1b5d427214a4f6620832c7ebafc644bbdaf772b6,b14d878a78f559b65c70fc872a51a59af4c5ae85
training_epoch,none30,nouvel entraînement D1,test_2025,test_2025,30,26,0.6931471805588161,81891,81891,0,127.7860707360087,127.402258857,2456730,2456730,0,150.30273603700334,149.846866824,302727168,28699696,,,,,,,,,,D1:maude-aggregation-20261002T205122Z,results/generated/consolidation-post-RC1/maude-aggregation-20261002T205122Z/run_manifest.json,03835cb2bfc0dced9bc840f839965c0813d82ba792a3c261d1ca6f4575126e65,results/generated/consolidation-post-RC1/maude-aggregation-20261002T205122Z/report.json,b863135ef668a8a558166c216cfb5e0f747730801206cbd95b676aaf34e60515,results/generated/consolidation-post-RC1/maude-aggregation-20261002T205122Z/test_2025/phase_summary.json,cc087f735e507f93a2d0ad1e4a3715a35e82a10fa1eb445601412019cf855ebd,results/generated/consolidation-post-RC1/maude-aggregation-20261002T205122Z/test_2025/fit_epochs_30/epochs.jsonl.gz,9d634e56ec72d0775f6bbc5c1b5d427214a4f6620832c7ebafc644bbdaf772b6,b14d878a78f559b65c70fc872a51a59af4c5ae85
training_epoch,none30,nouvel entraînement D1,test_2025,test_2025,30,27,0.6931471805588161,81891,81891,0,127.7860707360087,127.402258857,2456730,2456730,0,150.30273603700334,149.846866824,302727168,28699696,,,,,,,,,,D1:maude-aggregation-20261002T205122Z,results/generated/consolidation-post-RC1/maude-aggregation-20261002T205122Z/run_manifest.json,03835cb2bfc0dced9bc840f839965c0813d82ba792a3c261d1ca6f4575126e65,results/generated/consolidation-post-RC1/maude-aggregation-20261002T205122Z/report.json,b863135ef668a8a558166c216cfb5e0f747730801206cbd95b676aaf34e60515,results/generated/consolidation-post-RC1/maude-aggregation-20261002T205122Z/test_2025/phase_summary.json,cc087f735e507f93a2d0ad1e4a3715a35e82a10fa1eb445601412019cf855ebd,results/generated/consolidation-post-RC1/maude-aggregation-20261002T205122Z/test_2025/fit_epochs_30/epochs.jsonl.gz,9d634e56ec72d0775f6bbc5c1b5d427214a4f6620832c7ebafc644bbdaf772b6,b14d878a78f559b65c70fc872a51a59af4c5ae85
training_epoch,none30,nouvel entraînement D1,test_2025,test_2025,30,28,0.6931471805588161,81891,81891,0,127.7860707360087,127.402258857,2456730,2456730,0,150.30273603700334,149.846866824,302727168,28699696,,,,,,,,,,D1:maude-aggregation-20261002T205122Z,results/generated/consolidation-post-RC1/maude-aggregation-20261002T205122Z/run_manifest.json,03835cb2bfc0dced9bc840f839965c0813d82ba792a3c261d1ca6f4575126e65,results/generated/consolidation-post-RC1/maude-aggregation-20261002T205122Z/report.json,b863135ef668a8a558166c216cfb5e0f747730801206cbd95b676aaf34e60515,results/generated/consolidation-post-RC1/maude-aggregation-20261002T205122Z/test_2025/phase_summary.json,cc087f735e507f93a2d0ad1e4a3715a35e82a10fa1eb445601412019cf855ebd,results/generated/consolidation-post-RC1/maude-aggregation-20261002T205122Z/test_2025/fit_epochs_30/epochs.jsonl.gz,9d634e56ec72d0775f6bbc5c1b5d427214a4f6620832c7ebafc644bbdaf772b6,b14d878a78f559b65c70fc872a51a59af4c5ae85
training_epoch,none30,nouvel entraînement D1,test_2025,test_2025,30,29,0.6931471805588161,81891,81891,0,127.7860707360087,127.402258857,2456730,2456730,0,150.30273603700334,149.846866824,302727168,28699696,,,,,,,,,,D1:maude-aggregation-20261002T205122Z,results/generated/consolidation-post-RC1/maude-aggregation-20261002T205122Z/run_manifest.json,03835cb2bfc0dced9bc840f839965c0813d82ba792a3c261d1ca6f4575126e65,results/generated/consolidation-post-RC1/maude-aggregation-20261002T205122Z/report.json,b863135ef668a8a558166c216cfb5e0f747730801206cbd95b676aaf34e60515,results/generated/consolidation-post-RC1/maude-aggregation-20261002T205122Z/test_2025/phase_summary.json,cc087f735e507f93a2d0ad1e4a3715a35e82a10fa1eb445601412019cf855ebd,results/generated/consolidation-post-RC1/maude-aggregation-20261002T205122Z/test_2025/fit_epochs_30/epochs.jsonl.gz,9d634e56ec72d0775f6bbc5c1b5d427214a4f6620832c7ebafc644bbdaf772b6,b14d878a78f559b65c70fc872a51a59af4c5ae85
training_epoch,none30,nouvel entraînement D1,test_2025,test_2025,30,30,0.6931471805588161,81891,81891,0,127.7860707360087,127.402258857,2456730,2456730,0,150.30273603700334,149.846866824,302727168,28699696,,,,,,,,,,D1:maude-aggregation-20261002T205122Z,results/generated/consolidation-post-RC1/maude-aggregation-20261002T205122Z/run_manifest.json,03835cb2bfc0dced9bc840f839965c0813d82ba792a3c261d1ca6f4575126e65,results/generated/consolidation-post-RC1/maude-aggregation-20261002T205122Z/report.json,b863135ef668a8a558166c216cfb5e0f747730801206cbd95b676aaf34e60515,results/generated/consolidation-post-RC1/maude-aggregation-20261002T205122Z/test_2025/phase_summary.json,cc087f735e507f93a2d0ad1e4a3715a35e82a10fa1eb445601412019cf855ebd,results/generated/consolidation-post-RC1/maude-aggregation-20261002T205122Z/test_2025/fit_epochs_30/epochs.jsonl.gz,9d634e56ec72d0775f6bbc5c1b5d427214a4f6620832c7ebafc644bbdaf772b6,b14d878a78f559b65c70fc872a51a59af4c5ae85
fit_summary,mean30,réutilisé depuis C,validation_2023,validation_2023,30,,,,,,272.0915981569851,269.570137795,2030280,2030280,0,482.3596412370098,478.75906029299995,249405440,116627455,,,,,,,,,,C:maude-duration-20261002T172405Z,results/generated/consolidation-post-RC1/maude-duration-20261002T172405Z/run_manifest.json,41f104f7b08c959b7c1c979e8448b7ab40a263f730a532aa74a0642e926d8fbb,results/generated/consolidation-post-RC1/maude-duration-20261002T172405Z/report.json,36517f4de36e7274c68219755efd9edc36028f170e4c3a4deed58bc8d445bedc,results/generated/consolidation-post-RC1/maude-duration-20261002T172405Z/validation_2023/validation_summary.json,478e4a27800b6086029828e8e8ee5af79c1ad2c603e081a15cd94efdbb5b7b5e,results/generated/consolidation-post-RC1/maude-duration-20261002T172405Z/validation_2023/fit_epochs_30/epochs.jsonl.gz,6fe5a0154068830322f9c385f1c0563571b34b5329060ac037d87a25acb141d7,4a22c2addc8203efd2b38a60c416270855c3bf3b
fit_summary,mean30,réutilisé depuis C,test_2024,test_2024,30,,,,,,309.8165859900182,307.938674359,2269710,2269710,0,329.3184531859879,327.363863712,235630592,24442575,,,,,,,,,,C:maude-duration-20261002T172405Z,results/generated/consolidation-post-RC1/maude-duration-20261002T172405Z/run_manifest.json,41f104f7b08c959b7c1c979e8448b7ab40a263f730a532aa74a0642e926d8fbb,results/generated/consolidation-post-RC1/maude-duration-20261002T172405Z/report.json,36517f4de36e7274c68219755efd9edc36028f170e4c3a4deed58bc8d445bedc,results/generated/consolidation-post-RC1/maude-duration-20261002T172405Z/test_2024/phase_summary.json,80e055e94fb589012123b352fbf68a75e12232e80865ec61982fe9296e7cbbfb,results/generated/consolidation-post-RC1/maude-duration-20261002T172405Z/test_2024/fit_epochs_30/epochs.jsonl.gz,5b4b46fa9e1e9b4f9e638da36a9d401053c465511710d8267b37c8262ec7a9b4,4a22c2addc8203efd2b38a60c416270855c3bf3b
fit_summary,mean30,réutilisé depuis C,test_2025,test_2025,30,,,,,,333.7489462060039,332.469206424,2456730,2456730,0,356.21360963300685,354.86002935100004,238419968,28668881,,,,,,,,,,C:maude-duration-20261002T172405Z,results/generated/consolidation-post-RC1/maude-duration-20261002T172405Z/run_manifest.json,41f104f7b08c959b7c1c979e8448b7ab40a263f730a532aa74a0642e926d8fbb,results/generated/consolidation-post-RC1/maude-duration-20261002T172405Z/report.json,36517f4de36e7274c68219755efd9edc36028f170e4c3a4deed58bc8d445bedc,results/generated/consolidation-post-RC1/maude-duration-20261002T172405Z/test_2025/phase_summary.json,4f9ae86d9ec8ca11fa7996773a050a001969b59ccb1ba7a024ceff7eb46796be,results/generated/consolidation-post-RC1/maude-duration-20261002T172405Z/test_2025/fit_epochs_30/epochs.jsonl.gz,d680c070bd05923f5a2da30c53b190b24479675b45ec1a2e9a6e63464fba3bd3,4a22c2addc8203efd2b38a60c416270855c3bf3b
fit_summary,none30,nouvel entraînement D1,validation_2023,validation_2023,30,,,,,,105.23305495697423,104.898574693,2030280,2030280,0,128.00492632202804,127.589380032,303284224,28982697,,,,,,,,,,D1:maude-aggregation-20261002T205122Z,results/generated/consolidation-post-RC1/maude-aggregation-20261002T205122Z/run_manifest.json,03835cb2bfc0dced9bc840f839965c0813d82ba792a3c261d1ca6f4575126e65,results/generated/consolidation-post-RC1/maude-aggregation-20261002T205122Z/report.json,b863135ef668a8a558166c216cfb5e0f747730801206cbd95b676aaf34e60515,results/generated/consolidation-post-RC1/maude-aggregation-20261002T205122Z/validation_2023/validation_summary.json,2cfc4a719cfa5bcb20471982b040e5449521b50e1ca94fd5a68b8869e709614a,results/generated/consolidation-post-RC1/maude-aggregation-20261002T205122Z/validation_2023/fit_epochs_30/epochs.jsonl.gz,24d0d904f23cd57ac11cbaccb63d59f579389f31b6f545f3f0acc7e364379b0c,b14d878a78f559b65c70fc872a51a59af4c5ae85
fit_summary,none30,nouvel entraînement D1,test_2024,test_2024,30,,,,,,117.5171298320056,117.036145049,2269710,2269710,0,136.89496369598783,136.32980348799998,300412928,24356623,,,,,,,,,,D1:maude-aggregation-20261002T205122Z,results/generated/consolidation-post-RC1/maude-aggregation-20261002T205122Z/run_manifest.json,03835cb2bfc0dced9bc840f839965c0813d82ba792a3c261d1ca6f4575126e65,results/generated/consolidation-post-RC1/maude-aggregation-20261002T205122Z/report.json,b863135ef668a8a558166c216cfb5e0f747730801206cbd95b676aaf34e60515,results/generated/consolidation-post-RC1/maude-aggregation-20261002T205122Z/test_2024/phase_summary.json,35fcacb5e1571eeb256370cff30140f8b2ab3b4f662aed4424be1376d750bae4,results/generated/consolidation-post-RC1/maude-aggregation-20261002T205122Z/test_2024/fit_epochs_30/epochs.jsonl.gz,fc45ecc0a0bd67e1140b8e936381862043cac25c629157043a68b185a3ccd453,b14d878a78f559b65c70fc872a51a59af4c5ae85
fit_summary,none30,nouvel entraînement D1,test_2025,test_2025,30,,,,,,127.7860707360087,127.402258857,2456730,2456730,0,150.30273603700334,149.846866824,302727168,28699696,,,,,,,,,,D1:maude-aggregation-20261002T205122Z,results/generated/consolidation-post-RC1/maude-aggregation-20261002T205122Z/run_manifest.json,03835cb2bfc0dced9bc840f839965c0813d82ba792a3c261d1ca6f4575126e65,results/generated/consolidation-post-RC1/maude-aggregation-20261002T205122Z/report.json,b863135ef668a8a558166c216cfb5e0f747730801206cbd95b676aaf34e60515,results/generated/consolidation-post-RC1/maude-aggregation-20261002T205122Z/test_2025/phase_summary.json,cc087f735e507f93a2d0ad1e4a3715a35e82a10fa1eb445601412019cf855ebd,results/generated/consolidation-post-RC1/maude-aggregation-20261002T205122Z/test_2025/fit_epochs_30/epochs.jsonl.gz,9d634e56ec72d0775f6bbc5c1b5d427214a4f6620832c7ebafc644bbdaf772b6,b14d878a78f559b65c70fc872a51a59af4c5ae85
metric_summary,mean30,réutilisé depuis C,validation_2023,validation_2023,30,,,,,,,,,,,,,,,recall_at_5,1,0.12225827384815055,942,7705,3483,1618588,7705,liens positifs,C:maude-duration-20261002T172405Z,results/generated/consolidation-post-RC1/maude-duration-20261002T172405Z/run_manifest.json,41f104f7b08c959b7c1c979e8448b7ab40a263f730a532aa74a0642e926d8fbb,results/generated/consolidation-post-RC1/maude-duration-20261002T172405Z/report.json,36517f4de36e7274c68219755efd9edc36028f170e4c3a4deed58bc8d445bedc,results/generated/consolidation-post-RC1/maude-duration-20261002T172405Z/validation_2023/validation_summary.json,478e4a27800b6086029828e8e8ee5af79c1ad2c603e081a15cd94efdbb5b7b5e,,,4a22c2addc8203efd2b38a60c416270855c3bf3b
metric_summary,mean30,réutilisé depuis C,validation_2023,validation_2023,30,,,,,,,,,,,,,,,recall_at_10,1,0.20506164828033743,1580,7705,3483,1618588,7705,liens positifs,C:maude-duration-20261002T172405Z,results/generated/consolidation-post-RC1/maude-duration-20261002T172405Z/run_manifest.json,41f104f7b08c959b7c1c979e8448b7ab40a263f730a532aa74a0642e926d8fbb,results/generated/consolidation-post-RC1/maude-duration-20261002T172405Z/report.json,36517f4de36e7274c68219755efd9edc36028f170e4c3a4deed58bc8d445bedc,results/generated/consolidation-post-RC1/maude-duration-20261002T172405Z/validation_2023/validation_summary.json,478e4a27800b6086029828e8e8ee5af79c1ad2c603e081a15cd94efdbb5b7b5e,,,4a22c2addc8203efd2b38a60c416270855c3bf3b
metric_summary,mean30,réutilisé depuis C,validation_2023,validation_2023,30,,,,,,,,,,,,,,,recall_at_20,1,0.32329656067488644,2491,7705,3483,1618588,7705,liens positifs,C:maude-duration-20261002T172405Z,results/generated/consolidation-post-RC1/maude-duration-20261002T172405Z/run_manifest.json,41f104f7b08c959b7c1c979e8448b7ab40a263f730a532aa74a0642e926d8fbb,results/generated/consolidation-post-RC1/maude-duration-20261002T172405Z/report.json,36517f4de36e7274c68219755efd9edc36028f170e4c3a4deed58bc8d445bedc,results/generated/consolidation-post-RC1/maude-duration-20261002T172405Z/validation_2023/validation_summary.json,478e4a27800b6086029828e8e8ee5af79c1ad2c603e081a15cd94efdbb5b7b5e,,,4a22c2addc8203efd2b38a60c416270855c3bf3b
metric_summary,mean30,réutilisé depuis C,validation_2023,validation_2023,30,,,,,,,,,,,,,,,macro_recall_at_10,1,0.2365042607762779,,7705,3483,1618588,3483,produits avec positifs,C:maude-duration-20261002T172405Z,results/generated/consolidation-post-RC1/maude-duration-20261002T172405Z/run_manifest.json,41f104f7b08c959b7c1c979e8448b7ab40a263f730a532aa74a0642e926d8fbb,results/generated/consolidation-post-RC1/maude-duration-20261002T172405Z/report.json,36517f4de36e7274c68219755efd9edc36028f170e4c3a4deed58bc8d445bedc,results/generated/consolidation-post-RC1/maude-duration-20261002T172405Z/validation_2023/validation_summary.json,478e4a27800b6086029828e8e8ee5af79c1ad2c603e081a15cd94efdbb5b7b5e,,,4a22c2addc8203efd2b38a60c416270855c3bf3b
metric_summary,mean30,réutilisé depuis C,validation_2023,validation_2023,30,,,,,,,,,,,,,,,mrr,1,0.16802082425307655,,7705,3483,1618588,3483,produits avec positifs,C:maude-duration-20261002T172405Z,results/generated/consolidation-post-RC1/maude-duration-20261002T172405Z/run_manifest.json,41f104f7b08c959b7c1c979e8448b7ab40a263f730a532aa74a0642e926d8fbb,results/generated/consolidation-post-RC1/maude-duration-20261002T172405Z/report.json,36517f4de36e7274c68219755efd9edc36028f170e4c3a4deed58bc8d445bedc,results/generated/consolidation-post-RC1/maude-duration-20261002T172405Z/validation_2023/validation_summary.json,478e4a27800b6086029828e8e8ee5af79c1ad2c603e081a15cd94efdbb5b7b5e,,,4a22c2addc8203efd2b38a60c416270855c3bf3b
metric_summary,mean30,réutilisé depuis C,test_2024,test_2024,30,,,,,,,,,,,,,,,recall_at_5,1,0.12243878060969515,735,6003,2950,1367736,6003,liens positifs,C:maude-duration-20261002T172405Z,results/generated/consolidation-post-RC1/maude-duration-20261002T172405Z/run_manifest.json,41f104f7b08c959b7c1c979e8448b7ab40a263f730a532aa74a0642e926d8fbb,results/generated/consolidation-post-RC1/maude-duration-20261002T172405Z/report.json,36517f4de36e7274c68219755efd9edc36028f170e4c3a4deed58bc8d445bedc,results/generated/consolidation-post-RC1/maude-duration-20261002T172405Z/test_2024/phase_summary.json,80e055e94fb589012123b352fbf68a75e12232e80865ec61982fe9296e7cbbfb,,,4a22c2addc8203efd2b38a60c416270855c3bf3b
metric_summary,mean30,réutilisé depuis C,test_2024,test_2024,30,,,,,,,,,,,,,,,recall_at_10,1,0.20089955022488756,1206,6003,2950,1367736,6003,liens positifs,C:maude-duration-20261002T172405Z,results/generated/consolidation-post-RC1/maude-duration-20261002T172405Z/run_manifest.json,41f104f7b08c959b7c1c979e8448b7ab40a263f730a532aa74a0642e926d8fbb,results/generated/consolidation-post-RC1/maude-duration-20261002T172405Z/report.json,36517f4de36e7274c68219755efd9edc36028f170e4c3a4deed58bc8d445bedc,results/generated/consolidation-post-RC1/maude-duration-20261002T172405Z/test_2024/phase_summary.json,80e055e94fb589012123b352fbf68a75e12232e80865ec61982fe9296e7cbbfb,,,4a22c2addc8203efd2b38a60c416270855c3bf3b
metric_summary,mean30,réutilisé depuis C,test_2024,test_2024,30,,,,,,,,,,,,,,,recall_at_20,1,0.309511910711311,1858,6003,2950,1367736,6003,liens positifs,C:maude-duration-20261002T172405Z,results/generated/consolidation-post-RC1/maude-duration-20261002T172405Z/run_manifest.json,41f104f7b08c959b7c1c979e8448b7ab40a263f730a532aa74a0642e926d8fbb,results/generated/consolidation-post-RC1/maude-duration-20261002T172405Z/report.json,36517f4de36e7274c68219755efd9edc36028f170e4c3a4deed58bc8d445bedc,results/generated/consolidation-post-RC1/maude-duration-20261002T172405Z/test_2024/phase_summary.json,80e055e94fb589012123b352fbf68a75e12232e80865ec61982fe9296e7cbbfb,,,4a22c2addc8203efd2b38a60c416270855c3bf3b
metric_summary,mean30,réutilisé depuis C,test_2024,test_2024,30,,,,,,,,,,,,,,,macro_recall_at_10,1,0.23364138458087047,,6003,2950,1367736,2950,produits avec positifs,C:maude-duration-20261002T172405Z,results/generated/consolidation-post-RC1/maude-duration-20261002T172405Z/run_manifest.json,41f104f7b08c959b7c1c979e8448b7ab40a263f730a532aa74a0642e926d8fbb,results/generated/consolidation-post-RC1/maude-duration-20261002T172405Z/report.json,36517f4de36e7274c68219755efd9edc36028f170e4c3a4deed58bc8d445bedc,results/generated/consolidation-post-RC1/maude-duration-20261002T172405Z/test_2024/phase_summary.json,80e055e94fb589012123b352fbf68a75e12232e80865ec61982fe9296e7cbbfb,,,4a22c2addc8203efd2b38a60c416270855c3bf3b
metric_summary,mean30,réutilisé depuis C,test_2024,test_2024,30,,,,,,,,,,,,,,,mrr,1,0.16233696881677334,,6003,2950,1367736,2950,produits avec positifs,C:maude-duration-20261002T172405Z,results/generated/consolidation-post-RC1/maude-duration-20261002T172405Z/run_manifest.json,41f104f7b08c959b7c1c979e8448b7ab40a263f730a532aa74a0642e926d8fbb,results/generated/consolidation-post-RC1/maude-duration-20261002T172405Z/report.json,36517f4de36e7274c68219755efd9edc36028f170e4c3a4deed58bc8d445bedc,results/generated/consolidation-post-RC1/maude-duration-20261002T172405Z/test_2024/phase_summary.json,80e055e94fb589012123b352fbf68a75e12232e80865ec61982fe9296e7cbbfb,,,4a22c2addc8203efd2b38a60c416270855c3bf3b
metric_summary,mean30,réutilisé depuis C,test_2025,test_2025,30,,,,,,,,,,,,,,,recall_at_5,1,0.13122298145307487,941,7171,3420,1607420,7171,liens positifs,C:maude-duration-20261002T172405Z,results/generated/consolidation-post-RC1/maude-duration-20261002T172405Z/run_manifest.json,41f104f7b08c959b7c1c979e8448b7ab40a263f730a532aa74a0642e926d8fbb,results/generated/consolidation-post-RC1/maude-duration-20261002T172405Z/report.json,36517f4de36e7274c68219755efd9edc36028f170e4c3a4deed58bc8d445bedc,results/generated/consolidation-post-RC1/maude-duration-20261002T172405Z/test_2025/phase_summary.json,4f9ae86d9ec8ca11fa7996773a050a001969b59ccb1ba7a024ceff7eb46796be,,,4a22c2addc8203efd2b38a60c416270855c3bf3b
metric_summary,mean30,réutilisé depuis C,test_2025,test_2025,30,,,,,,,,,,,,,,,recall_at_10,1,0.21879793613164134,1569,7171,3420,1607420,7171,liens positifs,C:maude-duration-20261002T172405Z,results/generated/consolidation-post-RC1/maude-duration-20261002T172405Z/run_manifest.json,41f104f7b08c959b7c1c979e8448b7ab40a263f730a532aa74a0642e926d8fbb,results/generated/consolidation-post-RC1/maude-duration-20261002T172405Z/report.json,36517f4de36e7274c68219755efd9edc36028f170e4c3a4deed58bc8d445bedc,results/generated/consolidation-post-RC1/maude-duration-20261002T172405Z/test_2025/phase_summary.json,4f9ae86d9ec8ca11fa7996773a050a001969b59ccb1ba7a024ceff7eb46796be,,,4a22c2addc8203efd2b38a60c416270855c3bf3b
metric_summary,mean30,réutilisé depuis C,test_2025,test_2025,30,,,,,,,,,,,,,,,recall_at_20,1,0.32966113512759726,2364,7171,3420,1607420,7171,liens positifs,C:maude-duration-20261002T172405Z,results/generated/consolidation-post-RC1/maude-duration-20261002T172405Z/run_manifest.json,41f104f7b08c959b7c1c979e8448b7ab40a263f730a532aa74a0642e926d8fbb,results/generated/consolidation-post-RC1/maude-duration-20261002T172405Z/report.json,36517f4de36e7274c68219755efd9edc36028f170e4c3a4deed58bc8d445bedc,results/generated/consolidation-post-RC1/maude-duration-20261002T172405Z/test_2025/phase_summary.json,4f9ae86d9ec8ca11fa7996773a050a001969b59ccb1ba7a024ceff7eb46796be,,,4a22c2addc8203efd2b38a60c416270855c3bf3b
metric_summary,mean30,réutilisé depuis C,test_2025,test_2025,30,,,,,,,,,,,,,,,macro_recall_at_10,1,0.250324262278705,,7171,3420,1607420,3420,produits avec positifs,C:maude-duration-20261002T172405Z,results/generated/consolidation-post-RC1/maude-duration-20261002T172405Z/run_manifest.json,41f104f7b08c959b7c1c979e8448b7ab40a263f730a532aa74a0642e926d8fbb,results/generated/consolidation-post-RC1/maude-duration-20261002T172405Z/report.json,36517f4de36e7274c68219755efd9edc36028f170e4c3a4deed58bc8d445bedc,results/generated/consolidation-post-RC1/maude-duration-20261002T172405Z/test_2025/phase_summary.json,4f9ae86d9ec8ca11fa7996773a050a001969b59ccb1ba7a024ceff7eb46796be,,,4a22c2addc8203efd2b38a60c416270855c3bf3b
metric_summary,mean30,réutilisé depuis C,test_2025,test_2025,30,,,,,,,,,,,,,,,mrr,1,0.1720976149131303,,7171,3420,1607420,3420,produits avec positifs,C:maude-duration-20261002T172405Z,results/generated/consolidation-post-RC1/maude-duration-20261002T172405Z/run_manifest.json,41f104f7b08c959b7c1c979e8448b7ab40a263f730a532aa74a0642e926d8fbb,results/generated/consolidation-post-RC1/maude-duration-20261002T172405Z/report.json,36517f4de36e7274c68219755efd9edc36028f170e4c3a4deed58bc8d445bedc,results/generated/consolidation-post-RC1/maude-duration-20261002T172405Z/test_2025/phase_summary.json,4f9ae86d9ec8ca11fa7996773a050a001969b59ccb1ba7a024ceff7eb46796be,,,4a22c2addc8203efd2b38a60c416270855c3bf3b
metric_summary,mean30,réutilisé depuis C,test_2024_2025_groupé,test_2024_2025_groupé,30,,,,,,,,,,,,,,,recall_at_5,1,0.12722028237437377,1676,13174,6370,2975156,13174,liens positifs,C:maude-duration-20261002T172405Z,results/generated/consolidation-post-RC1/maude-duration-20261002T172405Z/run_manifest.json,41f104f7b08c959b7c1c979e8448b7ab40a263f730a532aa74a0642e926d8fbb,results/generated/consolidation-post-RC1/maude-duration-20261002T172405Z/report.json,36517f4de36e7274c68219755efd9edc36028f170e4c3a4deed58bc8d445bedc,results/generated/consolidation-post-RC1/maude-duration-20261002T172405Z/test_aggregate_2024_2025.json,9330d5ecc0f3c713cae5a9afbf596f8448a8ff30c421fd66f18cdceb433eaf9c,,,4a22c2addc8203efd2b38a60c416270855c3bf3b
metric_summary,mean30,réutilisé depuis C,test_2024_2025_groupé,test_2024_2025_groupé,30,,,,,,,,,,,,,,,recall_at_10,1,0.21064217397904964,2775,13174,6370,2975156,13174,liens positifs,C:maude-duration-20261002T172405Z,results/generated/consolidation-post-RC1/maude-duration-20261002T172405Z/run_manifest.json,41f104f7b08c959b7c1c979e8448b7ab40a263f730a532aa74a0642e926d8fbb,results/generated/consolidation-post-RC1/maude-duration-20261002T172405Z/report.json,36517f4de36e7274c68219755efd9edc36028f170e4c3a4deed58bc8d445bedc,results/generated/consolidation-post-RC1/maude-duration-20261002T172405Z/test_aggregate_2024_2025.json,9330d5ecc0f3c713cae5a9afbf596f8448a8ff30c421fd66f18cdceb433eaf9c,,,4a22c2addc8203efd2b38a60c416270855c3bf3b
metric_summary,mean30,réutilisé depuis C,test_2024_2025_groupé,test_2024_2025_groupé,30,,,,,,,,,,,,,,,recall_at_20,1,0.32047973280704417,4222,13174,6370,2975156,13174,liens positifs,C:maude-duration-20261002T172405Z,results/generated/consolidation-post-RC1/maude-duration-20261002T172405Z/run_manifest.json,41f104f7b08c959b7c1c979e8448b7ab40a263f730a532aa74a0642e926d8fbb,results/generated/consolidation-post-RC1/maude-duration-20261002T172405Z/report.json,36517f4de36e7274c68219755efd9edc36028f170e4c3a4deed58bc8d445bedc,results/generated/consolidation-post-RC1/maude-duration-20261002T172405Z/test_aggregate_2024_2025.json,9330d5ecc0f3c713cae5a9afbf596f8448a8ff30c421fd66f18cdceb433eaf9c,,,4a22c2addc8203efd2b38a60c416270855c3bf3b
metric_summary,mean30,réutilisé depuis C,test_2024_2025_groupé,test_2024_2025_groupé,30,,,,,,,,,,,,,,,macro_recall_at_10,1,0.24259828281110501,,13174,6370,2975156,6370,produits avec positifs,C:maude-duration-20261002T172405Z,results/generated/consolidation-post-RC1/maude-duration-20261002T172405Z/run_manifest.json,41f104f7b08c959b7c1c979e8448b7ab40a263f730a532aa74a0642e926d8fbb,results/generated/consolidation-post-RC1/maude-duration-20261002T172405Z/report.json,36517f4de36e7274c68219755efd9edc36028f170e4c3a4deed58bc8d445bedc,results/generated/consolidation-post-RC1/maude-duration-20261002T172405Z/test_aggregate_2024_2025.json,9330d5ecc0f3c713cae5a9afbf596f8448a8ff30c421fd66f18cdceb433eaf9c,,,4a22c2addc8203efd2b38a60c416270855c3bf3b
metric_summary,mean30,réutilisé depuis C,test_2024_2025_groupé,test_2024_2025_groupé,30,,,,,,,,,,,,,,,mrr,1,0.16757737849488022,,13174,6370,2975156,6370,produits avec positifs,C:maude-duration-20261002T172405Z,results/generated/consolidation-post-RC1/maude-duration-20261002T172405Z/run_manifest.json,41f104f7b08c959b7c1c979e8448b7ab40a263f730a532aa74a0642e926d8fbb,results/generated/consolidation-post-RC1/maude-duration-20261002T172405Z/report.json,36517f4de36e7274c68219755efd9edc36028f170e4c3a4deed58bc8d445bedc,results/generated/consolidation-post-RC1/maude-duration-20261002T172405Z/test_aggregate_2024_2025.json,9330d5ecc0f3c713cae5a9afbf596f8448a8ff30c421fd66f18cdceb433eaf9c,,,4a22c2addc8203efd2b38a60c416270855c3bf3b
metric_summary,none30,nouvel entraînement D1,validation_2023,validation_2023,30,,,,,,,,,,,,,,,recall_at_5,1,0.020506164828033743,158,7705,3483,1618588,7705,liens positifs,D1:maude-aggregation-20261002T205122Z,results/generated/consolidation-post-RC1/maude-aggregation-20261002T205122Z/run_manifest.json,03835cb2bfc0dced9bc840f839965c0813d82ba792a3c261d1ca6f4575126e65,results/generated/consolidation-post-RC1/maude-aggregation-20261002T205122Z/report.json,b863135ef668a8a558166c216cfb5e0f747730801206cbd95b676aaf34e60515,results/generated/consolidation-post-RC1/maude-aggregation-20261002T205122Z/validation_2023/validation_summary.json,2cfc4a719cfa5bcb20471982b040e5449521b50e1ca94fd5a68b8869e709614a,,,b14d878a78f559b65c70fc872a51a59af4c5ae85
metric_summary,none30,nouvel entraînement D1,validation_2023,validation_2023,30,,,,,,,,,,,,,,,recall_at_10,1,0.031148604802076575,240,7705,3483,1618588,7705,liens positifs,D1:maude-aggregation-20261002T205122Z,results/generated/consolidation-post-RC1/maude-aggregation-20261002T205122Z/run_manifest.json,03835cb2bfc0dced9bc840f839965c0813d82ba792a3c261d1ca6f4575126e65,results/generated/consolidation-post-RC1/maude-aggregation-20261002T205122Z/report.json,b863135ef668a8a558166c216cfb5e0f747730801206cbd95b676aaf34e60515,results/generated/consolidation-post-RC1/maude-aggregation-20261002T205122Z/validation_2023/validation_summary.json,2cfc4a719cfa5bcb20471982b040e5449521b50e1ca94fd5a68b8869e709614a,,,b14d878a78f559b65c70fc872a51a59af4c5ae85
metric_summary,none30,nouvel entraînement D1,validation_2023,validation_2023,30,,,,,,,,,,,,,,,recall_at_20,1,0.05347177157689812,412,7705,3483,1618588,7705,liens positifs,D1:maude-aggregation-20261002T205122Z,results/generated/consolidation-post-RC1/maude-aggregation-20261002T205122Z/run_manifest.json,03835cb2bfc0dced9bc840f839965c0813d82ba792a3c261d1ca6f4575126e65,results/generated/consolidation-post-RC1/maude-aggregation-20261002T205122Z/report.json,b863135ef668a8a558166c216cfb5e0f747730801206cbd95b676aaf34e60515,results/generated/consolidation-post-RC1/maude-aggregation-20261002T205122Z/validation_2023/validation_summary.json,2cfc4a719cfa5bcb20471982b040e5449521b50e1ca94fd5a68b8869e709614a,,,b14d878a78f559b65c70fc872a51a59af4c5ae85
metric_summary,none30,nouvel entraînement D1,validation_2023,validation_2023,30,,,,,,,,,,,,,,,macro_recall_at_10,1,0.033186167315411484,,7705,3483,1618588,3483,produits avec positifs,D1:maude-aggregation-20261002T205122Z,results/generated/consolidation-post-RC1/maude-aggregation-20261002T205122Z/run_manifest.json,03835cb2bfc0dced9bc840f839965c0813d82ba792a3c261d1ca6f4575126e65,results/generated/consolidation-post-RC1/maude-aggregation-20261002T205122Z/report.json,b863135ef668a8a558166c216cfb5e0f747730801206cbd95b676aaf34e60515,results/generated/consolidation-post-RC1/maude-aggregation-20261002T205122Z/validation_2023/validation_summary.json,2cfc4a719cfa5bcb20471982b040e5449521b50e1ca94fd5a68b8869e709614a,,,b14d878a78f559b65c70fc872a51a59af4c5ae85
metric_summary,none30,nouvel entraînement D1,validation_2023,validation_2023,30,,,,,,,,,,,,,,,mrr,1,0.033308161361778874,,7705,3483,1618588,3483,produits avec positifs,D1:maude-aggregation-20261002T205122Z,results/generated/consolidation-post-RC1/maude-aggregation-20261002T205122Z/run_manifest.json,03835cb2bfc0dced9bc840f839965c0813d82ba792a3c261d1ca6f4575126e65,results/generated/consolidation-post-RC1/maude-aggregation-20261002T205122Z/report.json,b863135ef668a8a558166c216cfb5e0f747730801206cbd95b676aaf34e60515,results/generated/consolidation-post-RC1/maude-aggregation-20261002T205122Z/validation_2023/validation_summary.json,2cfc4a719cfa5bcb20471982b040e5449521b50e1ca94fd5a68b8869e709614a,,,b14d878a78f559b65c70fc872a51a59af4c5ae85
metric_summary,none30,nouvel entraînement D1,test_2024,test_2024,30,,,,,,,,,,,,,,,recall_at_5,1,0.022488755622188907,135,6003,2950,1367736,6003,liens positifs,D1:maude-aggregation-20261002T205122Z,results/generated/consolidation-post-RC1/maude-aggregation-20261002T205122Z/run_manifest.json,03835cb2bfc0dced9bc840f839965c0813d82ba792a3c261d1ca6f4575126e65,results/generated/consolidation-post-RC1/maude-aggregation-20261002T205122Z/report.json,b863135ef668a8a558166c216cfb5e0f747730801206cbd95b676aaf34e60515,results/generated/consolidation-post-RC1/maude-aggregation-20261002T205122Z/test_2024/phase_summary.json,35fcacb5e1571eeb256370cff30140f8b2ab3b4f662aed4424be1376d750bae4,,,b14d878a78f559b65c70fc872a51a59af4c5ae85
metric_summary,none30,nouvel entraînement D1,test_2024,test_2024,30,,,,,,,,,,,,,,,recall_at_10,1,0.03648175912043978,219,6003,2950,1367736,6003,liens positifs,D1:maude-aggregation-20261002T205122Z,results/generated/consolidation-post-RC1/maude-aggregation-20261002T205122Z/run_manifest.json,03835cb2bfc0dced9bc840f839965c0813d82ba792a3c261d1ca6f4575126e65,results/generated/consolidation-post-RC1/maude-aggregation-20261002T205122Z/report.json,b863135ef668a8a558166c216cfb5e0f747730801206cbd95b676aaf34e60515,results/generated/consolidation-post-RC1/maude-aggregation-20261002T205122Z/test_2024/phase_summary.json,35fcacb5e1571eeb256370cff30140f8b2ab3b4f662aed4424be1376d750bae4,,,b14d878a78f559b65c70fc872a51a59af4c5ae85
metric_summary,none30,nouvel entraînement D1,test_2024,test_2024,30,,,,,,,,,,,,,,,recall_at_20,1,0.062468765617191405,375,6003,2950,1367736,6003,liens positifs,D1:maude-aggregation-20261002T205122Z,results/generated/consolidation-post-RC1/maude-aggregation-20261002T205122Z/run_manifest.json,03835cb2bfc0dced9bc840f839965c0813d82ba792a3c261d1ca6f4575126e65,results/generated/consolidation-post-RC1/maude-aggregation-20261002T205122Z/report.json,b863135ef668a8a558166c216cfb5e0f747730801206cbd95b676aaf34e60515,results/generated/consolidation-post-RC1/maude-aggregation-20261002T205122Z/test_2024/phase_summary.json,35fcacb5e1571eeb256370cff30140f8b2ab3b4f662aed4424be1376d750bae4,,,b14d878a78f559b65c70fc872a51a59af4c5ae85
metric_summary,none30,nouvel entraînement D1,test_2024,test_2024,30,,,,,,,,,,,,,,,macro_recall_at_10,1,0.03665185993475039,,6003,2950,1367736,2950,produits avec positifs,D1:maude-aggregation-20261002T205122Z,results/generated/consolidation-post-RC1/maude-aggregation-20261002T205122Z/run_manifest.json,03835cb2bfc0dced9bc840f839965c0813d82ba792a3c261d1ca6f4575126e65,results/generated/consolidation-post-RC1/maude-aggregation-20261002T205122Z/report.json,b863135ef668a8a558166c216cfb5e0f747730801206cbd95b676aaf34e60515,results/generated/consolidation-post-RC1/maude-aggregation-20261002T205122Z/test_2024/phase_summary.json,35fcacb5e1571eeb256370cff30140f8b2ab3b4f662aed4424be1376d750bae4,,,b14d878a78f559b65c70fc872a51a59af4c5ae85
metric_summary,none30,nouvel entraînement D1,test_2024,test_2024,30,,,,,,,,,,,,,,,mrr,1,0.03655466877505691,,6003,2950,1367736,2950,produits avec positifs,D1:maude-aggregation-20261002T205122Z,results/generated/consolidation-post-RC1/maude-aggregation-20261002T205122Z/run_manifest.json,03835cb2bfc0dced9bc840f839965c0813d82ba792a3c261d1ca6f4575126e65,results/generated/consolidation-post-RC1/maude-aggregation-20261002T205122Z/report.json,b863135ef668a8a558166c216cfb5e0f747730801206cbd95b676aaf34e60515,results/generated/consolidation-post-RC1/maude-aggregation-20261002T205122Z/test_2024/phase_summary.json,35fcacb5e1571eeb256370cff30140f8b2ab3b4f662aed4424be1376d750bae4,,,b14d878a78f559b65c70fc872a51a59af4c5ae85
metric_summary,none30,nouvel entraînement D1,test_2025,test_2025,30,,,,,,,,,,,,,,,recall_at_5,1,0.019244177938920654,138,7171,3420,1607420,7171,liens positifs,D1:maude-aggregation-20261002T205122Z,results/generated/consolidation-post-RC1/maude-aggregation-20261002T205122Z/run_manifest.json,03835cb2bfc0dced9bc840f839965c0813d82ba792a3c261d1ca6f4575126e65,results/generated/consolidation-post-RC1/maude-aggregation-20261002T205122Z/report.json,b863135ef668a8a558166c216cfb5e0f747730801206cbd95b676aaf34e60515,results/generated/consolidation-post-RC1/maude-aggregation-20261002T205122Z/test_2025/phase_summary.json,cc087f735e507f93a2d0ad1e4a3715a35e82a10fa1eb445601412019cf855ebd,,,b14d878a78f559b65c70fc872a51a59af4c5ae85
metric_summary,none30,nouvel entraînement D1,test_2025,test_2025,30,,,,,,,,,,,,,,,recall_at_10,1,0.034862641193696836,250,7171,3420,1607420,7171,liens positifs,D1:maude-aggregation-20261002T205122Z,results/generated/consolidation-post-RC1/maude-aggregation-20261002T205122Z/run_manifest.json,03835cb2bfc0dced9bc840f839965c0813d82ba792a3c261d1ca6f4575126e65,results/generated/consolidation-post-RC1/maude-aggregation-20261002T205122Z/report.json,b863135ef668a8a558166c216cfb5e0f747730801206cbd95b676aaf34e60515,results/generated/consolidation-post-RC1/maude-aggregation-20261002T205122Z/test_2025/phase_summary.json,cc087f735e507f93a2d0ad1e4a3715a35e82a10fa1eb445601412019cf855ebd,,,b14d878a78f559b65c70fc872a51a59af4c5ae85
metric_summary,none30,nouvel entraînement D1,test_2025,test_2025,30,,,,,,,,,,,,,,,recall_at_20,1,0.058569237205410685,420,7171,3420,1607420,7171,liens positifs,D1:maude-aggregation-20261002T205122Z,results/generated/consolidation-post-RC1/maude-aggregation-20261002T205122Z/run_manifest.json,03835cb2bfc0dced9bc840f839965c0813d82ba792a3c261d1ca6f4575126e65,results/generated/consolidation-post-RC1/maude-aggregation-20261002T205122Z/report.json,b863135ef668a8a558166c216cfb5e0f747730801206cbd95b676aaf34e60515,results/generated/consolidation-post-RC1/maude-aggregation-20261002T205122Z/test_2025/phase_summary.json,cc087f735e507f93a2d0ad1e4a3715a35e82a10fa1eb445601412019cf855ebd,,,b14d878a78f559b65c70fc872a51a59af4c5ae85
metric_summary,none30,nouvel entraînement D1,test_2025,test_2025,30,,,,,,,,,,,,,,,macro_recall_at_10,1,0.035934011833210495,,7171,3420,1607420,3420,produits avec positifs,D1:maude-aggregation-20261002T205122Z,results/generated/consolidation-post-RC1/maude-aggregation-20261002T205122Z/run_manifest.json,03835cb2bfc0dced9bc840f839965c0813d82ba792a3c261d1ca6f4575126e65,results/generated/consolidation-post-RC1/maude-aggregation-20261002T205122Z/report.json,b863135ef668a8a558166c216cfb5e0f747730801206cbd95b676aaf34e60515,results/generated/consolidation-post-RC1/maude-aggregation-20261002T205122Z/test_2025/phase_summary.json,cc087f735e507f93a2d0ad1e4a3715a35e82a10fa1eb445601412019cf855ebd,,,b14d878a78f559b65c70fc872a51a59af4c5ae85
metric_summary,none30,nouvel entraînement D1,test_2025,test_2025,30,,,,,,,,,,,,,,,mrr,1,0.03138942956686578,,7171,3420,1607420,3420,produits avec positifs,D1:maude-aggregation-20261002T205122Z,results/generated/consolidation-post-RC1/maude-aggregation-20261002T205122Z/run_manifest.json,03835cb2bfc0dced9bc840f839965c0813d82ba792a3c261d1ca6f4575126e65,results/generated/consolidation-post-RC1/maude-aggregation-20261002T205122Z/report.json,b863135ef668a8a558166c216cfb5e0f747730801206cbd95b676aaf34e60515,results/generated/consolidation-post-RC1/maude-aggregation-20261002T205122Z/test_2025/phase_summary.json,cc087f735e507f93a2d0ad1e4a3715a35e82a10fa1eb445601412019cf855ebd,,,b14d878a78f559b65c70fc872a51a59af4c5ae85
metric_summary,none30,nouvel entraînement D1,test_2024_2025_groupé,test_2024_2025_groupé,30,,,,,,,,,,,,,,,recall_at_5,1,0.020722635494155154,273,13174,6370,2975156,13174,liens positifs,D1:maude-aggregation-20261002T205122Z,results/generated/consolidation-post-RC1/maude-aggregation-20261002T205122Z/run_manifest.json,03835cb2bfc0dced9bc840f839965c0813d82ba792a3c261d1ca6f4575126e65,results/generated/consolidation-post-RC1/maude-aggregation-20261002T205122Z/report.json,b863135ef668a8a558166c216cfb5e0f747730801206cbd95b676aaf34e60515,results/generated/consolidation-post-RC1/maude-aggregation-20261002T205122Z/test_aggregate_2024_2025.json,10b8f508e1d6ecef2d7e3243159e50a85a03c0aac26ab2b835c9fdd18e11f984,,,b14d878a78f559b65c70fc872a51a59af4c5ae85
metric_summary,none30,nouvel entraînement D1,test_2024_2025_groupé,test_2024_2025_groupé,30,,,,,,,,,,,,,,,recall_at_10,1,0.035600425079702444,469,13174,6370,2975156,13174,liens positifs,D1:maude-aggregation-20261002T205122Z,results/generated/consolidation-post-RC1/maude-aggregation-20261002T205122Z/run_manifest.json,03835cb2bfc0dced9bc840f839965c0813d82ba792a3c261d1ca6f4575126e65,results/generated/consolidation-post-RC1/maude-aggregation-20261002T205122Z/report.json,b863135ef668a8a558166c216cfb5e0f747730801206cbd95b676aaf34e60515,results/generated/consolidation-post-RC1/maude-aggregation-20261002T205122Z/test_aggregate_2024_2025.json,10b8f508e1d6ecef2d7e3243159e50a85a03c0aac26ab2b835c9fdd18e11f984,,,b14d878a78f559b65c70fc872a51a59af4c5ae85
metric_summary,none30,nouvel entraînement D1,test_2024_2025_groupé,test_2024_2025_groupé,30,,,,,,,,,,,,,,,recall_at_20,1,0.06034613632913314,795,13174,6370,2975156,13174,liens positifs,D1:maude-aggregation-20261002T205122Z,results/generated/consolidation-post-RC1/maude-aggregation-20261002T205122Z/run_manifest.json,03835cb2bfc0dced9bc840f839965c0813d82ba792a3c261d1ca6f4575126e65,results/generated/consolidation-post-RC1/maude-aggregation-20261002T205122Z/report.json,b863135ef668a8a558166c216cfb5e0f747730801206cbd95b676aaf34e60515,results/generated/consolidation-post-RC1/maude-aggregation-20261002T205122Z/test_aggregate_2024_2025.json,10b8f508e1d6ecef2d7e3243159e50a85a03c0aac26ab2b835c9fdd18e11f984,,,b14d878a78f559b65c70fc872a51a59af4c5ae85
metric_summary,none30,nouvel entraînement D1,test_2024_2025_groupé,test_2024_2025_groupé,30,,,,,,,,,,,,,,,macro_recall_at_10,1,0.03626645326171014,,13174,6370,2975156,6370,produits avec positifs,D1:maude-aggregation-20261002T205122Z,results/generated/consolidation-post-RC1/maude-aggregation-20261002T205122Z/run_manifest.json,03835cb2bfc0dced9bc840f839965c0813d82ba792a3c261d1ca6f4575126e65,results/generated/consolidation-post-RC1/maude-aggregation-20261002T205122Z/report.json,b863135ef668a8a558166c216cfb5e0f747730801206cbd95b676aaf34e60515,results/generated/consolidation-post-RC1/maude-aggregation-20261002T205122Z/test_aggregate_2024_2025.json,10b8f508e1d6ecef2d7e3243159e50a85a03c0aac26ab2b835c9fdd18e11f984,,,b14d878a78f559b65c70fc872a51a59af4c5ae85
metric_summary,none30,nouvel entraînement D1,test_2024_2025_groupé,test_2024_2025_groupé,30,,,,,,,,,,,,,,,mrr,1,0.0337814948202667,,13174,6370,2975156,6370,produits avec positifs,D1:maude-aggregation-20261002T205122Z,results/generated/consolidation-post-RC1/maude-aggregation-20261002T205122Z/run_manifest.json,03835cb2bfc0dced9bc840f839965c0813d82ba792a3c261d1ca6f4575126e65,results/generated/consolidation-post-RC1/maude-aggregation-20261002T205122Z/report.json,b863135ef668a8a558166c216cfb5e0f747730801206cbd95b676aaf34e60515,results/generated/consolidation-post-RC1/maude-aggregation-20261002T205122Z/test_aggregate_2024_2025.json,10b8f508e1d6ecef2d7e3243159e50a85a03c0aac26ab2b835c9fdd18e11f984,,,b14d878a78f559b65c70fc872a51a59af4c5ae85
metric_contrast,mean30 − none30,différence descriptive signée; sans IC,validation_2023,validation_2023,30,,,,,,,,,,,,,,,signed_mean_minus_none_recall_at_10,1,0.17391304347826086,,7705,3483,1618588,,non applicable; différence de rappels,C:maude-duration-20261002T172405Z,results/generated/consolidation-post-RC1/maude-duration-20261002T172405Z/run_manifest.json,41f104f7b08c959b7c1c979e8448b7ab40a263f730a532aa74a0642e926d8fbb,results/generated/consolidation-post-RC1/maude-duration-20261002T172405Z/report.json,36517f4de36e7274c68219755efd9edc36028f170e4c3a4deed58bc8d445bedc,results/generated/consolidation-post-RC1/maude-duration-20261002T172405Z/validation_2023/validation_summary.json,478e4a27800b6086029828e8e8ee5af79c1ad2c603e081a15cd94efdbb5b7b5e,,,4a22c2addc8203efd2b38a60c416270855c3bf3b
metric_contrast,mean30 − none30,différence descriptive signée; sans IC,test_2024,test_2024,30,,,,,,,,,,,,,,,signed_mean_minus_none_recall_at_10,1,0.1644177911044478,,6003,2950,1367736,,non applicable; différence de rappels,C:maude-duration-20261002T172405Z,results/generated/consolidation-post-RC1/maude-duration-20261002T172405Z/run_manifest.json,41f104f7b08c959b7c1c979e8448b7ab40a263f730a532aa74a0642e926d8fbb,results/generated/consolidation-post-RC1/maude-duration-20261002T172405Z/report.json,36517f4de36e7274c68219755efd9edc36028f170e4c3a4deed58bc8d445bedc,results/generated/consolidation-post-RC1/maude-duration-20261002T172405Z/test_2024/phase_summary.json,80e055e94fb589012123b352fbf68a75e12232e80865ec61982fe9296e7cbbfb,,,4a22c2addc8203efd2b38a60c416270855c3bf3b
metric_contrast,mean30 − none30,différence descriptive signée; sans IC,test_2025,test_2025,30,,,,,,,,,,,,,,,signed_mean_minus_none_recall_at_10,1,0.1839352949379445,,7171,3420,1607420,,non applicable; différence de rappels,C:maude-duration-20261002T172405Z,results/generated/consolidation-post-RC1/maude-duration-20261002T172405Z/run_manifest.json,41f104f7b08c959b7c1c979e8448b7ab40a263f730a532aa74a0642e926d8fbb,results/generated/consolidation-post-RC1/maude-duration-20261002T172405Z/report.json,36517f4de36e7274c68219755efd9edc36028f170e4c3a4deed58bc8d445bedc,results/generated/consolidation-post-RC1/maude-duration-20261002T172405Z/test_2025/phase_summary.json,4f9ae86d9ec8ca11fa7996773a050a001969b59ccb1ba7a024ceff7eb46796be,,,4a22c2addc8203efd2b38a60c416270855c3bf3b
metric_contrast,mean30 − none30,différence descriptive signée; sans IC,test_2024_2025_groupé,test_2024_2025_groupé,30,,,,,,,,,,,,,,,signed_mean_minus_none_recall_at_10,1,0.1750417488993472,,13174,6370,2975156,,non applicable; différence de rappels,C:maude-duration-20261002T172405Z,results/generated/consolidation-post-RC1/maude-duration-20261002T172405Z/run_manifest.json,41f104f7b08c959b7c1c979e8448b7ab40a263f730a532aa74a0642e926d8fbb,results/generated/consolidation-post-RC1/maude-duration-20261002T172405Z/report.json,36517f4de36e7274c68219755efd9edc36028f170e4c3a4deed58bc8d445bedc,results/generated/consolidation-post-RC1/maude-duration-20261002T172405Z/test_aggregate_2024_2025.json,9330d5ecc0f3c713cae5a9afbf596f8448a8ff30c421fd66f18cdceb433eaf9c,,,4a22c2addc8203efd2b38a60c416270855c3bf3b
