product,quarter,history_support,positive_edges,candidate_count,candidate_set_sha256,positive_ids_sha256,hits_C30_at_10,hits_neighbors_at_10
-,2025Q4,2,2,530,6cc3e6ae2bcd91a39277c1baa91ed3b46572291003d216bd97a08a75892bfd16,6b0d338df9a309d198c36ad1b3e58709d00bb27490a54a77237c0c99ddac759a,1,1
---,2024Q2,87,1,459,2bad3dc070c35ff51b6b2591a98ae8f1ebb2be15dfee249f6580708d6d258408,21e19f8a1ed576cb45fab8a50e3c408c5e9db84c97f529d47641f955405445d4,0,0
BRT,2025Q2,2,1,523,38f2636e09615720bbcd38bf3abde16cfd73ef93967526196f7df90dde6ba451,26cf003c63d921055440ab26236e44982cf0d05a9106dbec56df5e72c168828a,0,0
BRW,2024Q3,5,1,517,6b9228c89197b92f5c16e0207bf72d44e1a40e6521f5d410aa1a63d71c06418c,3659cacab05527b55657926c7f6335720a935c7202daf914d7562dc0342d2acb,1,1
BRY,2024Q2,746,4,448,fa9eb1410f9c662dc094c2278262096ceb151a864054e6130f8ce7b56c5306d2,208d22cc2de7b3a1c03ab20f0606c2385bbf2822d4f8b1d97dcf9f5a2254732c,0,0
BRY,2024Q3,1025,2,444,6e2f99f1acb9a793b2646f4f346466d16f15b3ec8c4fc77a752bb0c8eed8193a,a496b0a3a46d93d713ba5795b36038ac3155173c66c704fbb90deda18e8a3a80,0,0
BRY,2024Q4,1179,12,443,ca8adbca74f9e61c03d20a0af8b07ce52f18304c384adb26e759e172b2d44807,201b780e164c759ab6e10ea67d2e6fe1f045ce073660dc055349bc72267c8d63,1,1
BRY,2025Q1,2189,29,431,98bfcdab47abda89d6f9adc11b34dd74afae91b4f1bfca79cbe469dc9a9aece6,94e9b7baacbcaa4b5a47d666a66985119f5375350bc3d48745f491857880f089,3,2
BRY,2025Q2,12423,43,404,846c620bdb11963948801b6815911f13ad89ac8199d3cce530ac15b8512509c1,039a10b5cb0f28b3cb6bd7be645a692a7f0971da355886c7f237f4b6662276f2,7,4
BRY,2025Q3,26342,13,364,cab15fecaefb912d595dcdf7f0523af3ca1a2c62396033178200957ef2f8ec19,2e4465ffa4915d0341f90f0e88871c19ba53c99c8456afdea9f39e63a88486f3,2,1
BRY,2025Q4,44518,7,356,f05372ed49ab7792e86e7b445a943542c954386132881a81df97a3d0cc81b99e,5f4450eaf097b68f26f6b7e55479ebeb114fde3f57f77cda5b59869bd31999ce,1,1
BRZ,2024Q1,357,1,460,cfb984e78efe2a1bd5264072f437f5940dbe7f559f6aa7cf146f447fae0d9b83,39d570a31580b4b21f6a256d339894494e8f26e3e2725310c1087df6abecf1f5,0,0
BRZ,2024Q3,392,1,464,6f1c9d1b9a90fd2d65dda9a5458da6b5cc316061d5e4c3cc4efce061f3c61fab,3697faf9942af42685fb3f815b16f9ce5d825777d0421210ec2e5cca8734bbdd,0,1
BRZ,2025Q1,446,1,464,6e7e4793c449448bb266225d4257ff5fc084741323c4d7ea29fbafd288ea044c,d00c8204babaf0d6811210f52f2f6d81625fb812c263805debf770cf78534e8b,0,0
BRZ,2025Q4,490,3,473,6e93fd996025c522bcba5e7e6b3449db9cb6e3cf25ccb2b102e20d3242321324,37d8c17b561879fb40c300517b671052c81df041feda75b89dce89fcee5f9980,1,0
BSB,2024Q1,1440,3,365,b6e9671050479a84e5fa54c928efa953ceb4db476198616aa92fc1846dda71c9,7e6b26abccb10f75bf9466e4406e30405948d0efcb13611bbfb310364fcacfa6,1,1
BSB,2024Q2,1543,4,367,3da5ff5e85af0425ad8dfde0f1b240c14a56a202895f251c274f5915672814ad,66fb8e054fcf42052ef4561ab8a9ebbe41fde63e6591122e7288be4f48eb8982,1,1
BSB,2024Q3,1604,1,363,87c5e8678d36ebcb3eba21ea086a3c69b3850091514158d20a808b2985ad9644,d9aa8082da5a49163d63cd18a101f6a91d4c912597ec3d726761e3b02e07acad,0,0
BSB,2024Q4,1664,3,363,125b457506884dd328857c36101e5c7b654211a2c02f96aa9a3bb59da1e62e8a,21f58ea57cd9d6da54e5b289ab747ab1d21dc018f700ad1d802fb5267562f1ce,0,0
BSB,2025Q1,1722,5,360,f34ac5f9cf546d1986726435d599bb13845984081c8086fd214c8fd67dd920d4,f041b6f8bc456ba63ccc2c271be9d0652b24b9183a6bb7131133ecce8aa0031a,1,2
BSB,2025Q2,1806,5,357,fa6b5a7a739a5dabf931fd1e746b7b9f2e5bac85d8b6b2b0262e395d25846673,29cb0728d18d275284f137ee57ba26706b3c340cd37fb718932f6dea3f3fc13d,0,0
BSF,2025Q1,8,1,517,17ea1f7822aa57a552e1cdefe44e4ef292fbeeff82c94acae650f5650712a770,598a368849023e0238de665cb5ad2506d41b4ec6497efa2fdb6b432b05bd9241,0,1
BSK,2024Q1,67,4,493,5b768df46a10e9dbe925fbdcecc4537969ff8299a6007727da01c61740d94544,4998acbe80c82cf7f7518c8f9e02a7e918667132451dfdd9dd8fc2fe2446e364,1,2
BSK,2024Q2,87,1,494,a879845fe68ea4445eaf872ef648a362d32e1d43da7510ccfb3d87bb1acdb9fb,598a368849023e0238de665cb5ad2506d41b4ec6497efa2fdb6b432b05bd9241,1,1
BSK,2024Q3,138,3,493,c0ef712a8d4506dc6b33198b096668d91f747cad7ad87892c14ff302794b55af,37be344dc5f4e7facf9d70377ca9d73fa43ea9e3d8388c026bde655f2bc54a99,1,1
BSK,2024Q4,186,4,491,f362a974557f3d5c397509d4c7cff34adff5ab3249e57e533c1af0dcb363685d,cfb2a869a607be9718267b3599b92de11506ddbc442bdcafae763bf42b92d343,2,1
BSK,2025Q1,200,3,487,9bbcd2d3deace722794f322fc87dc5bee3ee0af20cdee529fa3bdaaaaad5b56c,82b35c15a064e5a1fddded744898ce4ec1d9be8188e3be704a8502def7365345,0,0
BSK,2025Q2,220,1,486,a9f7f88e350ebeb4593da9fc6d3d7fce8eb9d3429f7b5d91361805d54d884145,de5e442c7c13d65195e81c973dee4a88b4d8d08727398142f6318a19ef959db0,0,0
BSN,2024Q3,48,2,501,4f8b07548316c5f4447c8b4f402f570d867ad3e2cdeac9ab92c0020248f33688,5c2e80cb157c3b923b2303f0e7f1e415f677101e3a2645f0f5770b3163eecc80,0,0
BSN,2024Q4,54,2,500,61bc99c7011e79abcd91c0c260c8d6ae3decb959ebf367fc933a97c78a9a1c69,53ee3d6a8f30839dadb90cce107796c966e4c40dc57674df29837b6695c210a8,0,1
BSN,2025Q4,59,2,508,8a6741643f751351642420fa752b2e5badb969c2d493614586d197e30c507965,4e0e2c37ffb5fb6cb8d1516114848558ee204be68230ee3b5960ac73a3263a55,1,1
BSO,2024Q1,1298,5,449,131044c3213a179f1ead1731b23fe9e8fd3782eb4e8a07dbf51171e6e1eb8198,b2f5853497451c62c7da805f59ff3932e91ac3cb317af96a51a8c5328e914d0c,2,2
BSO,2024Q2,1318,1,449,69945121c92944eeba172dfc1a821f2bb614a5469f0f01c6c540dc60e8ceaf03,3d0105d4b59fda1b993f890378edfb772cb1baf5545f823fc4877c3d16fc5a62,1,1
BSO,2024Q3,1348,4,448,e28447e0a2e2bfdfe6437813dc51ebb3e86a71fa14f5d7de7fac203586ccc43f,3a632ef4bc2c89976364d18fa78a87c1a379ee5c90a10606e4a0f93c554c7990,2,2
BSO,2025Q1,1396,4,445,326099a7e40a67d735ff4d0830706d58bdbc0de4626ab61b415da6e8fb8267c8,e5303aa5093fd0a27013476cee7214b057af878adfc396abf2a7e39406826859,1,1
BSO,2025Q3,1448,1,446,7c52c1af9618db1c1ed8b1621c4af292956f74ecfd4b1e96011087a0e6fcfb6f,e2ac36e66f3a3c9be613dc8e99e51b9f5a6b7066464754f21ab4fb1a5feaab4a,0,0
BSO,2025Q4,1494,3,450,4e5b42cac064febf5cfd4366acb9e3e5f01ea8645ae7b3698d5ac254cd0399ed,f62a9b4f20c177e43c19579cc942dadd1b21350dbc5452172862c64151b46891,2,1
BSP,2024Q1,375,2,448,bd0a0b1f7361755b1712796a8fc3f9869b1e72236693498e2f32c799ca113673,bfe928eb28c089a54bc85fae64c1a3c69921ad018da4b5b927bddf9eba8f322f,0,0
BSP,2024Q2,383,1,451,270126b8b07688be2255410d83f66be899417916762eeb46363614afd42d1ea2,f157aa487c2dccc4646bb293bc865d5dc4581e278440e31ec66fb4913e538297,0,0
BSP,2024Q3,396,2,450,17c0e204006cef170ac5020e51d7e6b4cd6b9bb275cf676d756999f96c924089,9310527ac0d8bed99dcf770bf6fd8fbbf17317fb21090ae4f57d8b5b03f7fe69,0,0
BSP,2024Q4,412,2,449,38a234a0e5c6fbdd20b7b217ca84a17d8d10ce96d552d5fc16451e7096e1125e,80c43ee36beb007839f603d78355c7d0183f2957081d4d8356dc927d7cd78662,0,0
BSP,2025Q1,441,3,447,b19d4724a035db82502a7538a1f1844401ae38e19e1e4794ee40c577097547ce,9a7001eb65dd028872a5209af5e5bb384197df1219a63b33ffb914e801bd0ce7,1,0
BSP,2025Q3,485,1,449,545c7775c27bd79e6cc22b8084457c559d8466185e4d29d8abb44289f1e8cffc,ddde9afa062c0f134f6ecb6b9f083ce8f6e77f9acab065a41094f525c04a5d59,0,0
BSR,2024Q1,58,3,493,9bf879979fc74950f49f64669ddc946ddf06360ecc21ad283eed4af7aa2228b9,19168dbb4580fa261c3012c28797c1d960041be03cd50ea31c83ae49478dacb6,2,1
BSR,2024Q3,70,1,495,633d7465e1ce89e7d1cbda118cfacad0bf0f250a37a60702a9527e8dafc98759,e545563b497023690c9b474b0e63e1a6ae16dc9d52f7ab31f156f6d4219b072d,1,1
BSR,2024Q4,80,2,495,1994951319ba3eb7cf423f4ea2fb471e319e2171952646cfba837c968629fb40,83750a40fdf52227111ef1a9f0f7686d2a53bad540983a3a337cc6ebbfa0bb45,0,0
BSR,2025Q2,92,1,495,f799021a7f5a10dd8b7856728a86875791cca10e4f23c952ced854a0d3c2c8cc,26cf003c63d921055440ab26236e44982cf0d05a9106dbec56df5e72c168828a,0,0
BSR,2025Q3,103,1,497,91ada96ea1ea3e73f3184c8a83e0d886eaec910a9fcce381de21b8e15604e090,d7ced7469b89f9f3cc125405d49139095c136e8f3a5966fe6b997aa2414e1364,0,0
BSR,2025Q4,104,2,501,698353a20cbce46f352b709204cdba31f2c165e91a42a4c50ae5d72a1569d6ad,e6a91a1224f497792102c1ecf5f67f5e7bacc6955a19b0afd66c5f1d4f083768,0,0
BSS,2024Q1,77,2,477,09da3c88a6ff30e8d7cf082d20edadf0489fbaa952798602038a75b245f45a2c,87281ba92bbac96a4066764d892b57436686f805e56b14b2edf1752dc38cf70b,0,0
BSS,2024Q2,82,1,480,5136220c5757ba7806693b02f2a13c8d6e1a8af7dc2a08c112a674e57826e5c7,20b55df4920ce2e4d50f52af88c9fb96254d96d058c414f391278206a37fa665,1,0
BSS,2024Q4,87,1,480,ddb97fcbd0bca7437f201331af1a964fb81f9bd4ee152bb3c393eea1c4d2a08b,45c6b4b088a7c045e20d2c57503e94a33e38f280dc63eaefcde2341e97894304,0,0
BSY,2024Q1,840,1,428,dd99e99f7f8ebc5637f0e10d35674b9259963fab27a654a7a99f2f05fc735c2a,4acf9ed3962214b8a18e480121f2577f4d243363d21111d2e48a7a788dde23e8,0,0
BSY,2024Q2,877,4,432,bb128a970b4bd75bacba69c295c1d919e6ffc857da20d4627430d6871cf292d5,78eb8d2f34e260793e3830981381a18f6d6cc9fb11fd7521ad85b71b325129ec,1,1
BSY,2024Q3,932,1,428,b20c45f52c65911ce24aaa44c91723b83c164366baa0375968764c0f403d04fe,f885143ba0762716c32b6bd040582c044dbe062280770a8d430846d040329d1c,0,0
BSY,2024Q4,975,1,428,5dd12342a8b2dc8c646e2857cf0ffe214ab6c6fb3829685f71b5fe9545f03c41,df235a2a35d11ce8b44b487e0868f4ebc4beece51a61ab886ffa9c146b30d990,0,0
BSY,2025Q2,1101,2,429,9d13ad2f0f37438f4d859150a1e221c91646183588de13376d4f90735f161ad3,65dc38ca3c022a70dc58215b3ac5e973dbc60970d046c75b2498bdaae0ba98a6,2,2
BSY,2025Q3,1135,3,430,d3c5c1f69ea83734b26cbe1484f81cc864c82a48037ebc31217ed9b3e8c24b6e,cae6a6070bfbaec1cad9c958803025ce978664b356e30570402888d9c70daddd,0,0
BSY,2025Q4,1181,1,432,32ba39193151f5f6fef55cc2d0ed3d5a0c362953654bb029443985b678849d20,85f997ec1c27b1c1cdbd26a7656105a64492fc87e517026f64b1bddd6fb18518,0,0
BSZ,2024Q1,17714,1,333,6dd589ee264a1ff6b39df745d5bcc53453df5d87d25c8a8ad735b4b2e612583b,8e85881a6c746848d0add10258162f9c57255e43c09f41419efa4fa5480b77bf,0,0
BSZ,2024Q2,19140,7,337,b9e0b069d5353f7a299de3c01950907a4b694e94ab74a1899e7e3ff30d5e8044,5d6d96126ac44749787e345852c2e820301f7b118a84948ba7b149a45774ee94,0,0
BSZ,2024Q3,20619,3,330,4a2a3b55acb2c4ac396ffd8e580eda0a803c49b88ffc67895bb1f9ce3e8fb235,d68dd6ffb0f7b4527eb5e8a3f41d815f9090b8b73d6d4a51996572995bb9174a,0,0
BSZ,2024Q4,22224,6,328,e1c04a130d2425f8b24ee509d451d6f80dfb6089546a78daeaec03210e1feb28,1202d17e34ca28ff912dc27fad9545580da6dc552b091f537478c264e68eb508,0,0
BSZ,2025Q1,23781,3,322,24f2c6eb8391a63926f8fd831d513ccde01e625cf6efad6946bbfcde7ab247ca,74786ad3b915e851e7c4136a1c582ab0a63ba4ddb275d4fb429232d93f48cef3,0,0
BSZ,2025Q2,25175,5,321,e0f02b9b7e08aea0001bb11caf8ddcf27854925d4d9ec89be7dd80b60c096a8d,e915594a61361ce3e32df047283a4cb801e6aaca06943b9c0e83a12bf5afdf8b,1,0
BSZ,2025Q3,28138,5,319,0a1898ded90dc5e765e26ec548ddf0a5266e15fd080854276793db2dd86dae51,f37b9078d64273d4d443cb3d6ef906a84acc3f47ef047cc0db1431e7cc01bd73,0,2
BSZ,2025Q4,30815,4,319,cd165b460f46b53754172a110d77079e3f82d6e46f2d7b6f631e3481c16b56df,53234b5c249cb45312302cd6f7afcec5e2f204b277e58cdabed75f37085f893f,0,0
BTA,2024Q2,53,1,491,c927a6baf9568357e884269e7afd3c08b857c197e175f0bf521496c841d83619,2641758411aa44c207e1406c66963cfaf97b2689a4760b845778b5ab32a1c5dd,0,0
BTA,2024Q4,60,3,491,aae2cf24ade6a21e6e7a3f45f11457dde4119a70f2af66ae3181d97d79b22d93,84d5d6ea7b932652126d87f717bd5b9233eadc314cda61cdbcfcce8e1dee0661,0,1
BTA,2025Q1,61,2,488,88f23690e0ffeff5e0078655c1b43f6996e4f397ee9a961a95bd80445eb8751e,9f4160f6a6b0540f0dfb3bd108bf45d5535dd05c4dc41ffce06be4a8ddbeef94,0,0
BTA,2025Q2,65,4,488,537fe6f2b6415e8294e32c571064f908edb1b24c666e5eaf3f385f0dd065125c,8cafcdfb006eb7601b6eda54b5740d4bb3a087494d32eb21b13a075f283cbc46,3,2
BTA,2025Q3,67,2,487,4eef09211c93929ae542c9a1f7c8f69274dd1c190ca2a01c71e063a48db7a103,42cbeb518a6756e1522c0a6bf4f919d26e9eb58d1bb797020ddd245879785e7c,0,0
BTA,2025Q4,71,3,490,4fb108e15c33489a00825816c51e1cd3ad18982062b039ab26a1e3ed0b9b39bb,0a451aeada101189a2c2b9f7f92a4754cab2ecf51df01c4780f87822dfc64413,0,0
BTC,2024Q1,18,1,499,69c20abd47a0ddf9d3ece3e3b4f730f2e6afde60f4d0b2df5ae9a909fbe80ebd,3505a09e641e891d63441edce657c8ffa3ca4fcfe450475d764e26edfe1c148d,0,0
BTC,2024Q3,20,1,503,1d4ba3d2d41459b14da8e0972bfd78b41e60d17b479aa1c669b3caf985c973b7,d7ced7469b89f9f3cc125405d49139095c136e8f3a5966fe6b997aa2414e1364,0,0
BTC,2025Q1,23,1,503,f7ff5df2f5dd2fbeb969a5aeb242b8650d556ca6d728c8b7674a2b47edc57943,fdaad9580dfcec1acfc41367e03d8b8c22a0addbc4921a87777990153f78028c,1,1
BTC,2025Q2,25,1,504,5dbd471f87c8d0fd003253f40da6c688f741636f0de077f6638aff85de840582,0e581c4815066a7ff423d513a2adc5f8e1d1163835a251048a3f89dca2383c4f,1,0
BTC,2025Q4,33,1,511,3cecd45b39f1719ac7851d0fe9a54be4d5fcadf712a9b9083e13d40ef5c0b376,e2a47f2925b3633c7fc5691215f86e5db80caca4f33f7a3d28c39b927de799b7,0,0
BTG,2024Q3,26,1,512,f057207272d4a129450951cd92d9eca2ed1bc168cf86d85306357f0dc4329625,fdaad9580dfcec1acfc41367e03d8b8c22a0addbc4921a87777990153f78028c,1,1
BTG,2025Q1,32,2,512,3e240a9aa24055990abf3365b1382173928904c5135bce96a75fbfee3b3ab04f,7c4925564cf2bc48c3d0781f6bd67863f339f9ff233f5dbee94ce48172878996,1,1
BTI,2024Q1,1076,3,455,96e656e42b0c7dacc2629d2f619a96501e3d9b5915cecc572b5e65dac8ed075a,711a0030f4176d45a0d7afe1ab8813c5bf1ffdd38b05e7bf2345a0493687fc10,0,0
BTI,2024Q2,1136,1,457,6f507122191702a73da7ce267884639f73f987c031aa67ae569d3f87e6103f54,261efddb563af16eb9763793f4ef4a07ddf66db8bc9970df2550287de5d68413,1,1
BTI,2024Q3,1166,1,456,2468e4aebadd24cb72229d0b0d4f68dbdf852e7bee9dafbb4824e97b8485d574,2641758411aa44c207e1406c66963cfaf97b2689a4760b845778b5ab32a1c5dd,0,0
BTI,2024Q4,1201,2,456,9d050d89245ce99b1dc1a3fa8655d0c0207b38fb1b6a67f2218d3cf16074c495,1f8c09e40cd2b1b40a67a3099f160916ba0597a72dbe0a19aef57bb720b09483,0,0
BTI,2025Q1,1242,1,454,47ddec5dd80163f392a3cc70d9884e96fea72619659527233c58bf21eb9a076f,3659cacab05527b55657926c7f6335720a935c7202daf914d7562dc0342d2acb,1,1
BTI,2025Q2,1275,1,455,6ea89bfbf263854aebc47526e1d2d610b59cd70b49d53fd6fd3f3d6f9fe3a005,e48f9a2df6d08b5a1934e0431786f10a704f525ff73074014bc43770b396db33,0,0
BTI,2025Q3,1303,2,457,07dc369ea43b77855a234a933670e362fbe6eb60e046c381033b1c96f5dcba25,1dca177d6bbf30f824ef50b05a58fd13d04241afbfe96aaff10a29ff19b04675,1,1
BTI,2025Q4,1327,4,460,b03b3631fbe5fc387ef68d035ff703a1271d40a1ba7d6b4ad5159bc656b1df7e,2360ec297b0c0dc599b3360328ba9a4101b99765291620ba44f13a18bf18ab87,2,1
BTL,2024Q1,2787,4,331,7c85f57ae76028950fbd87d68595204fb4e8aa49cc1c2affc409a3ec907c996e,a97f2f42c3de2e3023476cb7f7050fcb8d25d77ea602d801dd164fcef65da1ea,1,0
BTL,2024Q2,3018,1,332,16c3a2a46d0c1df37fd5f23230de8a505b05e4aa17b638fe04f8ea852296a361,77370f9dc24dcb03504f600d0970d9161beb2b6c3c52f69cbf12623fe9f63570,0,0
BTL,2024Q3,3204,1,331,f138a644dd5136d8d00a165b504c3f4f716ee7acc4679f942810fb0879dfa7d5,a882fec75e44bce5cdf8c7386ef1b398637f4a2814e9a701f6013dbcb950429b,0,0
BTL,2025Q1,3454,4,331,4f86550c70db9cd1a856d62c296ecd997f9b998546f8ee2c3b645e243872cb59,c60ec36b91efbd8e3c3ba8c8d56fc79aa0938359ff95d0072c641d7fde940180,0,0
BTL,2025Q2,3520,2,329,9916fb2ee56eab38a1118a351a3d98ac4fba16ccab1d0cb784d9979b240cf832,98354dc8d321140009f1d001f52545ba21aa51619bd39ec6349e4e89c3a03e2a,0,0
BTM,2024Q1,195,1,443,91c9b58291e5ddc7a075457c875c2f9cb280cbb2aea075f9dfef65ff24b7315e,06ffafe2347c3a89f0bf26e1657b8d45c014e9f95a710e5bf5b17ea7045b3deb,1,0
BTM,2024Q4,219,1,448,b13e7136454b2c5b77c66dbbabcde3a1e964a32338c1912682112e7692711c3e,63b33a2008a80438fc2c626e72c8d21999ceedc67b80247c72633ff0b6e30531,0,0
BTM,2025Q1,228,2,447,da53fcf25c097051d402bc81fd723161bbeac7125eca46e5994ee9c56d963fb0,3338365d1f6ff2d48080906fd890ef9f91c88b2ac0028d7236794f0809c522e6,1,1
BTM,2025Q3,243,3,450,0f9fa6dcea9f9771d39e0540326fad9e659c8e84c085dd89d51ada56391fef37,98ffa3b0a9a6dc39ce3f59d564fc12ccc4cc49113d09aa6000e7c68758961789,0,0
BTM,2025Q4,250,1,452,00bde080e6acc8345e3e206fa7a10ced134078c95c5b56115f72f21c5f66359a,de5e442c7c13d65195e81c973dee4a88b4d8d08727398142f6318a19ef959db0,0,0
BTO,2024Q2,1652,4,386,be765885d8e8fd41574400b31b2881cd690fc8c609f9d608b7d3e6feaeabff10,5edbf7574806c6cef9bb92937855fa4f0d52b17ee7c6092cc0f9b934cd7ad95d,0,0
BTO,2024Q3,1759,2,382,f9f1e1257571b84567e4ac993afa685f2ea36342879781bad847fd2d6e2f6a66,d7acd34b65c56f47f8f784eaf612ce4a4f4cbdf4db5052a8fc1faefc6d05f443,0,0
BTO,2024Q4,1893,3,381,7acfa1dc00de0b9175ee8e68adb7098cbb5dfe536fd563077ea1d929a05c6adf,2b7d17c70878c4eac071d4fd7e83cd2c4818ce9b264bc27d0b73a51e22c333da,1,1
BTO,2025Q2,2040,2,380,2a352ef63bf583faa70b41958a067064d98d4efeb9d8a42c2951f8ef7e9141f7,71df09c3803df9754eda765f6ab184ba6e6cdf9ae2e06d2dceae78f25fe60351,0,0
BTO,2025Q3,2105,4,381,abb7b5dacb34f9acf0d54d121016dd1830e325d82ae551d8e981b302c4071f4c,497373bc29b0cb629a3ee82715986fa578577e6bb8be389e292393923d6921bc,0,1
BTQ,2024Q1,152,1,485,1f64e02ca6ce592b91e742907a449261fe90ae0d21db3c342eaf01075e5f3f64,c40b1c5676925657145ed816dfe78048de0e4e71d68b9535fc4da2f237454a0f,0,0
BTQ,2024Q2,164,2,489,1ba0e197cf4a0228d228e3971073c894448113a0cee1472240bbf6c733ca94de,a641147c18ac9f193bf3225c8fb7246ffb40a1bb38845030c49c780438ac0781,0,0
BTQ,2025Q1,174,6,488,7225af8e4b37fcbdc2882bee0fbd42a61af9106d25820114f3c1044a41137b3e,e6868dfe5482e8bbab65a5e75d5e5b6ac5b174b375ed354f964a59f58be080c7,1,1
BTQ,2025Q2,194,1,484,d599f1792fa3f914fe85d8a9ee00f6f483defc75354a940d828ed09e17ccb8a8,2021bfcf916adca8c3c724e44ef0de9873a3b8b8f9d00974868d55254e755982,1,1
BTQ,2025Q3,222,1,486,d9ee700f749ecb9435ad06a3f5c982e43de7d5412f0278722735dd3db4c881ea,06ffafe2347c3a89f0bf26e1657b8d45c014e9f95a710e5bf5b17ea7045b3deb,0,0
BTR,2024Q1,6240,1,362,7ddf6d73bfca03622f5aa2af71dc784e9ac5dd5a0d46247b7a2b63f843ec6ce0,8d679bc0fcab565c28f10b0b96de772fe7ec45d7979c51b1ece80a984650f2b2,1,1
BTR,2024Q2,6611,2,366,953155c83398bb0847957997b7c49645d823f11fb9fe574e3760c5a8c8860c32,a3cf28d288dbff849f12e03ba66de8a7fce3741bd98cec65267da47df0133fcb,0,0
BTR,2024Q3,7067,3,364,4f121f6f51438f10bc0f902e2829bd37e936fcda9dcbbcd1aba51c67120db710,88fb0199a754837a0a308410fe0d348980ddc8ac40301b243d4866ecd3893acd,1,1
BTR,2024Q4,7561,1,362,1d2ac938a647782e6f36f455d3acbbe7f967a99c1933e54566b6b03fd1c89b85,4e9806520a6dcd53f7f4edf4e52d8e8c92333ff197cb93ec1019a6feaf3d3a79,0,0
BTR,2025Q1,7918,1,361,d179c4023096bb56945751fc5c41bfe72d2df3b8e7b4f142d1710763808bb1bc,2d8c4bc8e0af8fb3a940663d66cc04bd1fdde2e8630bf01e151b2c811c7687b0,0,0
BTR,2025Q2,8334,4,362,ea90e66263315e7f9bcc84dcfede3db2cb41cb89e51df00ce61ba92646811510,95c06ce8831ebb2272cf9f73c6d30f4c3550b4e554d55876864b56a6eafdc1ac,0,0
BTR,2025Q3,8829,6,361,f71f7f2eeb0e6c0b975eddff92de94654f3e0d4b4dc5534baa8fcf97d71017df,e959ef0a6dfd200f767f9a165619ba14c6207b66cd61dec04af8955e67c7393f,0,1
BTR,2025Q4,9264,3,360,a125ecdcc7622b4734936d7ff6b11a78c4eb16d6385c7059ef89f423d080c9b4,ef519b1d3877a22a5b781c5f50596540967d981188f1d40040daf5b3c978fd35,0,0
BTS,2024Q1,625,3,473,0e60b565a1a86765b7eac42d01de64fbe74e8a5ad22bc2c372bbbb3628529f6c,75ff7728bb3f8d370d2f965784c467cad4cd9cc9c3a1e331b2f429f326103b94,0,0
BTS,2024Q3,709,1,475,df6c7685091c9c1cbebb33939d6bd2217f0d1e4648146f4cb3fcfc5b357e6afe,63284e49e8d4e860b99d434b1d1c5b40a71248ba2e1d02678cd6c0493e0d7e97,0,0
BTS,2024Q4,754,3,475,e4ad9896189909cf0d48a61309e13c493b234757497dd9c14ddec046a42a3a4d,ca908d77aa3fdb3b4156c41463d4be58362ed3124e8a93a9dec4879763624cba,1,1
BTS,2025Q1,797,3,472,26e5098c6ac372f5f421153fb2f5c0d2b473419f383f3e55d55a388188763a00,63b3591b6069a4b57fa00747141591094cf406198fc00465adb84625ce0b69a0,1,1
BTS,2025Q3,913,1,474,17d049574a7a6c0e8d495f0b5a29c3a0f334444aa2c2cde5d689f572e720db00,12a6e199c2c6f77cd1b8dfbe7d507bd7f61a30f1f02b3954f4b12bc8c45e9782,0,0
BTS,2025Q4,969,1,478,3bf229b4624dd4a41d6e7c9de8eb4f4edb0d15b404e9fecbe8d1257118c4a75e,69c9b47649ef5fd9ebd2d096cf6ac8a423c34daacb3af8b0455b7a4d46370e03,1,1
BTT,2024Q1,5057,1,379,1b6a710980021208b8417c6f5e839bf0b98fa9864351f2b7d6670142607253fd,e2a47f2925b3633c7fc5691215f86e5db80caca4f33f7a3d28c39b927de799b7,1,0
BTT,2024Q2,5178,2,383,9f59fc4d26e84e8348164744759a140ccf3f1f85e30206e8bcced9db6aed4577,3ad24e391336e6505afe5fece766bca4ea38f91d151dbe3f4e8b33e8d63f56c9,1,0
BTT,2024Q3,5295,1,381,08bd8e6936017d14302722a995b260f5e708c5e183d287919272defa2d769ef8,278df77c9ead7f5fddaa003f98a9b537fd8f6617e67a3be36e0084dd8f30010f,0,0
BTT,2025Q2,5714,1,383,1c7af1b51981ab9d5f42a050c026e48962b0131f9c0b4516308d2fbe587d1956,975c6445e95895c8363b20d19ccf9bd976f057e4a21efbe674647f31a61c4e26,0,0
BTT,2025Q4,6129,1,390,d2335d40dba74cfdcd2681dfb9d4a6b79fe74fa5123b645557c06c9fe54f60c0,c43ccd44f90c7bcad6be7d75aeb75910c9faaf2db0ebbfb1a206a0e5d8b51448,0,0
BTY,2024Q3,11,1,513,6b8f9d0b2ebbf5b10677444149e037c41bd848e4d8644431052f280771b8f05e,4fd491a5b3473c27bdbd1aac56d72b92ee105e6bfbdcd62a3745993504314863,0,0
BWA,2024Q2,8,4,516,1f80a8099942ec0c759ada87573098e2de19b6972636788a782d4fc97356648b,f209bb3c406602fd3b7dc170587ef083ef4bdfc215bca03e6a608640eaecf662,1,1
BWA,2025Q3,20,1,518,c29e6ed89259a0c51c6fb23dd684fd98d418ba148a28e0c1c0a0deb7fc424e74,598a368849023e0238de665cb5ad2506d41b4ec6497efa2fdb6b432b05bd9241,0,1
BWA,2025Q4,22,1,522,c11031a2d3cd4f1d7d2152267a8a8d853ae3948f599207a5fd38cbc0d40a0347,e23191cce8b013609a93fa6552ce263885ebb9abf128e2eab65b73c69de62b70,0,1
BWC,2024Q1,6,1,509,8704ed47a786014b321319da7be25dfb3bf50c8abc3db136be716ce5e16667fa,c0ce6b17804c03aca92edcc5c606c2d17ca10b7ec73a76931630c292c27d9b97,0,0
BWF,2024Q2,38,4,504,39027ac84ecb3c0e2df3cfbc14f2dd5272a62ded885b2fe38298927c15fcb84e,fd3eefa8a9209a49a89c57a08729b622e4f0146da9a701c6c7012bde22de9189,1,1
BWF,2024Q3,43,1,500,aee18c5b1136764493d40e373218b0121ee21bd75894cca2169ba1b590b3aec3,3d0105d4b59fda1b993f890378edfb772cb1baf5545f823fc4877c3d16fc5a62,0,0
BWF,2024Q4,45,1,500,06f000910f3513d7f716f990db84335cd6de4e02a150cfd94f971cff19683a00,0e91202d09fb12c9f3c93678b8b07b4f9b6508bb53fafb877c851effa966b76f,0,0
BWF,2025Q4,51,1,509,8a5239e5a60b29e26428e4145dcd44364ca88c3ab0641ea9b9c4193643ba35f8,e90c855b9491a815771dc3b0d01482a83cda2f8a084ea03873ed7db747f31c85,0,0
BWH,2025Q4,6,1,530,de4397c1be5071558205457ecf7b812ead8b203f05cb3080442b61ce01f47e6e,bed1f5df1f0b3afec227efa00096f35c8cf99fc5ee207f4528fe2bbbfaf57154,0,0
BWN,2024Q1,88,2,490,4d2ff4724c06532090af071521d93183461045c22fd551ee2346491d92e9b1da,5ad895e53ef66df265f3d0c1eddfed562b2ed94cce0d9674e9ba1cec25cb3af1,0,0
BWN,2024Q2,101,8,493,559b7ae4ad5c2ac93d5448f6889630371cc0504c3c43253a50a64c526649efe7,58e7596693b59d83927b145e07099be32e1268890431cff50a6bc704932c0e31,1,2
BWN,2024Q3,125,2,485,c42ba732136c519f196f55aabc4aa5e5068399b0c4b8556d1857e4c1a74dccbd,d876c34adbc63a3150a2068ce72362bf9f9a9cdd295522ba0193a69105dc8d71,1,1
BWN,2025Q1,139,1,484,10b853ba18e18a852e1d36383ffcf6c449879781afc06542d11c7ecc11a54743,a870dcb24a5decb006ff62fa84d61e196ae2ada80b26cb1f88676e14c29c6c22,0,0
BWN,2025Q3,145,1,488,7635e7557e93e94820ffe5f897d331deb97e45f527d4b2647012dd2c6a660038,f01e905825ed2060e534525d0d7191a86e7cbecb247a3557af8166bdabacfdf7,0,0
BXB,2024Q2,19,1,508,32013d0005cbabf09e8c0debef828b789c2ede88a00c9c06ed14424961418292,d0925ed7e7326fd1da0599f4480b6028be72c31955c5064207f11ff98d94efab,1,1
BXB,2025Q3,22,2,513,4c3725b08ed9abf4b84f0658ad8a04b3aa4e0fc6b03a6f84a8b3419e00e7ba66,39ef8e0a7b7b023052f1400f2a9ab2eae9796febe351bfd82d3e308698ebb1c9,1,0
BXB,2025Q4,24,1,516,a3572483e57dc624757ec6661af87b714e9a1ea525701a9c23e71f99ecc5e0ef,3697faf9942af42685fb3f815b16f9ce5d825777d0421210ec2e5cca8734bbdd,1,1
BXK,2025Q3,2,2,527,b3a72c61efc1c776ca2bf51ab59b83f5d93bbe9ff329b0e2f2f64031b4b34124,ab9c680a22fc0c1ab3b54aeb42292de16607af9ce955ba16d3ac0cff20f2f97d,1,0
BXP,2025Q3,2,1,524,1f02faefe5d189c4918cb83b8948b9cd8d5784cc4a1545f73b9fd4ec7b0899bf,53479775bd1afd7023a4eed60fbd9b95c86495af4c782b342b53059ed50a56f8,0,0
BYD,2024Q2,143,1,479,42a9cfce9c346460a6b6d36c430d6d2a71f22a7b44c1d222d90a6796a6949542,0e581c4815066a7ff423d513a2adc5f8e1d1163835a251048a3f89dca2383c4f,0,0
BYD,2024Q3,146,1,478,8f14d08443ede2e299d0d20bfbdfcd0e90d1117a2817d1eb84464218554045ca,c40b1c5676925657145ed816dfe78048de0e4e71d68b9535fc4da2f237454a0f,0,0
BYD,2024Q4,150,1,478,18d7cbcf261afcba580dd70247301b82a1afa1e7b1071e5b9bee966235f9e04b,0b9598569210240e6aaa23667916d4602ca08460cdf117c6ff5ab47a948c4ce1,0,0
BYD,2025Q1,152,2,477,332d5a2070ae7022f37b6a9fd12b4373194b70e8239d0fcf4a802f47989aee5f,b4d0d22d825ec27ece27e7bcfba5395dc302965595c863038fedd4a6e10a7199,1,1
BYD,2025Q2,163,1,477,8ca2bd00dbc67c77c9f1ffd548ccca85f1aaffcfb31c2c3c79c4ba2826aafab8,7cd406deafb6f3526959c908d63ff99796566a8106f0d21e52a0a53817a2ca3f,0,0
BYD,2025Q3,170,3,479,0f6ffd3ee3fd0dc64aa623412b9e765babc342500d05b968ee0032a36861864c,d49af1be3995dea58561e8d31c4331574bae08e45dd56b8a4f511d5441bce343,1,1
BYD,2025Q4,183,1,481,5e7215c3ec5e46cca2d7f9a8256bd3c56cf51f94c8c72624c74cf7610d02ca7e,7630b16496d2b4322edfd5e2d73fa6c8fb078371ccca4c05fce93049bf6271e5,1,1
BYE,2024Q1,32,1,486,8940d26d650fd88bfcb9a2d7a2c3877ae052612b2c2f7255d76d23ee9e00d2dc,e2a47f2925b3633c7fc5691215f86e5db80caca4f33f7a3d28c39b927de799b7,0,0
BYE,2024Q2,35,3,490,4a4a6da9853fb0dbb1ee42b8679dd8a7f78833d4e2a11fa2031cf80b6fb75264,551c67f6798132b835fa60df5aa4b32e39e072ae14df492de484ed23e9aaf61b,1,0
BYE,2024Q3,40,1,487,0ed2ece392b497f946a6eea47411567e9956965b32be954175bba8896f439c6d,2d49936df8df24249d54b6b70f6d21da05d979c1e1957fd00a90ac51a7782a27,0,0
BYE,2025Q1,41,1,487,e0d654724d2427b34ac590fe5be8a24abd88056c0e6ad3fe1034d0c0686f35ea,86daca3065e34a338f076ca3028252428f4d4d05c7236baf45bd8e40c11efe88,0,0
BYE,2025Q4,46,1,496,65fd3699cb27fcdbccd94d88c1ec5cfb2356cdfade7efd859937c8128e0ff808,439fd981edb3e2f2627282b1b655676cc4176970a4c243218b851672060095be,0,0
BYG,2024Q1,69,1,475,6e00a3af3415fbd6c5a15f3b4ecf5791044a37d4719bbca9e66871a11f3fbcd3,3908176d571f3d2b23037be73bf33da28ca1b689a71ebacf4d44459b7fe0f4e0,0,0
BYG,2024Q3,73,1,479,b2958c8065817ef974f8552eef89f5f41ca14b46a21cc0d52119c9a73dc8fa71,71c46697edee9e71aa348f719c4c7b970093c2f170e96c721b1c35b61b7d2256,0,0
BYG,2025Q2,80,1,481,9485067b35499136566635e3b6f0a301319712d82b27b909278a177b56c6452f,b514795fcb021b5d26c110b7507d228de6666fc736bde58e16aca507b2ea3979,0,0
BYG,2025Q3,85,1,483,1ced76fbd9d0588be2e46374560f0c13bfadf83dbfeb45ba113b7fbf4ed9b407,cbf325e6ecad18ca0b0672d34493bb0bbee886262e72839f027a5e948118f013,0,0
BYG,2025Q4,87,2,487,995685608ce6bf385711544a31d84958565251b32141ec7f718cb55ad3a426ff,03b563ebd67d26f01229885276fd6602b19f75d5e0549894a79395300d847f12,0,0
BYI,2025Q1,69,1,505,ca3b18b9a937185e72b963d88c41b053b0970dbd0913f7bdab879e28ad8f5cfe,8ba4cd635f00b3bcf096007d75d2dee0e2f0cecb779985cc35a904df4656edee,0,0
BYI,2025Q3,87,1,509,02af4ae3a24ce4f85323bab6d67577544640da27e5a319657fc1aa315b9d2198,3c8003bd19a8efa7a946d908732916923fd3539586f74f9fe1c8885b59310d4d,0,0
BYJ,2024Q4,91,1,505,0df3af3ff9cf1529fe6db6c5aefc860f01fadd1f3461df252d59568b87e2d26b,a1db1e09c8f5381c6776009d0aa5b9557bafbc49a22ea386843f60ad2689a3b8,0,0
BYJ,2025Q3,94,1,509,6378f96b982373577f2fe0714a92bf00bec06a02a9dfe4ff76bfa93a4b70d433,a734be963810eb6351f5a8eb0d3d0df59126743d0b0bf4336800098317af5b31,0,0
BYP,2025Q2,2,1,523,f4c63d431b9700ce95c8172eaecac97cef49e8b6f267a6a6b8f4ea9b05c22a5e,f4aca0645ae9b53723543edf7a32e2ce8639b3bde004d46afd03e272e392ca8b,1,0
BYS,2024Q1,28,1,510,c1051c328616902a7c5e226245c1b98649ad39c346e60cc8a038a01f9476de4a,e23191cce8b013609a93fa6552ce263885ebb9abf128e2eab65b73c69de62b70,0,0
BYS,2024Q2,36,2,514,cb63a27d1093f4a10ee4db6f747ca0c97b3209dfcc99a092d19eb27dcf3ff25d,d7f53bcf73a96988d3c05d18ab27e03e2c8c2fb34b454692d97b77da1d970cee,2,2
BYS,2024Q3,42,1,512,0d9e4e5222411157ceda2b5e7c1b1067b64ed72749448f1bcc8a85f451b7d055,7630b16496d2b4322edfd5e2d73fa6c8fb078371ccca4c05fce93049bf6271e5,0,0
BYS,2024Q4,43,5,512,964e21dfae79bc3d2d69c41998c3cfb00af632e63e26ec0f0c77e31bfeba13c8,e222691cd4668e67c2035dc446865566d21cd2a484b3b9a2d343d71abb4ca22a,2,1
BYS,2025Q1,70,2,507,adc2ec5e8144d6a2c7638929b99dda2f4e0f306d9b6e95cea215a3747892e719,eef61c1b6d7a0e0f7be9d11e32f8b2a012f44694a1c6c21124a096aac896d8d4,1,1
BYS,2025Q2,78,2,507,d2b3f6bf0ce3dfcc513bd8cf3ac20f9154116f85a33a799820d75fc127d73164,67a6765b506fb59b0514b5e43744e9be218c95c005bd7e0ffe7cf7dac6737828,1,1
BYS,2025Q3,92,3,508,2a7b2a4ecc375e4ea29b2b9e755b3b60a908b1313c1ec9afc93349635aa23bb5,be636c7f500bbfbe120a44fdf33258b288d7fdc04f3ea94d08a1053120b8a7db,0,0
BYS,2025Q4,112,1,510,291cc3a07617cede7cb52bf451dca8bb94dc8795760650b4b8f264b3638a4514,fdaad9580dfcec1acfc41367e03d8b8c22a0addbc4921a87777990153f78028c,0,1
BYX,2024Q1,96,1,470,d9e868d40282fed8d6be8b3310258b8c609155e1c08ed08bafaf12cd5d9d6b8e,598a368849023e0238de665cb5ad2506d41b4ec6497efa2fdb6b432b05bd9241,1,1
BYX,2024Q2,105,1,474,a6d4e5498bffca64759ee359241952a05be14d7c8e92bab7086ae5e234c7945c,2b61fa6fa80b23f93f33d5096c6fc24b0a3db533882824b85e992ef97b9232c6,0,0
BYX,2024Q4,112,1,474,43c1224e28c6b967dd1345ba59cc99ebb3c734f28ec5258937b988a910557909,de4083f4e5c33620cfccaab77a0519ec09cf957e79b5f188e54363c02babcac3,1,0
BYX,2025Q2,122,4,475,77010a13e5c114c6b4b077b8a93117aaee3bbd8312df9f0f3760dacc85a5c8ab,d0dd0bdcc79534943d827d940781fb7465ac4cbcdbefc29a6d7f5e4a11bb7bc8,2,2
BYX,2025Q4,155,1,479,82cb0b68bf521da0a65abfbd5e60b89d901a89581265e59ad9cf6fa303b8049e,0665286073e333e5db6139042804677761759e30ce18c4b18db623a293f37cb6,0,0
BYY,2024Q2,74,1,514,86c7b6ec7bbac1a3542a5d5d9cbb0a395a88fa4cacf993faced51e5fb102e218,911fa181170464646c59797937a13e6595d43c333f7baf3128ecb7ed62a02b03,0,0
BYY,2024Q4,75,1,514,f154185e8715909a503503bc2f0f5c547a4a632a000b30b15ffccca5d49755ee,0665286073e333e5db6139042804677761759e30ce18c4b18db623a293f37cb6,0,0
BYY,2025Q1,77,1,513,b81318773a8911e2cf21c6fe117b617f2f55f4ecd75d92422e8d3b4bf9a0ccac,34836706067240ab63dbbc3bca6b6e130a8fc8e607326d27e9e61f46e2ed8e52,0,0
BYZ,2024Q2,9,1,511,96129e2e168ea9d4db44d0d26fda7d03ca2aaef13ca135f98cbb6d12d6a7320a,f624dcf018bd7117af2c0ef366f6025a434c1a89c33a122df101132ce5fe9074,0,1
BYZ,2025Q4,10,1,521,08f2866f1afc6bc20ad4d59eeeaabf905e6c30f0493a210501d3d4eed326e3c8,faf312a8cba764ca7c8e2c85959cb7c33b55a75ea6debb33cc1c365ab5bb8b43,0,0
BZA,2024Q2,120,1,486,6c504c497fca2fcb551809cbdfc7e1f58e757905de6efb7d87d3d936d16ac992,f624dcf018bd7117af2c0ef366f6025a434c1a89c33a122df101132ce5fe9074,1,1
BZA,2025Q1,136,2,486,d86ece1cfb4be02e0e189f83cffa06e77e803b62a9928b16ba7d170a07c3c6c7,8011c975ecbc4b837f1a46395691356a1fd0d44086ada775b9320e88445526a2,1,1
BZA,2025Q3,150,1,489,a2d9de1c7e3c116564b496afd1fa76ffeaf88b9ac57a1bd27d4ab022880b571e,44ab243512ccb50b7dfc401cca629083ea5983ded422860562c56f0d25bb3cd0,0,0
BZA,2025Q4,153,5,493,e0985021acfa587e11446137bb23654adf7b7781572cb09e135be6f343268483,1d124b9b6977ef551f7e738612d3b901cd0657111958e742a43a91efd423d32c,1,1
BZC,2024Q1,32,1,493,5d6282390f4d05759b882c238377158c79eb09b5fcb0c250950258f3ba208b47,3659cacab05527b55657926c7f6335720a935c7202daf914d7562dc0342d2acb,1,1
BZC,2024Q3,34,1,497,846b8a6cee398567d19b5515f3597e1f2754aa3422c5a4f1e3891ce76eccb3f0,4fd491a5b3473c27bdbd1aac56d72b92ee105e6bfbdcd62a3745993504314863,0,0
BZC,2024Q4,35,2,497,7959e5fac16c9971ff14232791d19a9159dd6e55e2c82cd5c417f0993a16ca41,5e4c6971b7687e6e1a02a496cd23ff5425b3afbd025d7e2d3a6472ab4a9c7b32,0,1
BZC,2025Q1,40,1,495,7a642bf3740c885fcbf3f5da8caa4f6184d4121f5754f5498131371cdd6d760f,c7ca1bb14fd51ba8fd58aef005c843e2cd4ba79f86f16179c12ba3d85bd461f3,1,0
BZC,2025Q2,41,1,496,4f86254066291a7d3bef0e13cb1bb28115a43b6dc698ed18a8afaa4fd517cee7,1ad7da01ad9afedca3ca06eca6f98a05415dcb6066060971d68b6929efd66ddc,0,0
BZD,2024Q1,125135,5,326,bfea4b677ab51024f1b1d323d539e27d3efa881c49bd3ce12e027b4cc2431cbf,15088fe35c1457e7a6b22c11700a1b2cea3b4c9000c19d6d99d8d9d8003ab49d,0,0
BZD,2024Q2,138320,3,326,044e84a648629597485c69a6249d1c207b61d58b68a2a8e5dfb3be5986c9d13d,4b4d9934348a315c6372d005de9815295a00e48137e7a98b92d8c5e5e73bba3b,0,0
BZD,2024Q4,177025,6,324,7e8ca2c4e2f79229108648a6c08b3f8210baf3773a34f841335101e47ad7585b,6fb394a1bb1d788edb5db53be8cb4487e8c78799126b1627fac0d833f87a431b,2,1
BZD,2025Q1,193399,1,318,69b84ba560d0269573b6d778c242a33dba26364d5611d7090bbc6cff4b2db993,f3dd231f5f28f1253f846ce65920bcf282bf67d785e15bc88d46a74d3b5f73ca,0,0
BZD,2025Q2,233525,7,319,c78d187ba235f87aae17bfc19e2c3065a7e86aa875cba2e5e8752dbb551ac150,8503d52c96c737dfa066e969d4b9dd57396a1e1850418f74dff799fc0ef494f1,1,0
BZD,2025Q3,241334,2,315,c72da125cbb276eb6120ffc4c37028d79854d9ee32a2edb53d96505be1012d4c,3d2a2d96c27045a41064f64e6c012972e7527dc62d8a674ccb44b74298b3c1df,0,0
BZD,2025Q4,244461,3,318,46767eabfc166ec8255b183b771bb22c0c211dd77597051e0bbf211ab19fdb5c,696234ac905c07528a85029991a5bf29769441b48a71eacf35760800642d4bb5,0,0
BZE,2024Q2,698,1,448,7afe43cfc87387a4400dfe0d149686c71562f95da1622262b72568c86d90c773,a01e6f9b9bf67cd709995cb090f93f1191a77ae213b1a890e7eb66b3561deb36,0,0
BZE,2024Q3,733,2,447,05cd8b172098ce6d0a6a6e93e5b8b831cd2d752f7ad4bc4f05c6d6a9e2414e9d,5fe6abc2bee533f5eb15d0d12dacf34fdcd8721c51dfac51ad673f2adb81b76b,1,1
BZE,2025Q1,830,1,446,d2fb38000eb44d64a817d4e8bf49c7f2517e892772dd797598662e80d18ee45f,1ad7da01ad9afedca3ca06eca6f98a05415dcb6066060971d68b6929efd66ddc,1,1
BZE,2025Q2,877,1,447,e099befbb08cf55cc261bfca0cdbf6e7189159bd66807927aef16b3a0ef3eecd,a870dcb24a5decb006ff62fa84d61e196ae2ada80b26cb1f88676e14c29c6c22,0,0
BZE,2025Q3,927,1,449,1e73ac03d52824ee9ad9baa897af63e26c9c6c113a7f02a28a0c6bcafcdaf4f4,a1db1e09c8f5381c6776009d0aa5b9557bafbc49a22ea386843f60ad2689a3b8,0,0
BZG,2024Q1,9,3,510,6a27e0ac4e1db81d2f8daa04df4d10c7b848a9eeb1021dd28c74b46bb84f0468,4ca7c40c169f66afdda41643a5b29e9758c8ebc6889df5b675bf491e8ba71acc,1,1
BZN,2024Q3,63,2,488,f89718eaecc6634169fa75214292151c00c84e0ee287b13f232c05cff9ca35ec,5da0a809f04dc7cdcb00c5689f15a5c644160917d23c621f50c7b808547e2ae0,0,0
BZN,2025Q1,68,5,487,5623948303938d23d9bc6233f8df81b1d86c9dfe167f5138469da81f54c091a8,1a03dcbfda0d21cf7d32adc2fe9d3d863ea49f9d5b7c341e9bccb53584047402,1,0
BZN,2025Q2,73,1,484,57beff1919895ab2200f021bc5ad83df1b15987e3385b9c6900683f02e5ad1bb,3505a09e641e891d63441edce657c8ffa3ca4fcfe450475d764e26edfe1c148d,0,0
BZO,2025Q1,263,1,481,c5ee362a2c3aef44d5120f51919ae9b20a0502310dcab078be4a8d1bb3b49350,191abb451fc1a7fd9475e2b550d1238aba07bb1bb20bbdb1f1add006625fb9be,0,0
BZO,2025Q3,302,2,485,0f7bba798667ab0c99ee4c57d1766030b7cfcbab5661a6cf842671c92098939b,63c755e6970f64950bdc69527cf9c3f3ebdf5f58fe8245a1f82247cec7bbca2f,0,1
BZO,2025Q4,315,1,488,fb1e8e620aa7ead7fa1f80bf951fe8642ea847cd771a0d4d5df9bd9410e9b814,c0a96f021be2b891bbb71643ab13928f1c30e4cf94f9498b4cae5f22f76816bc,0,0
BZR,2024Q1,108,1,478,eacdcad3fa9fb66bfac67fb485f7dbcd17cf6716b868a2665a53eb1255d13df5,06a5b2ea54f190eb0a7e4cb555d3eb01cec876b77cc9f21a5335921a87b1c5a3,0,0
BZR,2024Q2,111,4,482,c5d8b8c5f5244ebe53b09dcbc02b609a22490739ce84d030906720d535c3e876,d52752fcf2640d148a1d19073436c64477eb52d1250ac6df701137cf80ba96ca,1,1
BZR,2024Q4,122,1,479,6cf86fb4e57a89d235163ac58be1f142971c30b9086b7a9e6a347bc7b740b959,625f87222c209c641a47bedfc9aa2e722aa91a819a70aa10239c725518d6eb9b,0,0
BZR,2025Q1,126,1,478,d90395023b90bfefe95a6d86eaa66fbc4d40e71455f87dfcfd4e13248d5a59a7,4e9806520a6dcd53f7f4edf4e52d8e8c92333ff197cb93ec1019a6feaf3d3a79,0,0
BZR,2025Q2,132,2,479,de87806ba483eb86bf3c71cde572e9a163dca6d674563d716a8673f92c17eaab,3902711ffd6e12f3899557aa92adb40a30662082299dc29e648415b13c762112,0,0
BZT,2024Q3,7,2,512,2a7fa3a202617eeed3ae8af4755f134bd4929f17dee343306330d9e8e3f3bd7b,2e3f49e642815394f038c91c492c7271be34861bb7f117aebd52cb14963fec10,1,1
CAC,2024Q1,349,3,441,beda875b50fd1b56a84350df37ee23fc27254af524d564124fe3f9f90d7bb191,2c2ca2d8d42658703cf189d2d6f8be55628c31d0dc198b251bf57df82b69e23a,1,2
CAC,2024Q2,360,1,443,bc614755923b6566fe927fb9825d79d50558c577a8290a6691b4123cf72da75b,c5a8eec065a1330d326d74b57a80c3d378ea8fa63887713715b8aeae80f74858,0,0
CAC,2024Q3,383,3,442,a77319e2f4152fbcc857b1a3d0da7a0bdd3a4d52366cced3d5315c6f63a78aa2,7221ec7b4731b2b34c9328efcf56af22db1ba08249839aa9ba2669a80b98cc3a,1,1
CAC,2025Q2,518,1,442,28889047cd8589201b8ca5b78b6e08f371fe960e3494b60f941c25d03648d021,38808ac949eca13262bb87853dc93864bb63cb2bcf583c6b7b2a4c12d9463cdf,0,0
CAD,2024Q1,92,2,484,2f433b4caed3c17aba0c6199cde7ccf057b22b2501dfbfad2ed08c1b964062d6,256fd0aa9864026fcb84d70d6829de0472411bedae3fc48d04b3c48e0ab4f4e1,0,0
CAD,2024Q2,117,1,487,c79a2bc07c6f0e5ca6970e62a53f88a69bd78d3c2913befccbfd19dbe592c191,828573666a89a8834070b013ac719044da35f3908bae814bd8c9f6e25be9d09a,0,0
CAD,2024Q4,196,2,487,f6e1e6374fe4bd4d74563414902a52ae6221c3a375de3b06ec3aa4593e219f9a,4cef42ff3587d58447c5f7d2853adf098aa07b109a1cd8bde2b01250e7024f42,1,1
CAD,2025Q1,347,4,485,6e1d225a739180e73ea6fa5dc93eee6e976fbcea7e197c232a9286aa926d7622,0213a6b621d087f6ef25105483b6a7b20a56e7e7f59f3c9b935fe566200dd49d,0,0
CAD,2025Q2,1585,2,483,09fd278dc1d008283a0ffe9f9f632396603fe09916809143765dccdd731fc877,7d23d5b4d2e6b2d79fb39065c6168f84aa46ee3f8f6535da917b016ff5c5cefc,1,1
CAD,2025Q3,2197,1,484,e8bc12be1a31a0667f5d4ebb81871737df16b72928be53b8f0970593f4babe23,f64e3b1eee968d15f60f8aa57bbd5be24cd0832b1f2851fcc70737e4c3b6d350,0,0
CAD,2025Q4,2632,1,488,3125ea70c0db8c62ee308a725d0f925a6cf839e9f2697b50c4e56dad09359589,e8998825e25117b5add3e736741679c2ac762b8653b276876102577639320655,0,0
CAE,2024Q1,275,3,453,1af1e79ac26c728076f05dd34f27ac93d67dcc8225b670c953a03d9a0420e22a,8f1434c7e6f8f547cc6ab335a38f2fe549a17306fc2730bf8cdda56e9719ae4d,1,1
CAE,2024Q4,321,2,456,7ab664a626471ba73165f3364f2f378714e2bdfddffcbacf12d957e1b9289ee6,7ebfdaad950076a6c7a75383a7bf322e44ba0aa5e9699ae4f73667148639ff21,0,1
CAE,2025Q1,334,4,454,6ac4c3a7ff22dc453af60dbdc82aa05106ab79b6cb1c5512c2b0bf622251fd3c,eb29c1dd2ac0c624ef2c1838e7d0cb8c544e5432f1ebac9d5bc94b4871525c32,0,0
CAE,2025Q2,341,2,452,bd575373d9a63c73eb0d5c94861bc6359148751d616e709f5ba68b6b3f8a29ed,d98cc255836b122ae4a546276324715069f9f1269e9c844e7b0264789b114670,0,0
CAE,2025Q3,359,1,453,42a131768a457fd63991fcfdec50e2428e05a2b9408ce0d220e5bffa804115d9,cbdd00c08fcd013e55e94815c31b8e42f822f7d7d47f2836753892256c8267f9,0,0
CAF,2024Q1,625,4,414,a2eb6dc842a2d211a508fb00a53526f6f3a881e97124da2303c283ca8c381b72,502f94c7ef9905e8b87b60fa992c0a518dbade8915a4f9b2b6708705e15269ca,0,0
CAF,2024Q2,646,1,415,e6b866133a0ce015c1d2b63a170babacfddd13e91888aa53cf21e0da26c52f3f,1bc72c293f420770f578f0c0d66b172bd66262949be51838ae4ee46d224c4596,0,0
CAF,2024Q4,676,5,415,7fc684dc24fbfc6405c6ae380b2bca01db25805a7a5f6c191a874c24f78bc0a8,e882d56457c9d9e33ccfdd16bbf55bebd49052dee97694e08c9a8469a89d23b1,0,0
CAF,2025Q1,727,3,410,aeaa88100afe34719ee303074c3a6bb17c15524a96a6e6e8dc6a9b1224ba6c1a,ab2796841b30d38fe38af41a29a315e130cff7520e1725eeedb108f09237ef71,1,1
CAF,2025Q2,774,4,409,599913e4519a8161e7d2d20186a57b88bbab17632dd3ba0044b1feded4d9d808,b647ea994edd82813f89770996fababd3fe4aa293102503a94ae353e6c2eb232,2,2
CAF,2025Q3,816,4,408,ce1cd0841751ea548f4377b221fc57df349e4fe1e9c3800aef690e356781cdce,c3efd83b4220c56e568d795b7fa44d1e03b14888918be665d3e43f37b27b193a,0,0
CAF,2025Q4,853,8,409,ff31ce787a211532153516599d031ceb52f1aca3521b16c2b9a520b9fbb99b2a,10519afa38de39035b64ff7b63386e847212d15804f539a4cd05d88de6078737,2,1
CAG,2024Q2,43,1,505,f656919183bf3d0513ec8f47b8e84e120674b54c84eb15c6eaa3813d7453e291,65ea39fe79bc24c82fbcd229dc271c392c0523fc3903735d7a2251444fbfd846,0,0
CAH,2024Q2,240,2,454,a83c1eb554d436b0e33afad8c40033eb0a7410c9253e8ad19389b67404f9faa5,12c49a7a969a3acaa66d9558c95f8fd0e14b31074a9c469bea0f71810fd18e6c,0,0
CAH,2024Q4,264,1,453,65c8eff83fe668fdecf684404f93b92280337d95830fe1693d19548852b0dd3d,6d19f89a6b34d52be49fffb1dedeef8940de00db8969153058cce8f0e00a17e0,1,0
CAH,2025Q1,277,2,452,da89ba19bed721e2b3ee318356e346f06d099eba3382f2aeb63f127488c73ef4,4237c8f24e42102cf68b780c769418d99b4c6681e3ff43435091c154ce5eae7e,0,0
CAH,2025Q2,293,3,452,eafc985297a1a2948a0e85a88168128c97d6640e9fd64feefdb2546f1926e40b,06a89fbf2431e8113d74898710baf0c8c456e1fc545caa29c947729ac23bfe3b,2,1
CAH,2025Q4,336,1,457,769023ccffd21330351524443722efe315e4067464a72e1b3143486f13dca027,9559394944156fb2a0c90f41e331d152be56122dfcc492384b2e1292f0e74ae7,1,1
CAI,2024Q1,766,4,423,8ba6a25c16cc24b46944ce8f8defa9258589e1689c5baad1785c705799c75509,894512ab5213817bef0254399b59a91bbec5dc5e097b192b9ff372d25fd91224,0,0
CAI,2024Q2,798,1,424,7ed3cbc31d68be5970646469ec97c475579ed51946a974bc91bbfd93fe20ad25,9eb3e3d68be8c1a965453cc0c64457d57a26b490d1a9daeec1d92454194bac30,0,0
CAI,2024Q3,816,2,423,9cce0c21d1c204af20f2d40fc635ffe540a3a18b57a89a8d0bc04b4d579f10d8,7d0038852603358315976dd2f4ce0e8066ce7860ca4af1155d066f060659edc4,0,0
CAI,2025Q2,902,1,424,5f22e6772bb584b1bc3631f1a028989ed15596b02592d5d83c6240c6b69500ab,1623c444d9a12264a3af1dd54ffc08e85bb48d705216d797e02a4de7227406b3,0,0
CAI,2025Q3,927,3,426,17f0113ca7038942ecc5975fdd3e00649d87b68cd55b589c2a43f87c8cf33cb2,2148c0f132a43370df3f7cf2ed0b84e8c4babd2256a6d358d2d9c5914443a1c5,0,0
CAI,2025Q4,971,1,428,17a3fe4a9370c44f5d17b3a5ce534adc86309f645a368c6652059b945f28f0ba,34836706067240ab63dbbc3bca6b6e130a8fc8e607326d27e9e61f46e2ed8e52,0,0
CAK,2025Q1,730,1,493,05df83fbbf4e48c9927b479353ea76c392957668ca62d04a40dcfbc7af3e085e,1bc72c293f420770f578f0c0d66b172bd66262949be51838ae4ee46d224c4596,0,0
CAK,2025Q3,763,1,497,0175043a573dd1510d274a52d340a91c1f148987da1c12a309e8a41dca8139ba,150f1f29c305fdcf42a6a9382756438c9884efc5aa870d4d8cebc342f9c5a4ef,0,0
CAL,2024Q1,589,1,487,f3b58f6c41c0b27eaa34676dc148777a48f15f84ea10b6ee727b765bee18c797,1f649a4907c98ebbbd4a6b4587537e89d527e410a6a77e63ea79c3fd7d835521,0,0
CAL,2024Q3,683,2,491,6d5b441dcaa3720bb7af289fafeebbe615218363da11838dc896938c8c033a3b,31f85d203b2d085fbdfe66941c78d6803387a8709fb1216ea8a20c99021ce388,1,0
CAL,2025Q2,829,1,492,47a6643adc415a90854ac596e1b083347131f6c743d9061e096ce08fba0ef54d,06ffafe2347c3a89f0bf26e1657b8d45c014e9f95a710e5bf5b17ea7045b3deb,0,0
CAL,2025Q3,847,2,494,b8611514c883bcdd2a7905c38cdaed6c51b91d3f78f5f93fc01ef011cd6d1ec1,cdac60b302fa99c12c87b3134a148bb302b8745a8565f291b4b6f36f3196ba1e,0,0
CAN,2024Q1,53,3,484,c8899f5a8b4dc90350229b55cf99bb2a6089d84b26561941895b62b515c4852d,5226fb975e5c0b83d6aa79b262bea69f9b853fe5358868a4219b1f5eb912842b,0,1
CAN,2024Q2,64,6,486,66a41cec08e9d657c98be1aa8daaaa51be91a22056735735418c840b0609cee6,afbbf96ebc2b2ce7b36859320d761c380720655aa1c300f05fb0483ec0ecb8ab,2,2
CAN,2024Q3,93,1,480,f934b47a35e70c6c526cc206317307f17dd018186bd66f46d138ce6af2088c90,3659cacab05527b55657926c7f6335720a935c7202daf914d7562dc0342d2acb,1,1
CAN,2025Q2,113,1,482,663869f8bb5069e93694925d8615143675a76389b56997215cae60dc753a0690,f871daf976560eb79e3ef5cb85b3d2d6a3d7697323456f5fb281da2a26de8a6d,1,0
CAP,2024Q1,27,4,500,c4e3fd3be643236638e253a2c52fa6a011121613be135f7a5964fb83e54d29b8,93c4720fbe407e96ba04fb0347e816f497f0baf0dd1658f2349a4cda73c4acae,0,0
CAP,2024Q2,31,1,501,bdbf379c8198520fbc9f77921986df812d53a3f25b39f65a9aa2602e212c81a3,083821f12d7436845a7f874e2f134d5103a891c9516a746670881b21b9919c61,0,0
CAP,2024Q3,33,1,500,a8980488fe2a4707dbce8a2ab9a4c25bdac71191ed3daf48d13008be13db7e62,71c46697edee9e71aa348f719c4c7b970093c2f170e96c721b1c35b61b7d2256,0,0
CAP,2025Q1,38,1,500,66d912d15522abf34209799c92e90c351819cc7366f38e1c82a4d43618cb3e5e,2021bfcf916adca8c3c724e44ef0de9873a3b8b8f9d00974868d55254e755982,0,1
CAP,2025Q3,39,2,504,98452babbdafc27bd27f4fd5740d66b5e7b2aaf9d090e52d7e070d3a95d29f20,2bdbf4a4e06559c47e6f30b7ac2f70be034fd46cec07c3d25f5d88cc424b12d3,1,0
CAT,2024Q2,586,1,451,c13af96bde0629d0fc5448148905487c75a4ec124a1298e7379fa43a4472fdbf,ddde9afa062c0f134f6ecb6b9f083ce8f6e77f9acab065a41094f525c04a5d59,0,0
CAT,2024Q3,604,2,450,f278a8557f7672a39c90bf041db9c6899f31f1122f571ed7eac11496fbb5e56f,a05542c7ddbb43711aa00b72fe288730433f92d4bd93fb6431b2a61488c9fd77,0,0
CAT,2024Q4,621,1,449,65836f0190904327ccc24c21571ee4f3ad24d3af450131ba345909c1fded7525,67a8d890ae35fecf506ba8c84d2766b477e3cd7e99254f911cffbfc4349f5bec,0,0
CAT,2025Q2,646,2,450,9111074d408cd01e24840a05de7499064b42b779105fc9c90cab5af44075737c,1e8b9ab140c20c4d2ad6d6c67873ce2baa5c03f63893cf87593a6d7cf932388b,2,2
CAT,2025Q3,664,1,451,681b179825067066e69208991e945cd4307d9f5368ce67ed95d618bb748491fa,63284e49e8d4e860b99d434b1d1c5b40a71248ba2e1d02678cd6c0493e0d7e97,0,0
CAT,2025Q4,690,1,455,7602666048714c7d369dea18c4da50e7fcaeff790e5cc35c3d4e02e3fb7a3f4e,f7848ab76911cac9cc11e32e69e46a2c026eb3f848c91a2af9b7795ab56d794d,0,0
CAW,2024Q1,1101,3,390,d7bb1001cabbe7220febb36ec0f2b418f6368bdc495f0cfc823f966cfc59fc2d,c52557151bc1b988ddc97ae2a81f11ee1d690872e013cb3ab2c01e70aa2b2faa,2,1
CAW,2024Q2,1235,2,392,dec0c064b9015467f5564ebdc6e92c546c35b46cd52f1693ca09648e7b5c5086,7d3e7e7944161eba83a42c3f8168f9b93e60d8be2ee45eda1b2ba16ed8f4b49e,0,1
CAW,2024Q4,1439,2,390,189c0bd73eb49863b65e95a582390fd264da3d9fa96b397e7b7e00790e7834fa,ceb407f8f4e9951acd72f8bf761b0b2c5085bf0dbba8fe9f2bb9eb0316d8ac5f,0,0
CAW,2025Q1,1551,3,388,1e1ae512ee2f0ccb2c6fb712041539946315d9d375c205caf5f0245693cd808e,3be4e09b2b3bddb3326ef24ff9a3eb362ba85c01f4df4a7c21c502934fa64e11,1,0
CAW,2025Q2,1692,6,387,8c85cac0e96cb7e3c809b1e6946e2e57b3071fc44e0808f250bf9ea5514c3828,c56de8d475c7837e54f0ea8d084709a9dc500e0d768672bd5e5c583a697a71d0,0,0
CAW,2025Q3,1817,1,384,bf5f355bb67912e4317150d12fa9c31689a36c5073548cfe3ceeaf3368e3f6de,1bc72c293f420770f578f0c0d66b172bd66262949be51838ae4ee46d224c4596,0,0
CAW,2025Q4,1996,2,388,c19f642eaf3b623141420caaea5e6781aee8ba69ee189f92a7e2d07326dcc791,ce3341ee7bdede90824eddb66bed257d896943432ac2233161e1b1b95464975d,0,1
CAX,2025Q1,18,1,508,273fee5e0b9f1c556b733972d18f0ff52e834fd5e1b0b3d2adb17dca4fbd47ef,2021bfcf916adca8c3c724e44ef0de9873a3b8b8f9d00974868d55254e755982,1,1
CAX,2025Q2,20,1,509,9b79c68814729bcad7702600ea86a27b78346ea0201381002ee0a17bb2e6b205,64c7ddc63f91e1fa823dfcfffe5fa460f0b9d770ee9b52c9be5ed3f71a26cd4e,0,0
CAX,2025Q4,21,1,516,162026be5f34919a0ebf495c6d4ad47396675d315fec15c5317c67da1e78644f,4acf9ed3962214b8a18e480121f2577f4d243363d21111d2e48a7a788dde23e8,0,0
CAZ,2024Q1,1241,2,414,0f057527dc30aee5fb6394e9d26090edaa02aa23afda8d7978b405160a04efd3,fd333be0b9bca83e303ce42156a03f1e2ac4a6725c294452394229190fd3ef6b,0,0
CAZ,2024Q2,1269,1,417,50c4c6c789d75ba515c720febf9daf567d91a9f0338ef566a5910f47481f28e2,fd6733de78e0a4f5db655cf283fa7ae9c05060cb90d72f9cba4716e75f9a8784,0,0
CAZ,2024Q3,1292,2,416,3949a09cc0e75a241a0aeb279601f8e2053df7c70d8cd672e1496f0cdf151108,f7899bb7f559e0b0a4c3d3bde0edf732522aa5f94a0089ddfc28f63a52d9d9c0,0,0
CAZ,2024Q4,1354,4,415,e1758e21289e7e46bc5a89ec16457c56a572b23f46123db0940e082a5e84d722,a0335f93892f82119133cc91b1daaa9a08e1ad5cdc7e6256625cffb2d1f7dabb,1,1
CAZ,2025Q1,1406,1,411,c5ffecc81152741fdea71b3b1642e05592572c2fffa9420fb600db056d3c7a9b,8891594f74b9cbbc02e7818fc9e2a5c538f57b26003debd82b38d053313caa7f,0,0
CAZ,2025Q2,1433,4,412,490b0812b1a4f5bc8486c8afe09b9bb41ace138c2548439e8d25ff047d58a9db,7e2eb5e4d36a1836d19f5fa280b003c711a876b534368f0f5f6020b437123ee9,1,1
CAZ,2025Q4,1502,1,416,8f69119863f7cf5f2fcdf943b16ca8c2341fef50fb1111a1f177a1847bbf5a2c,191abb451fc1a7fd9475e2b550d1238aba07bb1bb20bbdb1f1add006625fb9be,1,0
CBF,2024Q1,35,2,499,34017acb6a3e8c4d40385b4cdee73a0a1a2c41f61dbf494165409a3cbabeb4c2,d10f35e0a233f259038f39655057b2fe848d9a47fe347577adcc89b6d9ca0c9a,0,1
CBF,2024Q2,39,1,502,bb3f480c538cbee76bb31904fbda6b06871982889bc20b9551489c04e7c08180,a01e6f9b9bf67cd709995cb090f93f1191a77ae213b1a890e7eb66b3561deb36,0,0
CBF,2024Q3,42,1,501,2c51d0a50e619f558fd713eebe1385a79b038dff0151b7b6868ba0df8f0be1f9,e23191cce8b013609a93fa6552ce263885ebb9abf128e2eab65b73c69de62b70,0,1
CBF,2024Q4,46,1,501,83fc1210021ab4709c9efc17fede7e78253456deec1f8a29c83ee4edc1f952ea,e2a47f2925b3633c7fc5691215f86e5db80caca4f33f7a3d28c39b927de799b7,0,0
CBF,2025Q1,48,1,500,a133f29ee100b0e2fe8b6f71add91a5ed7bc68658dd0bb4c615b16215b5f7bf9,e545563b497023690c9b474b0e63e1a6ae16dc9d52f7ab31f156f6d4219b072d,1,1
CBF,2025Q3,59,7,504,4191b445655295a023d16de8cbcc5f1f9cda82603a9dd42d39f84ee124ead562,e91be2018b2149063445544dc8e186b16d2a2a08122d1c81676f52ea9d3a598d,1,0
CBF,2025Q4,66,5,502,352f9879c1ce8a640231e8869754e9d8f128373ccb645e0f4cbb14e1224b193b,bf19fe15a2294bbeb2bd05ad4003126d4f85cf5e4ed3be96c88221939b04c0b8,1,2
CBH,2024Q1,193,1,474,c963ed52f416ac15a1f56f834cb0cbc52d91ae6905aea0f6841ccd03e1ef3742,f624dcf018bd7117af2c0ef366f6025a434c1a89c33a122df101132ce5fe9074,1,1
CBH,2025Q1,213,1,479,fc8e084b8e1be96977ef866fefe255b4d2ff0292b69e97a538703b420b5e7d63,6a12e99824aea0d5feae2c12c8465437870d0dd31353dd3635102d45d7a6d9a0,0,0
CBH,2025Q2,227,1,480,1d2c22c40fa17eb89fadfdabb48a96eaeb1772442e4315f1cb21082d4dcb4b07,95b327c9e953fd3fe62f2415a7e93ba14d48a5ff796400a19e1ac07c809b7b8c,0,0
CBH,2025Q4,270,2,487,2ab4e79fe2b1efed35f431866bb1b4a8c0b5a6fea1277a0c0944f584fceaf6a4,4862af1a0ef31d3e4ca342ee9bff2a8512902d9e6c98d0bd0a9829027cd2c727,1,0
CBI,2024Q2,575,1,451,be3898528bf765c482f51fd965b86ee2157638a87892fb32f1c01da282d6ad9f,22d9d66ebc39a7263baf276b5cb64705d4faf13b49a11097f31eb82dd97bc4d4,0,0
CBI,2024Q3,590,3,450,aee05f4330411031009e130fffc4f8ce81c52ba88674c32bc8e8b0af0a7d5afe,cbb7892f0ae3fd1573a43407baf2a7dba35faa7129356d34be8e0e4720b900c2,0,0
CBI,2025Q2,649,1,450,1618e0665481bce95f0cbdb07253a9742a0d92028577d90b0f27ba64b656ad6c,29f31c1d96f11024ddbc566f7c47386723c72c84e2d438c3371226e1a789f4b3,0,0
CBK,2024Q1,74420,11,194,bd34d08ab5e748c4d182c0bf016af31fffd99e7ad8ccd29a6366e00bdaf88eb7,446874aeab4294669a3a75f0fcbf1e02d5e15ba151ed2a667ebcad54145dd13e,0,3
CBK,2024Q2,81161,7,188,ae3a163e98fefa97bcb130aeb48e27fced83e14cdeddfb4e9deb21bc55a136e3,127266a4453836f2981469c80e8746ee8414cef6566cb69f9d4bdd5332b4ca19,0,0
CBK,2024Q3,85380,3,181,e80cb764ad689e5620035a62e17aa1b4515ee0ff076bb67e1d1c3c623e854575,403b0baeb5ed1e6fc096d31822dcbb49cf39090826802b291475196c96513d2e,2,0
CBK,2024Q4,89862,2,179,e47f13a0c9b38157451795e3e4072fdc39baa3b6eaaba506ae78da34c9ef9bbc,4e1c458080fe5bcde8f894dfe79f794059c64e69d18d68833d92fa5cdb803348,0,0
CBK,2025Q1,94756,2,177,96ebe7b2c73f6300ae57a910fdd77ad93c8c78b380b696b4d4b81483f7f0582e,73f1c32cd981cee83ad56f87678b80ba2cdd238c55ab2283ec925cda648b10aa,0,0
CBK,2025Q2,98965,2,177,2546a1a48b59463d50dedc21da4e3cbab0a5dd69e0ddd84887d8a2a68693bc41,f3b6aff8b2a6e839ef9f497098f011bed11d6654867a1b62df5c2650d4192eb0,1,0
CBK,2025Q3,102695,1,178,2f2462e52860731212d844e1dba5eb042849f537e3ff406a18c8d76e5e0531ea,ea55a2cb9f8bae3d4b3ffbae2fef3e2161f3f9786f5a96bee6a29ed99716b604,1,0
CBK,2025Q4,105718,1,181,5af7bc3b9335f30bee1fa51bc4f90e09a1e380e9ffb94887444b6e4dc8d0446b,0fbfcc011e34434db270f8a93ca77f328a43eb5e502511e2d2b271232a5dfeaa,1,0
CBL,2024Q1,65,2,487,3f85a6baefd905205e99c9d6c46079f31944ab5df7678a1f161786b69ef23bb9,94d437855b5671268d42410d31956f5112744aa588e6f080c6d2e98e321011a3,0,0
CBL,2025Q2,74,1,493,629122a52d02b50e0586a5fddba20687f9baa4ad3603372440054822181554a8,e3173dd3b267271ce8c0c426407a504bfe481afa16c303d4493143e7f5dc6f18,0,0
CBL,2025Q3,75,1,495,161d8e66687d4f8dad8fbaed05b22c5b309b134704db6d9dce2411a7301f47a4,a1db1e09c8f5381c6776009d0aa5b9557bafbc49a22ea386843f60ad2689a3b8,0,0
CBN,2025Q3,2,1,525,dd2c6e92bea7d0e7857197ce63152321ee6a3ab452427c8d98687302615ea706,b51ab52cbc702a484f7aac2ddcd0f45adc99b7e502b2c475994cb7669837879b,0,0
CBR,2025Q1,1,1,520,be661c87b52d1be399b5aa04357685a493bcb2cc506d54e3f3190cd59652eb6e,71c46697edee9e71aa348f719c4c7b970093c2f170e96c721b1c35b61b7d2256,0,0
CBT,2024Q3,85,2,492,01bdd11086fb51bb2f4114fd9318e4e6f815ef29be1502fe683d376590150b78,10774f8512b7cd1ea42027fc42b65e75ca71a4fa7fdd3ae3f9f75e69d11cb142,0,1
CBT,2024Q4,92,3,491,25fcc2c87285ec8eb68e311e4c19925b3ae8ee2815bb754812b5509f69a1b94c,60b0dc3d4855b6e73f1edb34061fb93f2a96baf3e8142d3e181a55e130bfb0ce,1,1
CBT,2025Q1,104,2,488,d7cb0c8c18ab3ac2caff503bb9a93269245802e7c8d5b61dbbae6d1efb59b4a0,921dcbf50952428b5674d43bd7ae7cca79582fec65a8669573d154c9ed4f6fb3,1,1
CCK,2024Q1,8827,1,365,537de0732a223f09c0f82caa9b4f9e1a4dd853a25b440a0f7ebd43b2ee6cfb06,c0ce6b17804c03aca92edcc5c606c2d17ca10b7ec73a76931630c292c27d9b97,0,0
CCK,2024Q2,9038,2,369,f126ba66fcaba6c8ea4e92ca8fe9678d70beea3d37defca2dd8cdd5973955ab4,72458ff0048cf816d0b2af6c54ba4410ed515a0b7f72eb82e8eb3dfc5a2dfadc,0,0
CCK,2024Q3,9300,1,367,6d7b3c7b7e5a576c78779c24036842832cb431a16eea2a8ad26a92ec2bc8c072,2d49936df8df24249d54b6b70f6d21da05d979c1e1957fd00a90ac51a7782a27,0,0
CCK,2024Q4,9653,1,367,e1d20e2a8c3f2c5cec0b2349dd4729443ea39e63ba7bcdc6547ddaaa6595be40,0e7ce2c55b01e28812e7fd0b7e7682c2f5cf97d5e220080ed0c6f04b26b18df1,1,1
CCK,2025Q2,10305,4,368,1dcb47de257df5feeea3cb3f5162d5c1ea7d01f4bd98472be232afd3bf0808c5,f24489489e0c8c731709e5f2edcf3a0cd70f416391670a8afea01c5a5c5af56a,0,0
CCK,2025Q3,10611,1,367,4d7e553fb44d2dcae84057cb1ce8e12df8c671fcfc402e3a9f3252d4893431dd,9559394944156fb2a0c90f41e331d152be56122dfcc492384b2e1292f0e74ae7,1,1
CCK,2025Q4,10986,3,371,3a5290a45438700d60bbfa0b2dc38aab7c2c7b4445c5595db5938afdc4857707,a7900bf7a19d274fcea26c872c267bbd3f24d710ef36a8b34b9d7115377195ad,0,0
CCL,2024Q1,9,2,506,1cdead1c6a027af4244e5fcd846a8ef7292d27b71e5df4c041a99799e28f8f04,4e0e2c37ffb5fb6cb8d1516114848558ee204be68230ee3b5960ac73a3263a55,0,1
CCL,2025Q2,14,2,512,e5542c7b2d3826d7c04aa343fa9b9b471a9c372050dbd4240adf702d8eb13135,00f5d70385aba13b4cb00874dcaae5e0b854e2bb7500df33a56581bfdb918f4b,1,0
CCQ,2024Q1,14,2,506,13174786f9f3865e47e956b63ee3e4c2e2cd4db33d68af98aae9490ba579597e,58772a334e632c00c214cf49b925707778e22c5298bbabe071373be612380487,0,0
CCQ,2024Q2,19,1,509,d97a9f2d1b4970f58a9332d50d7888a7890d5796cd39ef8bf464c8a45d39d876,faf312a8cba764ca7c8e2c85959cb7c33b55a75ea6debb33cc1c365ab5bb8b43,0,0
CCQ,2024Q3,20,1,508,40f5b846a869937b0d13ff3d09c4129a81d056eec2f64783b311da5fffb6bfcd,d0925ed7e7326fd1da0599f4480b6028be72c31955c5064207f11ff98d94efab,1,1
CCQ,2025Q1,21,5,508,3fbbe07c0a9f3bb9cfe33fd4680db5a20327ada6dafa819141e57286810d8e4a,add22820593212d2eca1de7272b2e14233c569c6571acf2fa6105ddeb06be002,0,0
CCQ,2025Q2,32,1,505,c81a008a209b0079be0a06643a0ebcc56635413c84b8bb9c097419078cd008b9,86daca3065e34a338f076ca3028252428f4d4d05c7236baf45bd8e40c11efe88,0,0
CCQ,2025Q3,38,4,507,cb6db9956fdc19e9193d1bb605be3f39e18c0f801df7ac08d9aa69c8993ca4fc,8c57418aafe07ce5c3f70d4656ca690e21f9369b8e7d1a12262ea121d4052ec8,0,0
CCQ,2025Q4,45,4,508,9215f3985561384d0754a8b7e54d211c6e1784d192226960a1f31022b7cc34c9,2adc6fca8f3ddaf8f2f159ae1e80f05a0e5f700082179138aa7a619338fe4042,0,0
CCT,2025Q3,11,1,521,354f0fc0617f72f1db6e5a4b86752cd0ad551ff7fa9a9cbba02c3e82b5c38e83,a45a4d8ca8f3f66cfe922287ca79f1444322afd4d71aba862038704c11a2aa0a,0,0
CCW,2024Q1,1964,3,398,8a39a34aba9c7b05b5ab15107c047c13a393aba7cb189eda6bf1491eff443d6d,7f7ca534b68a57f7dcf9c29bdb0dd739f4c722c1b12798181fd26272813e4514,1,0
CCW,2024Q2,2061,3,400,bb5440fcc90121b03150f7463e2aba2fb659b1af1859a01a5bbdde6154183019,e377f54834d09195288d6b527f46ee6f165a7d929f5f56102a314fcd8ce01436,0,0
CCW,2024Q3,2150,5,397,1e1b3b2e0f5df8f05284d630cc150c173f232c150274157ce33a74333d3f3bdb,127ac431b2c4079ae9295df58ec72cb458304a1175df8b8c9a0b2e5ae70afce7,0,0
CCW,2025Q1,2437,4,393,7cc62b7c17fddc1c992c2becdee198c7e5b13b2a10967a0942e5642d7f8972e1,361822c5203a12c2fa0cfa8588f7955653c69a2b41f900054a550844f44a7478,1,1
CCW,2025Q2,3255,2,391,779ee79e40aa9784f48447d38f6704672a8866d0b8103ed7cb7d96aa46f88376,e1abd14ef0c92a9e84210c399ea2b88f2fe710a5321d715c3e9ddf986816d582,0,0
CCW,2025Q3,3475,5,392,d0972b48a68d4ce8cb7205a9a71214fd7ced892d8d022118eeec39b5d26d1c19,037918d765236374f92a78875fc417ef828731344747017e49b456a8087f4b20,0,0
CCW,2025Q4,3719,2,392,e1a04f98e88aafa6dc54b9add60216a4caac8a69204e3a9d36aafeb3ee20760c,eb4b7dfea52a8b5345c828dd3ccb1aff1b463b86f7b4ff7c6ef84af83b545d67,1,0
CCX,2024Q1,77,1,479,f620eeac99754aa61798c640be0190345bb434778cca5096cf5e034181891ae3,0b9598569210240e6aaa23667916d4602ca08460cdf117c6ff5ab47a948c4ce1,0,0
CCX,2024Q3,88,1,483,b2d36bf42e6a5c1f1d421b82631168ab9701e53d1d5f6c5d054ca3c5df60b9a7,0e91202d09fb12c9f3c93678b8b07b4f9b6508bb53fafb877c851effa966b76f,0,1
CCX,2025Q2,106,1,485,818d78d9b63c25f3add12ae53315ee70259578567a9db8af7a9773b97032b6e6,20b55df4920ce2e4d50f52af88c9fb96254d96d058c414f391278206a37fa665,1,1
CCX,2025Q3,112,1,487,adfabb82e452bf3600e146b554929ecb943af7fa3ce8cf77b7996430815ea414,e635b3de8507805bab688843a47dd501ae92c947879cdd1a26bfa6ff5dcad62a,0,0
CCX,2025Q4,117,1,491,33a1080c6beaaf766d990c221d1119f11c145a977624a5f6fc8e16c1b21ab455,e54588853307d1ee93faf839437a12dcf0969d3478f0af08fc2731b59c196e87,0,0
CDD,2024Q1,104,2,497,97d75b916e0285ac522de6320b495125238d3ac601fc8e459d7056b38d5ac91c,23081882fbd9daf6ac967e4cac556ad4b4d721be595c46bca3e2eff4f9e9ca58,1,2
CDD,2024Q3,119,1,500,0c1bed3309dfb25d67fee976c85c10cade19c391e534259f34b67073b8294237,8ee4768ca710711739fe0eb1350f14ebdec2c21c30e21ae2e0e2adc52fbe7172,1,1
CDD,2025Q2,146,3,502,2ac88394c5d31a6bb88239acdd9a6d76c0a70b2f56fbdf6a4ec092a3110d85f4,dd1b8a6bcb105ed8a09ad7bf81a6420023b61fde01cbbfe1a684a8a03c02047b,0,0
CDM,2024Q3,2,1,520,818fba489bbf930e202e0179ef45d55c039dcebbd201f0c1f236dd317802ae38,c5f1bdea4b936530e6d08a46848374a4e328fd17c67662f67ce7ed7f65217cef,0,0
CDM,2025Q2,3,1,522,3baa1d03f286a6cab5b263c6c242998f1a2b0e18916eb0d3d607e67c465ae8c1,83032922b0a4e4a72f25138cb32888e92e34379360d8bac23225341e0df69cd5,0,0
CDP,2025Q4,985,1,517,4487a655fb9b09699530c954b63e7df031f6f24582f20f58de9e69afe6711245,598a368849023e0238de665cb5ad2506d41b4ec6497efa2fdb6b432b05bd9241,0,1
CDQ,2024Q3,8,1,517,5d67dd0722284f279ce75154f4ad6f444266d13603867146717155c5565cfc5c,51c1736269f3fc3956f415ff8ac449f3b8facec287918b631b30c61f99cba830,0,0
CDQ,2025Q4,16,1,527,f0887b0a454f3f17252f3c2875c30c70fa158eef815bfd01070e4c7c75498c5c,8ee4768ca710711739fe0eb1350f14ebdec2c21c30e21ae2e0e2adc52fbe7172,0,1
CDT,2024Q4,18,1,517,6a87b49dfddcdcc2100d3e635295d72cef86c077dfed1544841bc41427e100fd,ed64a5a5322ce493860dd99ed952f99c5cc4857da12ed346aea053ed4a0e00c9,0,1
CDT,2025Q1,20,1,516,8106dc71d6862323e732e8278602a62ae2083b5706057f7918648d7bb59a68d3,f871daf976560eb79e3ef5cb85b3d2d6a3d7697323456f5fb281da2a26de8a6d,1,0
CDT,2025Q3,26,1,520,01caa80106fb6ee4de013d898057f5079a373cf63a69e9645eb3bb445e12eabc,a734be963810eb6351f5a8eb0d3d0df59126743d0b0bf4336800098317af5b31,0,0
CDT,2025Q4,30,2,524,3d7ecd7849513e6f4131777a150aa720909d38d74be0a0784bdfee905e35bb4d,9b409f5f906b9bf01a7a7374ff75f5e9064082577fc3498a60142654bd1a8b7d,0,1
CDX,2024Q1,33,1,506,250a5b68a5569b875cd856debf5ca8a20e0eb5cc0675af632650d68f7905cb26,ed64a5a5322ce493860dd99ed952f99c5cc4857da12ed346aea053ed4a0e00c9,0,1
CDX,2024Q4,37,1,511,0da9d32d544cff9bbefdcf4d0ea84583421ab0877cfac190532581a3a7ffc6a6,e545563b497023690c9b474b0e63e1a6ae16dc9d52f7ab31f156f6d4219b072d,0,1
CDX,2025Q3,45,1,515,624aa9e508ad356472d06d77065626c4225764fb6d941ac26857984eceb37bba,828573666a89a8834070b013ac719044da35f3908bae814bd8c9f6e25be9d09a,1,0
CDZ,2024Q1,35,2,508,a0b547e6506dba7c74a8bdd6365b2bebc804e177f001f7c1dd1d96a590213f0b,194f11ede25e8639fac8e738f8d52fdc2eb0e3733a101873d7867e52314e3e3e,0,1
CDZ,2025Q3,51,1,517,8c96453b7a51a1d64a3cd9b7233d87bee65744c3e7ff1d982b8a14a15ea883a2,cee2fbb31d973fe5bc1cf5f4ebbb6b5126e1b492e2078948bd234028395af8a0,0,0
CDZ,2025Q4,54,1,521,85960e16db17f0b5005347a194dd1fda75cb8414a9a718e8fe9c96ceb2d3e506,e545563b497023690c9b474b0e63e1a6ae16dc9d52f7ab31f156f6d4219b072d,0,1
CEC,2024Q4,761,1,509,9131cab92dccf8f2b2a1e3f0d1e0e50402bc379e4843e0d16f1fc49422f2492f,e8998825e25117b5add3e736741679c2ac762b8653b276876102577639320655,0,0
CEC,2025Q2,875,1,510,5ea5fb4c4c20fb2467eebe55ea575aa3b05508bdcf6823f538f0c141ae2cee70,f7848ab76911cac9cc11e32e69e46a2c026eb3f848c91a2af9b7795ab56d794d,0,0
CEC,2025Q4,992,1,517,43bf78b2a17e15a82ca86ad8b8167efe2eae37bf56a045587b4f10a5ab4e3d9d,b33cc2be20ef231d730c6ffe3bb2941c968b6e8f730a7ee1af31fca48e52c9b6,0,0
CEK,2024Q3,34,1,515,6c068fdc2532e936b97dff469d5d984c548b820c2d183e442cefaac76cb2863b,f624dcf018bd7117af2c0ef366f6025a434c1a89c33a122df101132ce5fe9074,0,1
CEK,2025Q3,54,1,520,b3522d10114bf0e07cc4d2eb8c85badddce913b1d7d800c1e250ebf19eafd154,c5f1bdea4b936530e6d08a46848374a4e328fd17c67662f67ce7ed7f65217cef,1,0
CEM,2024Q2,143,2,488,bb352872fc17e302b1dc5e3250788377e6c51626a67a5c9e09f5983ba286a28b,41ae20fdf0aafceea4b0e1c8e381000e07e9946cc959431f1388b2197037f645,0,0
CEM,2025Q3,171,1,492,a969dfcd648c93e771187096f1661a264714c5a530c02c02dc6d917c7248bb86,06eb7fdea1bab6560dba4c8e62efa29adb2f6f8a63eee0f278154afb1acda5ba,0,0
CEO,2025Q4,22,1,527,76d78f1c3944f2dde7bbcf4c72f18a60d4cead40b56814ce67140962460a0526,8ee4768ca710711739fe0eb1350f14ebdec2c21c30e21ae2e0e2adc52fbe7172,0,1
CEW,2025Q4,549,2,519,bd1abe6fe6a228f8483133fdfc795965f667abf36039c173a099c93cd709a8c7,cecddbab7279b67794345e1dc8672b8d23a56d857af32dd9e269b022f1342f55,2,0
CFJ,2024Q1,49,3,514,cf70e793ddcc648ff6e73bd0ba18119e65cd25803ed93e8d2020c4b2274aba11,f9442969246f3aaf715ae9a32bcc1bf44a42338951834bcf12d3d7af7caf37d5,1,1
CFJ,2024Q4,57,1,517,aa20ffcae5ea6155d221da99bb35ca97d496582b349efb1295e8aef8c9062a58,e545563b497023690c9b474b0e63e1a6ae16dc9d52f7ab31f156f6d4219b072d,0,1
CFJ,2025Q1,59,1,516,b75167374e08720d92809796cfe5dbb9d4d978c5d50c44e3200cea971e805e92,c5f1bdea4b936530e6d08a46848374a4e328fd17c67662f67ce7ed7f65217cef,1,0
CFP,2025Q2,52,2,521,7b53a922a82d698980ffc39b4281baa2600008cd1fef7e5a366a8d2612d56c99,306e396e57202492346205d9c54d1e63f226f43b5e075482cd19db966f658444,1,1
CFR,2024Q2,52,1,515,e11b45d3edcb8349703bf420131a9f9a196beb4fb98732a26d523580062b72cb,8ee4768ca710711739fe0eb1350f14ebdec2c21c30e21ae2e0e2adc52fbe7172,1,1
CFR,2024Q3,57,1,514,568111b48d0f70583532bce514d62b7c428f4876323ed4093b117b47b4978052,fa004cc648fbc48aa07924ff3e5b332da3f3c2d020ecc8908e765f1ca14d4cc0,0,0
CFR,2024Q4,63,1,514,d2b57e705155273a35c74869c9ebe55c0bdc51d78fe6014fac6b97770220bea9,e23191cce8b013609a93fa6552ce263885ebb9abf128e2eab65b73c69de62b70,1,0
CFR,2025Q2,72,1,515,56144d3f11093e061c46526cc52788e1708b9a39447053128b11a0fd17310570,f624dcf018bd7117af2c0ef366f6025a434c1a89c33a122df101132ce5fe9074,0,1
CGA,2024Q4,1853,1,475,5f55c81ea60ae872555dd105bbc9524ca4a90c61b303cfbaa92a428e585d8942,3697faf9942af42685fb3f815b16f9ce5d825777d0421210ec2e5cca8734bbdd,1,1
CGA,2025Q1,1910,1,474,914d9787af73a64e7d7982879233b55f3861a6b110408ca6281a60c70894524b,e8998825e25117b5add3e736741679c2ac762b8653b276876102577639320655,1,0
CGA,2025Q4,1954,1,483,d82e40874b2a1519297b4184b83aa071a356a76f8ef2b1e115a1a57f39324d87,69c9b47649ef5fd9ebd2d096cf6ac8a423c34daacb3af8b0455b7a4d46370e03,0,1
CGJ,2024Q4,11,1,518,6d657c37fa019831bf41007e2dd5f478e43bbb0da580b9330efa14ffdc92ab02,c5f1bdea4b936530e6d08a46848374a4e328fd17c67662f67ce7ed7f65217cef,0,0
CGJ,2025Q3,14,1,522,d28c8fde1efbe7fd5f4af8fa59713620c09d83b9448917c678278e66dbb50838,6832e84ec787bb1b9b0587e8cfde91de6beea69890cacd7e948dd0bead445a21,0,0
CGN,2024Q3,37,1,510,6e0621e25a181ad92d98501790caaadb32e2bb26a5061dcb207f9058493b09b0,38c09c12833d504dfcc0dbdbb3d4ce61b2e921adf0cf8cc9e741a7704f3daf14,0,0
CGS,2025Q1,6,1,521,c25c501051bc87d7ea6eb9a01246203d70f88711d05838b3d8a53d56e3261176,5fd09d1b78591e13ebddc2a8e95189433e215d44d0347594d994d099496e9ac9,1,1
CGX,2024Q2,107,1,510,8f8bfa8d21f8df90ec6cad76d7fe3cf09326708680a81c39edd683a0ab860641,f624dcf018bd7117af2c0ef366f6025a434c1a89c33a122df101132ce5fe9074,0,0
CGX,2024Q3,116,1,509,0bcaed0b6ef28b13d42f15212d5dbd431b1d63cc22fdf7c844b196d90d3965f3,fa004cc648fbc48aa07924ff3e5b332da3f3c2d020ecc8908e765f1ca14d4cc0,0,0
CHH,2025Q1,24,1,514,614f4092e9e17a3a37f80095f13d56e76823eb59bbb46bbaed6633ae5ede8c3b,f624dcf018bd7117af2c0ef366f6025a434c1a89c33a122df101132ce5fe9074,0,0
CHH,2025Q2,28,1,515,d08a96fae9738431be259c172ed15a8d016a5007da7fa2de4419b5c80d83b4e5,c5f1bdea4b936530e6d08a46848374a4e328fd17c67662f67ce7ed7f65217cef,1,0
CHI,2025Q1,50,1,519,fe14f6afa0d3105ae07c74089bd11c452a755013f2fa661ff850f6e1664bb059,8891594f74b9cbbc02e7818fc9e2a5c538f57b26003debd82b38d053313caa7f,0,0
CHI,2025Q4,56,1,528,4da486567c6a1ac327af6a73af183764175bf4be6044a56c12f9e221c2c3f273,c5f1bdea4b936530e6d08a46848374a4e328fd17c67662f67ce7ed7f65217cef,1,0
CHL,2024Q1,720,1,451,be100b4d636cab89a40da5daecfed4500f32e3c72b089c0e7fc9c4e5c4c0fafa,3697faf9942af42685fb3f815b16f9ce5d825777d0421210ec2e5cca8734bbdd,1,1
CHL,2024Q2,758,2,455,8d0aa90c528cca2bfe61d2125dc9553dd13292ecb36ebc4618c86472d781649e,b73abc4280f4a899f48d8ea8dcea28ab723578a2a2c80c7bd5f3bcacc078dad1,2,0
CHL,2024Q3,810,2,453,25347e9fff107a9cbe32bf8890e5a16eb65827b38bf6cd71b0638ab05b4d4692,5484ccf2fc085e7c47850f7e6a55778efd46923ffcd08d7e7050cf88ffeab569,1,0
CHL,2024Q4,868,1,452,3b6dcf66011af945fb0e8a1dc97216c83bcedd857390685f9a13050b037eaa1c,0d4c8b5578f83ca6988bee7c30383f7f7d06f1a6b0d1684547f5e65a5c14b044,0,0
CHL,2025Q2,986,3,453,ce800812488f71e21294923ae0a3b3fcbc448635d8c45f9aac5346727aa87fdf,052c6f7d06ed9a951f06116a0ebdce7e8e4795f593fd1dc39ded02ff5e52b15a,0,0
CHL,2025Q3,1047,3,453,ae5b362e5f670c416c5e4458e6c9517bcd9b9b0219bbc89de82ab5bba78e8cbe,6525d3962a50bc19f44dc0f50658fc62c2cc0d4309138c9564ef5498b93ab33d,1,0
CHP,2024Q1,335,1,505,ea19b3c89de7ff48a37a2040523838ba90cda7a93fdbc665d686fff48937bacc,e8998825e25117b5add3e736741679c2ac762b8653b276876102577639320655,0,0
CHP,2024Q2,354,3,509,30e9203830c207d80fd30b0e9daf50a6a30b1aa8983e07a8a28eeaef2ccb0aa4,a54f4ae4b6a02cdd12b0c3da1cb444ea9a32e161bb583cd3eff1810de4956249,2,2
CHP,2024Q3,370,1,506,38fcbea20b601c98f726ead47988071316d708feb4f30ce68940584e352be5d0,e545563b497023690c9b474b0e63e1a6ae16dc9d52f7ab31f156f6d4219b072d,1,1
CHP,2025Q2,418,1,508,ed77377efaab9d8188074e6fe8f8ad73b194ce8f8283e4be4d953c2d2d1d1415,8ee4768ca710711739fe0eb1350f14ebdec2c21c30e21ae2e0e2adc52fbe7172,1,1
CHP,2025Q3,442,1,510,50601fe5fce3022cccc2a60e93564a373f1247bb7a6e64405a01cb09b094212c,fa004cc648fbc48aa07924ff3e5b332da3f3c2d020ecc8908e765f1ca14d4cc0,1,0
CHW,2024Q1,37,2,509,260952af786d2a3687b71d070e492c8a3f60143968882748ba0c66d5e1d430a1,d9190731b61c661d9f400bbb213ce87cfe2964c11d153f2110a614e7c3cf9900,0,1
CHW,2025Q1,60,1,513,cfc5c42014e5e6cb9d81e9d669330ce2779a9ec81231d9fe089cf86f8c3ade93,e8998825e25117b5add3e736741679c2ac762b8653b276876102577639320655,1,0
CHW,2025Q2,67,1,514,8d1729b1fe02ee15f1cc7abd3b1e832482ac497f26594b33600e6378ada11458,5e800d40783d3edae9ddf1f0c212b347b2c6e2e9b641fe20f371488817be4eb3,1,0
CIC,2025Q1,13,1,521,8537ed776b0b9fe4c62f1875cbf2c0f080bcb9996bfe0aad3a4d1d76f31e16e0,f871daf976560eb79e3ef5cb85b3d2d6a3d7697323456f5fb281da2a26de8a6d,1,1
CIG,2024Q2,152,1,514,921d0a5ce4d1ec96fc566a96958963f6075fa376b4118bb2344c0e7a0f3a9a0e,83032922b0a4e4a72f25138cb32888e92e34379360d8bac23225341e0df69cd5,1,0
CIG,2024Q3,163,1,513,5fc9614b291b661fc87075f8b2aa6a56dd5654a7ad3d2fa7b1b48719024c8705,fa004cc648fbc48aa07924ff3e5b332da3f3c2d020ecc8908e765f1ca14d4cc0,0,0
CIG,2025Q2,199,3,515,216756a427de9aeb48c4e3f5ce8d6274ad09ed94e0fab97db27b841caed1d672,a38cfbb5c478827d93e1a4c657dc6c697a0048c5c0ffd789bb5669959574016e,2,0
CIG,2025Q3,206,1,515,da94c8eafdccf5a48aef7652451d691688812442b63b959697fcf85d4f2541d2,8ee4768ca710711739fe0eb1350f14ebdec2c21c30e21ae2e0e2adc52fbe7172,1,0
CIT,2024Q3,15,2,517,cd826ab054f2dc148f8d738cfbaa873933fc0b4616a93e71dbab698aa72d4a27,7f16ff670c6a27c3a4cd6ae61f69343578820a9256d5a79ca117c56855dace70,0,1
CIT,2025Q4,27,1,526,efbb3a59fc5a523d6cd8c728630f02a172b77473b985dee4b1c1edc02c8adc39,8ee4768ca710711739fe0eb1350f14ebdec2c21c30e21ae2e0e2adc52fbe7172,1,0
CIX,2025Q3,12,1,523,485c5f29b75c5cdb296f25ab0a0adb403c40ec338c28ece833e2a21b933dba4a,c5f1bdea4b936530e6d08a46848374a4e328fd17c67662f67ce7ed7f65217cef,1,0
CJE,2024Q1,20,2,511,c38a1ca2c2f58b51189ad22e4854f2745895002c78f8de93fb13dec9e4e30994,1dbde1c93b5303347cd471e8f34b74f92e1daa590081b04f6f6b751ddfd8fbf6,0,0
CJE,2025Q3,34,1,520,44f0bafe996a525aaff6cbb84751092a2176a7490d708cebdbdbaceb1e48abf0,8ee4768ca710711739fe0eb1350f14ebdec2c21c30e21ae2e0e2adc52fbe7172,1,0
CKA,2024Q3,16,1,516,d6c29a69e75e8543092a067fd202c54efb87650e9fef765f3b760bcb36c80c1a,83032922b0a4e4a72f25138cb32888e92e34379360d8bac23225341e0df69cd5,1,0
CKA,2024Q4,18,2,516,78f4ef9a2d7130f3d0f737b99c4ec4e2fb9fc0ecd3dcc24237357554f370ea1a,ba7e7d0a76a0b509eb2796da001a28f06fe1689a4f0fe7824bc9077cd76be37d,0,1
CKA,2025Q2,22,1,516,e3d5ca40867d947ae76f891888eb9304ae83da412991c28438509ce4e598344d,c5f1bdea4b936530e6d08a46848374a4e328fd17c67662f67ce7ed7f65217cef,1,0
CKA,2025Q4,26,2,523,233929fce7389bde2f58bb9f150d219d78f9fc5aaef09146939b5e25d6f9ca6d,1806d0d9402527dbc34b99a40a9b854e27a7d0ed9fe6f0e777e93bca19b45759,0,0
CKG,2025Q1,16,1,520,53789b3421b8250505229df8f82f97ea2066faef0932489ca19da3f26534c659,3505a09e641e891d63441edce657c8ffa3ca4fcfe450475d764e26edfe1c148d,0,0
CZP,2024Q3,2,1,521,108eb0479ce99b80c662026127ba3f0e3274c8308b8f9b4bbb4811bae7a9b8a8,6832e84ec787bb1b9b0587e8cfde91de6beea69890cacd7e948dd0bead445a21,1,1
CZP,2025Q2,4,1,523,db91dccfdc60fb01bb42e36e79c313124a236ade54de78930edc459d2839342b,f871daf976560eb79e3ef5cb85b3d2d6a3d7697323456f5fb281da2a26de8a6d,1,1
CZW,2024Q1,1,2,516,35409fef0791b385851e5e07d7985a042e796bdc68f1c6873b9d792a4a50467b,940656605ba5787dfede021d6e6fbc29e46430d5ded544f90976594c875bb47c,1,2
CZW,2024Q2,2,2,519,4cd3ad7dd3ab938f47fa3182d4e774834f4e8311c94c8195b42181b1445f6a08,89477c8536f0081ed44112c754d73f98d0bb1a0b4c838e3a0e99978ece0f801d,0,0
DAO,2024Q1,1,2,516,ab3eb0720e9713d480b0093a91c0b292f92cc765f8bf749d3720e45748daf498,8998f85bf8e65d3a3ec7161e16faabc081bf37c0621a6456dfa00f633fd4e189,1,2
DAO,2024Q3,2,2,519,d7036f8bb0da6ccc4c7cf86d212948c4857f07d70d3495c5a9cf6e8220f5dd72,324c9a97911484d82fd199cc9b17991267c987cf563d25d59195d2908b66c40b,1,0
DAO,2025Q2,5,1,520,e47f0aaadd286d066f6d01b097c898180dd2deacbed59ff9388c01f6aea66a4c,80f7027d6c0b934a23f107e75772120bce88a283eb07f573081b1536419bf092,0,0
DCF,2024Q1,19,3,510,1d41e9c9f851f05ce70bb3253faa7bc6092b5e4b7b4d4228a21b3b75ead8da1f,83e5bd93f62d861abee27a41ee84c36061d30eb38dcbe35d5428073421269b1b,2,1
DCF,2024Q4,25,1,513,374e5324e7c16b2911b39d4df9293d746477f34472faa9ee69532a4305e782f6,fa004cc648fbc48aa07924ff3e5b332da3f3c2d020ecc8908e765f1ca14d4cc0,0,0
DCF,2025Q2,30,1,514,f426b7fb4eb18956df3d4a172b246c46caec43dfab0edc30c12dfb8252f5c8ec,8d679bc0fcab565c28f10b0b96de772fe7ec45d7979c51b1ece80a984650f2b2,0,0
DCF,2025Q3,34,1,516,f004b3a0f4daea95a62193251840e0a003463bc88fc9f83b7b5a2106941f9a02,cee2fbb31d973fe5bc1cf5f4ebbb6b5126e1b492e2078948bd234028395af8a0,0,0
DCN,2024Q3,15,1,518,edf12e2f28259cfeabed02308a9bcdd5781c74127996885e0c131b9e42e03d23,f871daf976560eb79e3ef5cb85b3d2d6a3d7697323456f5fb281da2a26de8a6d,1,1
DDR,2024Q1,17,2,512,035d8839a3755f38092b6d3f7d1d5a517670500b17888009ce5885628edc0b28,9653c00b290aa41ded0c5c43e63c3e81aa5eaba7ff3b1b82e2537994502be895,0,0
DDR,2024Q3,45,1,515,b05ebaf92669ab0c03a8c91594f292d0675bf12af2dcd1e813e33a3602b0e1d6,83032922b0a4e4a72f25138cb32888e92e34379360d8bac23225341e0df69cd5,1,0
DDR,2025Q1,48,2,515,3df46a020b37a0adf9f7e4d21294917ad5f307dfede1dd78f2eceb41f1113017,0a38c0d0fc865cf87666a597c42f1567f1c70106aeb18c2be10d1129b68ea8b8,1,0
DEH,2024Q4,50,1,519,839dbe39e8e8dadc5f8ae2b4f5a239d06cefcaa2d74275db20aaa2ae4df9d1e2,6832e84ec787bb1b9b0587e8cfde91de6beea69890cacd7e948dd0bead445a21,1,0
DEH,2025Q2,66,1,520,1a1ff1686c02078acf77ebd71d06378cc47ff7eceba76a154b24c65a308c8b23,83032922b0a4e4a72f25138cb32888e92e34379360d8bac23225341e0df69cd5,1,0
DEH,2025Q4,70,1,527,394bfb346855ed272e2690f8c3633a744e064e436cc455b04d57c51b6b245ad9,e545563b497023690c9b474b0e63e1a6ae16dc9d52f7ab31f156f6d4219b072d,0,1
DEM,2024Q1,1,2,516,d885e8b961b26d94fe807a56a93b7ae39ce0f68e5cc631d714b02de03ea1f476,acaf24f72dc8c341e29a76777c7e01fd830801f86689fdd3db151a8c48ce628e,2,2
DER,2024Q3,1,1,517,1fc41fca7e236daf3c52983d720d68e54eb16f25d4e8cab0656778282ec50a07,0ff25e7a663ac5de6078c298b325256a8c68a51b21eb3248d83748127cece7db,1,0
DEW,2024Q1,29,1,514,936af7b31cbefb4d6dc2ce166913b6769553e647de859ceda8bc20e66897163e,93a393f116ae4ccc41180f1438005ec6480e5bdfb687d2d3db92ce23d9d78ea6,0,0
DEW,2024Q2,30,1,518,7c2f07fdc4bb9aed69a05e2291e1d5d196ad92a5588ae6e0494217815a297ddb,fa004cc648fbc48aa07924ff3e5b332da3f3c2d020ecc8908e765f1ca14d4cc0,0,0
DEW,2024Q4,32,1,518,3777ba1c84659611ff4e771e89f249a3a9579015d952b4136fb52aaac0841e7f,5fd09d1b78591e13ebddc2a8e95189433e215d44d0347594d994d099496e9ac9,0,0
DFC,2024Q1,6,1,511,4f3f62d3a2daa9c826969f9d48efef18340ba060b10713bffcd8a6a2b6a5a68b,f871daf976560eb79e3ef5cb85b3d2d6a3d7697323456f5fb281da2a26de8a6d,1,0
DFC,2024Q2,9,1,515,724d4ad84cd7fd67aea9156aea9bb0371cce2582ca0453afd7b883b3c88d6780,c5f1bdea4b936530e6d08a46848374a4e328fd17c67662f67ce7ed7f65217cef,0,0
DFC,2024Q4,17,2,515,915dbf6ee6cd29e0ad48354525a5d8e42bbb71970e29f42d963f464e9a5b07ad,eef1ff54ce4693f984fc307e9067dfa7798d20288751860fcd86190cab10aa88,0,0
DFC,2025Q1,22,1,513,f0a634adf26b999960bf6a4eb0b9a92ae3b5e32dff66bf3469c3f9884b87b80d,0ff25e7a663ac5de6078c298b325256a8c68a51b21eb3248d83748127cece7db,1,0
DFC,2025Q2,24,1,514,38d69193ba07e5e2266d491137224ce18d88ac6c83f3d81bfcd2b3ef8f40542f,d7c2ad28f9a8d3c69320c4e3ef423a89de4b7d13ac1697d95e6130e0cb149e64,0,0
DFH,2024Q1,19,1,513,895494e78e5b58e7b5efe0570fdc78113eecf064f5d19cc779d63223c9673710,e545563b497023690c9b474b0e63e1a6ae16dc9d52f7ab31f156f6d4219b072d,1,1
DHA,2024Q1,856,1,503,59d41ee68c78d0ea2be9aa74aa66fa2e6766d1dbba456f061e56a5f015d9c135,e545563b497023690c9b474b0e63e1a6ae16dc9d52f7ab31f156f6d4219b072d,0,1
DHA,2024Q2,926,2,507,1c1225b0abe8e3ab926257ce49824a5c4f687439f48f3e0af4e811a69227c91e,bbf8f83fc1643abf5aebb9580e3e19adb6b7db50e9b5d87277479572666b7a16,0,0
DHA,2024Q3,989,1,505,02f646204354a6bd471b441e49cf182f6acfcc3fc6c4cfc6a6d30ad4e3a04313,f6ea20f4c59b44d31466efe57e6156625cde1b3bda9d22cbcf687086f2337bcd,1,0
DHA,2024Q4,1057,1,505,15d37aa59f5b69b39ac9e2b3c7ded8858d8e2ca53a9dc55a4f5f2813ad718996,fa004cc648fbc48aa07924ff3e5b332da3f3c2d020ecc8908e765f1ca14d4cc0,0,0
DHA,2025Q1,1117,1,504,c7559edc1d466588ceb37b7c134e3dbee4da7ac18da56c9db9d6ad49fc75c4d1,598a368849023e0238de665cb5ad2506d41b4ec6497efa2fdb6b432b05bd9241,0,1
DHA,2025Q3,1241,2,508,b30afbc627ef6b54cea24172bb46208c1982861aec2985708daa4e3bc84a6333,899a53d3dec1bc2915e16e3e12db8b0fe37ceb74b1965e6aebafe4f05b2bbe27,0,2
DHB,2024Q4,23,1,520,5ada225658a726963dc301bf3c4f92f98a199203abda4e16a789a0d5422dc0d6,e545563b497023690c9b474b0e63e1a6ae16dc9d52f7ab31f156f6d4219b072d,0,1
DHB,2025Q2,28,1,521,763fb6d31777daf53c58870e0aafe0ef42576ec203e89d599085d22243910e00,0e581c4815066a7ff423d513a2adc5f8e1d1163835a251048a3f89dca2383c4f,0,0
DHB,2025Q4,29,1,528,2e8c97ae1942d36011f45f84c31e3742b61f9c69f664eb3b53b3a056ff66c531,c5f1bdea4b936530e6d08a46848374a4e328fd17c67662f67ce7ed7f65217cef,1,0
DHR,2024Q4,1,3,522,a473f44d4c599449d88ba2e2db1412607070c8f8eb8a4daa3d7540769e1d061a,8fb2b83346da1bf33bc007e6e91d586e987aedf9db4149fa88c4b6e87dd513a6,0,1
DHR,2025Q3,3,1,524,d5d7918374eda2dd116cf543186b9c3dccb339587e79bd17cec7e704b45c5ea8,5fd09d1b78591e13ebddc2a8e95189433e215d44d0347594d994d099496e9ac9,1,0
DHR,2025Q4,4,2,528,d16d54cb70ea1c6e205d1a8587ea37fea31fd4afd40e407c46a909a11034075c,1baf4cdbb5d1794dfad848934ac9739d531da7cd8d251a613e005cc658142608,0,0
DHX,2025Q2,83,3,517,70d574c9e66aaa205fcc035a2db1f9e05f9ee556399351c8924f81f648d74aa7,ce09f2dbe365a8b8bba1e9880c9796c19f7fe8e15ece62c4fe0f0561f565f511,2,0
DIC,2025Q3,1,4,527,2faeeec5cbfb74798024a095dc9880283fcbe6300256e89dd6bc4582c9af6328,822976b38eaef11097061d7e6012ac4f5681d7d0549a4d35164b19515fcd51d1,3,0
DIP,2025Q1,156,1,515,4394c42fafcde66e397ae43c32af245f46b3b3d12a61796a2afe9a61f346ba3d,6832e84ec787bb1b9b0587e8cfde91de6beea69890cacd7e948dd0bead445a21,1,0
DJG,2025Q4,6,1,528,8e058e0e3844150203b019bd9ec8ad85fa3752a25162d3d42ca95bb842ebdbaa,3659cacab05527b55657926c7f6335720a935c7202daf914d7562dc0342d2acb,0,1
DKZ,2025Q2,15,1,518,e188ad83ded2a37dfb658e60ae19dde307c64654144caca5e2a000ea91abf3f6,bd5ae63a29890d42f6512a1e7fe6f694176d700f8f76ec36212249be32b87292,0,0
DKZ,2025Q4,16,1,525,bf5310e50e780998445855f7af4425c8c8e8452bbe578b26d866b224af84d9d4,5fe5bd762629a8a9cb381c223e50c4a8e1fe61ff295966be187691694764725e,0,0
DML,2024Q2,6,1,519,f150538f5f06b39d89d67e658b7a582cc1efd354a215285cc4b7edf92ffab513,6832e84ec787bb1b9b0587e8cfde91de6beea69890cacd7e948dd0bead445a21,1,0
DOF,2025Q1,164,5,503,6680cfa4745ed49b1959bf753057011b46f3ac4c3f8086cfc2b886901c356e05,b76ced98fbab21dd02e9ef49c50f70031db193d8a131e2bd1e2f93429ed58c52,2,2
DOF,2025Q2,180,3,500,810199083acd3976b693eb4626f01b2518e170c2e1e93f01355496e862902868,585d15d131135778e86dfdf66ccdd898a39bed775f66f7a94c6e60cff0d2c443,3,2
DOP,2025Q4,7,1,525,92ed3d80722f5b687f09932244b5c4e3b11c511cd6c86180b14bd518d12d9f7a,69c9b47649ef5fd9ebd2d096cf6ac8a423c34daacb3af8b0455b7a4d46370e03,1,1
DPS,2024Q2,232,1,459,495bbddd6db122c710373170ca4f51edd95a98f9eaea8f67c82ff6c62bafe2e8,e8998825e25117b5add3e736741679c2ac762b8653b276876102577639320655,0,0
DPS,2024Q3,247,1,458,f9deeaa9af5cdace60eba52110f4d4e1e467060ca3f99c7738afb9c44ebaa5cc,0d9fe59fa779b07fc7d041e728a6c39fdda70d95578ad8b926580d1612469498,0,0
DPS,2024Q4,273,1,458,f7130d77c71f90d484b54e8676ac12cfa38eb04d57fdc875499a7f8bfb6cfa88,19e2e1c00b0b1ae5bab2a484805a3d6fb2ea9973747982cc61b392a2506844a0,0,0
DPS,2025Q1,286,1,457,8a51460d1aaff2139d4896243b13239054e127646a94414e7a646d8fe8ec2ec3,e23191cce8b013609a93fa6552ce263885ebb9abf128e2eab65b73c69de62b70,1,1
DPS,2025Q2,293,11,458,8cedaa0751ca8ca921bc693f558c2b928562e3d6a8a802a417d1bf06a0d3f898,c7677c33e905a22b55fcbb218e3b3aaf2bd8899f8df512581c363bc6929aa5ae,2,3
DPS,2025Q3,317,1,450,131af87f5185ec99b1b9312b0cead88f9ab23a2863c3e23713eaf195a3d2b0dd,c6981b383d5d405d002d8a7883d4dd3fdbca3fbc2a7bd6b9e58e48ca0094d38c,1,0
DPS,2025Q4,330,3,454,4d03f08027074a99c641c90e089a01b02eb5f9f40c1772e14c012587dbb43225,bb9cf5820af8de6acf07bc0242b8e7e6ebf955be932a4658e4250ae47be96602,0,0
DPT,2024Q1,84,6,484,0fe8fccf6d0d8be45007da4d4b6ae674e97b06dfd4ad5859cc1beef173a7f3b3,b5d51475d8f942c7418b5097034d40b1e656fadce1076aac5d5a62013e6aa9d7,1,1
DPT,2024Q2,113,5,483,0e7bd659c2c8c480bfeda759c314c33348722d8c99fd48360de4234896b953ef,916dd2d811b6a687374972c26fd48858da98f1bd51ea7c95bcf08b017008fdd8,0,1
DPT,2024Q3,166,1,478,b0d9393089d10e2b3aa23853990ace8655e97ef54ec013beb081a88d6cf74650,aca03740cc5ceb99eb86c1f03152d32b0b1ae1486e947aa2119b1a7c5820dbc9,0,0
DPT,2024Q4,188,4,478,edb006ebe872f1f6121299ce0ea20f16c681f306e4ba7b49c2c4fe774076f007,55f3690d82c36ea25c9eb6e8b4cb6278134159cf01e4e117296e08dcb406b43e,0,0
DPT,2025Q3,271,2,479,3b96fb50e05440f8cb6014241b10b6c85dd485b5fd433b53cbfbea3bacbaa7fa,7ef83df3f3b82738fbfb0d8016625e633723530969afbf80b18dbbc29b158ac2,0,0
DPT,2025Q4,283,2,482,b7c1ac6acdfdcb0fb325f81bdee6bd12b981ea31b942914cc2fd8a8ab6c5a9a8,16b3c0b50c69abe778e492cf2d4961404b05d0709cb99927da39bb7b98c1d339,1,0
DPW,2024Q2,16,1,511,b06caee3c7aab200d02e06148a1bd3aa1a8c6d02d15a69e0d181ce6698c2743a,95b327c9e953fd3fe62f2415a7e93ba14d48a5ff796400a19e1ac07c809b7b8c,0,0
DPW,2024Q4,19,1,511,f3d5df2d26d9e26af4fcc5bd1bb1262a262eec9b4313c6a4dc5ab7682762a6f8,d0925ed7e7326fd1da0599f4480b6028be72c31955c5064207f11ff98d94efab,1,1
DPW,2025Q1,20,1,510,bacd630de53bd37f5d94a39a016868522e07ada77b6ec9148ff3b87327db3c4a,06a5b2ea54f190eb0a7e4cb555d3eb01cec876b77cc9f21a5335921a87b1c5a3,0,0
DPW,2025Q3,22,3,514,379d9f9bc013cfb348cececbe67e0132f8f8a8aa999e7e3f04229abe8be2a166,6fab820106e0fb4aab3bf1cebcc977c8c5b07c70a8336e45f4b7d7546a3ae0a4,1,1
DPZ,2025Q4,6,1,526,d700ede489dc931cbad1f9ffdb7f61a3881daa5e45b6d06785b9df6b6704e447,e8998825e25117b5add3e736741679c2ac762b8653b276876102577639320655,0,0
DQA,2025Q2,3003,1,388,bb4bff948d9a620504b23e08e52e5a7cdfd07d0d22478c9edcacfb4111beb9cd,118c3868357412e35adc0a781ba0d2850d1f6ee12b138466bd9c9988ed432606,0,0
DQA,2025Q3,3093,4,390,b019071f1f861d2e37288045d1e5e198c58aff352296b503115a514a0297b331,d8da773302562d5f783504d44b95f362be5959ccff2cb490d59553fd47f8e3c5,1,0
DQA,2025Q4,3214,3,391,03765f2f40c7eed6a8f13920de6a9cb1d8cafd5e4f55f85ab22b2d9a984c7c70,5c2f6245f3d4953fdff000a99da8167b00f4cc1a5f0c8e121ae661dee4f52f82,0,0
DQE,2024Q4,280,1,465,bbd5b56af271227cbbe7eb5a362b4e3d5622e6ee32feccab0e055020b2b63915,7630b16496d2b4322edfd5e2d73fa6c8fb078371ccca4c05fce93049bf6271e5,0,0
DQE,2025Q2,305,2,466,5595ae103c5cb0dbf4182cc20ffcd3564780f4bd672f780f8b45347a5e6fa460,42ee7179f0127f7203e3b53b40ea11e86a43a2800911182d4ec1d2f36ac48b22,0,0
DQK,2024Q1,1443,1,396,9702baeae7316668608b68f21512670e240be972b13dbb525c3e42c204d0b207,3a0d2902e0066540daeaee58d179f3b1499b65a641946c73e7c81e8ecbf58268,1,0
DQK,2024Q2,1521,2,400,fc5a59fceb6da6ebf276a0958eda2fe52aab4806f1d23ba819994a8d30c5cbeb,80997b5de956ecda04b0bd8da11c9c3ce45191dcaab1f78003ef5b4fec3805b7,0,0
DQK,2024Q3,1625,4,398,ced8a71d4a4f1e2989ed3ae95bf1c0dc4cc8f774940a426d4253c46b3c4734b2,32555a36837712aacd56d80392b773b2314c42fdf83361858730122ca49814c9,0,0
DQK,2024Q4,1751,5,395,74290e163afb7678c36f4da6dc87acc4bc7404804e4a1f1020639b569ac1e33b,12ebb538f0712c13e7e03dcbfd59b804af71497f923b80c0d940635c29e2ed87,0,1
DQK,2025Q1,2000,2,390,e6207449369773a746d367b44a5fc3bd15707b8f128a3e4c62cdda9c25b846fc,633a90395079373a2ad16971870daf8e1f39bcbb22677bf7a125aa4ec2c68f0c,0,1
DQK,2025Q2,2146,1,390,93b6d66eb4fd257c8216424c957076643f5ad98394806da3fb0dcb1e86d37e53,9eb3e3d68be8c1a965453cc0c64457d57a26b490d1a9daeec1d92454194bac30,1,0
DQK,2025Q3,2243,3,392,4e25d14d882ec4fd7f6fdf6bdeb9645f9b4061b669c5b35888a56c6e729136dc,5cd1af9011d11b093aadf062a3e4c830d0abd8ff70dfe8da1dee5a6d074619b6,1,0
DQK,2025Q4,2314,4,394,0bec30f8c765e62b631a4979d3647cac335cd46120b98cc4f75e590375c6291e,5d93347828ab9229aca853e80a16b9ee7e4742651cbfc5c5981541c6bd0b8103,0,0
DQO,2024Q1,1806,2,401,644275a4e5b93ec301cd7052d1b2cced4eeddfbfd20b6b6588e7b8141d8dc2af,6e189cc06095d0e13d3127920c598c59b45efc16b3949f2959249b6ee953acfb,1,1
DQO,2024Q3,2030,1,404,dfacf71cc569914414bcdeb8eb5000d0ccd289257445e19cdfb92a92f9ce9358,12b3082216bf4e29964dfe51ae3af2d8e8f37b665f5c8d000663b78071124781,0,0
DQO,2024Q4,2170,1,404,a9777b499d77416c82d371db78b2d890530cfa642f97fe478280915f60cf1741,b20ee764f489d884be509f0ba55cd68810957330d112eeab8527a9893d9d46f6,0,0
DQO,2025Q1,2317,1,403,671ce1e6820b52c215967f4cf28a2ae98f4fbdbbfeedf44c87e3374aa3726d3a,e2a47f2925b3633c7fc5691215f86e5db80caca4f33f7a3d28c39b927de799b7,0,0
DQO,2025Q2,2452,1,404,6519c258473435dc65193507e424ff1de13685118e73d90d7c60702e1fdc017e,6e09471d01d382b76e1a78471c1cbdc849d6995b18bbf3a1d1031f289eb059eb,1,1
DQO,2025Q3,2611,6,406,e5016a4147e921e9d92b10e7f3d503ad4bbe238867f7eb71fd526668e9b1c5c4,b27f15dd428e294aed1c4bcc1a6f24e166713f4c483201b471f1def08e89dff4,1,1
DQO,2025Q4,2779,2,405,c6aff67870722dbfafc88501a5a47387e243989a51c05e1f673ae237b5a29ef9,393885107aab5189a18ab5a68e54271fbb3f434c5eb9d13b4918e7dabb938dfa,1,1
DQR,2024Q1,94,2,488,35702fe7bf233fbd5adfd02632da9269c125c2811b12ac9e4d361fc46b2468db,47cb85a2a5b19aeee0fa2fde728ea2a54383758b978acd72e388c400544b2734,0,0
DQR,2024Q2,97,1,491,f33367a0f9180d32d71632dad228e5fcdbc8054bd1bb2a848eb7063ff4d10748,44ab243512ccb50b7dfc401cca629083ea5983ded422860562c56f0d25bb3cd0,0,0
DQR,2025Q1,101,1,491,d4e1ee6c5fa4726a3fdec5b80c74f42b6dae2f4a71ceda261d86716eb193cddc,29f31c1d96f11024ddbc566f7c47386723c72c84e2d438c3371226e1a789f4b3,0,0
DQR,2025Q3,106,1,495,2c23927cddca3134f2304e4f33f1bfd51ffb830b7ca39b12a038cb0601f86a37,f624dcf018bd7117af2c0ef366f6025a434c1a89c33a122df101132ce5fe9074,1,1
DQT,2025Q2,43,2,507,7ce2944fc5fca0a1b7899405cc41fb32b0c31370ed0ef4e4e89f3b3cccf8e8b8,78ff76f28893c072585edfd6719717cadafa0d5d27dcbf94de4a960170c8085b,1,0
DQX,2024Q1,8642,4,363,aabd18eb6fb1558564fa879e628108cb9a8f64d048bfd2f72d82428d25cbe3eb,6e2a062613593996cfd0e4a77642214420ca1a7c7eaaeabc6a56a46004818bfd,0,0
DQX,2024Q2,9177,3,364,e70b71aa14416e1ca28471d8de2fae5baf52ea9b8283105542a69349e81f9723,1b3d4151cf5a56ddabfbad65a69cd76d797089e0c2ae5bcbf844deac61fdf68d,0,0
DQX,2024Q3,9726,1,361,63ac6641ee12065680cc778b0c24a07a6b8ca91c63f369867412a23033e17fc9,0665286073e333e5db6139042804677761759e30ce18c4b18db623a293f37cb6,0,1
DQX,2024Q4,10254,2,361,e21fca8214d4986d5973a9cea21a612f323b0a4c0998617dfeba272274eabe2b,57cde29b4cfbf2df3bb2b6fdd1657a51a15ffa16abae2bc8a580ccdab88aaecc,0,0
DQX,2025Q1,10852,5,359,2bbbe686a43f9291d134dfb89091a233a1098b379dbab46cc7b3d8eea30f0d54,e3c20fcb39532e1b044b09a731276539d24b628afc5819eb4e738a77f01e5233,3,0
DQX,2025Q2,11354,5,356,dd7e2913e2d7374dc5967681d4b7b775e7ad528795518857bd5f3fe3ee2763ca,1df660118dd51a11d3e9c12dd0054d79c3d6b31d12726c606a27c094809635f1,0,1
DQX,2025Q3,11914,1,354,ba3dda89d87385ddb33876c086651ca045ac0b7ae87538b332ab4628c3a0bc06,d7c2ad28f9a8d3c69320c4e3ef423a89de4b7d13ac1697d95e6130e0cb149e64,1,1
DQX,2025Q4,12481,4,358,37afcc8d4d8241efe452a6c5d23808e5155d4b9374d9c149e35a27a9a5309e5b,8c876902c0a1a06a67120ccb3105dc6e6c7844559660fcaa7506b22018752282,0,1
DQY,2024Q2,15269,4,359,8bdfe84f80e8ebdcebce194939c80fd52780fb0fa0f3f3e92d464dd732f52e05,646069b5b81299be1421b714a965a277bde9a4b16dea88650be416d550ce3a70,1,0
DQY,2024Q3,16120,3,355,1f0ca9f0a73e018a818158fc4030d03229a2b92cdaff789d97a7a7f271d1869b,7f51ed6060c08823d241c4e0aa5e02bece7652de079987e90a18065df8efe4ce,0,0
DQY,2024Q4,16912,5,353,019b6f1fa7658bb2a0b43fa1a3a4a574b3003aee24980a63649c5324409b16c9,826a2db9582c1385bc8be5fcce7fa4d2d9231aafda1ca1a119663e65d52c91ef,1,1
DQY,2025Q1,17680,1,348,5d6225262726de7fdb09e9ccc1a05f6c39ba1e7b6e95630432e3f33562fb3088,9cbcd81794b78f1d171cab359febebf7209e5fe03b55475bb8775ff460e245fe,0,0
DQY,2025Q2,18478,4,349,2aaa5a4cbd8a2deb68a6786ce84fa863246f63c3a4f34787216b2069fa4ff9b1,134703c854482fdd4f4e85f05fe7f17294864df6c8a8f7309953ee7c0b21772e,1,0
DQY,2025Q3,19300,3,348,9b406b7ca40b58d42cffa915bc8a6ffcaf5091098209b3152c1834b70095b720,dd46f6770cbdc56e03c3b90b8780ea2c04982d19b2b4dca22485d97e3153a934,0,1
DQY,2025Q4,20057,2,350,3cf531c6342e62d0cff60f0e58139ad3cb4fd8f94bbaf7ae2a3d60b6f65ba2c4,fa71eb22e60f85f51c6b817fe377615b8796cb46842632f5b57af5d6a7a60f5c,1,0
DRA,2024Q1,3584,3,449,231ce271b79796c0a5aa58b3b90086f4335ab44b88cfa89460a8108d2a10baf0,47df5d9688025e7816166b3ca55570118cea80a4cce93a677caeb2f601b34071,0,0
DRA,2024Q2,3873,1,451,8c9b998ef4a425f68b0b7eae613b2d20ab5dc70a4103977a6ba896d7ad667922,64c7ddc63f91e1fa823dfcfffe5fa460f0b9d770ee9b52c9be5ed3f71a26cd4e,0,0
DRA,2024Q3,4303,1,450,f826978ed8da271f42a0d0188008250c7d90d030d6a4794bdaf2736050035d9d,06ffafe2347c3a89f0bf26e1657b8d45c014e9f95a710e5bf5b17ea7045b3deb,1,0
DRA,2024Q4,4828,4,450,190a03fb267dfa0bca9cb184eaf9443e102e346019ce251da94ba5a3d251fa91,320267d510d5a109f63a7163194bc4a6c1e888f8fd83a1cea4c830c635c572cb,1,1
DRA,2025Q1,5546,3,446,8c1a1ae554c31a5ced3d1bb4f0e7029d199a4d3e3f7ff0c76f8e52cf087c0056,7fece58c837f8f643adeeef345720dcfdc6172f06ae262c5d2f5fbe7c80bb910,2,2
DRA,2025Q2,6443,1,445,3a1c39d7ce5dd5809a1b36c159dad9b532f1f2dc6dd6cd34147ed2d17a664208,191abb451fc1a7fd9475e2b550d1238aba07bb1bb20bbdb1f1add006625fb9be,0,0
DRA,2025Q3,7688,3,447,4c43a9e7749910ec3a20bef8e81098effac3009fc5bbbfe394abd68db542b5b4,d9e2bef7e009fab5dca6befd6a25ec9d845414e44afbbaf18fcd6873bd603419,1,1
DRA,2025Q4,8858,5,449,6e13315098dcdcae232f6dda1c77d897f059dc7e8da07fb90c1b63639b8d8a92,8802781f6d08552ceaebf4fafb82501943992fee639f2ee94f581da5919ff9ce,2,2
DRB,2024Q2,481,1,505,e6ff24b45627e266febf819b39f1e48e66e1ac588c51b1a68e8f4bc847c96096,11f2bcbd883dd7ef71cd843cff4a195669d3445df7b9b171d5234359e78a8b9b,0,0
DRB,2024Q4,541,1,505,c59a24ecd44df129b02d7b12ce5caf775288630e643220998e8de0d71a70ffbe,c40b1c5676925657145ed816dfe78048de0e4e71d68b9535fc4da2f237454a0f,0,0
DRB,2025Q1,563,1,504,a50ae65a98f1243f017edf8e68b14c83876c2613d518ba20d34e48e92c197ab0,19685015ccc5f952d6265dc4bcb7e7a163dc7c4746cd284c379f330aabab1da1,0,0
DRB,2025Q2,591,1,505,40b2d2f9de72e51ac77f5470e4c2a7741b908ac2c2cdd8bb82ea42afcaaf38d0,06ffafe2347c3a89f0bf26e1657b8d45c014e9f95a710e5bf5b17ea7045b3deb,0,0
DRB,2025Q3,620,2,507,2ea17bed378beb0b3455c9bca0b79da32ebf27a2e16ad20176900f5113bf426b,93d22623727886530c480d26c3bffec63785a99f8bf1c9a29f0a6c5c903df932,1,0
DRB,2025Q4,657,1,510,55e75a438acea725416de4e9917675b5a581c22eba257ae4eeb21cf346d71ac8,f04a9b043ea63e419307d3c70b380b6564a71cdf899e31cca1ab50bbfa038b96,0,0
DRC,2024Q3,500,1,476,d585fda2dfe71c69c56da130afe333283c2d3e45a9583d0d243e54d39ce0efee,6d19f89a6b34d52be49fffb1dedeef8940de00db8969153058cce8f0e00a17e0,0,0
DRC,2025Q1,556,1,476,8bd2ba7bcc80abfee77cd09c28fcec1b74c66f1139fcc43d3d1bab17756d70d8,57dc770617ff6777df87b210b8bb9f2b9314ad58ea38f8ccb79809f0ae688261,0,0
DRC,2025Q2,570,1,477,88a1c94a7966cde3e2f978577852963fde61093fc4f4caa57e78ea98e43ec1c1,11f2bcbd883dd7ef71cd843cff4a195669d3445df7b9b171d5234359e78a8b9b,0,0
DRC,2025Q4,602,1,484,2fd25f9eb7d674580cc0b5c08a277c02ae9aa408333c112a998ea1f486f8fa2f,8ee4768ca710711739fe0eb1350f14ebdec2c21c30e21ae2e0e2adc52fbe7172,0,1
DRE,2024Q1,900,2,441,812d3344feda4f6f6041e8acefb359d7add7bd35d8b7ce2647515f76ae2e8d5f,f967eff9d8f16981584504dc8169689db3745ee9b841d2a671cf37aac400928e,1,0
DRE,2024Q2,966,1,444,cf4b55a4f3475ae5df83e44134f7677e55a4e25a292b5ecf865daa96ce22dabe,3d5b4c710d6c1ee6c24d7b1798abbf471196fca1ed5584de4f6f1d4fab26f02c,0,1
DRE,2024Q3,1048,3,443,1e742d7171941cfbf504712ec8b92a04e0adceb122eb9ea39976e43c7d529165,8aee9a3d01588a3174eaac641a237722b1f8abe8fa043f6eddc539271cc9f8c3,1,0
DRE,2024Q4,1129,2,441,b1fc5b826569c16c2e8c6dd50d888cd3d001bafa0f33cd126829bc63f34796a9,326db56c5cf9cc50ac4e61e4e0761303874d6a4ebebb84d6a1589974eca52caf,0,0
DRE,2025Q3,1393,1,444,beda4bc7ec6d0681996ec9fee96d546e74a2fd09e26d110484a31faf819ca21c,d7c2ad28f9a8d3c69320c4e3ef423a89de4b7d13ac1697d95e6130e0cb149e64,0,0
DRF,2024Q1,3242,1,398,c594334bd0f4521303967d25bb50bd1ca8e9f541c5c061b8d49c8911750dc57d,f871daf976560eb79e3ef5cb85b3d2d6a3d7697323456f5fb281da2a26de8a6d,1,1
DRF,2024Q3,3561,1,402,ecc906f55551c3ea34499dc4304c0e1343d72bbde5beb275b52d2977358544a5,d7ec104e208aa981741ae1bc9bc2671e6c3a75f583887f14c33a0b2f8dc6c686,0,0
DRF,2024Q4,3728,2,402,bc1d37e23b97f305f889600d0bf548a721f2b0c176b77873a1ba1efcd0b45457,932c93584d6c43e7fb90b9548a217644388c8d3d7e2cab761ce70f9d7bf09f0d,1,1
DRF,2025Q1,3865,1,400,e9f9fa2899455b72bba18a062781ecdb7fe32e049b5c89a38f394183a95596bf,cee2fbb31d973fe5bc1cf5f4ebbb6b5126e1b492e2078948bd234028395af8a0,0,0
DRF,2025Q2,3981,3,401,edbc4b44330b58bef163dd984c3da7122bff23728d0f37b5d33137f663e0d7c3,b7f8520ebb96a272d7523a0dc9ba96b74a954d7fae2955c032622a3007bcbc28,0,0
DRF,2025Q3,4130,2,401,4fecb1b1d99ac30e3a96b06f87bbe398be262e963d0eeebb23692bab76043053,d81580d015d2c9cb593163f60263262211f8b72a9cad0a1c76ebb3ff6cd4834f,1,1
DRF,2025Q4,4266,2,404,3384314e63fbe478136d8ce3b64cd3a364e81dc289b73fa9ab84c9c47ca849a3,6077fe3ae26b420b96e5d579f49aa71c228f111e720cfb4902a755d456d373f8,2,2
DRG,2024Q1,321,3,475,e59c5cb296526755ad5511a1bcb5487f1de18ddbabe994899d4aa1e1df47991f,4bae46274982512b8985a7565d62f911c7239cb4c859d393aeb2486e139c0ef7,0,0
DRG,2024Q4,339,1,478,77a987a26c11fe33377e30cdc37028454cad0c5aa92d9fbe42bcda06b02ed80b,9a6a45463e157674e04c3b6a2b52396b512719b3b7769ab43cd964729525051f,1,0
DRG,2025Q1,347,1,477,7986c3dc096f127312ad8e6c19b90c2559e38bc5cac61b57b3cb5f6385a8b1c2,4be456711aa1993110b2bbbe24949fd53f13ea70b3c57de714c0449c91b0ede0,0,0
DRG,2025Q3,356,5,481,f856930f945edf17f06d702980401d53067bff2f7ad931fb47a221c37441fb69,4796c211d9fabc2fe05027ff84e666da8d3b1efab17aebca693c05e0f9582151,0,0
DRG,2025Q4,381,1,481,aca89dbe9f04247e92ee4dec70f3d21e4f71aa4994b1d03feabc69c4345b93d8,0e7ce2c55b01e28812e7fd0b7e7682c2f5cf97d5e220080ed0c6f04b26b18df1,0,1
DRJ,2025Q2,23,1,514,36bc25541915a7e0e88ed172c5eb61ae4602fdd924faa3c4902dc59f1941d47b,8cd3e7de608df5923373208c69af64501c7758519db06ea606bc8ae05d99be4e,0,0
DRM,2024Q1,3800,1,464,fad80785b441d615ed29a644192e972069fa5fac18a37ab2f8ab5bcdd2e4bd3c,854bf78383a68f341a1a3fa8cc0a3167f9ade1b72294ad891b2456803107a7bd,0,0
DRM,2024Q2,4008,5,468,be3cb3d03742024c22af5397ea186cebedef5868fa48ae5a4253f20d3074bd95,8bb5bff2ae4cc43a7f30b86893c5c02b9abcb9fa21235c0228cdcd239dd7cc6b,1,1
DRM,2024Q3,4159,4,463,630ce61ff88dad4f6fea5ed3d5f0071c954f4ce0ca0790ef7bd62ec67893aae9,dd4fda49d8e2100888359205c518778385def555e678b6d8c8b9e420bb1e7c78,1,1
DRM,2024Q4,4337,4,460,06c017c0d52715415e7b7cc632950dad2b963cefa988efd8e8241101fd6a43a8,bf452df156860c75a29fc85f567ab61292502cca22fe9cd184547459a7e976fa,0,0
DRM,2025Q1,4510,3,456,b8e9a85a32a0940089de44cc03b5b482650f9d90e14248cfcf25549459aef08b,48bbe294f3e587af0029ea2874bfe445cac5537163aa84b2b7d32164228192cb,1,0
DRM,2025Q2,4666,2,455,2683a0462985c2b1e162dfe8d2463f6090fc135276251b5e401ae600021dcb9f,006a113dc0291e21fde83ec104d8b665ab801a2e2cb9d74d80cd5c06f472d3d3,0,0
DRM,2025Q3,4820,2,456,bbf722e2edc657d332ecf035f5b8ad52e48e8c75d08304b13fe0c181d6f07141,7a1167cd092eb54e78681c006bbcbb8f05fb22b079b95d4369aba2863a91d670,1,0
DRM,2025Q4,5002,4,459,fddf846a19e6c3ace818493633fcea82fce7f7ca8efb277fb72b5e4c6746f539,1b86edac4644be71a41ea3c87b851b5bdca934bd2609f274a4b6ee02135148c1,2,2
DRO,2024Q2,142,2,476,91b78a53270cf2c89dc4dc9683b6f9555f3a54e48aa34969c3931e7bdd301ea4,2325eab820d52a61bcd39fbb04be67428a9867b7ad7f363e7eccda8460504134,0,0
DRO,2025Q3,144,1,480,5050104919336ec2d80ac9d34a80bd82f5ec8a6283948103dc6b6061dc44b032,0e7ce2c55b01e28812e7fd0b7e7682c2f5cf97d5e220080ed0c6f04b26b18df1,0,1
DRQ,2024Q2,23,1,513,6221de6a688ac4c31e975118c7d2b5ce9f17f665dea265f62177711c7134dfb7,6a12e99824aea0d5feae2c12c8465437870d0dd31353dd3635102d45d7a6d9a0,0,0
DRQ,2024Q3,26,1,512,ebc0138238597d9bb95a06fc3eabff569ca58449fd2a6aceb12ae50f1832464a,b514795fcb021b5d26c110b7507d228de6666fc736bde58e16aca507b2ea3979,0,0
DRQ,2025Q3,28,1,517,0ab1be85b5736d0777f7a63c1cfea6a01030af4449dfd23d1abc036163583814,fac6b53cb1d57486f3d2ac065899bfd6887583840626edea76382ea21d4e03fe,0,0
DRS,2024Q1,460,4,448,9e5b8703f9d50bd1a07b755cc4d9a920c399abfaadb0830af5c0a5f892e6ae3e,a89f9fc4a6b924b8e461ee4874f5c57942ad3e99544e96396a3047a9dea5df4a,1,0
DRS,2024Q2,511,5,449,3863ca96f7f10c3f85896ab65330fba80a2b00931bb4cf508b019fc6904a0174,82c4bbb694624ee638feac659d50ae521ad543946f52f7c0e0ea93964678a052,0,0
DRS,2024Q3,575,3,444,c2d3cc0a98d8672df3130d6a4ee6ab208e3ff7be1931498df62ec148538dda7f,84a9f49ab73138823d2b233ee266a8df6900369446100593d9448a983c5611be,1,1
DRS,2024Q4,610,3,442,b929da73b251256d53b020967bbb422759006ac36de0b17062163050f367c3e5,0abc33ddcc963042431ad37efe6003440a41d016b66c6ea410b10c2499c410a4,0,1
DRS,2025Q1,665,1,439,334cdd49b1f48e4253e2d27afdda03311f2c7b73b8acfd277db8c03ae7303e91,f6ea20f4c59b44d31466efe57e6156625cde1b3bda9d22cbcf687086f2337bcd,0,0
DRS,2025Q2,713,3,440,2dab2860a330358f695ab639c7c7d7e12e8475f1247c2532d0d486c5dd959bf4,22756bf9c4758b2365bcb630b3bccf8e3897e5fe21bea7a6e96d7de6cdd01484,0,0
DRS,2025Q3,763,2,440,dd022fb8b2a7624452cc49f1214f51d7d4c2aadf2d692b07550048f0a0b11fb0,7ef740117a10968cfe388cf63236896c5679573859cfe3a3594e16a039168713,0,1
DRS,2025Q4,807,1,443,2c6c3173d778dd2a76a7895d71aac063512ef8fadd82df0c0173b48f369d5fd9,a45a4d8ca8f3f66cfe922287ca79f1444322afd4d71aba862038704c11a2aa0a,0,0
DRT,2024Q1,663,2,453,ce39f1d42968f4f63fa99104d1b7248fd737d2716596e290c080e154f8a06ad5,56b6e731e892711e2c842ca5de8c3255615382cc6ab1875f71e71c0c13881603,1,0
DRT,2024Q4,687,1,457,b7f4f2631563bb2176519c65988dad46f6919a788d6fe3111c9bd3dd3fdf5f66,75d10aa167cba3bdc327d070206d9b51090f1734c654f3682fed3de898b8a07a,0,0
DRT,2025Q3,697,2,461,d8b4c8a5123aa5ca842a10db34c32233ea45913e11889b2642adc2a9f8861921,fb6991dd6552e1e1eb0a9f6dc7e19514806b07008af970d804583593e8cd8922,0,0
DRT,2025Q4,712,1,464,5ceff718f4330bd4a1252070ba282e8385a25c38f94bdd7c572c1b6252de73dc,f2929addff323a2aba33346fcba38f32a05f6843818536900d578b2f90b847c2,0,0
DRX,2024Q1,332,3,458,c50e6f66243a43cc08b0166473c89531ba7320dc05ac7fcaf10ed0e45f6d928d,c48ca857a703cb84e496456817648ffcae4d5b146e07182408a8e2da8d316665,0,0
DRX,2024Q3,383,2,460,3a610646e46b5b28bcb0781e3d0f66485eeef8fac4cf4b5ea891052bc14ca700,055f48f6abaedd3e0e7d33fe6f1e49b141d9a22d67b4cad6fe8ba0f74421e54e,1,1
DRX,2025Q1,393,1,459,b64ba6529f9b0e6214f260390bd3f200aae9fca8afb934d95feec267b73c978e,aca03740cc5ceb99eb86c1f03152d32b0b1ae1486e947aa2119b1a7c5820dbc9,0,0
DRX,2025Q2,414,6,460,825d839ec29a1f5ba4920834292a02722425e396eb6948e6a042a6e65a2be803,70c68aba812f71cb539aa176afc12ac406ec55e0acb1b11e28182db314095d93,0,1
DRX,2025Q3,449,1,457,a89c4862164ac7d49d6815d0aee08049c5f33ee3e1daa86a0143b32b0bdd5128,b91931dbe41329fc5a43f6f404d40e8af39791bbc7d0371e509545aa5148e90f,0,0
DRX,2025Q4,538,1,461,7e4c0bc6edb9bb0372cf271664a39949e0601a2a13574150d87cf2ce4280aa36,f01e905825ed2060e534525d0d7191a86e7cbecb247a3557af8166bdabacfdf7,0,0
DRY,2024Q2,220,4,495,a3232b46d68c95016be49ca90bb3e5d968000b57555334466c232996fa27ea6d,3c2e21b290e1a40d5469cb60abf11159d3f241059e92ef5f241fa08c112d1bba,1,0
DRY,2024Q3,231,10,491,71843eda1f5d0ac279884602c35f11fcc1b941b6701c53eeb3657f4f58de0e0d,b33b861416a0afb38e3d7a116c9e150352ccdcab20056fcf8a06539abf502172,1,1
DRY,2024Q4,253,10,482,9c987d67266e38baad9653f28a902eebf79214c7bb90c18235bf837f4a9f3610,2483bdda9609b3350206f349d5a6c7e1f572f68bc8b32e8d56fa699ac3031a05,1,1
DRY,2025Q1,290,1,472,57ff02e49406fbb0a20c4ed325a18f443da78798e663c3ca939818e837b1d711,8c55f82d9c02da77e272d88da5f36a55926c6ce7b6cb8ab782c1ce623b330c23,0,0
DRY,2025Q2,307,9,473,cae31011242f56f69740c8988a6ffcb2b7bee660079fa2e522a19011e8b70325,0a2d0802a1527a78589bb95b6e27c0b1cb1652dbdc643e6050fcdc247f322db6,2,0
DRY,2025Q3,352,8,467,92ca2b641e72336a3f791d38a4bf11dbe2126ac20be4a8ba43f96257a055ff9c,cb573800757d474923e4e049bc8ee6f3c38405af626ad31500d216ef1eb705b7,2,1
DRY,2025Q4,392,3,464,1caacb2b60b68cfd3d61403ce4090217535b9c37bc9b85f489093c2836ec1ed8,f496939173cdff29360603634c3d4b09897011c8d50bda663454070e1b7d7e0a,0,0
DSA,2024Q2,137,1,470,f25caecd8d3c6b49a01ba009150ff65cd3947d3ebbab6f89c14019a292c081e0,9a747d942ca2a9e4b9c780de67bee393e775fa215e0220d0ee8b53bab7f29573,0,0
DSA,2025Q1,167,1,470,b5b90a7a511c09af11af882c2a483526d85d1738a9005140f080b0fd4ec02472,63b33a2008a80438fc2c626e72c8d21999ceedc67b80247c72633ff0b6e30531,0,0
DSA,2025Q2,181,2,471,c32af2aa0ba9b006732223e2b8fcfded64069caedf11adba8dd9b19002f6cd45,a0e299fa91a44dc9b1936b0e22091f5ef90a98a5b5d20e0eb4897e6395743aae,0,0
DSA,2025Q3,214,2,472,c07dc7f30b9d4ffb0fb162008524ef35f8dd2c724272b51a83ec9571cd893803,59e02f04a56446dc6029998bfca72b41f20f65e49fdae644dbac4f757a710839,1,1
DSA,2025Q4,222,3,475,7448e3777cb57963a2955c20efbddc66e51893a57738a3b158c675db67184c6d,dd2df57b91e216624f2703a87ac9a45a8e1d15af32716bfcb018f7ca72f0e206,0,0
DSH,2024Q1,391,4,495,e45044bfd1d89815f8ae9fe1e87e5b8e2df3deaca4c578fc400bde9b57159e1b,20839bef15d107e83228ebbcedbe942c2864e1f5b206c1532b80d3c9ef8cf701,2,2
DSH,2024Q2,414,2,496,c48f83bd480ea0a06d4706eea847de4c78b28df084fc8a3a0c56eb132a1798f5,89979974bf80314ba3e2bd6834b7c2aef259f7209e2ceb933f30c878a30d302b,0,0
DSH,2024Q3,423,1,494,303757766286d35fe3902e415a7d150d2ed29ef3f71282792f8bf4b8103117b6,3492d94d9b2f444b120e05df067ba2d0d19f66916dfd5067865f195a94ddad46,0,0
DSH,2025Q1,479,1,494,07624bc80464341bac1db19c4090bf7f18b7bbab386a53e8f178e130abef59d5,4eca1e6c29a9ef0ef18bac5338972a30a2024c93ab0e76c6f6a929055f950bef,0,0
DSH,2025Q2,520,1,495,982320fa198034319295386f06236079567a8eb410d912d22413e69c440d087a,2801af3109b4eba04a9eb78d0ad1f3e375bf430d314044a26cdf849c5fb799ea,0,0
DSH,2025Q3,561,3,497,9c054bb291991f49717cb291636616512f3cef2a45872e7b77b7a4397d0ed8d3,db552c39e0cf11767ad6313fcde6254aa94eb72e03580ae77e14a07a4608443d,0,0
DSI,2024Q1,12916,5,371,da2de930cec6c18806541d2c10b97d7e707d5566d64be454dd1ba56128a9185e,cea58c9dfd2628407d6e46749862fecfdadb9e6532e00ac3d227235a16ef9b5a,0,1
DSI,2024Q3,13665,2,371,c4ce2bcace705f2b3ed5f0697b4437749ef6cc5fe824a3d46aa4777025d97d10,c1fcbfba33229d91774ca9f47ce5a692df223e85dc8c3a7cdfce148152b64dea,0,0
DSI,2024Q4,13976,1,370,6db7b005f59425f9bc721cadb8849f1e4e600cc35112b7d40524c9bbdf1c010c,8e85881a6c746848d0add10258162f9c57255e43c09f41419efa4fa5480b77bf,0,0
DSJ,2024Q1,77,5,492,e47e8969e81c4a84b78e6ea55161ca973e4bf9c9ae8972457dd7fa210ef96d26,3f926066f1e52bf15157612a06bcb2b788b6ec6bdddf73ee523e9ddc84d32421,0,1
DSJ,2024Q4,97,1,493,09c78bdfe3779f69e1c7aa4095bb1cfc0d3132a516fc1773a32cc2fe7c5bd0b8,ba07166769a3e3452c50870ce5d5ac2227dee54068e4f1be8bc354c881ba382f,0,0
DSJ,2025Q3,113,1,497,3904a57b4c4b30ff7c007488ae36d50f4d42372a8b7fc8c24a437de5c424134e,5cddd67d2f124cdc75be998154786b3362c7d24c43cda598e26bcee21221c3c2,0,0
DSK,2024Q1,251,2,497,7be7a6290ea85014a92cd80d55e5a24fab686a731d2e3387c13a83e84b14cb01,8f19a97e098465cf36c7a4deed3cd897c6d2eca921d435c8ee74f71fe188dc47,0,0
DSK,2024Q3,254,1,500,d7d91033014091a2641e39da211c26e5990dd1d379fcd58de69828e3075f7980,99249405892de7687f34281cd2e00b38d3a7b0d4b394db13bd3a74597303eb5f,0,0
DSK,2025Q1,263,2,500,a962ad304918fdaac03242728969561b755d80ab295a17f1544c87fdde2fe212,979bef2f70d9de9adea13426ac5416aa227770729e1ce182ca1234ae93d80bde,0,0
DSK,2025Q2,276,1,500,bef87a4d98dffb8eb63c60ac7187204f4a8c841cc8ccae911f7aa89230759b5e,a01e6f9b9bf67cd709995cb090f93f1191a77ae213b1a890e7eb66b3561deb36,0,0
DSK,2025Q3,279,2,502,dca4b67a58f413da00ef775dc92d8266d4c8fdfd66d609862bff86f70ef77483,ddaaff1c325523dbd2ec93e5cb52c81dad75b41f32949f864852672c27576395,0,0
DSK,2025Q4,283,1,505,3e24e6e6a02eda8307af79363c580dc065da0b91762c2ece7e507378e8549909,828573666a89a8834070b013ac719044da35f3908bae814bd8c9f6e25be9d09a,0,0
DSP,2024Q1,23383,5,205,8ce64102ebfb413c8592174529369e09d2c5c0725532609658b7720c64258e33,91998bc54b3af0f80ce58ea445d65318d1345b42f6ec8a1b0fe98eb5eefae774,1,0
DSP,2024Q2,25133,6,205,257d19b323764a1c2f33892ac8739cca669592bf0bd155028cc2a1e7ef18de46,fd886a1f973590ffcd918d6345b3267997d8872e2e134222b5d820972fd8ff45,0,0
DSP,2024Q3,26930,4,199,805c66ef8e3e1de4bb4376f136901095a7a51c5556237203e9cb54e93274d704,1a797ebcc9f7d1de619ded607efc0d663ddccc2441ce380988a839aed6491e10,1,0
DSP,2024Q4,28800,3,196,e78bc973af7eb17188062befbaea9de6676e115c1b62e252d01ae5c3f63955b8,0b26f39ea39ec5bbad41f8e4501fd8a7239c793490c4cebf60d23f88b8298e68,0,1
DSP,2025Q1,30702,9,193,901629a17f10afac57339deb1681ecedb739cf01377dc194523e4a94060374df,dc661103af71e9b390e515ecb17311e84469bb6ebcd62c3a0331a7eb31cea35c,0,2
DSP,2025Q2,32629,5,186,6eaeae09f9252ad1efc198fdd14e2c48d778fd2a16cf72e890ff43dc31604f9a,7ea8d7025085fa1605495ba86bc0d4dc25f9d2cbb1baf3398adc72517eac8d77,0,0
DSP,2025Q3,34331,7,184,aa793c9a1827b70b2e3241727cd12a18dcf841270b9df2f5c16d9029e7ee70ac,e6d51449237ccd238de948f123f62f98b8b57ec58877ba256ad1c0884c3d3bfa,1,1
DSP,2025Q4,36171,6,182,8b29a83a8feec09164db0139603fb8a2855a841f76b4791d3a17a6e4820014bb,712e7db9293d10c534dac6e94dcac4814b68dff901c079b9ebfa7b23be2a81ab,1,0
DSQ,2024Q3,86875,1,286,58f1fc92d512f90fa7dec9430057f4a7814732a47ab60d6300d558ae0e499c11,e2aac888e338aad48a76af4e5a291166bb3fea817897380c6507fb1683dc8729,0,0
DSQ,2024Q4,89809,1,286,20ea8772eac1deefa47c169683c82d5d2d6bafe74c6fbe989b910a7e29968f26,10f45347a80024f69eaa46a5f83002976e550cc839dd7822e34bbf21b8dca5dc,0,0
DSQ,2025Q1,92316,1,285,0953a7a01282511a9d5f519e3a84309e562165f38ba52d3347a53e2c6b2a94df,2a1a0bcbfccf254ddf08b70740e0ce9508d9976140981f5ce30192183d87dd8f,0,0
DSQ,2025Q2,95062,2,286,3a84b8e0008f036272fefbf367921e76baa088f78c825bb0aa49ea435a1602ac,e268be44679d6d0be6cefe705a580bac965afbe079591b0a35b65b7341fc0f25,1,1
DSQ,2025Q4,100523,5,292,97ea6e9d6f9f1ce94fd0edf1784d0af7de0ccc8dc177c973c0274576220103b8,b88a96007b67d32305ffab06b8cbbda6c2cc148f9c1fbc75e357075fd9fd1b8d,1,1
DSR,2024Q1,90,2,495,7a72bbba4110d1eefa4c7434faadf6df783ef8c61810d733e3fbb4004050b449,d3a901fb29001aff9c5f329021751789063c6f5639db539dad9674f7a0c490b2,1,1
DSR,2024Q2,109,1,498,852536a2d4f6923d0ba75a1e6af915c0172cbd557516889191774067986e3269,2021bfcf916adca8c3c724e44ef0de9873a3b8b8f9d00974868d55254e755982,1,1
DSR,2024Q3,133,3,497,c98e987c21e4ccffec380b045db9a102c4a889ada76d1426847bcea6d7c76ec0,444d99cf9aa41b70714cec51fee3f52875802de4920a0350e58f64b0f5d7f828,1,0
DSR,2025Q1,183,2,495,9272eb210aed60cd8c32f4e89c2264f2c331aeb542c33e10f932e85384f0f29c,5130d9bf31a79e5bd575e0f59cfeba747d0862f2b1c08f686485e1356dcff938,0,0
DSR,2025Q2,207,3,495,a6e25f8ffd0eb6b4f26c26612403a759b238e53548ee60e585cc9356197127a5,a4420fbb9d21a1172a52d47fcba2622582d48a0042891be16fd3de4f2591f449,0,0
DSR,2025Q3,241,1,495,4af31bc6d07b1ffa8365d7ae6d372e4e7eebb61f51d1d552f5afa5ca9ad7849e,6a12e99824aea0d5feae2c12c8465437870d0dd31353dd3635102d45d7a6d9a0,0,0
DSS,2025Q2,34,1,521,0c6cdfc94878fe4ed19d5ed86f84a9e0c743ca14d0c91bcdd0e8f63b404731de,715e1d9e5de6e9ccdc0d5504d23325853ee433f856717588c7ad6c19b1861b35,0,0
DSY,2024Q2,922,4,437,3dadce8e1cdef8c24a6af6a8fae07080727e12c37608a77e91ddd6ab0253dc6c,6fc5594532a2259b1aca80f6ab0fdae9c318dda23118f9c097d6eaa753273efe,1,1
DSY,2024Q4,1004,2,434,bfad7bac6d61db599466c085beb038ae70f47aecb4542aec2505668d508b7096,a407469968b9163f10f4635a780f8391c44c8d7ddf60f173021f1387f6792d7f,2,1
DSY,2025Q2,1069,1,434,0c28d85a070d5e9c8efb9499879f59a784319b38405eef38eea6c6138202f7a5,c50676334ed094b5baf7bd86428ee2bb9d4a49c7e13079f27ed7169257dac705,0,0
DSY,2025Q3,1122,3,436,0149f9a0347be6f69a6c43b6fa3a6451b6ec2bb971dbd7ef2e7e390e01886ac2,4b354006ac5fdef80b36eb362ba16841a7f40d35eb431b9f626531baedec8907,0,1
DSY,2025Q4,1154,1,438,b4ae7cfe1da9a030c22875117a5554d29c6d239cb5503d3e982dc664481fbe75,625f87222c209c641a47bedfc9aa2e722aa91a819a70aa10239c725518d6eb9b,0,0
DTB,2024Q1,107095,3,324,3afabe1131c5a259bcba3e1087fed3212d920768a769919ce3e699111d51cde2,86fc12744287974d5cb4f641fd1f4407a8e1ab324738887af245794f3c4f6cf2,1,1
DTB,2024Q2,113687,1,326,accd7628a8e86858535fe9532b099fce0d6122825ea5807c118c572e40a4ce15,06ffafe2347c3a89f0bf26e1657b8d45c014e9f95a710e5bf5b17ea7045b3deb,0,1
DTB,2024Q4,126376,1,326,b77b4acdf9a32ab0f8836fe4a67380519daddcb6e27261fa053b7f0455f91bcc,f2929addff323a2aba33346fcba38f32a05f6843818536900d578b2f90b847c2,0,0
DTB,2025Q4,152678,3,335,4b22e518177bb00a81837d849b2850ca8a4eecda394315b5bd8dd7b24d21c031,11d7d5b11b5e9e45df739f5b7920de1233711d255e1d4059f771772828bb0d54,0,1
DTC,2024Q1,1397,2,477,08082dd8645940455588c8b49e253c985a8af6528991689c24ffd63b34247b29,7e216d8c37af2299759c294aad7511d54c468ecdcb1aa782c66097a97e257c57,0,0
DTC,2025Q1,2474,1,481,9a4fd378e4343570677f7a7c2a7d72b274276c6c71d96882aef54ffb804ecdd6,2021bfcf916adca8c3c724e44ef0de9873a3b8b8f9d00974868d55254e755982,0,1
DTC,2025Q2,2987,1,482,4b1a6c0033179c9fddb9acc732dc5c752ab1eb050f2145b590bc494a7878d73a,41cb6db6b4b81ec360579fad82e609926a78ade93b8600e1304acf0315616942,0,0
DTD,2024Q1,128,1,479,de9bfcb380c687ced583a608db095da46aaa3892dd9d22b6264756f8a812efd1,d5bb541e4860610e74d9bd2e35d61e5e63590440d09313059cb9f8fa81723f85,0,0
DTD,2025Q1,163,1,484,988cdb009576f46892b335e26a2b88c0b37d65282884078de6807a2f1b42b9ab,a882fec75e44bce5cdf8c7386ef1b398637f4a2814e9a701f6013dbcb950429b,0,0
DTD,2025Q2,177,1,485,7017f9704335f95270a0ebf65735590934d2c9529914eea969fe311c535eb061,598a368849023e0238de665cb5ad2506d41b4ec6497efa2fdb6b432b05bd9241,1,1
DTD,2025Q4,189,1,492,53a801131bde9ef1ca7e2452d47fff523d08f9b068fec4c8b68b62c5974f2869,0e7ce2c55b01e28812e7fd0b7e7682c2f5cf97d5e220080ed0c6f04b26b18df1,1,1
DTE,2024Q1,4475,1,428,f9d3fefce40b5bc288ca2db0f20bb79e5a22d9fdb8b5fc1c4680a788345aec48,c5f1bdea4b936530e6d08a46848374a4e328fd17c67662f67ce7ed7f65217cef,1,0
DTE,2024Q2,4646,1,432,65768af37f01bc6cf28832fde022db21445d14c1602781f622df5bb0cb0d74ae,dde130ee3773257ed48685ca894e3726c3ac8514b03bd1e4632c228d55203eac,0,0
DTE,2025Q1,5095,2,432,d00e153eb30f4254d4ee72fbc7d3af103b2f328acdbad477aaf210e674280cc7,870a38c7943f966043e33ff41c0d1d61e0ad6f1f822b85e3488bcfb26aeecddb,0,0
DTG,2024Q1,4,1,514,af2cc792942060691bb72b86704323ce3dc476bd1623481d240a0169cfbed789,f04a9b043ea63e419307d3c70b380b6564a71cdf899e31cca1ab50bbfa038b96,0,0
DTG,2024Q3,6,1,518,8a3c049501fcf196e33bb06c9483205527659acc7c06714f819d8d9a36a0a6d9,11f2bcbd883dd7ef71cd843cff4a195669d3445df7b9b171d5234359e78a8b9b,0,0
DTI,2024Q1,35,1,504,ccdf423f070ea2c13d0c1e8a07a7786222ec6de5163775363ae5b746519ac698,0e7ce2c55b01e28812e7fd0b7e7682c2f5cf97d5e220080ed0c6f04b26b18df1,1,0
DTI,2024Q3,40,3,508,39dc98081c5a86b29fb71d0c7e0e06530f700f7fc8278c3f3583cd4005051e7d,a43801bce922bc622b50a4c193000cbafc901fb339b8ad3cf3f63a5f96b70eec,1,1
DTK,2024Q2,20118,2,406,034827ff272492dd180ab8e72940d289e5587f724e5f613ea6123bd3a644d970,b97fce20a76deaeba084020fed03431ab01c645c3fac5a0551df74a5e08a0358,0,0
DTK,2024Q3,20233,1,404,be5de045f1e7fa7ec4ac2f8969d430a94ed5513507eec97e602900127db057f3,ff8af3592f31e1333e0c4f138cd68e636e87799142596ba322b5f5f47785bb28,0,0
DTK,2024Q4,20312,1,404,2ceb0dcb51480c4da404bdbff2c7ab63e504ab955d5560aed65b0ec3bef7a02b,de4083f4e5c33620cfccaab77a0519ec09cf957e79b5f188e54363c02babcac3,1,1
DTK,2025Q2,20510,1,405,017e054552a1843467a1654b6d629b49612ca1c210cfd711783fe044de80db5d,3ddbeef7ce1f51f1f2fc3eab964d6343c6608bff620d4eb49138e1a1bfaf81b0,0,0
DTK,2025Q4,20746,1,412,405559dcc2326687a6f057f82c3dab3bd32daac843c578a14ce1405188596798,df5e39abd233744eb5fa0c62cf6e0fe96bfd6ac6c1d70ad818c2ce959db12196,0,0
DTL,2024Q1,278,1,469,f37d8506831320535359ec4fd775b815c7be9a6508547d6f8ebd8598c63e2842,41cb6db6b4b81ec360579fad82e609926a78ade93b8600e1304acf0315616942,0,0
DTL,2024Q2,504,2,473,84d56780de17c3180ecbc982145113e6ddcbd06561dc7229ca913f45138b1b9f,26bdb736756e36ea63bcbb77e0a80444aac0501f20bba9f98614271325470223,0,0
DTL,2025Q2,771,2,474,35e60770b39a63e9f0fe54b26a4a3e367ede5eadc0764dad49e8118c5d10f1f4,2e69cd9c9df87381468366b9d39003cce4228e2e4b5de03f04eb034948a9b908,1,1
DTL,2025Q3,789,2,475,ccf1384f08e93be65117715cdbb5c385ec782562e845c3f36159b2e994ff0405,147d8ed1cf2f5b1fa5d2ff54b20a4b9313504a1f8822024969c4e244484dcd7e,0,0
DTL,2025Q4,821,3,478,0db421e0ee7662326540d833416a781bb026dc7517781ab9b1562a63ef6df33a,b7c862cd5f1be6f8d25eb7dbf94a53e566b72ff5d6a9a31e24a1f77cbff88698,0,0
DTM,2024Q1,11,1,507,2e288539da489146db7d9d9ad1313c9bdaa29d74dc09535717989852937fec6b,7630b16496d2b4322edfd5e2d73fa6c8fb078371ccca4c05fce93049bf6271e5,0,0
DTM,2024Q3,12,2,511,006557efcc408af74d636f7b436a87fad53bf682b69a392fa9b445d985dc6cd8,554ea7b8d22364f13071f4691ce5f89320622fbd15f1601e833c28b6855999c2,0,0
DTN,2024Q4,51,2,496,3b8565241df01ff361adb60bc89e6efffbcf3ce9aae5f0dce2013bb9095cb3bb,0c65f987114076aaf0a1be4e47e6f57c408152e448a3b6eed7b0866cf6343e1f,1,0
DTQ,2024Q1,3748,1,323,241ecda18ddbbc0c1bf36d1bfd08fa7d35fc4858ed4a359b5cdcbfe61e53257a,4be456711aa1993110b2bbbe24949fd53f13ea70b3c57de714c0449c91b0ede0,1,0
DTQ,2024Q2,3959,2,327,746fe485500c36f87827a8b59fc3a080fbb949bb14bdcb71f489a7753eb87ae1,a991aa70b01721e4106c9ad9780980bd8ff59dc4e54dd0573672fc33a83aa4d5,1,0
DTQ,2024Q3,4156,6,325,31eb2623e13a6255e8ae38cfc173ac6bda6c97dc151adb813bd006d1cc93871a,a632cd52250242e16c47f27dd7b4e731f3669c4b1d84622182e77e82bb2335f5,1,1
DTQ,2024Q4,4391,3,320,4ca636904dc9479e727cd0812ddbd561e79424d56a7d6ad1bc5938c712339c7a,19946909db9bf75ba4086d5cbedae6a3ed0c111e813a19c10713066471d21679,0,0
DTQ,2025Q1,4611,2,317,ce8de6777ab7a0de4f417810944ccb3f173aaf1cbc7e029cd6299fe67dc6ebdd,20c0eb7a91130af3a29b422c353d76ee3a8297bacbba78bf6c88c7044688234c,0,0
DTQ,2025Q2,4818,1,317,93f8d259e004107bbca1f3c0cc63dc56d8004d10ebfe1ad4e2ff2b790ce9a006,e510f67624be6d9dea806b0c95de75ae52b169ee40f216b47ba31236cecdba5f,0,0
DTQ,2025Q3,5068,3,319,34d0543e793e1131fc52bba79de49826d5bf34b901d2d41fea1f34f178b491f7,03a0e01d8c6e8d62017c458f71477ff08d0accaae7147272662d5a5553e81567,2,1
DTQ,2025Q4,5361,1,321,0952d5cf2542d1e253f5d285cd41a7ef0e66b378647b981f1db4ff27fb65c856,4e3d02aa585719d4f47391eec94e52df6c1978c18b266fa1299884a6e69a1139,1,0
DTR,2025Q1,128,1,475,dc5825cef703bbe7738f0f97f5e335cad34b22b6a4103e0038e2e4033d484b08,ed64a5a5322ce493860dd99ed952f99c5cc4857da12ed346aea053ed4a0e00c9,1,1
DTR,2025Q2,135,4,476,6466d20ccfc7386abc1f040012b44689f0fe0088b8d6b1064e4f4718c4a4830d,18e0f303ec344a0d922750080dca11c2ce842483c0b1282a7119292279789b2a,1,1
DTR,2025Q3,141,3,475,e6c0c29a578138921e9ea5c5d0ea2abe539885d2afe6cc41f2783e3c3742a651,54534c88555a2054dc01346703853c1a480e92bc08b8db877752303c7e6f2bab,0,0
DTR,2025Q4,148,2,477,7d8d3b71886b5939a4015f9def55bca70b85b1d4d45be536a390d3700d8cb134,c2f3775caff9a0a5ab4dbc5a9b92c00549d47d21eac3627fc6fc0beb4cea4e8e,0,0
DTS,2024Q2,43,2,507,118992d5ad22b081e193a423208f381e535dc0847b90c1d0244ee86998e7a934,2d4fb1f2132f2e6b7457ee2fe0ac908c4f8a4b28474421e8eebe2ce943680545,0,0
DTS,2024Q4,50,1,506,6aaeae737d29780712992a5c9139d10870245419cda09535f874713a9a43692b,c70d5c156085ea935b746a559262c0c4fc76353db86058be7df0a2cb827d68c7,0,0
DTW,2024Q1,19,2,509,2db16a45fa0421008c28d3d92670faa0141aca12ffa313101ecaf9329ef10b11,7b8da35c372aca9e5acf3c8f05b716c95fdf901a77d4a4ca02ece6aca9bff24e,0,0
DTX,2024Q3,346,5,494,cd003baaa5ac641c3e8c6ccb987af3f666e83007f9449d94e17caea4800d7523,fd7fde883d0c41c1afcb4c54603bfe72e2a7e2af0153ec101fd6cac2d26f7b3d,0,0
DTX,2024Q4,370,7,490,e6fe800ab2ba48aafa5838fee65da3b64d594797d7a1bad1d3ffdc2b26be2df1,2989c689a4f1304f85d8112948276ec8d429b3f61931b517373f572c3e6d26c9,1,0
DTX,2025Q1,409,3,483,c3998033173a9bab3732b3da961f2931601f8f7085e9f2597f0c2427be917830,67b81d8a92791d2082dd75fb7e00fe32618ee29c4d069cbf94ad49b09c7e2b50,0,1
DTX,2025Q2,441,2,482,fabd5aba94f32e7e947546c48346d150f805d61be494fbcfc7e53a3f523ecf7d,67af7e8aefba6bfa618bc2fca79402494f5b86526adb29e4a96ab819ed5f9412,0,0
DTX,2025Q3,465,2,483,c0527d75ed3811c584d0685c4ed295d8ce4539d96f598517bd28ad11a32e276e,6879c1cbb7cce16ba2211244dcb27e5d1c453a6e83c323fb0b7cb1c982394b86,0,0
DTX,2025Q4,493,5,486,79abdc1a500d87ad973a7de8fcfee538e93d21908dea4266979abaa18376e329,c0dafc0ed75cc16f8c80e0c9f36533ae5f9caa299419037c898d2f113666bc2b,2,0
DTZ,2024Q1,2823,2,380,aaaa8ec1cc8955fa44054fcf5c0ad9f80773f504b897a95ab0ab3930110d198a,d38a00c6b5dec7e376ee11dd0ff58d6926defeb5d8a042c301e1e481d764e762,0,0
DTZ,2024Q2,2957,2,383,66aca9083b40d3b0cfd848ae7b742fccc7bbb7ebbb54350251ba4c65af8a3b4a,c1bfb508a8d8feaf91c68bdd8989dd76211261bc92e7172e286e2f662652f243,0,0
DTZ,2024Q4,3204,1,382,ace1d175e8faa103a6e3dc682672f51ceadaac4795139c0307d4dc2482a40e8c,14106d8b6470256ec2dce3e232a3f560def6e98351d8ea55e687e644acff23bc,0,0
DTZ,2025Q2,3536,2,383,2c907bf759609f75b4c4145bfc712752cd8072a4d8843777c19fa6756f7fdbfb,b1926dfce4c7f9a7bc480944c86941d7d49edab37b88f70e1b1153cfbb3ea870,0,0
DWA,2024Q1,1320,2,404,2db4012944707aeab22ce1920523571af640db7c8731da76fe57287ad063525e,84e5d4c1c7bbc6a3caddcf7234e7e03735a51ac68de116693a6d7a6e9b671f0a,1,0
DWA,2024Q2,1420,1,407,c11031bfd3bcba928262a0ce0c39b7cffdf82a8db82c5f93007670f491a6415f,a093845d5517acb7a88eff5230333e0f2dd8eb4e416de915230d8a22e2a3bd81,0,0
DWA,2024Q4,1615,2,407,d3fd67db8c4e242c6758f2b54c9cdbd2fc8bb51c78a683574fac6ab302b92891,9dfb633eb74d9083732e643222045296777c9d0e8bb8bad4335759234a6d7968,1,2
DWA,2025Q3,1888,1,410,d3dc2241794f5d4189cea6ff9eca9d3ab6c6ac293270b23c641941cb9c17fff5,4e3d02aa585719d4f47391eec94e52df6c1978c18b266fa1299884a6e69a1139,1,0
DWB,2024Q1,428,3,464,cd127c15d7e134a69d86890cfa3748d9502ff3051bd1d100a0940c9e26df0063,1bb0ebc9051f397fd91094707a4ff329a7adb84f049c87a091c1f6c3a46bee2d,1,1
DWB,2024Q3,456,3,466,0a4a40929f19276e42faebfe3a6565ab09b053f8849f65f5b8448769c778913c,6b7162d13a79a08f671ba410b2636d054ed140c4d86ba276dc577c3f7b457570,1,0
DWC,2024Q1,3400,1,411,73342f87e3d43adccd0594a0400ee792cd1dc7252bdb433b901d17fa4cea3e3d,13588939e0f4bfa86f69c73f2a18dc25c75d5fc78346fe663b84e917dbf8dd9d,0,0
DWC,2024Q4,3789,2,416,ca9c5aa5b42ea445542092dce6b421a5bd89a0798c6d6cec98457b7d67eba902,4b8aaaee3bf0bfc9ee30bf2610d43e947bd728366d8e12c3af656077e6675645,0,0
DWC,2025Q4,4401,2,424,e3ee64bbace17a0520ee8a5e98ee102733d0e9aa4a3985b02c82a55faf0a76dc,fe7dbb3ee3efb83eae993fd3d324b40913c03b644e02b66d9a1397d36d4d6881,0,0
DWD,2024Q4,17,1,517,f63cca76d3791d93f0abf630811279bda4a04b78a6c19a88f5c16a4691879609,221324166e41feb46e457f0490759eaa3aa9a12f6071baf143042e787b07d16c,1,0
DWE,2024Q2,626,1,448,82bae770045b1407e0601bb045081f092362881cc93a38d8c83b609c772d798e,a5b4864803fb4abf683e57d5f47cb371966044d4ab4e4bd93785848c339ba6f8,1,1
DWE,2024Q3,680,3,447,e9bbab53bb791a3f2b5e6f0c21125df4b596e8c948c9218b70101e7123fc9e95,c668a8325146dedb96c579cf871ac105f685a6987accc4ddb54d85dd80f04699,0,0
DWE,2024Q4,736,2,445,de335b6ef1b44ee3dafd0d4d93aafae37b8c9abd2280e177f9acd8bb9653c04a,6d6a6b5cd367bcf1ce53dfe888ff31237571d8b7479ab011bfa1c3b68a35ee64,1,1
DWE,2025Q1,798,1,443,923a73529e115b3dd17b481572c0ee5236a3cc7d7721c52a927ee51bcf3bc13a,3908176d571f3d2b23037be73bf33da28ca1b689a71ebacf4d44459b7fe0f4e0,0,0
DWE,2025Q2,842,1,444,3cb506b374860e09fa2306798eef5e5a262f20bd7ba2faaf9c4c6f9cb410f757,fd6733de78e0a4f5db655cf283fa7ae9c05060cb90d72f9cba4716e75f9a8784,0,0
DWF,2024Q1,1229,1,395,50ff21ae0d35f15127f8a88f7cd5f2ae0ceb33e6fbe6ea2497750945ad844c8a,118c3868357412e35adc0a781ba0d2850d1f6ee12b138466bd9c9988ed432606,0,0
DWF,2024Q2,1293,1,399,ab64a7fb142fa52b3fcacad9fc721b03e0d31aef991f8f2ea041c874fe3b0142,911fa181170464646c59797937a13e6595d43c333f7baf3128ecb7ed62a02b03,0,0
DWF,2024Q3,1382,1,398,a89b19b6ab2ae8f53b64db137bdae45bcda6f2b42926ef019f9a7662434d2246,4c3c63706537489d0895a078d95681851dcb8b0c251a8f2081af4029ecaf0dce,0,0
DWF,2025Q1,1630,1,398,a51c97d8cd34f941c8c0d13fd2cb1c0b7de71b22aa771b43037ae090fdef2a7d,c6981b383d5d405d002d8a7883d4dd3fdbca3fbc2a7bd6b9e58e48ca0094d38c,0,1
DWF,2025Q2,1959,3,399,9bbd86d0882ceb11148dca9fac9d8db8c28724b81b4df31de18bcd77e456232a,4857d43f425c466df022139440d48ffa2fd6d625d5844c054fa6f064f2eb0a6b,0,0
DWF,2025Q3,2168,2,399,22cfe927fc678aecd5d2e994c52258feb896dfc978b52e948ae009437ef56db4,3a8e17304add3188d9b8b6434e0befc27d9b5cfb1b146f82255cca2bba2d59dc,1,1
DWF,2025Q4,2431,6,402,399442e90f99b145cc1ef8cb1141d0eac4625bff5adf1ac2e62485d11f08c7ea,9ebf7f5420690f4bb3dffa8b0e7d70a546d7c19cbd992874365f6258123307e1,0,2
DWG,2024Q1,5,2,512,54246a16757ab9b6443aef98055d233dee9ca1e8249604082c4505f8657136b5,6140aac8556a8c043b86c4cecd0a45c6dd9e3bbe4540cba00bec8ddd9d80904b,1,1
DWG,2024Q2,7,3,515,3d527df054a4d2c750b9da6ac64c9b1dc2cf2ddae9637aa3e0721d77618d5864,1def0ecd934ad1dacf8f7931a9aa8b06b5df348d36d7d5d0829670c3a7aa0518,0,0
DWI,2025Q4,1,1,532,2f03b2122cbcfd2a7cc77f7383fdbd68e72f125937d07bb860334bfeb2b82361,ed64a5a5322ce493860dd99ed952f99c5cc4857da12ed346aea053ed4a0e00c9,1,1
DWJ,2024Q1,14210,1,298,d5aec1d33fe7ee0df68678718eb59508e5456cfc28538da54bc8b4a50134f893,6a12e99824aea0d5feae2c12c8465437870d0dd31353dd3635102d45d7a6d9a0,0,1
DWJ,2024Q2,15092,2,302,b0a8910b65f71a39192937b647927aa31ac75cd298f2ba660d97d1568e38990b,f280e11c77c1a3c059a2f03e5b1813a204324e6be4e69f1607993641ccf61d07,0,0
DWJ,2024Q3,15898,1,300,497348b550862c6024f666bc1259e028bf91f7c6bfb31d9f5ff63f91b3e88256,c0ce6b17804c03aca92edcc5c606c2d17ca10b7ec73a76931630c292c27d9b97,0,0
DWJ,2024Q4,16831,2,300,6ca97cbfee4bf5fad897fd9ddeb471a16b9710a97f575f145886b285f57ca3fc,ed8aeb29e0873b7446cb4aad6a8d21802e0038d786bdc52de43ad5f3e6feaee3,0,0
DWJ,2025Q1,17539,3,298,08b8c61a977acd09e223aafe1bec691b10e01e732dbfcb3216773981d03b60dd,d3713dd13891a06e722256d5614f542b486ce9a5e0ced025818349899d986f10,1,0
DWJ,2025Q4,19483,1,305,a92743cb5b908cbaf434ec83f059c3c9533182e57deebf9dd7c15ea14d9eb6d9,b1aaeba3e13fd0f9982c21d9f72fc11cc917413556eb3f9b99545abdb115bbec,0,0
DWL,2025Q4,9,1,526,4c2d91e75aa97b72f255807ce85883f0e4deaf6d5f13c2e57cc5ea50ab807f79,6d19f89a6b34d52be49fffb1dedeef8940de00db8969153058cce8f0e00a17e0,0,0
DWM,2024Q2,448,1,462,f1727ecdb07bc990da137f7f13643431d226d6352458be1a7c97eac9564098d0,9a747d942ca2a9e4b9c780de67bee393e775fa215e0220d0ee8b53bab7f29573,0,0
DWM,2024Q4,482,1,462,4a7daa4bb6f0d0b80c8455d14e77d9a3d706747acad0be126c977c31599a1c39,cbdd00c08fcd013e55e94815c31b8e42f822f7d7d47f2836753892256c8267f9,0,0
DWM,2025Q1,508,1,461,25dd4e8819e0f238638c9e80fa65a7b86b86f5f42b06120796e0a9e138c0cf03,0bb688aed515c2b6cd52e03e025db2798f43fdfc02a1d8a98e4a2f3c293ce710,0,0
DWM,2025Q4,563,1,470,78493d21272ca75615babfc1e7f10c2cb1a88fa2e1501ede3822abdcab9217b5,0d4c8b5578f83ca6988bee7c30383f7f7d06f1a6b0d1684547f5e65a5c14b044,0,0
DWQ,2024Q2,35,1,504,a673be226ddeea4401d9a7e8a55fd1cdbaa7801a17376d519f9a420bba53745a,80f7027d6c0b934a23f107e75772120bce88a283eb07f573081b1536419bf092,0,0
DWQ,2024Q3,36,1,503,eda6cb42c02511005d8ace4ef079abba1fb2bf6d10b2a331a01b4307a96cfa81,625f87222c209c641a47bedfc9aa2e722aa91a819a70aa10239c725518d6eb9b,0,0
DWQ,2024Q4,37,1,503,3816dd655430e2b06ef5a3a79a3691910ae758749c41ff32c104ef915c474862,b514795fcb021b5d26c110b7507d228de6666fc736bde58e16aca507b2ea3979,1,0
DWS,2024Q2,156,2,489,ea413030a131e5b2f478cc51b31143baac21964cb8e60d3d1e146814a9353604,c962e5aaa78fa55f66e475657c8498620d7aa46f0b5fb6b11aec06a43e1ab18c,1,1
DWS,2024Q3,172,1,487,dc042df315281f5e6a761a0a059a1e9094d38b78aa2a1bdc8743b5ecfc184618,2d49936df8df24249d54b6b70f6d21da05d979c1e1957fd00a90ac51a7782a27,0,0
DWS,2024Q4,183,1,487,63fbd70d3adb9d1a955047afc21b06c75f3079bea779f7e585d1c1d4335c0b8a,fb2fdd0863739281b6ca7e0b298b286b357229afce0b4f37e530bd52ab21cff1,0,0
DWS,2025Q3,194,1,491,fd0200e91978f478fcb80fb6ad331b9f074722c32dbdc464788e598ee00f7cf2,c40b1c5676925657145ed816dfe78048de0e4e71d68b9535fc4da2f237454a0f,0,0
DXC,2024Q2,2197,3,409,30de692843586ff1ca04c6e01dab933a7f14a08cdab9c68cfd5f3c39263f2b59,e5b5f8c0832d7ef5d7292c185c76b7bc9a3bf880f610495ba17c5320d6becd69,1,1
DXC,2024Q3,2310,2,406,b3e86dca2d9ca0b4c97cc8eab4a0bf3083d95c786955a013a704c26c3ff0703d,cc30c536ea059f9fb38ae068bb94d10e41f46e3709e02a5e9c5aa67231937c29,1,0
DXC,2025Q1,2490,2,405,44da57c971b2c2b17e9d2ac29ec8c9a558df005ac9741c8c0f1860e372ceffdb,48aeec1520f6190853acb6bc2b0361f6d9c1e7e71a355cdac3cd36b7222ce62f,0,0
DXC,2025Q2,2586,2,405,fe527afb84be9038e9eee3fb4b12bcef6896b13fd3c5a1763b7d1a14fac83b0e,6e35dcc537410129604e4c72a6c57a4acee40dce97b5b9c7b7b6d35d18f9ef29,0,0
DXC,2025Q3,2708,2,406,c1e452b8663b0a02d981cd5f9d0b570e11a3a72929aa3e6b8243175bc0455e00,5c3775d2a810987cacde44d2ebd6475d501df344f8f9781ac56b4a376752b25c,0,0
DXC,2025Q4,2845,3,409,fab816e207631a1d3bc22b4e0f32e67ccbcbe5a16819535c551a0d8f4aa042be,c152b057db27cf90026f38a863f6600a8addca3f41cb621f74f97e664d42b2b9,1,1
DXE,2024Q4,2671,1,407,76d7990845d48babbd627af6003f8df8e67bddf48b25f5e0cbff866f9b225440,8ae249e9e86444b026ef96dd5f3eb4224403cdc633087e07aed5869f02d19551,0,1
DXE,2025Q2,2834,1,408,6f93d1b42cfe3328fda1cd201419ca4f533c1e7f7ee5104bc629892b94c68147,f04a9b043ea63e419307d3c70b380b6564a71cdf899e31cca1ab50bbfa038b96,1,1
DXE,2025Q3,2886,2,410,5e421ee36881c144fe26f621d3ed4097389ff40952fe9350c1dab57878ca7bae,4c9278132a29136615b09d6c065b900406b7c2a8936fa06318c852535300b5ea,0,0
DXF,2024Q1,474,2,465,9a96d9422896b82b95fe1a670d9492c4e66016fc5c2be4903f989c3b46403cc3,a864406d171326ac94699c9a15a57d691f9aff82758c7b088e66969756c7024a,1,0
DXF,2024Q2,542,1,468,5b3f3b8220cbecdec1491e054c06b429bb838055c0815e5cdca3c0bfa8877035,19685015ccc5f952d6265dc4bcb7e7a163dc7c4746cd284c379f330aabab1da1,0,0
DXF,2024Q3,611,3,467,f562f6fb28763c8836365c57deebf6aff972e9460afb97b43ab2fcf313a55e65,a2190bb252c1d9b52959d2bd165a1caab80ee322b631cc2df146df882b56c220,0,0
DXF,2024Q4,702,1,465,5cf1775ffc7006eba7a40f2a964087fcdbe2d0a19d26fea74811d39db3474262,e397784c48b2128e957f45ef79f152203f0e86f32f8c2cdf8b1db70cd42496a6,0,0
DXF,2025Q1,842,2,464,c7f45db6dbf825ae5991d8d0374fb7f7fc9b67ca4e6b31f6056f2ffdd0c7315a,971772a2c2a3f4b9fd19312d7a1d65e33355cab9356a4a654d56aab69260e22a,1,1
DXF,2025Q2,973,2,464,2371df2c2334b0fd56b001d75f5d4469fb23215df239cdbbdfc21b945c0024c1,f2c5e8ea6623d7f96d1fb68bc7be15f9a2d4ddc502607fbbb889a3d423794c65,1,2
DXF,2025Q3,1139,4,465,fda57eabb2178a1736ea4abdfce604a8f30b60bc13e1700ed41fa53f30484639,6e3351891ed1320a1b16ff4a1e1da6dc814a6f50b5af71d1bd52985b6c181de6,0,0
DXF,2025Q4,1338,4,466,942df085e842908829befca0b85d76872e30a60fe1ecc4e33d021de404b07a33,62c32272cfdd5b63e952fb0860241c32ebd924e6739f0940386d1f5c57da0a4e,1,1
DXG,2024Q1,215,3,472,22319a1723a93fd5f2b0a387688596b34eb11812bef5295b7c9d9c3c067f13b1,e9d3fb2c6a17afc11a45e55f7709f4efb36cd3308d4a30b9c40da5f8ec9d2e5c,0,0
DXG,2024Q2,220,1,474,0de8a386d83ae366096576259624994606ba5a07d73f4b300e4c164ea2918112,828573666a89a8834070b013ac719044da35f3908bae814bd8c9f6e25be9d09a,0,0
DXG,2024Q3,227,1,473,a86fbd19892d5015dd17f9832fc583cc3912aec8fe8ecd4c084de35408942e0e,e635b3de8507805bab688843a47dd501ae92c947879cdd1a26bfa6ff5dcad62a,0,0
DXG,2024Q4,234,2,473,63936056fa0ac558eab99f645502fa4d7d6006f1d61a7c9e96b7e74da94ca6ed,79a66f481509ade22d262533cfde213ba5b764795819c3a138e640fa1cc900be,1,1
DXG,2025Q1,238,1,471,d233d20123f0b797987500f75a04e9d6f72487745ff29aa149d6f26a953b6ec9,63284e49e8d4e860b99d434b1d1c5b40a71248ba2e1d02678cd6c0493e0d7e97,0,0
DXH,2025Q3,19,5,513,8de3c9d6239895603fe9d40d271645a065b72a2efec70e8094a9aae60c31b950,104a6ce1ddf0a995c5da71ca605ff8e79704d4a80e0d6806c3f5c31e08d021d2,0,1
DXH,2025Q4,36,4,513,60ef9979f2402bf8a52a840252664df75ab3eb49251480e0a4c09ae5a3018027,8ac8a63cd1fa08ba66b3aaea0a958797df1acba6183fc8b342b5b87339b469b0,0,1
DXJ,2024Q1,76,1,472,7f7d7a23203cb809e88377d52b076f231af91b15ed13066393a430111fcbc828,ad7052ec84e1f757b5cab49a33ccb3272178401f45dd15fbc1d4d282a59355f8,0,0
DXJ,2024Q2,88,1,476,797838da3f2fc47b3e69925b963bbec80a68d55d756d6a838d757245e2a26dc8,de4083f4e5c33620cfccaab77a0519ec09cf957e79b5f188e54363c02babcac3,0,0
DXJ,2025Q2,91,1,478,262054fca6a6a8cf8d54e5eafc3e7d82a6b2e52e5b709d1a05c62ac9a10541ca,60a3fe6cb65cd172e5a8d837aad5677967e2cc1dba83efe28b38a4e4f9302803,1,0
DXJ,2025Q4,92,1,485,a1197db0427384a2ad90b60cdc9e6f02a66f4a92c21fb10841f3098be178d527,5cddd67d2f124cdc75be998154786b3362c7d24c43cda598e26bcee21221c3c2,0,0
DXN,2024Q2,752,3,427,1e6a18b7a33e1f8836f4c2123441ba23a18cf8a2f358b46c524668b2e61ef729,8a4c323694f77ef086e697ed5eb43fc6bca1e4911ba0a88eaa82298218807860,0,1
DXN,2024Q3,785,1,424,5b33f068b15ffc437a3c7fc1509929bcb05d3cd1de8bcc94f5e5d6c215182e24,dea9d6ed4c5b2c6c197b6c6e2e8fe2511b7ce5fa965a4c6856e58fcc66a9b5a9,0,0
DXN,2025Q1,975,1,424,a34500aee7e6536a4a1af289b743b0fba82dcfd3240f0456b8dc95d0a8f74e4e,20b55df4920ce2e4d50f52af88c9fb96254d96d058c414f391278206a37fa665,0,1
DXN,2025Q2,1025,6,425,88d626fd23cb370ce506d5f66de7971aba352b04771bee12a84f5bdcf4c613f7,7b8da2056886fd9f834071eacc92560631728b4787cc2624239560a6e3f25d8d,1,2
DXN,2025Q3,1119,3,422,661ff73121fa22ecd1577190477d4c073ac9d40fb232b652e0caaeadc0cdf43a,21d6dfe6a1f1e5f32a43d9db47c096341a6424df3aa124438b081ca9d4f7c700,2,2
DXN,2025Q4,1172,2,424,d71a17021f3e4c315d114abcd687b8c3d1374cae813a06fed6cd4f7e0cbfafb2,ca67b783c105a84ac68f2e4f8e1c4b72f2d241e01cf1d9dc72b3a1cc5098dbf1,1,0
DXO,2024Q1,765,5,426,670ec2849152f952c7ce7d904d76c3ed3347b228cf6de9d29310e8da582f0e65,ac5ef848ae7cd67d966915c4054390661d4c9be5a265badc2956e3425e06f17c,1,0
DXO,2024Q2,845,2,426,d978d79432843bc5c5fd73c4b8af228cfe3a5c5c3c02b54e983c7512190acd25,f7dabb7dfe981c96475c85ac682c940d017b995956cc790ea9ae4f3b5f8d6b15,0,0
DXO,2024Q3,886,1,424,3091838041d8adb7b61f1f69acf99234a1470707cbbb4f2d093f37a30c9ba435,c40b1c5676925657145ed816dfe78048de0e4e71d68b9535fc4da2f237454a0f,0,0
DXO,2024Q4,929,2,424,55d31609423fd87b77f12204ca1a0088848880cee750e993c3fad2dc56df4fab,24072147abd5c31a583dae4e326326a8b13e79a5ddce4625dbba83ca11c66b5b,1,1
DXO,2025Q1,962,3,422,97a6bd060a50e94fb1488034582cf642bc67e57f07e75ef59e32b302be6bc5b0,78aa9a1888b1495f37299542978b41873c507eccbfec6a830478aa40ed47c978,0,0
DXO,2025Q2,1008,1,421,fc31a12a1424d9bcb5c4aec745ccf1a00095451657ff2645bc481b94005a55bd,b4f21dcfe6e03353f09f9be277ab2260f9779e75f3c207d2356f1a6e089e1bf5,0,0
DXO,2025Q3,1050,2,423,7ab1cda25f2c0d7da5b07b73b1034c737da838bf0c96142f5ec8380dd78e7a20,bd3e8cc47239409690791d513ac095461c86c2ac35b6bc55a60a7035092a98cc,0,0
DXO,2025Q4,1091,1,426,ea26216aa8bacb686dba2dda7231a870acc40725c3994255ca3fab0bd7520657,d7c2ad28f9a8d3c69320c4e3ef423a89de4b7d13ac1697d95e6130e0cb149e64,1,1
DXQ,2024Q1,81,2,483,8cd9ff3e3e50611dad4fefd0aa52a048c0df02044ebe9e2e0b8728787e3488ae,e8e9580cc25479552aac03aa317411413817be6778c1ba8588e3abd101596267,0,0
DXQ,2024Q2,86,1,486,bb8d3cac37f90cfea25156f6e685467ae9f194ff0228fa427d037d7c22315999,4eca1e6c29a9ef0ef18bac5338972a30a2024c93ab0e76c6f6a929055f950bef,0,0
DXQ,2025Q1,96,2,486,8d4f514440194fd33318bae67457345e7afab335d476fd2a9ab271cb6332b6fc,241fa5c271d866f85dfd63855dd73c7ce9779a3a907496b6ef9bbcd6408773d0,0,0
DXQ,2025Q2,100,3,486,e88087c4f01c65715332c08f800459491339c246794ead9e2aa4d22bf5a934a3,b02053d6b3a623e326638e093126cdfa9cfdadbafb7ab6040bcc0e652cf8ade0,0,1
DXQ,2025Q3,103,1,486,0b3b36094f61f68c0ead9b0e4a3987d555cc7b444a20a77ef36e493071a72334,f871daf976560eb79e3ef5cb85b3d2d6a3d7697323456f5fb281da2a26de8a6d,0,0
DXQ,2025Q4,106,1,490,645e5d7d83f95a08d22d933eb360a2dd3e393543bd50b41d2c832d4fd5266773,598a368849023e0238de665cb5ad2506d41b4ec6497efa2fdb6b432b05bd9241,1,1
DXT,2024Q2,605,1,413,acc855ab9dc090e82a98165a44ab1800ffa890c8b8b2146319a74aa09a97adaf,3d5b4c710d6c1ee6c24d7b1798abbf471196fca1ed5584de4f6f1d4fab26f02c,1,1
DXT,2024Q3,626,2,412,1d9dc0dc2e76a2b4c1f4c38b1b11a5bbd628547b72df60515496d77f1401bffb,d7808a4fde314f47c4eaca8753c2a9f662f1b7ee79c38bd841ebff66bc215e6a,1,1
DXT,2024Q4,656,1,411,74f642bd69383123621afd1ed0f8c4507191643be82c0836bb82306b529035d3,54a37c422286a52a05869bd47562d7fa281df0162bcad04c082080c067b564fa,0,0
DXT,2025Q1,692,2,410,1dba58c12f2760d2072738202dca823d42333ad440735f22b6a73dbbe4c592ec,52282a11cc60ba44808f401d212d53b4587b05c1d7038202a01f9ac7572f18d2,0,1
DXT,2025Q2,725,1,410,7d4ab2a8586bbb8decc4da1640dc73dba01237eaec06082b95f85db0911a4021,8c55f82d9c02da77e272d88da5f36a55926c6ce7b6cb8ab782c1ce623b330c23,0,0
DXT,2025Q3,742,6,412,467bc7318f0481ee52c7ce94c174bb42176648e3373c8734eb85ad434473fc76,6c6c417b7d6a04cbe1584038de5ff3f17435b8af19d5799112fdff81d1c1540a,1,1
DXT,2025Q4,767,2,411,05e42de91da54388b378a41fcb0dec29f0a0e089873f164dfc5a42b711a4d7b2,5d3933a2c9ff5699f28d029b845d3c9007dc2e39be3facf3c3477dc08797a07d,1,1
DXX,2024Q3,19,1,506,29e19ed30c58b93fa36891d45b38d37c91ec4e8f9d1320de8947035c34a2f4d8,8d679bc0fcab565c28f10b0b96de772fe7ec45d7979c51b1ece80a984650f2b2,0,0
DXY,2024Q1,4611,5,365,274706e3f8297e7a28088e6fc580cc54b7538bf1d199c41e20b8372938ba0413,221a39d97f402b8b6b0288b94012d1d324375978c1538dabc51b1570cab1b62e,0,0
DXY,2024Q2,4791,7,365,4be8e7b2a51bc2e256abc00b4292bc0b2f2acf56cf5be58da25cbe8969eeb173,7231b1ed62aba0148bd6e7c8c6a0c0b788d52f0e2fbf76ee82f16773eb720b94,0,0
DXY,2024Q3,4965,3,358,89844ae6cef14b5501bd5159ed7d8297ce640b0dba3c209e197a573c936dba17,3a3012410242d9b5c5a4c49ea4f5cc27fd3f9e4ac46f29d6f49dc243363ad873,0,1
DXY,2024Q4,5162,3,356,758077161b01b0f9521860396bad1a189e4cddd088f38ec359e55b2f98916de2,61200947309d1e733c4843b40904028be77d7b4314743086658553c3b45961af,1,0
DXY,2025Q1,5384,2,353,6e2c39c5d61cb1cda23eafb5ac603ec961ae1a288ab6422076a2be79f00435e3,93dea8133b6cf8ed1de6f23aaf090c504b256f3211d4647cb3c15376168a02ed,1,0
DXY,2025Q2,5576,1,353,30550f41628c0b4b46f5b870ae7edb3d75caa5fb0f9709301ee8e78a897b03f6,3a0d2902e0066540daeaee58d179f3b1499b65a641946c73e7c81e8ecbf58268,0,0
DXY,2025Q3,5794,1,355,6c1b873929d7aac83f25bff8893791e2ce223d29d1324a30e0fbcaf6f201bab0,f23c70e5d4285e245684941de63229389e9be898ac2244e9d7b2af4f691a510a,0,0
DXY,2025Q4,6006,5,359,056f97bb937067ab1a82962151d93a4d9316861354af607417fef85a8ea785d1,502718d36e658aba6ac9286eb7af9972939078888b247254e4cb708cb4087ef8,1,1
DXZ,2024Q1,373,1,460,9b235de7cafd8ff5af958251d3e9032d3f377fe7dc75297fa0f05e68391bbb6c,3ae3d218a8eac87e03237fdc4a88f599903d51d06327066df9cbee60a7635f5b,1,0
DXZ,2024Q2,379,2,464,15288ec4084d83234273264228d147126fa43d55e7dca85aa92df65c1f411e3c,b141e21f221da7b858439ebd112ee13c9ae0afa9fa3e09df06454e9f72e336d9,0,0
DXZ,2025Q2,428,1,465,339750eb864f85ac3a5fac690bb4637986f1a39067d5ae31b549862f35bf2359,c957738e5282f1d8262f7bd397d53846b13aee1fc53cfea8b7876e506746b975,0,0
DXZ,2025Q4,440,1,472,457765d6cca53c82b1351dbccadcd64a1854d352bbceed5848c5ee8603441083,0bb688aed515c2b6cd52e03e025db2798f43fdfc02a1d8a98e4a2f3c293ce710,0,0
DYB,2024Q2,16518,1,345,971488a9952d449ff6c69b4dd40807d1b9f59a1bf60eb103b4aaae4a32a4b21c,eaff4109e2fe8a6a16b8f98d58baec86ae10a50487f5baf712073ba0c5cc4d13,1,0
DYB,2024Q3,17523,1,344,f22dfa55c59c0b63e906b7e90844845c502b6baf45fa708e6f9a8b0f33cc61a7,1e8f0748ad0545f3fb9359032672759b29bffdf60824934734129323271630db,0,0
DYB,2024Q4,18515,1,344,c58527d88312cc0405368abdd3efd5d392e34584a3e69d2393cbed6d15c0be16,4eca1e6c29a9ef0ef18bac5338972a30a2024c93ab0e76c6f6a929055f950bef,1,0
DYB,2025Q1,19538,5,343,53a3cca437fa7f1ead25cbbcb7f747b8d3293441dea07ecb0e3c808fe084a931,8b3ea7032baf8b9b9a837face0cf11270ff4e83c817daa5a8da7f5e21b6a16d1,2,0
DYB,2025Q2,20530,4,340,0fb8d5cbe9fc1be9f2007457b88e913ff404203245ee8aee7bba01a8f8c5f1e7,0a43a71c0614422668e09091c36f69bb020fd57039350c4f5c0b5ddddf6bf5d7,2,2
DYB,2025Q3,21612,1,339,2ef88f29a2304b0bb4430db6fbe8ab1d9e4f28794124e5fad43a9dc49559f96c,5e7fe898f4c83bfbb332363dcce0b6fddd1d6a58c8aadc92c46bb43e50560177,0,0
DYB,2025Q4,22727,2,343,c8ac750e5d049024e8d043a50a92d54ca50c440dd81d5bc86dccf430249c5b5e,a422e901747f0f738da515477f3ce39deea309e8b40f56674a7117478561f138,0,0
DYE,2024Q2,14999,1,405,e8b24228c4cea86e85c3527ae1fc3bf86c19e54aec810b44e92ac6afd0e5be96,8d679bc0fcab565c28f10b0b96de772fe7ec45d7979c51b1ece80a984650f2b2,0,1
DYE,2025Q3,19388,1,410,882a4f45fd967f0cb96194694ad7561f3f18af4eb27a6129fc56f1bcd6aca145,44ab243512ccb50b7dfc401cca629083ea5983ded422860562c56f0d25bb3cd0,0,0
DYF,2024Q1,34,1,498,cc3265f647e948b4732b17314a69c9e0cc9827d36c81d30977230f887b5ee9fa,2021bfcf916adca8c3c724e44ef0de9873a3b8b8f9d00974868d55254e755982,1,1
DYF,2025Q4,42,1,513,b902bcb7cc95d5f75ea419e27ce08f3d40a8ffabe29add1ca22a2bfc355f488a,45c6b4b088a7c045e20d2c57503e94a33e38f280dc63eaefcde2341e97894304,0,0
DYG,2024Q2,754,1,426,14f2a9ef7bcf086d19465a1fd7e3c661bfd3b25a4ac832b93a9f48ab193d0f9b,8ba4cd635f00b3bcf096007d75d2dee0e2f0cecb779985cc35a904df4656edee,0,0
DYG,2025Q1,930,2,426,bd44f54923ae6eb63232f9ab6847f7efc2898e61afebc8a148a4eddc8f9d19d5,43bb572894fa3179bb116a8677c9632374246a953b507d299a2f33efa64845f4,0,0
DYG,2025Q2,992,6,426,6e551b54d2b7c6718c5687241b6efdf06bcbde8da8fd1c277a2696ed895e1e64,1ec0df3534848799c15dbf722e61a8d6398457d0719d328888bc8bdf9a902872,1,1
DYG,2025Q3,1047,2,423,66e6a332ff5d659902a3963427fc45af003a670167c8a82d311cb600e882c46f,6c73ab20a83d71da7a22fae4bd053235f3098ac664f8a818d08cccf1b219f2eb,2,2
DYG,2025Q4,1122,2,426,3b2bac40b088e30d2cc3e545558b237858c8aa2936e061ed0542dfd35ed4de6f,573c5458747e048a36d9eb5fcfb05484e9b8ac5f7cbc6d8fe2edd3b5552aebb1,1,0
DYT,2024Q2,36,1,519,b4433115bce3022eff791430b2b71b5446ae6b355b9d0197a8769ede3ac3878e,e545563b497023690c9b474b0e63e1a6ae16dc9d52f7ab31f156f6d4219b072d,1,1
DZA,2025Q3,36,1,512,7fec2229d4cff3cef4d3263ef294c67a8c24dc8e82c916529f6851f6be0de17a,3697faf9942af42685fb3f815b16f9ce5d825777d0421210ec2e5cca8734bbdd,1,1
DZD,2025Q1,3,1,520,a22bb39790b268f40537dd46e7ae4258a054ebcf28ca9566965c086707577ec3,20b55df4920ce2e4d50f52af88c9fb96254d96d058c414f391278206a37fa665,0,0
DZE,2024Q1,1922966,4,390,4a2e29c63c3d522d3d52ee25f62661291c649f29af41f6ed8dde36ba821969da,407927c3864763dac5e8f936403c5955beff55a3f5c731fc7a734ab51c530189,1,1
DZE,2024Q2,2064524,4,391,23b37a5817170b8bb6b7fe0a343219dce78614151cbf067fade08a6efd473dc0,c069801521eb4cf5a8aa7be13703ccf49081dbcd2df6ce165e991fa242ae8b85,0,0
DZE,2025Q1,2620068,2,388,e1d6c9175a755d553bbffeb1adffc6635d4f0ea1aac5b00b11ff8452e783a396,164fe44d2d7b8c2fa56b7b545dba1eb9e0bb2429eee37f669e24645ead961af2,0,0
DZE,2025Q2,2801571,3,388,3967eb213879da4d81ca089a9a86120a0ebff7144f3637905fe4e95f7157a548,1c69cf2c9e30c6c84dd7b6577f384aa5acf959559958e0e0fda1c14be87fb874,0,0
DZE,2025Q3,2923545,2,388,c2155a6e83cce0e8e6d70a0a4680496be9a536b638d577925e9814e44c81896b,ece9743e0b36c6f3311cb21cdc9552dff0fc42dacd434a510286f8325437bd54,0,0
DZE,2025Q4,3169288,2,391,4ae9b128519b9a0f5a0163661cc61b52498fe504368e1d382827a2619c02515e,f31a6bfc66028ada430e495c5a78ecdbb45f4beae68b8e143a19e7ea196d7b0a,1,1
DZI,2024Q1,315,3,489,4687846e311884eeb1fae761cc5817f80129f77744dd1943c9c98f90d9dcabc9,8a9b6693adce7d4b8c00a44a434eb2e0e22bc2ce587fa96026e52dbb4199f76c,2,2
DZI,2025Q1,373,1,492,0ec7455aa00d60f9bf32e2266f780758d4c9da4b0dfe0d466748957fdcd06f0f,470cf57558c9ebc373f702ccd9afd4932a10e49a86cd888230e00bd2d30986c1,0,0
DZI,2025Q4,404,1,501,adf1044d7dfadcefd92788c6963f222fc9c9e3ca30ffeec33fa14860040d4f69,f01e905825ed2060e534525d0d7191a86e7cbecb247a3557af8166bdabacfdf7,0,0
DZJ,2024Q4,100,1,495,5a0fae16073471b206ed30445f1a3eef2a7ab49d83edcfc5a71a588f7dc79c7a,b04e32c1d1addbed2153b39a39f38688789ba9803ef6448e7e19a81ce776cd96,0,0
DZL,2024Q2,481,2,479,966710ab9c8a2f1727b03fd492103eaafb03ec0ba5c2e2abfe307457b01f2ce4,e68a47915f124f0899368874513ea50354dda3caabc1c54d4d39dc1b958493cb,0,0
DZL,2025Q3,589,1,483,3cc2dec2b7b0f2169d81e8a03bcc9499fda3530595cf9baba522fc3c23561b71,11f2bcbd883dd7ef71cd843cff4a195669d3445df7b9b171d5234359e78a8b9b,0,0
DZM,2024Q1,157,1,492,7ac3fe485808cd4f5d91d8dc3594e3c57a36e9e53c6e0ae57bfbe30f89b6c637,1ad7da01ad9afedca3ca06eca6f98a05415dcb6066060971d68b6929efd66ddc,0,0
DZM,2024Q2,163,1,496,d5ebc05fdc651d2f6eaddd68f207d44b4f1451ca32555edfb04258b25cc159ae,083821f12d7436845a7f874e2f134d5103a891c9516a746670881b21b9919c61,1,1
DZN,2024Q1,112,1,502,796312f31c652f23494871af94460081dfe098156ff8ccfed7e066c57c39dadb,45c6b4b088a7c045e20d2c57503e94a33e38f280dc63eaefcde2341e97894304,0,0
DZN,2024Q2,128,2,506,fdabda254b8a1c6f4f0aa7a09deb55c7af957c3b632e4fa4f3ed0e27ff3a688d,58214c169e6708cc0e6c6a3346ac83dda5475c7e17bc72af39824e1c61015e95,2,2
DZN,2024Q3,142,1,504,80d84e9229e0e8a4f9c2ff1d7e541ed3c252e4b36577a62d0dd829c59951d3c6,0e7ce2c55b01e28812e7fd0b7e7682c2f5cf97d5e220080ed0c6f04b26b18df1,1,0
DZN,2024Q4,164,1,504,6dc97dd9bf12fd0ebcb237038baf2c046c8169cb27a81991920a85b8359df190,221324166e41feb46e457f0490759eaa3aa9a12f6071baf143042e787b07d16c,1,1
DZP,2024Q2,19,1,511,70122a0872b13131079212fae0c873d8d95931310b5b9c0e78da7a62b3207b87,56555c92e2b587cb6c0d02c35616350f4812e39e7557c764ab7e800f3b8cc8d1,0,0
DZP,2024Q4,20,1,511,b80f653161bbfbcc00dbe2441ee9bce7469c9171d26c4d95ef8152222c130cf4,20b55df4920ce2e4d50f52af88c9fb96254d96d058c414f391278206a37fa665,0,0
DZP,2025Q1,25,2,510,eb6b564cf17ceba4f6a18d41ed662708a113950e067fc69897d112e6d4d91655,23081882fbd9daf6ac967e4cac556ad4b4d721be595c46bca3e2eff4f9e9ca58,2,2
EAJ,2025Q3,21,2,514,71e7890d696cb739dcea21ea19c4e031f43a117cb569a6eb971415c3d74b1ba8,ff0b834eefb52806d7d4f77dc9c7033922c6e152a8b06aba0bc9d88b51485598,0,0
EAJ,2025Q4,22,2,517,7b248914566d9ae901717fca87250e8bc5191231f870eb4440bbf4a649a8feac,4a7f7affe7cc6c0796d78fc9730eab02be43c420357a9f35daf40a5cd5cd5698,1,1
EAT,2024Q4,1,1,522,1dcc8cd4b90e0e3bb30293c213c3f20004fad04f218a106f808fd9ce5566d11b,3659cacab05527b55657926c7f6335720a935c7202daf914d7562dc0342d2acb,1,1
EAX,2025Q4,1,1,532,34a1cdaae44f5ef82f8be9d36be197e6985df8fd295a1a54e1274416667e28f9,3505a09e641e891d63441edce657c8ffa3ca4fcfe450475d764e26edfe1c148d,0,0
EBA,2024Q3,2,1,519,4ee9d5fca4499c380d0f47d49c4bc3d31168a963d3a873a5290ceafbd6a91627,0e7ce2c55b01e28812e7fd0b7e7682c2f5cf97d5e220080ed0c6f04b26b18df1,0,0
EBC,2025Q4,6,1,531,897c4b26ef98d9d803c5f46cef23ac05d30d70998ad88beffd6a615a58171aa2,f885143ba0762716c32b6bd040582c044dbe062280770a8d430846d040329d1c,0,0
EBF,2025Q3,30,1,519,e5dd755fea70da908e729f8eaa17a38055e3251a99f04eedaef9e30572fe0be8,2021bfcf916adca8c3c724e44ef0de9873a3b8b8f9d00974868d55254e755982,1,1
EBG,2025Q2,14,6,522,e363bb59444cf4528b2e348a2cbec5469980062cd11ce7cdad95f0b21997cb2f,37c5e2fc0fa771ef861f30dc361d48fbbb0e992796f84257806ff7095219d70d,0,0
EBI,2025Q1,59,1,511,e08f1a2e9febf4f28daa4b6b4b53457cf2e190b881416d90e54168c9a95f4b2d,4ece17ec0e971a561225505099a22d0408b1dc0895bb9ca33bd4cf46544448f1,0,0
EBI,2025Q3,92,1,515,4dc9ad4ba69368453051fe0399067ed517730acadbffd85667715f89b2772bc4,4eca1e6c29a9ef0ef18bac5338972a30a2024c93ab0e76c6f6a929055f950bef,0,0
EBP,2025Q3,1,1,526,b4668e155f4bf640aa984b0869fd8d744327df0c8cde2258435feeec79c47b88,261efddb563af16eb9763793f4ef4a07ddf66db8bc9970df2550287de5d68413,1,1
EBZ,2024Q4,19,1,515,9d6b3053b3c46775986098216fc9f37d158f0879c9184ee0f7cae74e5c40ae7d,3697faf9942af42685fb3f815b16f9ce5d825777d0421210ec2e5cca8734bbdd,1,1
EBZ,2025Q3,21,5,519,144d608d67ddd835aee6f7869a31143ab8c5e4755674ff0a249e19d347143a78,ca9d9b2169d44c66dbb43a512c234462267b48ec571c99f6c5af4561dbc50947,1,0
ECX,2025Q4,10,1,520,418e9d74b9e146655f8fa0da8e50b186f19658328f6f50c7959de9791e34ea6b,e545563b497023690c9b474b0e63e1a6ae16dc9d52f7ab31f156f6d4219b072d,0,1
EFA,2024Q2,69,2,517,5b016da1bb6799c7ca8a99b1ebde3af64650d9a0ff8c88a9db2b554260126654,34f7b81ee4749d2b5a3d816748b5a0bdb031387368a970e5122b6dc17961e5c9,1,1
EFA,2025Q4,73,1,526,b9a9c220814f56a64af28255716214475af6752656b7c7a468228d451ea5cf92,e635b3de8507805bab688843a47dd501ae92c947879cdd1a26bfa6ff5dcad62a,0,0
EFB,2024Q2,632,1,480,5d4985534fa3c47225633f6a919fba362e52d6c8662653327be9f7faa8c6f91f,df5e39abd233744eb5fa0c62cf6e0fe96bfd6ac6c1d70ad818c2ce959db12196,0,0
EFB,2024Q4,686,2,480,3cca0433ec3c9f4fafea873698e08ea741c7f61f7c90bf3c6c835cab18a9dd50,b90753643d478d2c52ab9f92904b82db01a8378576b93bd5575993558116ab22,0,1
EFB,2025Q4,769,2,488,e37c64c2f18a8458d5ec96fcdb8d505ff6a996af3205f7c964bd19e663d15312,ad211f93cdd87769a9229c76e9d99d4d06568ce6e43d3c21dba97546e1822aed,1,1
EFQ,2025Q2,58,3,502,1bdcea2a560c689a8714f22d5cb043f1137b24088a93e553b43dc97e77cecae3,751be9c50153bca2439f2f8832291addc8216d87dac6452eed4c69c46c465c56,0,0
EFQ,2025Q4,87,1,507,826e9bc27e9574452d87526ebb05471c25f5dada378304d0362a7aed9a0fdf67,3d0105d4b59fda1b993f890378edfb772cb1baf5545f823fc4877c3d16fc5a62,0,0
EFS,2024Q2,103,1,479,c212df345a255be767681d9f5703de7e04b4c585aa72df2c74a7f83fd59f5c2e,e635b3de8507805bab688843a47dd501ae92c947879cdd1a26bfa6ff5dcad62a,0,0
EFW,2024Q2,794,1,486,564b56fe1c41ab794d8300815c206150a9beb20b8523a54bc073513206df6234,598a368849023e0238de665cb5ad2506d41b4ec6497efa2fdb6b432b05bd9241,1,1
EFW,2024Q3,812,1,485,4ad0a59134df0f8e51b66eb7b442c7f87ac1c47b3a58151a754ffa4f95756cbe,3659cacab05527b55657926c7f6335720a935c7202daf914d7562dc0342d2acb,1,1
EFW,2025Q4,914,1,495,9a0dc18bca24c41cbd186d9d8bbb7b915162d9580ccf64555cc1edf6b1b305fa,a870dcb24a5decb006ff62fa84d61e196ae2ada80b26cb1f88676e14c29c6c22,0,0
EGD,2024Q1,1,1,516,bd82e0bb3c8c23266ac90ad2ad7a0c0bd44d4c6f37fe54229e5a0c4f1907ae6b,261efddb563af16eb9763793f4ef4a07ddf66db8bc9970df2550287de5d68413,1,1
EGJ,2025Q3,7,1,525,ee8ca5c2f23976e6e5111ee5b3835f6eda0c6e1804f9222510713ab4d4b45ab4,e545563b497023690c9b474b0e63e1a6ae16dc9d52f7ab31f156f6d4219b072d,1,1
EGJ,2025Q4,8,1,529,df2a2ce7ffce8808fcd364f9549f9bd89920455573c118462c3b20f1070485ec,8ee4768ca710711739fe0eb1350f14ebdec2c21c30e21ae2e0e2adc52fbe7172,1,0
EGS,2024Q3,1137,1,470,1a59b17099f68a280feb98ef59ddff6299f6c986146eed9f9567b30dfd752d4b,5a489744f0e6044951321d02f4b36bd22ee1bc9b699313c30d5078f30abffc57,0,0
EGS,2024Q4,1161,1,470,1de84a2fc93669d7a411829ee6b56a18a152f64d4bddd82a90591c6974abcd2b,41cb6db6b4b81ec360579fad82e609926a78ade93b8600e1304acf0315616942,0,0
EGS,2025Q2,1187,1,471,0a9ec2b4d8e53723187046cec895efe3aa9c85a338acb3d2d78535f41552b548,38c09c12833d504dfcc0dbdbb3d4ce61b2e921adf0cf8cc9e741a7704f3daf14,1,1
EGS,2025Q3,1211,2,473,1949212e0d3d2dcd66a68fdb8ac97138f92e9eea465f56909f93bb52029dde63,e0287b7ad9b198efafa8453e8353eec6e3bacf076632df3631c0f671b1e8393e,0,0
EGS,2025Q4,1242,1,476,4502b565e87b7407282f9f637f68154d5ccbf833c19781037d8fc5348ebbd32b,083821f12d7436845a7f874e2f134d5103a891c9516a746670881b21b9919c61,1,1
EHD,2024Q2,35,7,507,456551ed36a88f42f4a1cf2990e90ea67bd3afbf4e8cf1b43fa96b27228e4786,7807bb0f92193582503e8b1beb392c1f3c85b4a224b77754a31eec5999573c4f,3,1
EHD,2024Q4,40,1,501,8f7dae16adc566168d54105cb7b7d7b88fff31a2bb327b70564e1cf42dcf70ac,0d1a6b8a2ef2278075ba133c100cf51faa01259bddcee3e206c4ac375dd49c09,0,0
EHL,2024Q2,2,1,520,d66d7b43a9b6e1d9c474c0dfaf0968bb69010ee9402f20812038db1e44c89444,3659cacab05527b55657926c7f6335720a935c7202daf914d7562dc0342d2acb,0,1
EHZ,2024Q2,3,1,520,0d2c4ce1fdceb5faa23b18c8231a23ef47ff1692b1a8bd8dd417e2ebaba511cd,71c46697edee9e71aa348f719c4c7b970093c2f170e96c721b1c35b61b7d2256,0,0
EIA,2025Q2,328,1,498,3660839b6cb8086afb8a86299062b95c4fd3208fc4c55707f3b0e30ef15d75b0,f4aca0645ae9b53723543edf7a32e2ce8639b3bde004d46afd03e272e392ca8b,0,0
EIA,2025Q4,348,1,505,79df00dae0c665b41aa46f9ac1e27ee374a8f190fd0cf4f9b3829a4e2102ce45,0e7ce2c55b01e28812e7fd0b7e7682c2f5cf97d5e220080ed0c6f04b26b18df1,0,1
EIC,2024Q2,299,1,516,20e7457cc225086b692c9ba84839ce0d40cd34d8a6f00958b63a5e6dd12d927d,e545563b497023690c9b474b0e63e1a6ae16dc9d52f7ab31f156f6d4219b072d,1,1
EIE,2024Q3,5,1,518,6750608b72bb7a6e622e876c6d8c23faaf610592e0dffc7bdde63f26793ee26d,e545563b497023690c9b474b0e63e1a6ae16dc9d52f7ab31f156f6d4219b072d,1,1
EIG,2025Q4,9,1,529,9396f7349ce8553d3ecefd99f0bef0f1144b6c8897b25f339c8d0d0f551df8cc,0e7ce2c55b01e28812e7fd0b7e7682c2f5cf97d5e220080ed0c6f04b26b18df1,0,0
EIH,2024Q4,26,1,519,f22be8ee8b67bdd16a7b1705f644fa6152fdc54a0caa82267aa89cf302053db3,2021bfcf916adca8c3c724e44ef0de9873a3b8b8f9d00974868d55254e755982,1,1
EIH,2025Q1,30,1,518,24774a381ca9fe68f0c0a525076ef678788f62f71d4bda55ff6cd372217fdddf,6e09471d01d382b76e1a78471c1cbdc849d6995b18bbf3a1d1031f289eb059eb,0,0
EJL,2024Q1,73,1,499,7058cf83a2f63a8e14344ec3a7dfae630008799159128d331850ee2514d914dc,1ad7da01ad9afedca3ca06eca6f98a05415dcb6066060971d68b6929efd66ddc,1,0
EJL,2024Q3,85,1,503,a02d5d58920c4169d0c7cf01f95c6b837af88c957a3d3d5b5e5990f34dc34c5d,a7f688c061c9025beeb138bd0c20fca3bdee853fd08aa0ff4a544004c7b81fdb,0,0
EJL,2025Q2,119,1,505,c19c6d5feb0bc6077edf49ddc95466fd3e7274bc9c4f441d1640af16380eb76f,bbc61898f610a139a4d31a937c96d5d2155dbae5a6089e0b6de8e724869f4171,0,0
EJL,2025Q4,133,3,512,2364c4ad886ccc46e237adc9261b1188a63265271dca8735e1ccde52808029ae,ca447255f4a79b5b1dc912d0106b761310e22d43b0ce776ba29fedaa61723fae,2,2
EJR,2025Q3,23,2,517,b80fb3102a021fcfeede4fde49ff84b2c2d92785b6756e0dace221c0e86a6d7b,cecf2bfaa4d610acf2a55a4a04cd095fb89c65df0deb4529f5c36326fe74cd3e,1,1
EJY,2025Q2,1,3,524,c556a50315876a57219e7da32575c7c56221510dc763f4038aba697a14058f5a,fc34f06da2bb91c00720a38f0d188d4761a4296b37093896ce2826301ae3d91a,0,0
EKB,2025Q4,3,1,529,96d1fd83209bcc36d346024deed455c907c9dfd483faf69a260f86ed252a510a,261efddb563af16eb9763793f4ef4a07ddf66db8bc9970df2550287de5d68413,1,1
EKM,2025Q1,2,1,521,5ad972813c9a08872fe50a26b0e98a06a6cf1eb6688bf69496bcbe5e237f2617,0e7ce2c55b01e28812e7fd0b7e7682c2f5cf97d5e220080ed0c6f04b26b18df1,0,1
EKM,2025Q2,5,2,522,9a7d14e6c5bc47b09cba8e1d16a516e1c85215b935c989772734999433e9ad65,03d578a31bbf0e318b075247ba79cf59eee6e8fad725f706dac97098fe5ddd49,2,2
EKM,2025Q3,7,1,523,7b5bb359730115ce06f798d3a3fcfe4a2215b1d04fd73037041469290e4c47d4,439fd981edb3e2f2627282b1b655676cc4176970a4c243218b851672060095be,0,0
EKP,2024Q4,15,1,521,bb9493bebd07239a814a83ec9612d4f4d14b661c2fb0341b9c502feb171f5039,20b55df4920ce2e4d50f52af88c9fb96254d96d058c414f391278206a37fa665,0,0
EKS,2024Q2,1862,1,498,b070e19e14a4db0d70a6d79bde3723a2a53599c7001ce429608c17b24501b3fa,3d5b4c710d6c1ee6c24d7b1798abbf471196fca1ed5584de4f6f1d4fab26f02c,0,0
EKS,2024Q4,2021,2,498,c6c9c9e589b110a10ac843185b4ef24356518bf69b13f2851fe4940e7474dff9,5afac9ba1becb5319e5a3f6c48f2094ff54b07985fd70d6951a010faf1110276,1,1
EKS,2025Q1,2099,1,496,ec633cc094ec4a85f89fd034ca2128f17bf1c4759eb083216038a44146c25790,93e87a7dd2a819a544c8710d3aa40c4f7019ea995f5b83b82c8e4bcf1e4217be,0,0
EKS,2025Q3,2255,1,500,84847a2f0d62d8c69a533dd81dd98baf93a7aa61caccc65968513ae6bfea025b,439fd981edb3e2f2627282b1b655676cc4176970a4c243218b851672060095be,0,0
EKS,2025Q4,2330,2,504,e385d20e433d9b9de698045cfc20e66c509b2b54d44737eab19d6cbbb4299db8,4c5ae40455c077d10917ad1b7af44463e2fef1de5a9d93378cd7ed19e91bca46,0,0
EKX,2025Q3,276,2,488,7c17afa879cfdc3d97d23875174a20820a2061ce6892079e5948a0e968d6cc69,ea662271046770f0bb07ac6c01a7af6f268d4b1ac22c1410359a31ba6dd48190,0,0
ELC,2024Q3,1116,1,477,7b431d33e125b492b4a10aaebe060e248db8d938e1ad1d9671e4aa87c3f9f590,f624dcf018bd7117af2c0ef366f6025a434c1a89c33a122df101132ce5fe9074,0,1
ELC,2025Q1,1226,1,477,b9d0ca4646730e07512954aa8dd06ee4c1fc157a65492192a16ce936bd4b83fe,14106d8b6470256ec2dce3e232a3f560def6e98351d8ea55e687e644acff23bc,0,0
ELC,2025Q2,1278,5,478,3f0e5b217c12be6512498918cf6b47c3bbc1a85c9781b57d1af7b422ce8abffc,a05ea9d7ac0121398be2f64e5006eae0d7ce503026a1456dd8d06bb544bedf22,1,2
ELC,2025Q3,1373,2,476,b3626f3af32206fa6fad80f49f2a0cdca8182e5739bb15012459143f2583e431,8c36666579e5d49814780147cef0387d0c39078f81a51f4e26b98fe4cc03057d,0,0
ELC,2025Q4,1443,2,479,b8c3ed7a72f482f7c2abfbadc2c7713792799bcf10d6ca5828dc96b26ac808e0,620bd60bcc22e738a26ffad778aa1c9ca069fb0a9781c7212287b24c8948fd7f,1,1
ELM,2025Q2,1,1,521,c704936c0b2844077d6ca262c7ee8e16d2a69b9b205d79106af3b4253354eafb,30731c20afe074feb0f071f38be137e66adcc48d75d7ffa215d0e88c81e89f91,0,0
ELR,2025Q4,28,1,519,fdd8313ce2e92e65ca18a63427ff5f5999fb18992a93615898520ffe054ab9e5,0e7ce2c55b01e28812e7fd0b7e7682c2f5cf97d5e220080ed0c6f04b26b18df1,1,1
EMA,2025Q2,42,1,512,2f35dc3ff47e95b5003956d3fd5ab850568da8a4e8b4818a641705374631977e,0e7ce2c55b01e28812e7fd0b7e7682c2f5cf97d5e220080ed0c6f04b26b18df1,1,0
EMA,2025Q4,46,1,519,8ff86991e089203bfa750afa81eeb1e63d92f56ab4785b326fcd124a36bdbfa3,4eca1e6c29a9ef0ef18bac5338972a30a2024c93ab0e76c6f6a929055f950bef,0,0
EMB,2024Q3,4,1,519,65c6e4f92b64b6118a27151a3e33ddccea16a1da70bb40c93810fa5117210b50,0e7ce2c55b01e28812e7fd0b7e7682c2f5cf97d5e220080ed0c6f04b26b18df1,0,0
EMB,2024Q4,5,1,519,f08ada4e8ca1fbd7dbe4bd22b68f2391c869094a7079fdfa37bacce72f056246,f4aca0645ae9b53723543edf7a32e2ce8639b3bde004d46afd03e272e392ca8b,0,0
EMB,2025Q2,7,1,520,2c8d60d5336eee2a628ff5772d88c12a2e3590ad3df2372b81ae827d6ec962bd,598a368849023e0238de665cb5ad2506d41b4ec6497efa2fdb6b432b05bd9241,1,1
EMB,2025Q3,8,5,522,9cfac80265e342f55a1fc5f3cc97576be0dfbf87d66328c9795781f85bc0c031,fbcc380b3487589453d721e2c7e27c6347ee1fb0e972d84eba16de95ffbd9beb,1,1
EMB,2025Q4,9,4,522,9d13f7ef20e7b939d78e840fdb303f4146b631f8a0c1b71204e24bbc845c520d,890165102db225fd9aa9cfaac176d59f87311064b3ee4755f80c3790d0a322a7,1,0
EMF,2024Q4,28,1,512,09f9d1117cfbed8efe060c8310bc9a1bf40d55629a032d98c9da4626e735faa5,e23191cce8b013609a93fa6552ce263885ebb9abf128e2eab65b73c69de62b70,0,0
EMF,2025Q1,29,1,511,af0da5f467587a21161b62c7e51489516b68b54f4a02f25da37c6703bd406c1f,3659cacab05527b55657926c7f6335720a935c7202daf914d7562dc0342d2acb,1,1
EMF,2025Q2,32,3,512,0fbf4f9cb9bc6bbc67bb4380766c6e8d39064ef2cc26efeb3b302b80a48c1dc9,1d2e84b6269f32d6f6dcd93bed4f1ca91c72f5a2e9cf8c0c44098eb7c37d6049,0,0
EMF,2025Q4,33,1,517,3aac4b24044c8af6c49cfb1350548c71a95bc090189cd5c9c615749fbcae1ec0,d0925ed7e7326fd1da0599f4480b6028be72c31955c5064207f11ff98d94efab,1,1
EMJ,2025Q1,295,1,514,43db0f26314286734859bd57e89f9a647024223b0642c14d923d80416d5714c7,f624dcf018bd7117af2c0ef366f6025a434c1a89c33a122df101132ce5fe9074,1,1
EMJ,2025Q4,312,1,523,f787d953096f394ab157cde7c8d2543c4c24a31a2118a8182120490406bb7a3d,e510f67624be6d9dea806b0c95de75ae52b169ee40f216b47ba31236cecdba5f,0,0
EMN,2024Q1,2,1,515,527cbb78060b54a81dd961495cca9a6270805377e43b4df92d146117407531f8,261efddb563af16eb9763793f4ef4a07ddf66db8bc9970df2550287de5d68413,1,1
EMN,2025Q4,3,2,530,3b6b5a1169506a4d86ce23a03c92b47935187163bd0796659a396c034eccf0f2,ad819430fe1c7a94befa06a99ba8de289e1211b4f3e6edb29d7357e2ae782504,1,1
EMX,2024Q2,25,1,514,22288dd82058c12e465d651c5db4c09a42328eb67a48c1835fc71e6efa62877e,86daca3065e34a338f076ca3028252428f4d4d05c7236baf45bd8e40c11efe88,0,0
EMX,2024Q3,31,1,513,fad8c968853c79d34cd29e7f077bb4f7831f1cfc648e1a816b2de28c486a3daa,439fd981edb3e2f2627282b1b655676cc4176970a4c243218b851672060095be,0,0
EMX,2025Q2,34,2,515,0b6b0bf8fa1d96ec3d9b41157d6cf6ae16f4b5278109a99b376773689927d0e3,4d89708105ffe134f92a6f029fbbd15b6134980a4c4e9afa1f45d96d9e6b9c9c,0,0
EMX,2025Q4,46,2,521,1a34dabe03f7713b8cb64d116192d85098cb361c6ee040a35826a2dde2e345d2,e1eb29da6be2e9a17432c91d11ef68c6752e277b45a15efea0e7e3e23e4933fb,0,0
ENZ,2024Q2,1,1,521,e42373feb7fa8cc6415d55ac9aafb0087923483b4c02905bfdb5e03b112e1edc,d0925ed7e7326fd1da0599f4480b6028be72c31955c5064207f11ff98d94efab,1,1
EOB,2024Q1,2953,1,411,6e0e97a7b00f91add1491c4c8d2b51cd30364c46da60ef7f2f813d53bc3b3648,6d19f89a6b34d52be49fffb1dedeef8940de00db8969153058cce8f0e00a17e0,1,0
EOB,2024Q2,3328,4,415,09694d74cf08ebdcca7bc9b7fbd13356f3ca451b4ae178287bf7e96dde00f086,ca96a91cb2dd4ed5bfc20eb6ba6acbcdd2b6002a33a8f8368ab7738ff9217671,2,1
EOB,2024Q3,3690,4,411,df5621cb4907190c9b1502b20f767599697368705d38437e13dba54ac609a04b,baf4afa4229cc8e356174562a13492b16851a2a851ccf65b09c684d756e5363a,1,1
EOB,2024Q4,4075,3,408,87e45d24931d95c56c52bbea041c01ac62a551ce96cf62fadca8ea86dd62d5d1,c45b2f251b39816445ca2046ea024361f2ec4847aaee7a8457201a4f3fb25ab3,1,1
EOB,2025Q1,4451,4,405,39f776486f5f224fb942e9f5a33882c1b0600ec5f995876212f2980a35804128,ad11603b03f32d83b62e5c7d49b5b1969d42eada6958efc762c4b6b1812cab68,0,0
EOB,2025Q2,4735,2,403,8850cd304df3f39076424b40187f61783b90251ef0b22d043df6fd3c13fe4e8d,77ce5b9f9947e39fe872a9fd35878833fb9514691758bf7e9d6dc0fe204040a7,0,0
EOB,2025Q3,4955,6,404,2206eab8e57df867bb70faa9e27c0a9355946ee489b140a66909d2962ac88467,359247883b3116b774a3676db55f08914783bb37c8dbebc1ba6f0c5ba0adc948,1,1
EOB,2025Q4,5326,6,403,f296aafb7823e236734d27bd7211766fb3bfc1aea8d91bd332d2e5b532c8dba3,de97264f9e3298bdc222c2af7640671014fb84a3efdf0a421c29a7b668893f5b,1,0
EOQ,2024Q1,10131,6,346,7eb5b39f244d7994d9070d7e8a9ac82590947d4daabc25dafab395d68cbeaf58,1b4416fbe3e4c7ad4436c4bda892b56c566e7517bbf5abf49b24d005b9760fb8,0,0
EOQ,2024Q2,11597,5,345,c0e4a455be2e40977463f0a7e0ca2767d48fa592e076b51558bbb28125c5cdec,0bb5aa333ea22d8edf4163c9d8fb4447c7a2979ce65ca37fe2620164baac1490,1,1
EOQ,2024Q3,13025,3,340,a39c5bb9fa2c65f194bbba486e09ee670bc51468c9329b4562e76474938d2336,b0b24e11cb18af541bfd1b9843968882b543682baf662f2438c6f1f279198260,1,2
EOQ,2024Q4,14522,5,338,2146d4e4f75554d31febc18544e6d3deb84c6c0ad86b60378e450e4beb69076d,14be5f5730dfb2a54c709c88e9e72705f67530d344a6ff1979b48e4607eaac35,0,0
EOQ,2025Q1,16182,6,333,e7b94db66e7be18941a105d091bcb316c85c13f76de1cd6309e047301512804e,364ee7a5719db04fd4a6598f6344eacbdc7dbbd616fc1377a40ed230ef6a6366,1,1
EOQ,2025Q2,17265,12,329,145d57e3c4c243dd208504fe7790b14f2aa35915d64e16ce8b766cf74bedeb49,0196c182a7ff9106a47aa9332dc6bccdc0aec3874d03977959e4244b1a566ee2,1,1
EOQ,2025Q3,18589,9,320,c7ee0a6bb60d97e1f6e3e3bcd6043cb4a24213f73f1b0440db5f85d582a823b8,0e06ee57ef007c2e57b6886dae9958b31de2b9d48be32a0592db32f6c7d50eee,1,1
EOQ,2025Q4,20540,9,316,2519bc3b37b073f9b53dab581520c6ce78e8f2f0c38dce3b4c18c68d5e95ff14,b526c200c647931ab871dd9daec1632262abe51a6ee4e7f8f60b22166cc33bb2,1,1
EOX,2024Q2,15,1,520,8ba1af0f6f90987be8a909d1b7ff9b8170ef768b4c9168d9638550af7a2ca741,2021bfcf916adca8c3c724e44ef0de9873a3b8b8f9d00974868d55254e755982,1,1
EPT,2024Q2,146,1,483,255ea195445199f6d391dbe1aad6f0eecdcb776d50710da0296e94dc28739f96,dbae05e57ce1748919b6e0d44339844a4e8884286257b010e082ffa3c7b01b37,0,0
EPT,2024Q3,151,2,482,9727a3b1e100da09f9c3fb7986603b437427466b34950db3b1fb6c9ab7496aa0,0fe24e876f5d1bc90a782030a2edbe29984d6bb9cb15d2928156ce159c45c5d1,0,1
EPT,2025Q4,164,3,491,818be67d8afa727767ebb1d3891a40ad39a09e9b76e4539481cccaf45ce707e9,b3b43694a099a77a8eedf46e3b8327d2e5399153080aaba954e1782d19af7b25,0,0
EQH,2024Q2,3,1,520,7784cdfca445de1b8f631e1f633880101222683635bb108e1cc762d4a69c2e49,603a46b611985fb132839f691d5946ffceb1dbfa36f9c5d438bf1b01cd633f86,0,0
EQJ,2024Q1,850,2,479,770b6f1185140eb5acc571bd286e5dce75462f56502c8b4aeb0e2bf1958bb917,fa54bdce5d83d757834175eb9f9ea07f8b9ee929223c5c8c522311d00f273596,0,0
EQJ,2024Q2,947,2,482,0945c58b6ba333b45743303e11d605c4f721879edfbbaf217134d8b369e4f7ce,95303a1b03965496b8d0abbd4fdb05d9dc790f0999df6d9161c3369cafa88d66,0,0
EQJ,2025Q1,1218,5,481,382f90170885a65813347347b5c9f2afafb38a83c953d0c6b4c2addb5fffd57e,d15216a50b9644ed328ce25cdbcb73dd9b46a65ab36934de6b566a3d55110b97,0,0
EQJ,2025Q3,1515,3,481,2827f92ddd4e345b51b6171e98811c3a8967c0002146e736254b198758ed91b8,6cd66f4d6ac8b207eb02c5ba326e743818205a475272f1c955e39bc746d99f0c,1,0
EQJ,2025Q4,1612,2,483,7e8f3267067382660c79b40fd101ada654d4aa2d328c87c9dd8a43e2f0561b93,7f5b11d157d1873aafcbebb50b32141f92ea4320446adc85d3ac394c4eabc49f,0,0
EQL,2025Q2,107,1,516,15139ed918df79e25d1e39eb37b15b8dd0ece197170a7249fa73e7bdab811216,6e09471d01d382b76e1a78471c1cbdc849d6995b18bbf3a1d1031f289eb059eb,0,0
ERA,2024Q2,10,1,507,5d20fe524f3f9b87bacb48799068ecfe215bdb3ca4f121494b8cbb3b39dca1b2,e635b3de8507805bab688843a47dd501ae92c947879cdd1a26bfa6ff5dcad62a,0,0
ERA,2025Q4,12,3,517,a92b219cc2c2fb1d8938decdbc44d51ba75062f25f2af24b662211726b163c8a,27827b3da61ef415e2aa548e6d50d1e21613b4f6a51dbb2a0373fb5e192f9f1c,0,0
ERL,2024Q1,10466,1,402,55083f388ba558e25551a2450640b8b17098f7f1126ea3c69c70edcc6e4ff74b,06a5b2ea54f190eb0a7e4cb555d3eb01cec876b77cc9f21a5335921a87b1c5a3,0,0
ERL,2024Q2,10913,1,406,96519707566c4c43190b8b152554d5f426963e2276a54944732973e86c5186bc,a6a0ebc661bdca78ef039a803c3c305d0bcf29af1f78f1fe07b6f7690d5a7573,0,0
ERL,2024Q3,11302,2,405,1816e23d0debd71bd826a0c244fd4b9ba1bafe6a846720be1eea88ab70b4ca98,735295656351e5429197e2d4f8c31d340a798a500abcd62e0db9dfc65f4eaa57,1,1
ERL,2024Q4,11695,1,404,e84e720b97484b40d51c636737d067ff2b86ebf8e7d6973f0d0ed7ac4464f59f,e5255a1e84f9bbd8a08c6b7ca9a3ec4eddf2cb10e48270f9a1f069058b7144a3,0,0
ERL,2025Q1,12054,3,403,94f443dac4f3e07bca9e84389fd7d1700d6bae3010480a902c6c67a17212190f,bb0d2c1812a75b175fc4c96d3e144879e9db15dcc5cb2c48a471c28ed0c77d57,1,2
ERL,2025Q2,12474,1,402,8b5c211397c60049fd40e4446647cedccfa6922107c9c4c39a16362413b3fecb,3697faf9942af42685fb3f815b16f9ce5d825777d0421210ec2e5cca8734bbdd,1,1
ERL,2025Q4,13214,2,409,6342820ae8e3925ace3ebdaf03424c7b1cb46101f46c5db6ec8e2dc2890d80f5,cc9a78eadf9952f77d7c86331b6876d9ae13007a1169d27a186b89cb5db32754,0,0
ESD,2024Q1,30,2,498,85491b11ec9c6e4a763b3c38c23f568e4ca8f173ef570af63e1f99812c9a5cae,fff475132426efb4ebe0fc175530fa2a6d4d91b8e690689149d8010d050dedb4,1,1
ESD,2024Q4,39,1,502,ba80bc2339ce43badd0e97f0236eb422e0ea264f89fc32c53a864f8a1b272415,d0925ed7e7326fd1da0599f4480b6028be72c31955c5064207f11ff98d94efab,1,1
ESD,2025Q2,51,1,503,b438ab71dc80eb92a4d2793def5f15d9a62a85b3806f643ac332296127990f06,3697faf9942af42685fb3f815b16f9ce5d825777d0421210ec2e5cca8734bbdd,1,1
ESD,2025Q3,53,1,505,9b41221025bd8960b416228af41990f8c715dd65739c979dc3afe27118d1a718,9f5364d82104dd8fe6a59f3ac01e610a6749aa04fcc21e02fe06e8681d73bda5,0,0
ESD,2025Q4,80,3,509,fbdcfa7ee144dbe99c69430ce47f30b05540df09022849ebd5fd113a0715bac0,7b8ca0d83864d392f79a39cbeb9f4365bc5b2441a39ad4170e658e6c3ab89adb,2,2
ESE,2025Q2,1,1,524,52cf6474aa144518a7fb2e2ba6b1f22dc46f99147128e869a938ff5d98046847,e545563b497023690c9b474b0e63e1a6ae16dc9d52f7ab31f156f6d4219b072d,1,1
ESW,2024Q3,750,1,461,20521ec5f768fdefc1541c28660ce1b7c21503395e22236fa2fd39f3761f4477,29f31c1d96f11024ddbc566f7c47386723c72c84e2d438c3371226e1a789f4b3,0,0
ESW,2024Q4,784,1,461,cf90d2f227e44d0ba60a7b20b0360ebe979ca8b0a6ecf6157cfe73eccb3e91c0,6d19f89a6b34d52be49fffb1dedeef8940de00db8969153058cce8f0e00a17e0,0,0
ESW,2025Q2,852,1,462,68a97786fdb5a4a634d13654609edf7173ef9c4fe5bbac1cd6e023987a489e54,e397784c48b2128e957f45ef79f152203f0e86f32f8c2cdf8b1db70cd42496a6,1,0
ESW,2025Q3,892,1,464,face6233904f0898554f026370ac8b4f203dde940357b6c09718260e19f5e867,20b55df4920ce2e4d50f52af88c9fb96254d96d058c414f391278206a37fa665,1,1
ETA,2024Q4,25,1,517,1e354a58c40f502fc6b54c25329764dccc80b4765724fce08f60cb9d00a7b0fd,29f31c1d96f11024ddbc566f7c47386723c72c84e2d438c3371226e1a789f4b3,0,0
ETA,2025Q3,29,1,521,00ff834babb8caea421aa8135bad87a6f7515cec656d3e33608847fe5998c851,e545563b497023690c9b474b0e63e1a6ae16dc9d52f7ab31f156f6d4219b072d,1,1
ETB,2024Q1,18,1,502,b476dd2c3fe7e7ff27007f59a509d8cdc4463045f569ab73c5fbd4c2b798d42b,409e212fb4bf98886b260e02291379b63e84fd6cb7ab067b968c4bc5205a31ac,0,0
ETD,2024Q4,35,1,513,96ba131dc347753d931a027800b1ffad0e11d27b3ce83a9a931345aaabe6b9e5,4ece17ec0e971a561225505099a22d0408b1dc0895bb9ca33bd4cf46544448f1,0,0
ETD,2025Q2,36,1,514,f549f65b4b07b298025718cfaa4368930309cb83bb6e83a7f086eb6f00792789,8d679bc0fcab565c28f10b0b96de772fe7ec45d7979c51b1ece80a984650f2b2,0,0
ETN,2024Q1,1386,3,413,57640980be1f414b5ef76509a3ae4df7072a44d4e146ec7adecff28e369ae41b,a4eb77f82484d017b8112d54fb0566c5f14da8f15397d5edb542ad83a305db77,0,0
ETN,2024Q2,1522,4,415,240a60ecb144f9edab00f8787618abe52f9c3da7e3cbdbc24e3a90e7842e3f9b,2f50accfa4650b6a818d224867a91653d704de6cfad5058c5fc9025056609565,0,1
ETN,2024Q3,1723,3,411,2830c776175ecbb4460582bfd6d48832f46e6fd31cde8ccb84f20ab75e48278e,b3680dd4d0584816577d4c54c40846264cd838d1004667ba67bdbc49b2225820,1,1
ETN,2024Q4,1959,1,409,baf4c01f3223fc6eb5ce433842a6b299f4bda0d1dc1e9b28df657318aa2594c4,cbf325e6ecad18ca0b0672d34493bb0bbee886262e72839f027a5e948118f013,0,0
ETN,2025Q1,2134,4,408,4e3d6f48cfb78cefa7c301aa0ba42228688fbc954273963133c26ce59274d80a,a30455471eeb5ae2691db0b359898ae3bc5c914abaa8fcafd056b09998e92341,0,0
ETN,2025Q2,2531,6,406,8a343fb31b2608cd913a4760b8bf34bc128d1337e2a4b592d5d3f099dbaa15ef,6c51631ee705bc3f46a3dd94153bdfd8608c3eb3db5b156fe3b46ed02385902b,0,1
ETN,2025Q3,2730,4,403,bd2a1b86f27583444ed61e16a43988776c372826e3c737b5ee9e72667a907cb2,d69050b0884820ef632d386b0654c1d7aa242536d4eb8ed2b14cdba0a8f2b5ad,0,0
ETW,2024Q1,16,1,507,5194e2eced552e2746a2b166199dcbdc2dbeae642f6431f05a0bf6dccbb410fa,470cf57558c9ebc373f702ccd9afd4932a10e49a86cd888230e00bd2d30986c1,0,0
ETW,2025Q2,18,1,514,15190e638b04e171321fbd1c4a57340d2c602dcf3d500c93ddff0a82df03c6d8,6b0f3b31667aa0f2ccdd5aa7d49159d1336831bf28e225872c7d04de70e5d886,0,0
ETY,2025Q4,2,2,532,13daf9713b35b45c383810104aad9f77e9a52aff72e9ffd795796cdf60e2d911,0f60d5382ba72a8f474efd5ee6642d7d4b7dbf009b529e86c2e5a5fa2d16d294,0,0
EWL,2024Q1,25,1,498,36ce0b3ae9397f9cc6e7176b4e8072dd55be70a4a5d428c77fe1493684ccf925,e545563b497023690c9b474b0e63e1a6ae16dc9d52f7ab31f156f6d4219b072d,1,1
EWL,2024Q2,26,1,502,541c296cb8a45efcb35520d98bd8075515c593c7d49e7396c3b33435b54954b9,4a383ae4fc8f688f9020b8d35a4264d39585c55778f95d9ab3d336a2600abea6,0,0
EWL,2024Q4,29,1,502,7e78704723717aa827c22c8e4543405b0348fad83ff47151abe4fe97f480e621,3697faf9942af42685fb3f815b16f9ce5d825777d0421210ec2e5cca8734bbdd,1,1
EWL,2025Q1,33,1,501,b252a8f1093f994158197a63c5ae2ecbaa0a39627e7ff80321b4277d55d79bb5,f4aca0645ae9b53723543edf7a32e2ce8639b3bde004d46afd03e272e392ca8b,1,0
EWL,2025Q3,42,2,505,fb4fe56f333455d381eddb304c5bfda0b882d797595dbd86d7083db83ee2dd71,a38b9ac0a5e59ae69c8f93a1a3cc9d8b432dd545da01bad9109e3d63186f2966,2,0
EWO,2025Q2,27,2,503,4d04e48b01ba9a077cf863c2aef70d79213e9eb445d6b2790bcacd3539b96720,cecf2bfaa4d610acf2a55a4a04cd095fb89c65df0deb4529f5c36326fe74cd3e,1,1
EWO,2025Q3,32,1,504,3bd71242e2154bf9b77a251676a348d2a602d156d30baa5fd60807ab0c7f9ba8,e635b3de8507805bab688843a47dd501ae92c947879cdd1a26bfa6ff5dcad62a,0,0
EWO,2025Q4,34,1,508,811af48af3dfadc33b0f0550e4249535c7b7cd2c42c801607a12ec3771bf662c,8ee4768ca710711739fe0eb1350f14ebdec2c21c30e21ae2e0e2adc52fbe7172,1,0
EWY,2024Q1,110,4,494,4c609deb0d45e1e8a626d17b929432817860281e3b0f933a7cb8c4705b10233e,15db5db0a448cfc720c5e37f1be0f70c715d8c4a0f06f787912594a40b24ba27,0,1
EWY,2024Q3,163,3,495,b032dbb660ec14032eef20e9b314da54042da6980eee5ffe3d0d7fe3aed87fb9,794e33afc456069c1d4a835657bc684ccde11d8813c1d8c65f36e29a001e9b39,0,0
EWY,2024Q4,192,1,493,06f61a6fcd725ad54f632797a422f4b5132cd69e82c997ac72809e73feb814b2,10660adffc097cdbe50eb0ff2a86476029e12b2b1665e45428c444244bc7da02,0,0
EWY,2025Q1,209,2,492,da647361cfb39e8de00c054dd563e2bd2403e2b996383c1eb36563b9cf95076b,04031f9ea98867e89ef1c98654b2c425bd54e29720457069533bdc3607be9744,0,0
EWY,2025Q3,273,1,495,76345bccfdb4897a3e09b0016016af5035b3d98b2366f3a1dd9bc78ad9f9644a,91fbbba68d1dc574e38e2504c6295d5ec4e351769b3b84903e42fb39f9ea99f0,0,0
EWY,2025Q4,294,1,499,e92de0fd3662ef6ff4d6865748545f3971d5de20f12cd260e0099f8a981d6b5b,3d5b4c710d6c1ee6c24d7b1798abbf471196fca1ed5584de4f6f1d4fab26f02c,0,0
EXB,2024Q1,145,1,502,0e705cd5d747b9cbefa795aa068a8e94569993733512c80766b253d1eda2262c,3d5b4c710d6c1ee6c24d7b1798abbf471196fca1ed5584de4f6f1d4fab26f02c,0,0
EXB,2025Q2,159,1,509,d8384f8cfe623f27255a76ed0ddeae7f10a7130ed1724201138db0688c1ca0d9,3659cacab05527b55657926c7f6335720a935c7202daf914d7562dc0342d2acb,1,1
EXB,2025Q3,164,1,511,197d69ee2ec507a9eee12ae9d8d2595023bdf5a2168c27b69728def5fa8ccbd1,41cb6db6b4b81ec360579fad82e609926a78ade93b8600e1304acf0315616942,0,0
EXB,2025Q4,172,2,515,31a773dc1234dca982843d2eec5b45855a7a7d8e637142df9467026a50deb626,b2442fd8567dfbdf4a7fb32b2ae6f1c191ae1b213b34772d956a6b169496d4e2,0,0
EXE,2024Q1,27365,2,478,372cfbb2d5d3f18f4209fe55b0e37f01d1454101a1f0c08d31ff9f426e436b35,a8ac690d0c2dcd645a945756b4b727c9b3cc7b01d3ccf8c25d7f5783f9d06b6f,0,0
EXE,2025Q2,27747,1,484,399f6b6ad730f0819a72c44178529b95216d5795b38d3e77c9ef2e8c1648d951,2347b5f9fc99fcb36264441f380dfa46acb748fa78699ca15936e1452d65ff8f,0,0
EXE,2025Q3,27800,3,486,9346d143b6e44eb229cde17daf08cb51b4fca4c0f8db79e9e319176d4c8e6665,b1835ef455400d0cba03e240703d5539dbb3ad0ad3d7501f30ca95ac53256abb,1,1
EXF,2025Q4,4,1,530,42a2009bab55ef2bd76aee525757d4a3eaeaa7079e758854e7cbe1d7b7d87028,d0925ed7e7326fd1da0599f4480b6028be72c31955c5064207f11ff98d94efab,0,1
EXG,2024Q1,19,1,514,a109b11dfb17e48012df3d9f6662178de491d284678c959243547c228e72b3b2,cbf325e6ecad18ca0b0672d34493bb0bbee886262e72839f027a5e948118f013,0,0
EXG,2024Q3,20,1,518,def7df96c0af0bd3c11d5c2928d699dc655084f314deceba33c5911861994ddb,261efddb563af16eb9763793f4ef4a07ddf66db8bc9970df2550287de5d68413,1,1
EXG,2025Q1,22,1,518,a705a11fd5fb8304c51fc6f929eb9d1162f37388669a463b03d157e4ff8dff8f,3697faf9942af42685fb3f815b16f9ce5d825777d0421210ec2e5cca8734bbdd,0,1
EXM,2025Q4,14,1,531,662ee2c78f51470b60bbe6fe1915dfad06de95fe032f609ade885ecb5bb92f52,118c3868357412e35adc0a781ba0d2850d1f6ee12b138466bd9c9988ed432606,0,0
EXS,2024Q3,389,1,472,0a615b7d9a5919b996abe1ce426d6d6ada81f2cc82531666cda32929b14b5c5d,ee9189e403355ef9acc59c1a0a64ed23dbe7e7273b952f9cc09e9ca7d38bb483,0,0
EYA,2024Q3,109,1,499,89ed3447969fbe9e1e89ceacbc3139ea1748167afbaa163044efff4dd4030c96,409e212fb4bf98886b260e02291379b63e84fd6cb7ab067b968c4bc5205a31ac,0,0
EYA,2025Q3,135,1,504,83d751dda990b7d97f5a2b43f15696f4ed2bf8c4d241bb1d5bd24b4dbd2abd3e,5fe5bd762629a8a9cb381c223e50c4a8e1fe61ff295966be187691694764725e,0,0
EYB,2024Q1,74,1,484,35d246aaa9cf6a0b2ec46372696b69b23f940255030486b6acbe11570fdb07c5,f04a9b043ea63e419307d3c70b380b6564a71cdf899e31cca1ab50bbfa038b96,0,0
EYB,2024Q3,78,3,488,3798ee5c93aae51caf1d02670b4758752effb6d1de2066b52d5134cfd76c8b9a,46f7f32244995600b1bee7fb635bdb13aa1d859a5086f226e5ee62c7708794fd,1,1
EYB,2024Q4,83,2,486,ac258a6c5326ce8105e8573c117834cb444ea94f37ffe0a7b79c84f9360c217f,2a35ec29d08f7a3f84159581df6dcc5e3ae8df0da374afbe6ea2e4e3c4ab1fee,0,0
EYB,2025Q1,86,2,484,33f733bdfecd22532a30bc00c267b63d99a1b8f17e2c766c188c60acf291ae90,4abf8ddfa0992610935e952267167ce020a3ce38386b58151da9c071b5698d88,0,0
EYB,2025Q2,88,1,484,4bcf2a889a5451ec66c176f4fe8a5237fe31308dd60ff04ff2ba23f85893ac13,69dd86f64a08232acded735e7334857c487cfa9769ea4444d703e11109018043,0,0
EYB,2025Q3,91,1,486,ad205acd1595a1adf6661fa36e928d5ea6505256bcdbc2cc0092c87f9757892f,8cd3e7de608df5923373208c69af64501c7758519db06ea606bc8ae05d99be4e,0,0
EYC,2024Q3,15,7,506,4adbc48cfd507949cff5149a6099c6c36688f40e45657e76e921bd103d62b2f0,f8a6ccf5575cacee543d2b320e8c8a2da38b4bd4ac696245220015b7ed9239c0,0,0
EYC,2025Q1,41,1,500,cf393f188f384c20e6d7250968cd9f3ad66541622ae82c5bc1a4d11bfc21cb80,fdaad9580dfcec1acfc41367e03d8b8c22a0addbc4921a87777990153f78028c,0,1
EYC,2025Q2,43,1,501,3773ec701552b57dd43907bf05eeb5227a7a928e033ee00a792e016135e67a80,fa004cc648fbc48aa07924ff3e5b332da3f3c2d020ecc8908e765f1ca14d4cc0,0,0
EYC,2025Q3,44,6,503,e951257c48a96f5162ab5bc62471e1c5726cf63a7b390cd263885501ad7f247b,fe66dd0f220aaab2262a8890f4b0f917fdda299890ada328f95fddea909aad04,0,0
EYJ,2024Q1,783,1,448,46d9e3b29fe26ec02c2d2f365fff89871b0efef56824785095577ca2ad25871d,11f2bcbd883dd7ef71cd843cff4a195669d3445df7b9b171d5234359e78a8b9b,1,0
EYJ,2025Q1,826,1,453,23352b73c8720ccbebb638ecbf011a12a58310f6fba20c669828b944d1f8ca43,3492d94d9b2f444b120e05df067ba2d0d19f66916dfd5067865f195a94ddad46,0,0
EYQ,2025Q4,59,2,519,37193694e7b78562332519b61bc2a9164e0d965b1a9eb02de1e0a633367176f8,414755f002d0d60e2a7f291473a79d367ad8367e9678e1561b544ad966e480bf,1,2
EZB,2024Q4,570,1,463,ac16ca0074b4621a9aa7937cde8312213f6ba5270b12a08e3e1c6d488c29144a,22d9d66ebc39a7263baf276b5cb64705d4faf13b49a11097f31eb82dd97bc4d4,1,0
EZB,2025Q2,648,3,464,d8e9f1274e11f78b266f1847d74d11abf5677b40770b7e1cafe3c07da41c71a0,e4ece756730a145aa2c68588001ca1533f0b18b32e27150a97c096f0d895a304,0,0
EZB,2025Q3,684,2,464,d61a16fd96ae5fe619a3aa6a153cf735e2a5e1091740821c674352901ba3d915,07f92507b23d0c010e4c9db31e8b032c233fe50caa16d65c80a926e8e7ecb7e6,0,1
EZB,2025Q4,717,1,467,3f98ab4300e5fd9bdaf553af5481c1013a667f4e96e152482ae732dcaac43174,e545563b497023690c9b474b0e63e1a6ae16dc9d52f7ab31f156f6d4219b072d,1,1
EZC,2025Q2,6789,1,374,59794c3f7b8e837f3bde170d8c7774e6594476ebdd0892284ff9ebe7e6b241bf,45c6b4b088a7c045e20d2c57503e94a33e38f280dc63eaefcde2341e97894304,0,0
EZC,2025Q4,7396,1,381,fc371bae5ea2fc0e84dc1592e49f2c83112a6d63ae49b6c43bc43d5db2f3d10b,3ae3d218a8eac87e03237fdc4a88f599903d51d06327066df9cbee60a7635f5b,1,1
EZD,2024Q2,3076,2,418,c11eaf74582b46bcf558503e7a3ab49d79f50e2b14fd75fc15cb4a461d6689a4,bec09ddf4a665641ff86cafa13a03a71176cfd184426cde38935ce5e9c78de3c,0,0
EZD,2024Q3,3114,2,416,ba5cf75e0c4e931cc42e9851a6796697a898e88af6717d4ee23b32310c80c0ea,047ae0b8fbfde8765ac6d75de3c032d9f1569f622e8a3f7a5c41f3e60226bb39,0,0
EZD,2024Q4,3126,3,415,8b02cf55e784a6c2412a6b74bc7467ccaa0a1c5cda9cae0bc427e3d569b6def7,4f0dcb689c5c407f5af2ed146f8f48235e4d8154ee8a1c60ff5cae7b894cd25a,0,0
EZD,2025Q1,3179,1,412,6e72ef98241aa1a164531430bfb0f37677e27db9b804c661aa5adf57c2410de7,bed1f5df1f0b3afec227efa00096f35c8cf99fc5ee207f4528fe2bbbfaf57154,1,1
EZD,2025Q3,3322,1,416,d3817547e03b6323044ba596fa5f3d2c5514ae1f57c7b59dd747d432a8e6f5a0,5a211cab6c2cb85172de0be3e8e3c0cc5110e23fa97e5d85113610a3b85a285b,0,0
EZL,2024Q1,3741,2,363,91e45d84dea7ea082ff801d2f3408eeac3570aed9a9dc664810f96d6d96f8741,4d849efb7993897f576577b9d040abcba6b878f6c213f3613cd84cfe2b387e39,0,0
EZL,2024Q2,3938,2,366,c5de3b51a35bcf4efb8db9c4fb966cdce1f03860ba3102e0c1ff0f27e2622d55,d80fb0c6f486eeb76361989a5c8689c55c57d0e8b48943a8ab3752e2cf29002e,0,0
EZL,2024Q3,4211,4,364,153134ec5a50d57be3097e3fa606c494c8be9f12b6ea61b401b15d9dad7e7f73,9039f9e2e803b89784a882bc6b722353242c766fc727a6d6bdf87b1e2eeab91a,1,2
EZL,2024Q4,4478,1,361,f17addbfeed0c515ca3e7dd01e61e3f5230395eba9fc07757452fd0796cea893,fcd229da6cfbc892ce2cd4f9f3efd59ce90766369c9b87fb5768b4ae435f0855,0,0
EZL,2025Q1,4770,1,360,5be87ec0abc3f234f33e487dcf69a2231ca51ae80c28424c6561ae851e28f4fa,ed56fe39c73a503756ac76ec637f7e2270a6535ac1b3cd0cbaf54a2c8d813909,0,0
EZL,2025Q2,5094,1,361,21431ef714df007d196e98b30ca7b19d21932744b710c6d818f7dd463e0266c8,6a12e99824aea0d5feae2c12c8465437870d0dd31353dd3635102d45d7a6d9a0,0,1
EZL,2025Q3,5482,2,363,7ffe5cd43ce2c7000bd4bec2981c6d45acee022eab6ef055f3f24f86eeb6c65a,d4c1af4af964adc87b77ac16f1413cbab9f741e347535cf47f20bfb9be083513,1,1
EZL,2025Q4,5855,1,366,09f5d00c8bcd9da89b509638185300673f34faf0cfd69c385279dba94c24c64a,b1aaeba3e13fd0f9982c21d9f72fc11cc917413556eb3f9b99545abdb115bbec,0,0
EZN,2024Q1,271,1,460,7148c298d7b2e2bd3579a3a2d5a93ca9ba5c3e748048d4ee306db4e447005f6a,c40b1c5676925657145ed816dfe78048de0e4e71d68b9535fc4da2f237454a0f,0,0
EZN,2025Q1,320,1,465,5114f180874a574130971a96d74618a6de2257da7bfa7050ca60853c0f58fb8d,d7c2ad28f9a8d3c69320c4e3ef423a89de4b7d13ac1697d95e6130e0cb149e64,0,0
EZN,2025Q3,381,1,469,300549352fb5b0cc1ab1caa9c1d4d909607cb8bd7326cb4f620060f2389d4e1d,fcd229da6cfbc892ce2cd4f9f3efd59ce90766369c9b87fb5768b4ae435f0855,0,0
EZO,2024Q4,11,1,517,87bd80ff25774210f88a43cca9542eca8d23f9482d1c48b7c762676445539cf6,d0925ed7e7326fd1da0599f4480b6028be72c31955c5064207f11ff98d94efab,1,1
EZW,2024Q1,22743,1,404,0d3619c5f521042dff3d798208ea994121a63f8a182f750489b09ce0196a5606,99ecbcca20ee1d8e82bec093d10acfd8cee24a2b9f6e6e746e2c0e8bf2b4587a,0,0
EZW,2024Q3,25429,2,408,86748f3836a603bb3bf509a59911f3c10744022ddf262d4ca0855890fd5ab771,c7f8f2cc3dfd0fa14459a279501afbfe63509b2508ee0be2c6547c7d38195660,0,1
EZW,2025Q1,28516,1,407,0e7d6761ef971b1cfae310072752212d39d37aef43cd15b8b6f6e865b22fdc6e,4febbc3d54fa42cab28ad75da965d3b824b5252a22e5053a704ba1b0b2032cfa,0,0
EZW,2025Q2,30064,3,408,b47808858b16150ad830a5e1243ecc421369b5f976e41d018e7b937bb40a9309,e3b76a421f0afdbd2d370b1d4addfd34a65f18d1ee32b859266afde52089abe2,0,0
EZW,2025Q3,31937,1,408,3452c1ee54e8149aacf1f8fb55a8ad17596c73d8818f520d8ff95fc1ac31134a,c40b1c5676925657145ed816dfe78048de0e4e71d68b9535fc4da2f237454a0f,0,0
EZW,2025Q4,33710,3,412,b4dcdfeb1dd83250fdd29f30250e013b077cdd89868ac06dbce556d6b6905b29,86dbfc4d8138d1d1a5e1037db8124564f0a4558d7f2c60c5d1e132a2fc5c0f09,1,1
EZX,2024Q1,98,2,506,88c9ebb69e749b5052dbdc54c5a9938270a98aab91ceb7c5012c64a0cc882090,445aa3cc6ca115ff2a23b819f8607c1c696048241360c5fa0bf89111079028de,2,1
EZY,2024Q1,9524,3,457,501cd0f3cf7829b006dd4aff95b6a5cc37aa5c4d3beaf9edcdf04b80d97283dd,6ffee709aef3346fe544c351ea1396758df8564e10d19fba3fe20d1e378858bd,0,0
EZY,2024Q2,10045,1,459,b8be607dc2fcff074bd636286dfc4d904e78b5c40a6dadde5e2ff10c17675d84,cee2fbb31d973fe5bc1cf5f4ebbb6b5126e1b492e2078948bd234028395af8a0,0,0
EZY,2024Q3,10524,1,458,2128fc93885de4e60426ee3dfd81cbab2cd457745c32a1d3b394ef1c65cfbb17,f04a9b043ea63e419307d3c70b380b6564a71cdf899e31cca1ab50bbfa038b96,0,0
EZY,2025Q1,11634,1,458,c6f3898398dd5355745986ec244139db1df57da71db8c56b4cb053127a1d4bf6,5fe5bd762629a8a9cb381c223e50c4a8e1fe61ff295966be187691694764725e,0,0
EZY,2025Q2,12142,4,459,31e4629c6b883cc3f405da797683aaab5a815af455bb940278323415e979a1f6,16284be41228fa78ec3ef1a3a9c8b87bdac6bbbb97ad75abed48fd3e11b9bc14,0,0
EZY,2025Q3,12656,1,458,26ad5eb19eab096ac987e6a8bead4d09e34eb95541501c26a3f500b7405a990f,2b61fa6fa80b23f93f33d5096c6fc24b0a3db533882824b85e992ef97b9232c6,0,0
EZY,2025Q4,13204,3,462,df0d8d496adfb93b54cc9e891ed0e6cd7b9bae9077c77592bab7f0c9f9f0121c,7632d0bcdfa666ad53492946d8fa8d568a0c4880ff4527429bcf6976f4ff360e,2,2
FAD,2024Q3,2667,3,398,41df61b69bc985407fa2ae96aa2e6f236ee0617696774d062512f00698d15134,976a0c1866290535e28ea9f5c9bf78afbce5426e38fc2d73b4e527affc54c3ac,1,0
FAD,2025Q1,2997,1,396,cccc1abd0931dd50839e398945753c4e9c62dcff8c1183a3b4e2fe8d12fbbf5d,25f0d7559708d1e6ebe4bfd5298533fda835220df2aa3ce035cc99770cfcc856,0,0
FAD,2025Q2,3130,1,397,0931a5e971f8c4f57650d3faf963b8b3032ba8a36fff8345cbea208a1122c5ef,a870dcb24a5decb006ff62fa84d61e196ae2ada80b26cb1f88676e14c29c6c22,1,1
FAD,2025Q3,3275,1,399,9c534f946b08c2a2e044a56cc73524e76290fde566f544cfb44b11dc2d18088b,6556bd75510fd707c72261c90be4ea3afb1effd2eedab24b6ee5683d5bfdf624,0,0
FAD,2025Q4,3475,2,403,f0d34b05dcfd9c634075d63730bb5bb2f68765717742a3f75bb18b597fa8c325,9c05050f98b199a4b6085b3ccb62b47d024157bc17aad7d1e91737f74e1fc70e,1,0
FAE,2024Q3,961,1,480,5d7f74d4ef6a2e137ba57b1bf9c6d25a093a8d8724c25159cefc5c7ece5336ad,57dc770617ff6777df87b210b8bb9f2b9314ad58ea38f8ccb79809f0ae688261,1,0
FAE,2024Q4,1005,1,480,fc2f627de333068d6884c26ff7966b25b16dadc25cd77093bc9c43eef1315977,5fe5bd762629a8a9cb381c223e50c4a8e1fe61ff295966be187691694764725e,0,0
FAE,2025Q3,1167,2,484,d36764a0a3fe204bc30e5410c22bdf5c3960823d95910785e3d726d02b72f539,bcc7d4e221cac28b3fce5c13f71072af046be8efc127f1f1b802059c2254847c,0,0
FAF,2024Q1,21,1,501,cd9a7f6c0326b2b120e2f02e58a8bea8c9754ead3de4a3bda994994c68090927,6d19f89a6b34d52be49fffb1dedeef8940de00db8969153058cce8f0e00a17e0,0,0
FAF,2024Q3,30,1,505,475473cb2467e741daf47f20fd9aca9aa9ccba2335982d1b139564388814e667,e23191cce8b013609a93fa6552ce263885ebb9abf128e2eab65b73c69de62b70,0,1
FAF,2024Q4,32,2,505,4f85a79be056a5498061f02bc269787aa77b67b3748b223e05dd0275a86246d1,371ac98b69166a6bc702d0ffc5e69ebbed57122008d15f5bfff29c0a7082ba1c,0,0
FAF,2025Q1,41,1,503,16627d7e25c685a77709959f930988f2d1a0c6b32474b8f8fa45efdc07da8f13,92385f04499bd432833639e6fe0e77f3e6beba30c30ed204ab02efa021c2695c,0,0
FAF,2025Q4,52,1,512,7cada35b4e9726bb035649033215368d45efb54867fcbfe4a25ffc85ac4b4f53,13588939e0f4bfa86f69c73f2a18dc25c75d5fc78346fe663b84e917dbf8dd9d,0,0
FAJ,2024Q1,2599,6,386,cdfa195e11f391694d732593e1ab358924ebef4862cf4a2f4b7c357dd6d4ada5,c594a90df49790db73eda7f6cb70566ca19a1750cd6cdc825c49b30a7765e0ea,0,0
FAJ,2024Q2,2932,3,385,603a31fc520338776b5fb2730136b76ba6f5f22d0c26d084acc7c8e19232ed5c,60b9ca008eb426ef3e0949dbe5d96e63585b136560262c66fd9233a93a297aa8,0,1
FAJ,2024Q3,3121,2,382,75c5c724077dba57272508b3f8ab6a7e40e75e424f7d4bf131d7cc8b0dbfc205,88b0d6286d2879c5b6a5dc857c4fb07f4e9bb232a961abad005bbe787e69bf28,0,0
FAJ,2024Q4,3322,3,381,198371a9d333427cb41e9467b5ba1f02831b5485e6b904bcada9b459ae004eed,177152e0e93df35733bb2429184dc397bd01e109339644af0e6287f7acc37d46,0,0
FAJ,2025Q1,3491,9,378,5093050b4686b05719e21f9a6c81062d0120c035bb451078e8fc8d3b74220985,d483f6a44809b5ccf40a0fcf2d7ff56577784361f85602f8a756af91e6f9f193,3,0
FAJ,2025Q2,3737,6,371,76af110179a744d316d89867f1623a4494add316e51aee2550a8cc7f1c128491,106db3981914dd2fa64005a45a93748367ee384d4d8c0007a9be13bb0f842b74,1,1
FAJ,2025Q3,4012,12,368,18ed2ca237770c16381ecba75c22678f319453d5a4ae0ed652b1237fc4871af6,2f6d9b1294591eb832bc3fc91f42ea15511ee0198d4bf250aa40ed0be9df168c,1,0
FAJ,2025Q4,4720,8,361,1f4fe1d31fa662cc2b4bbe4c65dc4b4517e807de1916c3133da65583d34088a7,20f89d8b0c8fa04e86b4bb33f24596e6781761bc04c7e75104cb9a50f93920d1,1,1
FAM,2024Q2,9,2,517,b0546aacd60acfc56d4b06d08cf1f0c82a8985ff0aa34e8ccc683788bee950c4,b24a0136c907748cd9ab9b637e85afa793567654fbd4e1e560022705737eea3b,0,0
FAM,2024Q3,12,1,515,3bc88cb3390aa052042ffe51538f1e4a8141e3af02cd325347bedbd6421c2032,0e581c4815066a7ff423d513a2adc5f8e1d1163835a251048a3f89dca2383c4f,1,0
FAM,2024Q4,16,1,515,41caa6ca373aa708fea4b3c4629887b42fec018a21e308ed2e1837a8bd114887,6a2da80f70708e52257782c39714402cd55a59b1b96ef809e86c966be08d92f6,0,0
FAP,2024Q2,1,1,521,21de4fd284777491e6580968e7f8ff0f493450707f1402f71cccc9ea69134239,a1db1e09c8f5381c6776009d0aa5b9557bafbc49a22ea386843f60ad2689a3b8,0,0
FAP,2025Q2,2,2,523,8f832460afd0a0aa497a0ff60c4a997d30f17821b76e5d405774faa8137978f1,12753b5eeac3b903e0caadbce034a560106a61d55f06ea9df00d1cb8dbe00ea3,1,1
FAP,2025Q4,41,2,529,217e1cd6655bc4ac3f83b38dd4289e15d857e23d030b5b0c8f3b74b253818e12,ef2e8e93d05cd4197a9c66081f4c87fe039d6cf428c6df2a2139c99dfb7104b5,0,0
FAQ,2024Q3,184,3,487,161644c467b59eef3a4bd9e95c617617f84142addb6d348c2b00db551cb8c36a,1021176e97ea88f6d8d001ca658e25fa84b77d1405754f3cb8fad6e361bbb853,1,0
FAQ,2025Q1,200,1,485,73f5d56db825c0a3f39a059a8181f9e476a6baf4c50212264165bed35132b1cf,0e7ce2c55b01e28812e7fd0b7e7682c2f5cf97d5e220080ed0c6f04b26b18df1,0,0
FAS,2024Q1,738,2,432,51214ba55adfb92a41e8f897d6313ff012f4cbd50d3f65a401f0dbf5baf4fb6c,4cfe9d4e8ff40c78351d00ba8ffafd26e3e615d73ee45d2b58c039bb0a198e17,0,1
FAS,2024Q2,798,3,435,10ba837e6cbe6c3ad70294d6a05d67a7f7f5a3d8470098c3e8137e1889891756,fca84dcbb286f755415d1482c5f0a7fd43079a3389b4c72f85db1de991f101e5,0,0
FAS,2024Q3,870,2,432,a34dba22270768e358f25421357219b480875d20c1ec63680cb66ecb9f0e5376,2a5c63c40e8a5ff8790ccd1e0484163ef89408a61fc922bd046af471ac28f207,0,0
FAS,2024Q4,967,2,431,4eb40b8ab74a99894c05906df6c829c89c63cd8e3f5fd5c25f526d949f9cf8f6,19803a41b29a2ff644c2361e9038255f12be75f038f9f51e28cf698e1e4aac0d,0,0
FAS,2025Q1,1048,5,429,446e3b7a1da911ff0a6fe06b754bafbe0ea561800dcdd36fbaf90bc457e5be5d,1f8a0dff26454e1f374fd165f4892e19ddbdd352dc6c892833cbd6ecc13aa131,0,0
FAS,2025Q2,1114,8,426,33b145f0b1b51fac80e8271c5306133afc95c8121158ef4c61ccefca92f0a366,3e97cc725a384831153eb5cb52f297f54e559e502684c2a37fea15f25e5091d3,0,1
FAS,2025Q3,1217,3,421,6424c7fa3e754404138a69cf6e3d78ed38852d78a624bf7d3e46e81ad47933c8,b67d34d7914188ae67c1a02e976d846548d7b83e5534974528c58164a7dd110a,0,0
FAS,2025Q4,1330,1,423,b201379a57de856213abeacf2731eaeff2ad80b49dadde985534195249454097,409e212fb4bf98886b260e02291379b63e84fd6cb7ab067b968c4bc5205a31ac,0,0
FAT,2024Q2,6,1,515,4e3a7cbbcd17db1d1957e0d48cf61c9cc71703e08f3be687ff457ba913bf2f73,bd5ae63a29890d42f6512a1e7fe6f694176d700f8f76ec36212249be32b87292,0,0
FAT,2025Q1,9,1,515,2aaf6a1cf0647b5ccd1121ce899ee8ad07fcd54cd12ce7c423e499f30ac16f5f,261efddb563af16eb9763793f4ef4a07ddf66db8bc9970df2550287de5d68413,1,1
FBK,2024Q1,205,3,467,0d4a2947a85773d1460fc2af686605c625f1aa44d40f094ab1be194ab36600e4,90841d4fc025b2c7e90f5ed31a062eddfcfce73d4d524e0464889c80b43f1f65,0,0
FBK,2024Q2,231,1,469,7a678725931807aa2cf5313f4a805f48868d484faac87ffb64521a11e74a8d67,2619ebf09f49024bce8a9f390a2646ea021dc3e54527aa1d3caa8d00c428bf3b,0,0
FBK,2024Q3,262,2,468,8de6f798fdfdab82ff0109f4eb4f1429da62835b49de09687ca3313513b41095,fbf9a6b0df98ca5b4067040721cf7157337cf17a4f4c57a377067accf513b713,0,0
FBK,2024Q4,274,3,467,10e9ed19638ca83bcfd2d10996f9829eabc22a72a0f63b18ea29980152fd1792,131381ead46496dea57c69f48559762e8770857a586b5f427360ca99dbd0b61b,0,0
FBK,2025Q1,299,2,464,893b4c8de39f66a63ad33131afb4ee71257771f053927f4d8227b4dc5cf2701c,8deb19713644b9184e11bd3c97661cbf95061b81be17bfdd7801cc5de35ccee4,1,0
FBK,2025Q2,321,1,464,bc9aa99504c0584dabf999abb9e9252aa6c8ccb8e9bec3f7bdb42e8d06572c8a,8ee4768ca710711739fe0eb1350f14ebdec2c21c30e21ae2e0e2adc52fbe7172,0,1
FBK,2025Q3,343,3,466,27ee3ff8c0513b79a1779815ce06725c2e53be3d2bc1362349de47927bf1a6fb,a65c1ce27d319e2d805023207b19465acb1e624b03de8b17cc3c2393314a3572,2,1
FBK,2025Q4,356,4,468,060315c601b14e29f8bf38413d7e9b66412c6d475c943755b62aeb5a2b41e516,d2b4121e9019b8c132d60e4a62e63b62afcb2575e10c6e2b43066b8dadeca53b,1,1
FBM,2024Q3,1,1,521,32995fbeb90730f12f24e210cdd92a5441f7962d4c1ed36385ef6e3137b6b756,20b55df4920ce2e4d50f52af88c9fb96254d96d058c414f391278206a37fa665,0,0
FBN,2024Q1,824,2,478,086ca8694f4587ddd7e1d04cba0e1deb0ce8badd71ac2cc5e07f94825eb60b33,101d59efc0248e61f51e4ea41793de1b82c6facbbcbf9196f4f562589131f62c,0,0
FBN,2024Q3,871,1,481,15d8b351678bcc9e0b5cce3de0d633f867c15d7a6018de7d6c4bb9b7dbaeb344,221324166e41feb46e457f0490759eaa3aa9a12f6071baf143042e787b07d16c,0,1
FBN,2024Q4,895,1,481,80a3dc8e506adaf65c79b5fa60fe93e42334bc67cfa990c53061fb8f4211faec,9d719d1cdbc908ba883aa70ec59fbd8787a726e21be1af5f66db51fb99b155a5,0,0
FBN,2025Q2,947,5,482,899c7dd028a65649ecb2da85eb5a07750e87a04902090b3d72a1303138c4a109,79d24333417d65499ec8b57be1b8197ed8165815dc528ac25b35e3fea1c895b7,0,0
FBN,2025Q3,963,7,480,28da508215cb54ae429610a1491b42d890cdef04232b14c6f02882824485898a,574ed07774cdb27c1d15231886abe0cd99d4d4b51c1dfe2ceb75942a8a100b42,0,0
FBN,2025Q4,1007,14,478,1138725a859e17b5fe9bc3b68220c68f6f74dc4d4795150e4a7a712f95307b8e,0a0396279b0f19d19b8c269413b9a0a868b3d1ac868d8c6a98739d94029e299b,3,3
FBO,2024Q2,134,2,485,018f6022db23e5072c33d44a8881255453bbdd91cc0b996e2d178a6d2cc03782,359048a3b054a8099af5fd96fdd046943406e7d3ff11e6bc6495f2a5038cf7bf,1,1
FBO,2024Q3,141,1,483,6313dae4a1056947f4328c4ecace1655ef1470e249bf528300753ed71d281cef,221324166e41feb46e457f0490759eaa3aa9a12f6071baf143042e787b07d16c,1,1
FBO,2025Q1,145,1,483,d3b22aafd119c71b08e823360677a32bdadf2b8ff8d9bbae1e9a0da969d5789f,8d679bc0fcab565c28f10b0b96de772fe7ec45d7979c51b1ece80a984650f2b2,0,0
FBO,2025Q2,150,1,484,a5684c9ddca36471eb086086bf1ddb5b0b78defd7d9bb0b2c11b79356dab6493,6a12e99824aea0d5feae2c12c8465437870d0dd31353dd3635102d45d7a6d9a0,0,0
FBO,2025Q3,152,8,486,735a619d724cd92e6b3c2ae5d886116a979d6909f0338c3112f3dde0bb116db9,3c4e9ea5769ad4885d7c52854b5756649341601e5fd54405e9ade1ecdb5ed854,0,0
FBO,2025Q4,163,2,483,4be2664fe2a5874bd8667571f45328a20ba4f9793c77f4ab843726d533c225ed,aa27a6204949bf03bc6af1c42124eb74438257891f48e122fdcaf3aff8553219,0,0
FBQ,2024Q3,4,3,518,40233d8870ab6626f5d63b6669aa0c7f93671d4df9c19e556a36082cb3c1f281,351341ceb3072b1b304e4e52962527f44a88ef2a08ee5e0cc0f86754fb26794c,2,2
FBQ,2025Q2,5,1,518,25bbb0277998ea24e83fedcd74e081cd78371929153bbcee864d121e339f4798,fdaad9580dfcec1acfc41367e03d8b8c22a0addbc4921a87777990153f78028c,0,1
FBW,2024Q1,25,1,502,b4217c1e3e2c41857ceda04a41d662cf0d8e26bd7c0105ec9f31631d25794123,3ddbeef7ce1f51f1f2fc3eab964d6343c6608bff620d4eb49138e1a1bfaf81b0,0,0
FBW,2024Q3,26,1,506,f8c27ad4f1c52460232831d97e66d834ef3c09efbec109eb77fcc4a77899b55a,fdaad9580dfcec1acfc41367e03d8b8c22a0addbc4921a87777990153f78028c,1,0
FBW,2024Q4,27,1,506,19a57f345f6a38efc900a3937bbe072f30baf6ef99beb699b58d0c2a8233c9ba,0bb688aed515c2b6cd52e03e025db2798f43fdfc02a1d8a98e4a2f3c293ce710,0,0
FBW,2025Q2,28,1,507,033b6d2627c40312b887cc3a15167f77e4e41a36c3ca5295c4ffbfffab6dd938,d7c2ad28f9a8d3c69320c4e3ef423a89de4b7d13ac1697d95e6130e0cb149e64,0,0
FBW,2025Q3,30,1,509,4c96ed0fb7fb7b341d6e860abb8e8f457b9f322a75640b43ce42f313387b519e,0e7ce2c55b01e28812e7fd0b7e7682c2f5cf97d5e220080ed0c6f04b26b18df1,0,0
FBW,2025Q4,32,2,513,068ee516f5c3e4d9bf10479a146f9df4cdccae4bf4f55958c73a1f89965e4189,46d7a82d91fc3f41411dabcf32bb0b782d0a151aaeebdf4b831b5a7cfed5bb48,0,0
FCB,2025Q1,1,1,522,a7572f742b3fc8da488a9f49344e98fe8f784272c7c4abb1af6bef5378db8c84,d0925ed7e7326fd1da0599f4480b6028be72c31955c5064207f11ff98d94efab,0,1
FCE,2024Q3,9,1,516,b1a1883982885726ec8ac2c7ae296822c9c731a1c59af3fa207f00b94c0efc79,598a368849023e0238de665cb5ad2506d41b4ec6497efa2fdb6b432b05bd9241,1,1
FCG,2024Q1,1489,3,424,209a7904c3e3156605151f8bb9ca57412337c8d4f586e6325147a3a0d47fb5b0,de4905b0834267e3b93f190a98d989bd23a89238cd56be6f399c4f4da712b7a4,1,0
FCG,2024Q3,1673,4,426,edf0e72b1703a87478cf9ac41bcb2352fa62cea5a00601f7d6ddf2c692c3fca9,302e9a4a814e9a8f399bb26156d710908fa00d27c9fbdb5dfb539f863cd27c57,1,0
FCG,2024Q4,1809,3,423,a5235614abe2f5a6299de193deab2133df6b791badbd6dbe615cd88c9c640bd6,625ff1b729fe43d3015ebbf4a6d0da23e792ab76bdc94d6d8ea7de2734d3d5fe,1,1
FCG,2025Q1,1935,1,420,984d80093d66e412b5c18efe33cd3901c496162f14f20cf1048a9167b36bfa59,06a5b2ea54f190eb0a7e4cb555d3eb01cec876b77cc9f21a5335921a87b1c5a3,0,0
FCG,2025Q2,2102,9,421,c7edbc441b66d3f9fbab03520887ca38d096842704e029e06c6abbd394182f73,f57bf8844972a9ef69d2efe6f7e57b6d214bf8d8a3d80de3f1840906ad5b1748,2,2
FCG,2025Q3,2252,4,415,5e99021bdf3cd4636ed7153d9e22304f73579786978be5e5c8290e99b5a8c612,85657dff0fbaccc5ee73cb6ee81afe0a2814cc4ca2a8e59ddf896a292d9a2ad7,0,0
FCG,2025Q4,2424,3,416,4f3e374ab3962a7877de178924977e59f5b542934ae2bde3578806258821bd0a,fd5be4722486152d57dc515d3d1efc4040b3fe2e0baa61586b2b25a2c6eeeb99,1,1
FCK,2024Q4,4,3,521,1d75f2149b9c0bdccb0fb3135e3a42ab245649fce8df63f376362aaff522763b,5705dfb86a3bbb4d1cd43e0494ab1241b7b2c07ecca8900596201de3fe9c80b5,1,1
FCL,2024Q3,325,3,472,b4bafe0ae7ef1b952906776353d2b92ca8d32192c7e3d7e3e90b0db530c17f8c,99fa0ef3bf6f19fd2930bc5c8ce533b4d315082a6f92051b95236d5cceb8aeff,0,1
FCL,2024Q4,343,1,470,1e38ab78910c5393f3abfee7c5bd267998b34248851c088ed33f71b204f4b053,083821f12d7436845a7f874e2f134d5103a891c9516a746670881b21b9919c61,1,1
FCL,2025Q2,359,1,471,e3bae0842b949a700fefa063aa635e24202c15d53ce9e8fe7ab13b8a1bebd71a,8ba4cd635f00b3bcf096007d75d2dee0e2f0cecb779985cc35a904df4656edee,0,0
FCL,2025Q3,372,2,473,089185559a6bacea25bd032ff4d7ab7c3b8f39ce2bd31fffcd0477c635a40d88,a766715bca6abb4cb4181ade4dd8d6eb9633e0526e5dc2c054ae13fd80aa8bf2,1,1
FCL,2025Q4,392,3,476,b9b5e078f1e4ab72477527b6f377a84f66ff84866d1e8d743313900fb9c1de74,db15adca64cc54c89eb79981277804d9e7082915d99c58db6a84f74836aac1f1,0,1
FCM,2024Q1,357,1,437,c1e949e597c7fcd66178632ce6e05cd9b6dce92961aff927786bf0dbff8eee3c,38e43c5aa16b6d3b5bc6cf657de814dd2b28ea68d77b3f1af5f211d3ad36241d,0,0
FCM,2024Q2,374,1,441,216b1ad6a8dc78f6ec054a45db046ac130461d8ccdc7e21eafd7a49d5ec9f5eb,598a368849023e0238de665cb5ad2506d41b4ec6497efa2fdb6b432b05bd9241,1,1
FCM,2024Q3,381,1,440,9261d2dc78875dd0889617bf09d9ee4d78bd122804dceb0159aa5e9ebf98fdfc,118c3868357412e35adc0a781ba0d2850d1f6ee12b138466bd9c9988ed432606,0,0
FCM,2025Q3,426,1,445,1533719233988a0bff464adcb1d0765da5bc7e954c11786841061f01386de915,7630b16496d2b4322edfd5e2d73fa6c8fb078371ccca4c05fce93049bf6271e5,1,1
FCN,2024Q4,14,1,516,823a3d9ebc45bd5709164a828518e2dfcf4aab27e8b01f776bf196ff677ac294,261efddb563af16eb9763793f4ef4a07ddf66db8bc9970df2550287de5d68413,1,1
FCN,2025Q3,15,1,520,2c4e74f48c73d6e66f78da5e24d167fca9d9450ddbee956ca44b2673eee9315d,e3173dd3b267271ce8c0c426407a504bfe481afa16c303d4493143e7f5dc6f18,1,0
FCQ,2025Q4,1,1,531,67ba922622b60285d2ec6b51ca97efcd41ac8c4a04607f6460d63fafcc36bcd3,c50676334ed094b5baf7bd86428ee2bb9d4a49c7e13079f27ed7169257dac705,0,0
FCS,2024Q4,44,1,494,04d7890bd76f464bb5eea86e27b1aef09f98cb7f49c568b8773498c17f87eb8f,20b55df4920ce2e4d50f52af88c9fb96254d96d058c414f391278206a37fa665,0,0
FCS,2025Q2,45,1,495,f273c29902f2cb3e937d78eee01cd7274dae9de0392772b4a83292d900966bfa,d0925ed7e7326fd1da0599f4480b6028be72c31955c5064207f11ff98d94efab,1,1
FCW,2024Q1,762,2,427,4c6117376e19be0485f11484604c522512db0eea1cc3b68cfc9c52c8816726a4,100b2c131f0aaaf139356385a3eb92acba03b9bb71e68a015e745982868fea7a,0,0
FCW,2024Q2,802,2,430,7416bccec2930e0a087bf846830585261eb05965b5dd197840a75bc502674440,b384d742bcbc9d0e6eee0adaad60560d43483ae9d3cc4eb9cb0c5155626df8c8,1,0
FCW,2024Q3,846,3,428,8e39804b85c279606b2b3516e76f8b18d1002b18458f6373c932955452fcbe25,0be1be35ae66e0665b60b56989978321db0944e18af35a0fd95c75795c138c9f,0,0
FCW,2024Q4,913,1,426,cffed6bd3122f4950f46268f604b6fcf4a69dd00c46512b9a0857a7a2b6bef84,975c6445e95895c8363b20d19ccf9bd976f057e4a21efbe674647f31a61c4e26,0,0
FCW,2025Q1,941,4,425,a4341138bd67fbbf67dc8dc914b549c3d7fb01e71068abf55297a79a59baca79,0f01242a7df59ffc4a0abb2d450b90ab590e3b335e8a9f6a6625199611b21c81,1,2
FCW,2025Q2,985,1,423,f6a2873a74ddefcb571fd1bc01cbf674111f1212d0165b2d62bcabb070ace5bb,191abb451fc1a7fd9475e2b550d1238aba07bb1bb20bbdb1f1add006625fb9be,0,0
FCW,2025Q3,1013,4,425,0400e4214659eaef2749e29d5a4446bf1c19c0ab10e86e4279fe0a3430c73df9,804193aea829f3b0073d837908510356f611c5ed3c27b62bbaf7b33eaaefd248,0,0
FCW,2025Q4,1056,1,426,991516b515670dfac8ce680d2653d0ad60783ff706b5e35c8a1eeb2f3f425947,2010e567f94a181179e0179a332e12ee13a037ab198b6cc0fd2ffa92d5eba2a3,0,0
FCX,2024Q1,100,1,480,f601a6ed6942d6386ae395c34d015a9da0436f72cd958ad4ab1ccba03c63012b,2021bfcf916adca8c3c724e44ef0de9873a3b8b8f9d00974868d55254e755982,1,1
FCX,2024Q2,109,6,484,08d97cddbec4f5985b5adb2b7944dcb4fae507b697b02833808556229d1960e0,b8a59538f63f45e9208a7e3d487b4c6d8b6835c3727c42e38f4e31182c7c4762,1,0
FCX,2024Q3,116,2,478,13b37159982fefa4caa55375f61680c6cc0cf107d6195e8e5a99cdb755809a5a,eb78b997202bde413050f96b952e0a1759101c5d64a043cac0e1f890700a1e06,0,0
FCX,2024Q4,118,8,477,3879252c097c92f5d838ed1d8f5fe2bed2d153760a198a7193f3d59cdd152cd7,9b7156b364996acbab6cabb44f2c3c61dd25cf04a1463290e0e574f30e566051,0,0
FCX,2025Q1,135,4,469,507993177be3061a1f96b3f6a6ead188091029c5e517eb79e839304a128adf49,b46214a3b3606f0e1316ee7c8aa04010847dd4ae9c8728711173548acf165587,0,1
FCX,2025Q2,154,4,467,1c7b137d3508c3c758a124c6f2f2d378887aa708c03cdec6997e3833d3f65379,d211a08d10f3f186794de4fb10b93133be5fcae24c423e4da9f25ac42f0c1246,1,2
FCX,2025Q3,192,7,466,d1e2438cead1264d4a144f1dfb059f760b5c24a17e568ac56fed5f032873fd0b,b2df40d1990c339f31795985b2ec2d150e8617f446d945a05edc3cef13f7a460,0,0
FCX,2025Q4,237,6,464,fcf0ef6b7a4b0dd0dbbbb4209633d383ff986afe2425ed110b61536f08710f30,3343a82a21c877e71c9be580d5fa069dd59c86c72951c35a7de7b68358cb3b53,2,0
FCZ,2024Q2,5,1,516,a286d40c5449d727039e359d6f1f4eab82e942b7a70c5f0a8b9d2476d7c785d8,c40b1c5676925657145ed816dfe78048de0e4e71d68b9535fc4da2f237454a0f,0,0
FDA,2024Q2,262,3,485,50c4615762372d38b463c32a672271d0f42ab1e96704edbaa7f979c194518ec0,2ad6b6216518cd289dbe8bc85c7756ba16f69a1621942958b5787f6eb279b198,2,1
FDA,2024Q3,283,1,482,2ea6703a31e1f8880101002cb2c94364f3357959304b28c9b9e11c1a2f859b03,95b327c9e953fd3fe62f2415a7e93ba14d48a5ff796400a19e1ac07c809b7b8c,0,0
FDA,2024Q4,301,2,482,282a5a36593c24074ceeed915fe45c734ce78a7ad752ec1ca34f5a1942791366,693b2b11d3c58165ad3132c352cbeb991e6f6b9f30942e9929ea41bcb7fb1fef,1,1
FDA,2025Q1,318,3,480,99ba51fbe48440e0dfc327c175d03ec5a4b96d876676b496e0ea891cc236dbc0,45d310305aa949f74f40728abbd082472271a3e35479248421f9141cec603eb0,1,2
FDA,2025Q2,332,1,479,49c8e8896ce6cfe2b96c6d1f3eba85f7aa5bfa4bb7966ba5872c5c3ac94215e5,6d2e0c91e4bb3d6d1e2bbe3f49f3cfc1452a45788aa0351f88ed4b188f28130b,0,0
FDA,2025Q3,358,7,481,fb14f3f8f2ca54a368c393879417fc121c710230091ed256665a468f47175689,8ba2b5b42b9427a8e7f163c4096aae1b6c6f593a7c2bee2c9fd583ca6d3849fc,1,1
FDA,2025Q4,387,5,479,8993051344260b94f4f51c7f197c5d0a0b167186622eed1aa31b2ad3773fa550,a60e90465bc0a933043e5f6b3164483842a03591176b45239e9a10ec70c6dd63,1,0
FDC,2024Q2,45,1,496,5128c99874b6ce58ca934fc9dc0a33347a085821fb4a4e1299959a5492ff75d1,acf5f388e1905363694144734b88783e77be95caeb50e82a674d929af03f5577,0,0
FDC,2024Q4,48,1,496,7cd848066a569a4228afb29365749fd1d3b01729aa2c866fbc181619db3875f3,e545563b497023690c9b474b0e63e1a6ae16dc9d52f7ab31f156f6d4219b072d,1,1
FDC,2025Q1,54,1,495,2f993c129a73ea5607a9c2a9aef205ed8655e74cc40eb2b360e0d84e939281b4,a870dcb24a5decb006ff62fa84d61e196ae2ada80b26cb1f88676e14c29c6c22,0,0
FDC,2025Q2,57,4,496,52df7b135564a98537eaeb53e64cb9a6e5289f92be90ea48eeb8413375b82981,c217e4d5e16c95f5ab95d75208d52426f69d030c2db1bc7c83fa6a0b9ddbb9df,0,0
FDE,2024Q1,84,2,476,9150e0706a4b920c9840b816605f42fdaab769d9877324bffbd08252ea49cbaf,e1e9b99b2cf0786f633223e2d5f8e384a696d09a8c1cddcb69fc60c721b37a3c,1,1
FDE,2024Q2,109,1,479,bfc0d396ecd5e0552aeeb710a0dd42d1db23a749c5b6004aab7f7de12fb612d8,fd6733de78e0a4f5db655cf283fa7ae9c05060cb90d72f9cba4716e75f9a8784,0,0
FDE,2024Q4,132,1,479,776c234aa21cffe10e34038241995b4e96f72ea57d33d249cfaf1397cd63366c,de4083f4e5c33620cfccaab77a0519ec09cf957e79b5f188e54363c02babcac3,1,0
FDE,2025Q1,140,2,478,d3b9dd9558b3001150b5421c5e34437a2cdda14bb865374ede7849043f3ae607,d3ae8c3a309ef8e4267bf3918420fabc0623f2217cfae0d2946f7f645788cf11,1,1
FDF,2024Q1,23641,2,305,f4bd2949be9835a9bff735f59c9064225ddefefa4b93a5925e02489ae4fc006d,e3eab9298543e4c9339f628b0e3bb350da45e47306113e28f8f2c4127502b70e,1,1
FDF,2024Q3,30170,3,308,8e5f8fe232faa874154ea3fd091a29155b1914e30273dc265b5f3727aae93b17,a62da9f9206c01899869f8578437d82f44df2a3ffeab675967da343afac12228,1,1
FDF,2024Q4,33346,6,306,a346a447da899a15f79b664b203f29e9d1d38f1b282270684d82ac18d4b9181c,7474ba73ccf5a4e720b425d0fe68d377b3e2e8bff35de1f8a7cf4a33c44bc9c8,1,1
FDF,2025Q1,35769,5,300,7fdc180ee67fb2c6cd683508b56cbcd59e3e984efeeffb46de987c484373f46b,fa0254713ddffcb6f111e67d7942eb1d0c6c4c74d6ffade82e0490e0ef465303,2,0
FDF,2025Q2,38279,4,297,dd8788ab0740034bd1e01b156a60efcf1fc4d3701f2d076d0d7a8d3736842fa5,4920bec02424d55d41e89e23d5482943b74173a2062beee28ea3b2cfd286611c,1,2
FDF,2025Q3,41358,2,296,176edeb70d20a2a4996d3caf7f4161371fb7514d498b6874dd4c6437c25f6ff5,223d8d02895b6e7116bc07cd76edd41d8dbd391c139f3609d7f0345f0c8919d9,0,0
FDF,2025Q4,44788,5,299,2c75b2250923a17a4c266a4d24e7cbc4498e9fa58f87171853401c17221203f9,afd41ff3a7a3714869e3ed878f9b0f415268d265f1388882ee0ebf4344b0428e,0,0
FDG,2024Q2,12,1,516,9011a400d2a3f11941b53bc3af8d13a8a32c72728ff7f4273fad2aa5948e1644,e545563b497023690c9b474b0e63e1a6ae16dc9d52f7ab31f156f6d4219b072d,1,1
FDG,2025Q2,15,2,518,24cb5b0f259c98a2f22a96a1bacfb8a3bff7bfb08af2876201bc6af61296c6f1,6d13f5385bddca746052edd58714f1d1af23dc5a8416eb996b8e59911fd92231,0,0
FDI,2024Q1,1288,1,447,dcb40d064555403c260edc0ddf61ad96c2c71f0f51b7b8d7d9b8c5aeb12dca39,d7c2ad28f9a8d3c69320c4e3ef423a89de4b7d13ac1697d95e6130e0cb149e64,0,0
FDI,2024Q2,1365,1,451,47374c4d81326216a3e3433d6f934f2a247eb853deb977667ac96b4b93cc90d0,f157aa487c2dccc4646bb293bc865d5dc4581e278440e31ec66fb4913e538297,0,0
FDI,2024Q4,1479,1,451,754e971a488c4770325c9be94297b862ecda0b2c606131e2ad85173c0e3e211d,9e75bf69254d8b404ffd8b80b234080c041ac1baf09ee4fd2dba2b6153117564,0,0
FDI,2025Q2,1616,2,452,b93dc9814dfda3af6dd7921884f51f2d5afbe2d088432a91a511fa1e7d413a73,09fb3080bb1a9784ae0831eced5290c961febfade2b40df966ae10c62782bd62,0,0
FDI,2025Q3,1682,2,453,e4a295b0117281c33f0de6217b60c76096b207ffd4d94d616859f89219ebc9b1,2420f8d223c85041ecf88c01fc4772dc6d5035268a43d434ca8567639a00b705,0,0
FDI,2025Q4,1755,6,456,ae39eae40305fcfd0beb3d07b6d69f9ac4eb18fb906b152b12019b748d1499da,a03877ac587d97388ed5594828f73ab431a2d27d6d70684126363d862304a4d2,2,2
FDP,2024Q1,19,1,504,dbc8e273ac149d24e896968480886319f277c9450966735d2a94c5fb8ee5a5ad,191c83ef3b46c3098e66e64b58c90f27a6ad43e7d675c97e8e54a1581c102456,0,0
FDP,2024Q4,30,1,509,7e4915ac4edf3d6bbe32cd801dad36d4bcb699c10535aee45470b0c81e3871da,64c7ddc63f91e1fa823dfcfffe5fa460f0b9d770ee9b52c9be5ed3f71a26cd4e,0,0
FDP,2025Q1,41,1,508,a18913dde05b58f11a0ae89536a21cf6b398ccfa175f00e66ffc56ec950bad56,39d570a31580b4b21f6a256d339894494e8f26e3e2725310c1087df6abecf1f5,0,0
FDP,2025Q3,50,2,512,58ff4a4744f9982e874becd147ecc9a184e914f20d1911c395889d4b80a1c2f4,d05b77676603750930a9173fd9f1cc545658ca329649c97186f6a51643244bf3,0,0
FDS,2024Q1,19822,3,356,bd48cba9bbdcff036acb1957c2dff8657f774d8862ff307b091e4fef2f61eca6,240b381d78bc71a5af37bf0d3b8db98cf18ed74e5b51ad00e12e088549d9c8d8,1,0
FDS,2024Q2,22384,7,358,29896b8fb7438bf1357eb95d08cd3947c72eda53e3c9f1915427f43ff682f549,ca8e6c5f817d27366eaf4a690d4b397dd457f07f4d1788479bd21a360a3962d4,2,1
FDS,2024Q3,24756,3,351,66a643a0f394d47d1bb1cf9eab2723311d8d45f9d18e1c5eb86f9311e63a3241,676d325da30d5c07cc42769f3c313cc0317d180d896bc002fd41086b055c67e1,0,1
FDS,2024Q4,27204,6,349,11f3056bb1e0d031936c78238be5339a6a06cd5b8801d6609e6eda028e17a7cd,995f09a116abd9b278038c5b2070452084e866cc97824219b46f83d5b4e5a521,0,0
FDS,2025Q1,29080,4,343,c9b93f3b0a333f130746c783a161f72100ba2387859952d8503c978f6a873e30,ed552af7fc103e7a0573763f115687959b984308134d5337c49f2202c6fa59c2,0,0
FDS,2025Q2,31095,10,341,49a84cc280e06325bb3c9008f4dc38772de72711f5f7c0a8cb66d96e007fbedd,d85918bec3dea677bf9e7e038741762facd0e1fb707be4ce5566a4c20dec452d,2,2
FDS,2025Q3,34443,5,334,87d6cd8acfb91ce43f5dd621b01b53a0f7b061ce2b187e29bee87d508cce2681,70955d939e26cb92f782e12d1dfb8ab9af35e0bc7e8843fb7fe8139b2404489e,0,0
FDS,2025Q4,38845,6,334,ebe939a5fa51d8fe5b0162ec2411ecc4fdd067cd70073c0afad9b7ca34de2a64,be2412532dbc63d6ac106945bc9d5a42d6823c827a294be7bd4471afb1381e34,0,0
FDT,2024Q1,9108,2,375,8130c9f0ee9d66d0ce96ad1d7c2ea9f80ea1680b642a652280804bb61c46c3da,2044606eab1fad53ee960ecb307aff069efecccf1c9ffe4c691f9a3af2f8be48,0,0
FDT,2024Q2,10114,3,378,2da24457b1c114b48a374ae2fcedaf77d6996fe19a644746a7c2c4c36273c812,6f51e85a78aeda2885a1d3008201c9159f6ca8017d5a72240907cb4074580b47,0,0
FDT,2024Q3,10839,3,375,2e3807fce5f4502e787f693d786bf226da4ec417c2876a46fad8fc8e559ea073,6dfe262c84c1674189b66e54fbee7fc9166bc2fa4a9abe3dc7e087e121c90218,0,0
FDT,2024Q4,11537,4,373,5907c9f1502f5584f791814a0bf5529e3f67c60e3b207a393473cec15bba6f0c,fb81ef66b62ac6ef09ede679b01b25b76ad5c68715c5a2e570c1348c83b6fcf2,1,0
FDT,2025Q1,12127,5,369,16ed9d3683f390ed9b6815fd005aa0d2d6c2d625c9b5bcea5bc0572666c23091,1941a3617cfd3c9fbb03134d3aac4624a004acd2873b65199161f3798c8a6236,0,0
FDT,2025Q2,12590,6,366,306fdf65d6db2e574556a6bca73e0b4dc9fb74e3e3dde6998f5e7c074561d69e,43d036304762a24c41315e776807f3c22ea695bd26cf3d056e794b8ce0c0faff,0,0
FDT,2025Q3,13244,6,363,315617f1e9a52bcec9bb22c48ad026ba0575b4913c624913c1709ff432df4be9,d8c7078fd1ff6458349fd5986320a874408a69e7601103ca590cbe506aaa46a5,1,1
FDT,2025Q4,14344,2,362,f636b4e44fbaa9e21022b98d45ba20792eebd1e346b0e75aa7df1aa9343fe939,1ba0ee95b7ab188285423b04c74caa8fd78fd790529a0f4b5429735262d7ae7c,0,0
FEB,2024Q1,2668,3,382,a8f3ef01e16aae3fc22422a9258ce32fdef870ed786d7fff44dbec82dece3f47,22a7953505617236c1e8d4f38c3d57f83f75b08e5074ab52ec33ff39876d4041,0,1
FEB,2024Q2,2932,3,384,d71161ec9bb90d34e2547999e793044b6ea6100973115079031a7e43a6de59ca,f2ecdfedc7a7b04f3ed72b0b27a4faec5a8e2fa77674d7ccc9c0dae9e1a2ee5e,0,0
FEB,2024Q3,3173,1,381,d01f13df3a54ea18d14ad45f3ca1cd835f1e3351895f1e1fb04afe131d79705f,c5a8eec065a1330d326d74b57a80c3d378ea8fa63887713715b8aeae80f74858,0,0
FEB,2024Q4,3423,4,381,051efc2f701cdf4e971047c940c08a7198480aa80a3134d5c365c23861464828,31b8765ff7205c2ad90cd3e4f72b871fbd1997e0310bca5f67f428b87e572e99,0,0
FEB,2025Q1,3552,2,377,e179333c614d7f3a676d60c54f3b02619d5311c81823cb24db8df485ef8b1200,d38fef4faabe3fac6999ed9e3637dd27565ef9bb5bc4fdf2283b6f622be7d99b,0,0
FEB,2025Q2,3644,1,377,68f35b16b5077c9060f64abd07a3d08ceeb0c0e37294c1d679db91af17916a4a,d782bb7473be55ba5c5459e0a7d1d0ef9c048810cc4660cb074bc8d1cbf0c771,0,0
FEB,2025Q3,3741,2,379,3e5d6afa4ab87916a54b62d46aea37207ad6fae2023ee9738e99272bba2a52fd,5c843ba58d612f42405128dc43a15e0447c0bc4fe696dd40241056289e64c47a,0,0
FEB,2025Q4,3812,1,382,386b2f8f92e167e7535ddf2185a014d478d98a617b7b86a8715a5f8580b8c6d8,c849a1040b95a6faa45f13604f00877f36ff022fd3d9012fe0b5761ebb135740,0,0
FED,2024Q1,207,2,458,525fa140d2e804d4d0a03a5a6dc8501f278647fe8aa369c618a79da9774a4547,1044484e672e8c2423b8d60b0ea49d26fafb016cbaab3d873cfaab1d447ecfc1,0,0
FED,2024Q2,214,2,461,3d91e6a39fb68195aab2c633ce4d2a9901f457e284653563f88c88206b24a4ce,2ff28ff5ccc14765b40bbcb6bbfebe820f8fe51b465c0e5e634e079d09f64942,0,0
FED,2024Q3,237,1,459,43840d8ddd3db3699144cf94d0fb523b18eb15fdf142a3f184f711f563b1e891,4e9806520a6dcd53f7f4edf4e52d8e8c92333ff197cb93ec1019a6feaf3d3a79,0,0
FED,2024Q4,259,3,459,220677cd7337a4cb462f6c83f386298563bc492ab491539249e91350e815f208,f7f5fae040574d26381db4b8fe1551e95eab5f482ebe9f96ec60077292395b20,2,1
FED,2025Q1,271,1,456,4b9d6c7183bf2f12307ed339ebe61616a0673d5646dbc329557428ef5e65432c,183272de21faa733721dc6c114790367dd74f9db29ae807401b7cec976b0452e,0,0
FED,2025Q2,290,1,457,7394ec9eb5860ac0b2f6dd312202520dfe9dbed62210099924e831523c81aee8,ed64a5a5322ce493860dd99ed952f99c5cc4857da12ed346aea053ed4a0e00c9,0,1
FED,2025Q3,327,3,459,831f035ceb70b4a1a658a5e1162cbce53a2f67ab0ade3f254f28cb70f5bbc6ee,acf7c965d90dfa8e7fa86f17a39f54d888fecb4ccb408214f8fdd227879637e4,1,1
FED,2025Q4,349,2,461,3f1d8509bac63af60ce14de93236de1b0e969792cb142bb3a284d69491ac6846,bdc7af6fd9c280bd99a0cf21783251dd45d4e99bc133a25f9ba00833748d6946,1,1
FEG,2024Q2,173,1,466,b18e1abe41ee9ea201c805ef41807b1658bcafc615a2bc3feb36bf84bf1da62e,06eb7fdea1bab6560dba4c8e62efa29adb2f6f8a63eee0f278154afb1acda5ba,0,0
FEG,2024Q4,180,1,466,78b7ff4b09aac988eae625f8b427c19bdbdf23228dce04a326cdc43a369eb74d,a45a4d8ca8f3f66cfe922287ca79f1444322afd4d71aba862038704c11a2aa0a,1,1
FEG,2025Q2,206,3,467,068d4cf09123e6571e74439cf57e2f3628e1459fd87ea9eb835ff359af4512aa,0a6483e5e8b5d709a0ad345638e1ca357459d14c878f46549f914befe7bf1b48,0,0
FEG,2025Q4,223,5,472,09fa03391909308b54e510339298309118cd340348102ca4eacfd463fc45ac3c,e5a30cd8d5cdb38472ba187709377f0ca847c9bb2172ea92f731736c0dc99d68,2,2
FEI,2024Q2,8,1,516,44375003324dad6743edb334c9660840da40855c569d5964a8e84ffece96a285,023a26e87522d87bd578d59804da7099cbe5a125513ca013a91c1817d878b2e4,0,0
FEI,2024Q3,9,1,515,1ff2bbe45bb9a21254cbe41c2f16b1ed4aa1a1ac9c07fc54ca94bd5b0ad4b670,45c6b4b088a7c045e20d2c57503e94a33e38f280dc63eaefcde2341e97894304,0,0
FEM,2024Q2,387,1,462,dd983cdbf50dcd51bbe40355e9fd88f8068184bd8e2a0b391e8adecebd2b19a4,4fd491a5b3473c27bdbd1aac56d72b92ee105e6bfbdcd62a3745993504314863,0,0
FEM,2024Q4,432,1,462,f12ab34fd624a087f8967ad0af626749886c1d02e2d0b42502c23cae97b33749,9d719d1cdbc908ba883aa70ec59fbd8787a726e21be1af5f66db51fb99b155a5,0,0
FEM,2025Q2,494,3,463,f36e635e7bc55ba3c3c92d2342315c6729ee19e7ad9e1d1ede762ff7a8ad8219,c9de927a23b7d2e652bfae96297ef4ba9d74a2336b9caced1e6095d2efd9a6d7,2,1
FEO,2024Q1,275,5,462,0480bce470ebadcb5c014772f4fc1a9c302333b21f9e51b20d5e26a24b04eb85,b3c85947df994601e0613465caac4c5ccc7750ccbb5303f142aa00e3516c1684,1,1
FEO,2024Q2,302,6,462,184cb4f65eb059341863531cac53189216ff893b7a0bc3f9c914d7bcd370868f,04d0169b97489a52ee1a586b7c412c872ac8585e87cf18cee08c87870e529384,0,0
FEO,2024Q3,363,9,456,e9651d26e32ac54296789545a16449364528a28dc3e08d183312e590e0f1dbda,051cadb05176f6d92f6363c0104759bbb91ace90e289b8748e6a3ac4e0ff9877,0,1
FEO,2024Q4,428,11,448,9f62d75bb2e471a8f9c7eb507d0f8a16b5d2d471cec6275c5c7f7267a92c18ca,88a80cf90c7a447d842ddfd97662fdec0ee017c97b8624ae7587edae40aa23eb,1,0
FEO,2025Q1,496,8,437,bb563df536bbf5a16a0774e8f07ee07ded164f22a5006871f9bcd8356792ce47,5218e704cffaff9cd1f0c2969414864d7d9a110ca986d780dc081be966a7e7e7,0,1
FEO,2025Q2,582,6,431,bb87fcb0006db7ff7dadd0ea23874ee1653797ad44625bf26e3cee7612e43acd,336a5530e51e53535ddda4c2505de2187449e6538ec3dd1f39375b952b21296f,1,0
FEO,2025Q3,639,7,428,b63f070b3d1f26630903c4ea2f4711911f7ef5ebead77b6ea6343b77dc040ee3,099639447683fcc9baba98de9ba2d1986a42c3334beee50974e5b4e5377809b9,0,0
FEO,2025Q4,751,5,426,b0eabfbb6600072dad46efdc3d5ec6b0ca4aca07f5edfcdc2c061ee5042452d9,9283077946fb25920f22ec3e3032f23108aa8678fb956ef846c0c29a49124321,3,1
FEQ,2024Q1,44,23,492,e0fa8a22083f91349ec689404c24d2a3c1b7e54d9cf341e99cea231cc78deb77,fb7a0cdd3d9f461f48a5a692aa4e1f5cc37d310d86414bc12f63cb53df73f1e5,4,1
FEQ,2024Q2,132,21,474,1ba93c6258e7537d2580bd3fccc46f019cd32b7a464ad66aedba0c2961e66b36,648e9d1718742c0fff050627fd7b6941a3be66be993c15fd5c4f167569ac3926,2,3
FEQ,2024Q3,326,8,453,220a8461bc5a4205d5e52c0215a39ab37c415c379d96d4bcfdf302e3ff2b054f,1a2abcdb030500760702c81057378b87645e92f75f4c7fe9cc6f03612d60a96b,2,1
FEQ,2024Q4,620,6,446,5cbb6783217eabc0066a08336a01198b13c114a3bed3c2d0295a15dca47a409d,dbeec86d61f6b86799faef3c23b4d5aba38729049a50897cadadc2e163ccd8e3,1,0
FEQ,2025Q1,749,1,440,345801f005ffdd642fb32fd9b3257550db159b87fd2f1cf46e821ee229f2b1a7,c0a96f021be2b891bbb71643ab13928f1c30e4cf94f9498b4cae5f22f76816bc,1,0
FEQ,2025Q2,848,1,441,eecf505d039ade204002c3d53b05fedc37a6914b2dfaeaf959824328a9b21b0f,cca220b8844b1cc09b24c8f33ad2af2c034a5eaa0b15b8485c4bad7bb1f0663f,0,0
FEQ,2025Q3,919,4,443,747a69aebd36eee0b772d773b8b64de71aac784c415995be17d842788f836d9f,543ac1e07b7e59bf5d9a295ae62357793f4161da52ea3add3d6c341b330eb6f5,0,0
FEQ,2025Q4,1005,4,444,7154140f6ce9a53de68180387125e327ad6b45c1295984572cf240e52a5a4739,250e3610118970cd010490d561f9ff0d4ed02aed90716f629f8317b9ced9bd27,0,1
FER,2025Q2,45,1,506,e9789913bab5db0a1b9c0f48a58ec831b4863b4a8cceabe60922d74017a27870,d782bb7473be55ba5c5459e0a7d1d0ef9c048810cc4660cb074bc8d1cbf0c771,0,0
FET,2024Q1,22770,7,329,07d1ab47432698828200df39d24da74db0326d6ce9167843db24784d85b275fe,39fddc11a1a711e55e09be6234d1797265dfee556710c7cb90d08d8c9b90dbaf,0,1
FET,2024Q2,25709,10,327,22b6186d1143cff2bf72273225effb3a9ca515673fb36c93857358e9fb5c536f,a260c2aa0e8ccc60e8f14aaf5f870686b1f44155bd8c8a260402721883c60a58,0,0
FET,2024Q3,29337,8,317,4585e6a87bf375e4f7388b5a3b61bdb6eb455dd3fb969c101d1243bb123bd901,efc6eed7fa98febbfd5db885c848baa230aca59700a54be7e19875215fa3f31e,0,0
FET,2024Q4,33004,7,310,1603ed055ed5a58134b73852d6748d61b2c5f2266445683bab19686ba72a9c7c,7a0fc3981f89b74ccfc86de09348ff35c85ce9f04dcd68307b43e17185dd904e,0,0
FET,2025Q1,35923,10,303,73e5473bfffeb25cc31acfb307a04693378d6d73bef018a557d674a20a8f6e34,77ac99a5f6a79d49660fa0873cd725fdc2918a688fbf4300d3d24d8e5ae2c1e5,2,0
FET,2025Q2,39769,4,295,3898054e8a5e3617c73f0e425d760b41bb2220bbb9c99dd1e4147c3eb15c2881,c5cfc0d95b10d7e492385a40fd6680d17eaeb5b7cbcff9bdfc534cc8c8907730,1,1
FET,2025Q3,42657,7,294,3a1d006bb6872bb814f643c41c9a1eaae1e38cecabc609a690f99e64608af8c9,4f4f40763ad5a5bfb1247bfe276e5f1d5ff6751bad9b4362fa57af9624321a3d,1,1
FET,2025Q4,46370,5,292,30bc60c463d6b2ada311ab8bf06261e676368d39ed839f40e2b9cc174ffd261d,b543e208ae332701b6c2836f5216a2163aaa4f845462597a498acc5e7566b512,1,0
FFA,2024Q2,96,1,498,8f6751a49e2fc7ee5c1b2a2b5429a5cac8473fd3c7f08d325752d3f8f05125dc,8cd3e7de608df5923373208c69af64501c7758519db06ea606bc8ae05d99be4e,0,0
FFA,2025Q4,120,3,508,7a2ebcb154aa0c0e2203b5c20a7c6d846eeecb2681037dc67555a1a5f4ebac81,c1204a93aa5ec949e63ca8dd41cdddd5c08c61317b169c8d35325c1629c26ca7,0,0
FFG,2025Q2,241,1,511,786155b1ccb1ddd32b6cd747d1fbc0f11293d30cca72d1d238fa550ce7e8093b,de4083f4e5c33620cfccaab77a0519ec09cf957e79b5f188e54363c02babcac3,1,0
FFG,2025Q3,243,1,513,5ec1dcc1b11249bd6b836faf21a179913e2f65228068c9d544cb55f4ba14803f,d7ced7469b89f9f3cc125405d49139095c136e8f3a5966fe6b997aa2414e1364,0,0
FFH,2024Q4,26,1,507,67c24d1bd5b76df1ec0cf4c906d151e6e31c67fd4db31d40833729f036fb61a6,72eb03f8c3c4893a966a7680f8717fac061bf421324db4e6f595132cdc000a8a,0,0
FFH,2025Q2,31,1,508,a43d82bf622b864a4a542d620bff018c4dc619d12381bd3a4f917718891270a0,3659cacab05527b55657926c7f6335720a935c7202daf914d7562dc0342d2acb,0,1
FFH,2025Q3,34,1,510,f2e67a16689f173226233e443c0053f3aae7244d3ec718f4318ede2573ea0545,3d0105d4b59fda1b993f890378edfb772cb1baf5545f823fc4877c3d16fc5a62,0,0
FFH,2025Q4,39,1,514,0a37c422bcdfa868c5ad2cac7ec53cc4a7731f65cd969c085a8de195fbe79cbc,d0925ed7e7326fd1da0599f4480b6028be72c31955c5064207f11ff98d94efab,1,1
FFK,2024Q2,96,3,484,8476ea43fd155b390b7d235c0f438acf5ecbda3859929f2b022a2d0387697256,dbbe1cacf80dfd3ab4410883fa84c5c2d06959b8864eaee7ae711e98a061fc64,1,0
FFK,2025Q2,104,1,484,0d63cae9a5f23d7565b988300ccc05fd9c660b80caf91e5b1089e5c774685638,81a2026272ff63d01f8af801ee48fcfad671edeb997efa58ad6011c7992e636e,0,0
FFL,2024Q1,2103,2,448,9c09be64a6883da2a7737fea3eccefffbb22dd0aa3d4ba7f71fdabb52c4c29f0,5fa7b79d71c3e7ec2eba711b354992b18a11205da767452b12e03e1adaf8772c,1,0
FFL,2024Q3,2412,3,451,81a5d9e73a12ab9e4434806fb382389c5c3509bf1c0efa5be6a4e09c0cc398a0,3e69a489c7939ab374757a8b77ee55906bee7a02035c4a7cfd0018188ab4f79a,0,0
FFL,2025Q2,2809,2,451,8c6ed3fa9b1cfbba462f368e5205bdcf417b0ce51c9e5d46502ccac53d2b0dc7,2ba228126f783c8d43b026f4959b4ca5e280316319ce64a0e93190f83de716f3,1,1
FFL,2025Q3,2954,1,452,1176b689a35fa790b7ae8ef832d503279f9249adca2abd5e933e45f044e6a5a1,29f7b955a4c736b904ab8119fce3db903fa9abdf1864956167a966f3d4aa12a8,0,0
FFO,2025Q2,11,1,511,a6cd234a8da814672e7e768f5a32bba7b39d5c7dfa6b2cca9fd4c618125ebe99,221324166e41feb46e457f0490759eaa3aa9a12f6071baf143042e787b07d16c,0,0
FFS,2024Q3,147,1,500,6a98b909042ed13d2bc3f5cbe70aec4d2b43a52d1980e8a965db5b725925e13c,acf5f388e1905363694144734b88783e77be95caeb50e82a674d929af03f5577,0,0
FFS,2024Q4,148,2,500,292bbcc3432573d7bb5682db88089c425194f297a04b57744d0620fce6999961,b547329d4753bb239a0759a11e7e42aceb39b4fe4bc5a425bdd686f2744c853a,0,0
FFT,2024Q4,2596,1,446,b3bb6226e4a512a5922cb1f495f438ca8a18a1e90e15b1c1c2f71fa3fcd152f7,e23191cce8b013609a93fa6552ce263885ebb9abf128e2eab65b73c69de62b70,1,1
FFT,2025Q2,2788,4,447,1ad78009da3d633a91fc1164857bb62560f49970301f58956171a428f4831462,34c63fb7490f1d382624ce3ed3fe95e7e3da7e8a752eb1cbe4ffa9d98e9cb5fe,0,0
FFT,2025Q3,2943,4,446,5c7cc09cf834369294dbc36d1060fcfbac82ea12d6e5243a0cc63ade838fc667,ed83a9695c5c8c0cd1ba164ea9c646101851eeab2c06f6baf9056ffc9fdcd95e,0,0
FFT,2025Q4,3111,2,447,1a78d85151d95359811f932822ad8b209142d040b5e22ebb2e25b641295286d1,cf1c88c933c6c13cb408dd7edc2f7778d1a39695434483a82cd6b08655701cdc,0,0
FFX,2024Q1,155,2,467,7b0398c3421ffc712c787dd9498b5be22c3d0a516124635bc31d5390acd37323,cded247fa4261275c938b13956d1939f1d8bef87af8d31264a513fb3f28fafb4,0,0
FFX,2024Q2,163,1,470,05e981272f483890c172e845a42f4b2ef27c8a291d27ada453137485cce30168,c3156dcb5e24fc6884b10c1df34a7e86ae30c83319b0a7acc85dc99336696e27,0,0
FFX,2025Q1,214,1,470,017c03d3be03a1c12c189df919dc7601522e19696dd727c70c5697a3a4126c6e,a221944324d4dbab1046b19d5cad57619f9900d32cef7a6adb1b377a3a0ff59e,0,0
FFX,2025Q2,228,6,471,d30a73b812367c2fd3a91e4af68ab41e57991dba213831956d04f0c945b786ff,df85a0edc3398db754896ad164e4584eb9a6c4f1f67960c7ed86172fc9e942c5,0,0
FFX,2025Q3,236,1,468,0c6d50c4bb5fc481dd49157567da44cad5f024fe9cf4f31a5e28110ec707a166,de4083f4e5c33620cfccaab77a0519ec09cf957e79b5f188e54363c02babcac3,1,1
FFX,2025Q4,237,4,472,cf81081c61c2f4e91140cf0e04183894b160bcf3a6f6349c0031af3e61052bf9,637d87fcacf47b53a64d3de6e1ee0aefb916b278526e94b6ca4c09761ed29d60,1,0
FGA,2024Q1,19,1,504,4e9961a8b516139dd8a126782947bf6a78144f900dba801c1b59a21f6cb01235,d0925ed7e7326fd1da0599f4480b6028be72c31955c5064207f11ff98d94efab,1,1
FGA,2024Q2,25,1,508,caa54116b8f1f162d4b1c30dc4aba37c54226c9d383be01ce5c91faf3eafc701,3697faf9942af42685fb3f815b16f9ce5d825777d0421210ec2e5cca8734bbdd,1,1
FGA,2024Q4,34,1,508,96dd0b783926dc05427ce5566fecb5f4965c658f036cf5bad57c7cdabe314ea0,f624dcf018bd7117af2c0ef366f6025a434c1a89c33a122df101132ce5fe9074,0,1
FGA,2025Q1,42,3,507,f29eebbeb79bd522bdfebd03c1c415b57dded6c2fb40d46203278132420cfc5c,c640f34f8cf1b6c1479f055f5d412fb07fe05e5edad10e0c5b6cebdfcccf9cb0,1,0
FGA,2025Q2,51,3,506,0a6a318e6e5e2992281bea263d922264952525b3967557f38776220867ff3deb,49aac959cec30071ab7d315fb739566a2f9602357c2f642126464d24f73081c4,1,1
FGA,2025Q3,65,1,506,5b46eb16962c459863a953175df4b8921176bac3ebc16e1fda8d8abe33e05e1e,e545563b497023690c9b474b0e63e1a6ae16dc9d52f7ab31f156f6d4219b072d,1,1
FGA,2025Q4,69,4,510,4df357a0f9efae5c839785af4d86e53490a2649eb91b8085cf25ebe12e331ade,e755b92e1dde054254ad5bc0bd0f019f5b184d2bc2cdab99394affcaa1f2a767,2,2
FGB,2024Q1,1847,2,408,9a60582932a5baf8379a696d611354958ad67e0b8e3b4e2a93c77931b414b4d3,daea0a3b117251b9c42edb3d85d25d46d7bbf666d2ab7fd4b7135914dadd19ea,0,0
FGB,2024Q2,2035,2,411,bf8b5fdfb4b0d18e30c6b3c0216de45541ce7e004aaba01127ba945054d54ceb,e36e3b87cc74e7a9d7fe28cbb5337e54479d4fdb50aefe955a741ac9d32b205c,1,0
FGB,2024Q3,2155,1,409,e41ba5f97c0fca82c8f524bcebec2a1ed237682dcf1ac9e5c9b88f629ebefe76,1623c444d9a12264a3af1dd54ffc08e85bb48d705216d797e02a4de7227406b3,0,0
FGB,2024Q4,2276,5,409,110ab184a7a9c4e07501dacebb3999c54afb033920f1dd6d1a8eb1159c6ab34f,e8a9be6ae31f191ec37a78acadf6d4f33fc8786ea3a7fd3921e25cf5c929363a,1,0
FGB,2025Q1,2419,3,404,542df5c59c1378c095639f5783ad60e7d9bc353abda64114e7b6ee0a3aef13e8,d26e586a0bb7dd1656010d0b1332832cad16bc9dd61fe2833368a4af6f09b4d8,1,1
FGB,2025Q2,2567,13,403,83d11a0187d57c38e1420d37e3138329667d63db5e7208c6a31303e54061e68e,24fc3d4fe17206ae3cf87bec6151e985648245e1f318039d570bac881bbaf138,2,1
FGB,2025Q3,2765,9,393,ee4af9500b533f0677b0df92f37644bdd3933ae3b64aeb8e20d3a1a847d42170,9475b6d78c6a32d9a24d433c286a4f095d0393850a693f8f2dafce5406545ebc,0,0
FGB,2025Q4,3225,7,389,299ec3474a0cf0a535090e69a735c28a77055d1538eb7f76fa9b91404b3bb318,4400d6ad27d115b030523626c8e05fca715b25f0542a14da073a1331089a4b54,0,0
FGC,2024Q1,381,3,487,732561e016de4566cf45e65dbe1a54fbb2ad3c6b9cd07387ff6f13be14eb25da,7b3efc48bfba20910c2f7b72256916b59f3a91053512a806e8a34db8e5ecde60,1,1
FGC,2024Q2,502,5,489,b69bf6d757487df4a364066f5cc1832d3421f07f73567e0097b4d1ead4b4f67f,bb2f30c8c0c89e39bb456746b91b806d60bc9d75316b4e40434e8503ccf93c7e,0,0
FGC,2024Q3,605,4,484,8e3e962adeb3f1f112972849996efed8a734efac530a03b1ef3e298ac8dcedbe,5a0b5c4c3e9522fba808bb0d523ef459cf460fddd7cf83eb337461e7f5e84155,0,0
FGC,2024Q4,700,4,481,d4bcfdd708971856895a813cddf27858a1d11e1429d6efe0fdb8c91325d42063,3588542ffa3af910d89422d5c7a2e160ffe56cf4f0f3850a7a9f8d269e19c4fd,1,0
FGC,2025Q1,836,4,477,15a3042421068afe92d34855af77e84f1e57883484d60911af8327fa903ecb97,a8a930fb991f3ade8cd8a9ce7899b47207ef15f2e0b6b44a8f6a31b4cd40f4c0,0,0
FGC,2025Q2,1034,1,475,d01cb7f1725312fda7e8d9d2e8a86492eb8125578e46fd8a0bff84df91fe476f,69c9b47649ef5fd9ebd2d096cf6ac8a423c34daacb3af8b0455b7a4d46370e03,1,1
FGC,2025Q3,1154,3,477,7fa5f7879c8be6d54ecd0b7588fed8a0a1bf80a870f3651b54d63c14b6c04ad9,76c029c0f1285d988147210d9a92063684fd144497f9484d5f3408b4b40a9255,0,0
FGC,2025Q4,1265,3,479,822ad22510395d4701de205a29a2faf30da6194eb4da325f9f62c4b9a86d08c1,e8f80cec6cfd9868153a0313f56955d74785365595a957a6df8b901d9f518606,0,0
FGE,2024Q1,9739,1,373,28011d70822d78bc7b545476b025dd08ffb3b4642abb654c33fb6f0ac2c5f59a,ea55a2cb9f8bae3d4b3ffbae2fef3e2161f3f9786f5a96bee6a29ed99716b604,0,0
FGE,2024Q3,10610,1,377,a07ccc15e058d589767511996dc4d104e5a3e1f57b3ada40b425a7dfee990d6a,fcd229da6cfbc892ce2cd4f9f3efd59ce90766369c9b87fb5768b4ae435f0855,0,0
FGE,2024Q4,11131,2,377,4caec5b7577fba9d991dc511cbaeb25bf781d0dbb0ee6003fe317ff6ccae0cd8,5980fb6c73f0287824ff68fa12a91a4df88f6e2407f6cac2bb7b99839989c14a,0,0
FGE,2025Q1,11687,1,375,eed702ec0ac46a071994320edbbb18b71f380beed171092880fe7bc4ffbabf41,642afd0c4301a0fe639c483bc95e6532b9d55e8d36c16a0eed5187af4472e194,0,0
FGE,2025Q3,12628,2,379,4a221e1c501e04789c48aa23d11b9b285c1442931dfbe5dcde337bd807bee439,f33a82c984c2ab3a46e2ba2f67a85aa5344e31fcf2d0a615dd584f5c3b39d72b,1,0
FGE,2025Q4,13125,3,382,2bf2af132cffb13f67529a7932bb8f8a48fee0de73b6b68b1e799f12d1cb1b16,b656dd1c531c13ef39d059f71f473f209bbebaede8f44b0ce6b603aff837813a,0,0
FGH,2024Q1,2,1,515,a19e01d1466f6fcaf79a66e73f64bfa8b2b2d5306f74c33627ed2a7ac0c3066f,6dbdffd7ae59a216b79d8f81925e4847ae6a185509c9bb40b39456307fcd0988,0,0
FGO,2024Q3,99,1,501,66644925aa415ecf843b0b75422688f1fae0594389e5a75b51ddb35e70dc5ae6,6e09471d01d382b76e1a78471c1cbdc849d6995b18bbf3a1d1031f289eb059eb,0,0
FGO,2024Q4,104,1,501,772505ccdd656649855ebcec1e4ba1689ad5c5819d6212e2828b5a12c3b0b4ea,3659cacab05527b55657926c7f6335720a935c7202daf914d7562dc0342d2acb,1,1
FGO,2025Q3,112,1,505,5cee08c4fbeef504c1a55c088d76aea88875d3969678c476c4b7a612c711710d,e48f9a2df6d08b5a1934e0431786f10a704f525ff73074014bc43770b396db33,0,0
FGO,2025Q4,115,3,509,169397bca993b1659fd86a1da981e725c1b33dd84fcf882432edef2001ced28e,7e3bc9c2a4f764e86f0f780b412d4a395050542f7d7a8dce726392ef64ab9f94,1,1
FGX,2024Q1,193,1,483,b6e48e329659fbe4d517781a1cfca73cebdc1ddfb81f603db9bc5c5897b27372,3659cacab05527b55657926c7f6335720a935c7202daf914d7562dc0342d2acb,1,1
FGX,2024Q2,207,1,487,a8946e916cf8057d1ddf789fe5a7f4dff4ead63001fc809ab322ac3ca1b9f1a5,f1642e8dac83bff4e60aa814968444ba936091290b15bc171a2aadc97b0f37c6,0,0
FGX,2025Q1,253,1,487,294df872758f7b59c53bd245cb640d7d2d8c6ca913b2fbf1fe799702c25f8d04,0e581c4815066a7ff423d513a2adc5f8e1d1163835a251048a3f89dca2383c4f,0,0
FGX,2025Q2,298,1,488,5e9b26e81f1152e60700064e6aa1b6ade18ca367e13fee26eff5f92f84ccf6bd,3697faf9942af42685fb3f815b16f9ce5d825777d0421210ec2e5cca8734bbdd,1,1
FGX,2025Q4,397,3,495,55b2099f4c04c4649ae37323c3d2eed0019bd964e070373fd22ad7b6faa030ac,0bb15b2ae72c5bda3151ccf00f5c7925b937b49f069bafe01191be70b8c41547,0,0
FHG,2025Q3,1,4,527,728f202d544e6240f0a74a4e9c97671b58d48b9bc6aa44da7c7e307381241a76,b4734dbbcd23898eea817f8b8ce8dbe2191b3b242b79243567c0ff587bff8292,1,1
FHM,2024Q2,8,1,517,22bf49630b8fe47b7fba8d5474521c63ff2e8103e4545e9829d32e65d6b095bf,f4aca0645ae9b53723543edf7a32e2ce8639b3bde004d46afd03e272e392ca8b,0,0
FHN,2025Q2,566,1,477,d3d776dee5c59df1cd226ac9da6cf82f5bd66313cc327a5d049f0d73f6d6ffa1,d7c2ad28f9a8d3c69320c4e3ef423a89de4b7d13ac1697d95e6130e0cb149e64,0,0
FHO,2024Q2,20,2,504,42937d14481b781ec3b0f4e114f9dfbb992fb5ba61d32a37061f833efd9e40d3,cb7ab53af7d6b63f205fda12f0d222dc783c3dd7aabf1f3d4c697766bb1ecbe3,0,0
FHQ,2024Q1,314,1,486,149c538754e3cbeae9fe015a615b01fa0af73a5c4f498389d6abd0046d1a9fdb,19685015ccc5f952d6265dc4bcb7e7a163dc7c4746cd284c379f330aabab1da1,0,0
FHQ,2024Q2,345,1,490,c112f0ed82d062331c133ae8270cd6e8c2fe45f547988c647da7eaf0ce141cb9,f01e905825ed2060e534525d0d7191a86e7cbecb247a3557af8166bdabacfdf7,0,0
FHW,2024Q1,18168,2,401,cd9863551e15766fef663e6a1c1545cdc41b07b9ac5e74cd7121a83e6f61b835,f186503d9c642c668ad3ba6a734cb19a429e68fc2a8050b8e030b66629eb5162,0,0
FHW,2024Q3,20231,1,404,77260f2ad65f299ae8160c43495beaa50f830439a42dd6e084e8a2f6c6fdc255,38e43c5aa16b6d3b5bc6cf657de814dd2b28ea68d77b3f1af5f211d3ad36241d,0,0
FHW,2024Q4,21369,1,404,e46f3a198065196af602341fd8694df140c558446d36e06602408c7057b55820,38c09c12833d504dfcc0dbdbb3d4ce61b2e921adf0cf8cc9e741a7704f3daf14,1,1
FHW,2025Q1,22250,1,403,0833e1981c2ebe1c0b5ebe81dfa4da2a2e5092fa764e5bf2b0c787b864ea537e,06eb7fdea1bab6560dba4c8e62efa29adb2f6f8a63eee0f278154afb1acda5ba,0,0
FHW,2025Q2,22901,2,404,aed431ad7230949064b9ee58c2a3f7a70bac4856fb2d50b62af93211d9125af3,08da74e5a24d2c694a0e73b078f89650792834ed4632e051e4634f5d23d48219,1,1
FHW,2025Q3,23584,1,405,e1a5cc91e5722135542ae6485da94427c71f95225067725d995b7c4ee092eee3,5fe5bd762629a8a9cb381c223e50c4a8e1fe61ff295966be187691694764725e,1,0
FHW,2025Q4,24206,1,409,24a68f784f5dea70526176fbb3ae15e5afcba3e6e2c667496a23d2111641b8ee,191abb451fc1a7fd9475e2b550d1238aba07bb1bb20bbdb1f1add006625fb9be,1,0
FIE,2024Q3,87,1,494,c6bd5641120b30d47276aa850bed4bdf42331b51f1b03dd5393910606b93e07d,20b55df4920ce2e4d50f52af88c9fb96254d96d058c414f391278206a37fa665,0,0
FIE,2025Q1,95,1,494,fde454c4b42cb77291ee79b59c232fedbbd57b8f147cc300d624387fa231cc31,e3173dd3b267271ce8c0c426407a504bfe481afa16c303d4493143e7f5dc6f18,0,0
FIE,2025Q2,114,2,495,e2a0e8f30c3bfecd5085b9c0c867b6bf1878c059231a2a516a760deba2f2be97,418db5c3411c2d641304434b4776e00a20a730a7738c0a54890002995ca75602,0,0
FIE,2025Q3,117,2,496,05899c0659b0d94c0d3e8a68d1d6025f75f444e09f51e866d9989fb0508b5af7,42d25fbb2ad9ab985bd9d5025c660292a4173e07e5866aebbb71478a8382c457,1,1
FIE,2025Q4,122,3,499,527d5479bcacd6c3dc032d2dde31a665b8159eb54ec185c550fe1bac31a98b87,402d159c876601b37055c568947f8fed3fad7d6a1d257642f337b8b3eb17ce01,0,0
FIP,2025Q1,431,1,500,7f5000c30a380d202c9d0e6e361e5b3f6150bf952ff9062a6683a2e658489826,38c09c12833d504dfcc0dbdbb3d4ce61b2e921adf0cf8cc9e741a7704f3daf14,0,0
FIP,2025Q2,455,2,501,7bcb66de8e35e88e5483e2d13447afb12ccf89f2878062d9cceb4056610af114,ef0c2578c983963be2abf8c95275bf2b2af568658bcb812542b3c9a92915bf44,0,0
FJD,2025Q3,1,2,526,ea3d73810076df571a99489b15f7312857f8305f5ed5c33d0963bf37090e3302,8539f141cc852fda0d3bc301a5dd4997262453d00fc44b3e60446840374a9bab,1,0
FJI,2024Q1,101,2,512,dc3aef5e192d70192268fad3e2469e73c26c11c714a4c95feddf8205d4dd7316,5e7b9803a35ea1ee9e8608dc697442293700da6692b4643e7516820a7070e672,1,0
FJI,2025Q3,316,1,521,19a68204286a8a24ee96ecb55ca26a8dfbb165c111ca4071b65aac9a7a3cdcbd,9a747d942ca2a9e4b9c780de67bee393e775fa215e0220d0ee8b53bab7f29573,0,0
FJK,2025Q2,2034,1,461,2cbfc98ac29f7aa082937be4588110ab9875590a2634e15ff59da8a6fec67be3,a01e6f9b9bf67cd709995cb090f93f1191a77ae213b1a890e7eb66b3561deb36,0,0
FJK,2025Q3,2161,5,463,f6376bc9b9970909eede72ff8bfd2bcab196f0f2faf3a4129a95aef3b2c0c8bb,43a691fff529a37bf95237fe74fa4032b5ff468618b2ed09af4c2e63cdec2264,1,1
FJK,2025Q4,2947,1,463,a449f3301c3941b03165edd3f13b682ff5f02a680459467a616189986fb5dd0b,53c01e2508e1e4f37060aa3a69a63f5cb3a3d2d6c98ed3bb78b78ca3bf0d9437,0,0
FJL,2024Q2,318,1,492,6ca8cbd1f482dda07569b6bb67daea0bffa5607c5d4f8e5147d072ec49750265,70a501a27df42007d3cbbb785790596667a6af0f60dec2b204a9680f79e8e0c5,0,0
FJL,2024Q3,323,1,491,7e532aaf7eb36759c5eaa2b724a602e20d83f01d87c5a9258b5918a5293b91b1,5a211cab6c2cb85172de0be3e8e3c0cc5110e23fa97e5d85113610a3b85a285b,0,0
FJL,2025Q1,344,4,491,e4161d5b57510f739311755d1af3589924d72c2a9c1416cde9a6a88bdd73e57e,5ff4c6f52ada6e65452a4d7b17889f0c79a08753ff46a6a9adad0cc09ba15a6c,0,0
FJL,2025Q4,397,1,497,b515afbffc261b50f986f1696dae79876bac88b121996a9188ff382e70ed4f32,69dd86f64a08232acded735e7334857c487cfa9769ea4444d703e11109018043,0,0
FJS,2024Q1,946,1,435,1093b0e3f12a9682971c5dbd09681ee1ae835fb7d92959c35bc9b1689e2c3a98,9559394944156fb2a0c90f41e331d152be56122dfcc492384b2e1292f0e74ae7,1,1
FJS,2024Q2,970,1,439,5457138561fb6ccb3ba60f9fb233399877dba9c52ac25698ebb3f550474bf508,4acf9ed3962214b8a18e480121f2577f4d243363d21111d2e48a7a788dde23e8,0,0
FJS,2024Q3,996,1,438,08e11c0010082d7c6ec69555fc3daac4cb3c598d69c7b2b8d944652173b42ecf,86daca3065e34a338f076ca3028252428f4d4d05c7236baf45bd8e40c11efe88,0,0
FJS,2024Q4,1027,1,438,a5a05583240e24ae4f72a534d7e4b0421a81d34bd00423735309c1d056c4bbf7,0f5d536b84f69377976d95d4eca5500e7bee7661e6d767b044440e641534c267,0,0
FJS,2025Q1,1095,1,437,2805bd0992101fd1f6def6b2a6e5540b6d4732e85abb28d27c78b64f6e7d0c5b,03206ffe82bf2b60a190b101dc6422808d1dc58ebeb3497ecc2aab030e924604,0,0
FJS,2025Q4,1182,2,446,f9b455eb3b6ce32609600c1f86330e707adc1553404eeb9ab5b9c2163d7b4b27,60ef86cd19d099b89bf8f290780cc8ed252490861dbe9e540ddb63b4fcef7bb9,0,0
FKK,2024Q2,13,1,514,3822dd6dd18faa69874aebcd121b81a5bfef1f6d91feea651ea7acb3d1c05dc6,1ad7da01ad9afedca3ca06eca6f98a05415dcb6066060971d68b6929efd66ddc,0,0
FKO,2025Q4,10,6,519,b86944e35ac7610f6afa915968bb33155684298d9b2fc4507b03a44efa89c856,aeeb7fd021b4d8e992554bfdbd25cbe296d1552dcf0bee531512b891f30f89b3,3,2
FKQ,2024Q3,6,1,518,3beb9e84b55c8ecaf3e5af0ad2a1b8528c2220b731a2d89cd31ec5fd408b1961,e23191cce8b013609a93fa6552ce263885ebb9abf128e2eab65b73c69de62b70,0,0
FKR,2025Q4,10,1,527,abe6b954b16fdb047378336c4cbbc16e408789e0b3b32c5017517c61e267a8b5,acfb10ab27087d511617594e755f404bf01db800769a6fb9bf6b64a6eae4c863,0,0
FKX,2024Q1,24061,1,420,e239ce61ee69e74eab8e6a05ff6a44f0920d0216b6978b188620a6afe78a3241,56555c92e2b587cb6c0d02c35616350f4812e39e7557c764ab7e800f3b8cc8d1,0,0
FKX,2024Q4,27018,1,425,62eec70ecd9b4c4cf676568edf4c55e38c5046614f259007a5ba3d3cc035966a,59b5b0ae7d1fc2a634132930f488576d94a386df805610c17e9247e6d22ff913,1,0
FKX,2025Q1,27832,1,424,1f4b63bcbfe2d0516b55f63a07107dcda14954cf84c8965f4d5b59a782f14f5a,625f87222c209c641a47bedfc9aa2e722aa91a819a70aa10239c725518d6eb9b,0,0
FKX,2025Q4,30166,3,433,bba0dfd4d8950b712408f32f465f36dd6ef91a411604ea97a8985b2a353ab415,c4e0fd58a46e9eb394d87e614d5c65e7d7f25f4391b0e23bd722c54905f16d06,1,1
FLE,2024Q1,395,1,451,023efb918ccd653883f05e89f9cdf707ff624d29b1968013dab26633d7e02772,0e91202d09fb12c9f3c93678b8b07b4f9b6508bb53fafb877c851effa966b76f,0,0
FLE,2024Q2,406,2,455,d0d88d2433480387316c82e879a6b1fd5766d4a2f07a89e0f2abb3a7fab3e425,d2aafd1d7287bafc9c0d039f256f1eaba12cf653f3d24a94ff43d64d468756cd,0,0
FLE,2024Q3,421,1,453,779531989d3e81b5126e61d897eccb5b3309f097e0e18fce64b1ca53267f65bc,0d1a6b8a2ef2278075ba133c100cf51faa01259bddcee3e206c4ac375dd49c09,0,0
FLE,2024Q4,437,1,453,d3a254e600ac1d044b9383fb05cf30f6211175d0381a482320aaa725bae841ad,be67ce850a1280e3a38282f4972f839942b9a010f553b03c7abdaa9fa0178cf5,0,0
FLE,2025Q1,459,1,452,683acae20b6827f96877d785d82e182d0e5f885fba7c8fb357ce4b3130a9e0cd,2021bfcf916adca8c3c724e44ef0de9873a3b8b8f9d00974868d55254e755982,1,1
FLE,2025Q2,482,1,453,398806b52d4f4d9308c49010f67839998d42a35e0a35427125ba6370ec426cec,b514795fcb021b5d26c110b7507d228de6666fc736bde58e16aca507b2ea3979,1,0
FLE,2025Q3,497,1,455,5e23b6aa1463a1f1e6fcd08272886724a282cdc6d0c968acbfdf294d04869f16,c7ca1bb14fd51ba8fd58aef005c843e2cd4ba79f86f16179c12ba3d85bd461f3,0,0
FLE,2025Q4,517,1,459,e053b43b9fc5c4f73e15936ddc988eb3cee3885b4064737f2109f9c5c9572dad,10660adffc097cdbe50eb0ff2a86476029e12b2b1665e45428c444244bc7da02,1,0
FLG,2025Q2,46,1,500,b6bc6c72ddbb9ca8722b92534a1b506900101a65f32fc3b44ce714b1aad33e2f,93a393f116ae4ccc41180f1438005ec6480e5bdfb687d2d3db92ce23d9d78ea6,0,0
FLH,2024Q4,32,1,506,a241965202ee28fe5dbbf021143a127986798fc465cc15fb3b7892ebfbf5ae99,69dd86f64a08232acded735e7334857c487cfa9769ea4444d703e11109018043,0,0
FLH,2025Q3,36,1,510,a51154b399d686c14cd5ed38ab479a600f6e8043307c03891731fb1001ac1988,ea55a2cb9f8bae3d4b3ffbae2fef3e2161f3f9786f5a96bee6a29ed99716b604,0,0
FLL,2024Q1,463,2,463,af6a9391a57ca166b73e78c605c5a4ad8fabfef346cc6c6a2897014d7435e560,ec6d0ec791050d005acd919149d2c7b0743ae3bd99ff5cfb8a28f8ebf3264a6c,0,0
FLL,2024Q2,484,1,466,569669e2b995453caf109c8eac3d2dd79d1bf5b12aac9636c75b6517abd19093,1ad7da01ad9afedca3ca06eca6f98a05415dcb6066060971d68b6929efd66ddc,1,0
FLL,2024Q3,514,6,465,f9bc34d421beb13432f39414ba3ecc8db7b0c8dacc6fde13a534eab13bbcc715,ce5d0e4af2b8a84869fa0333803fda687a46415fbd689e8b5d0a2810f40d1672,0,1
FLL,2024Q4,548,1,460,d668a9e012accfb3d17b573c60fbf9d13e75dea0c403baa345c296169dfc7714,221324166e41feb46e457f0490759eaa3aa9a12f6071baf143042e787b07d16c,0,1
FLL,2025Q2,599,1,461,e54a6ed0d5df7526a9262bc568c9af0efa6d51f9327f7d8c216e61b475856edc,06eb7fdea1bab6560dba4c8e62efa29adb2f6f8a63eee0f278154afb1acda5ba,0,0
FLL,2025Q3,622,3,463,5033b1dcdb6b9140669dead8cf0128ec1d88cf55b23d3a06f7bc9d21a99c05b5,7a81ffe63c7b9dfce5e523943ccb39b1cd7456e5c304dd5774437cf16632087b,1,1
FLL,2025Q4,639,1,465,58f6f3136531b6d139af092d1f4e4bb3bfd839eda2569301a3a41bdb63c3290d,439fd981edb3e2f2627282b1b655676cc4176970a4c243218b851672060095be,0,1
FLN,2025Q4,2,2,531,c64ec39692bcba73d10393d31cbac4373347a67d3a70949f362f3c6e0f15c221,899a53d3dec1bc2915e16e3e12db8b0fe37ceb74b1965e6aebafe4f05b2bbe27,1,2
FMF,2024Q1,27518,2,277,cdd3be6b13d9ab3fd1de3849a41fc493878a45c4781893655f49cfb1f2749444,1f2f4bfee90d0e0e97f2cb103d6c0127d2ad658393ff461c26c429559abd2591,0,0
FMF,2024Q2,28902,2,280,17d94d4224decfab50f80cf9d476dc3bfcb67b1131380c963af6adf6aefa2bd1,8655b77e5ca64acad42b30b401d759d5e2821e90671e21796b95e07bc2ec8b7b,0,0
FMF,2024Q3,30304,1,278,9b9357b7675bd6525582db459ef47bfc327ba1ee4b0033c7237032ba83143de5,91fbbba68d1dc574e38e2504c6295d5ec4e351769b3b84903e42fb39f9ea99f0,0,0
FMF,2024Q4,31512,1,278,44ef47cdeeab98bb48e3698875578dc5623a1d6a9382a31ddcb997c43dbdd718,81a2026272ff63d01f8af801ee48fcfad671edeb997efa58ad6011c7992e636e,0,0
FMF,2025Q2,33610,2,278,3a2b260b7bb5885bce3ed6a3afed8e313ab31d90bcb60f7ccbac368d9849a52d,803c67f1f852132f2e5e5d4c7d0ab77d69c460f91e9804832ab1d9c9f5e696d6,1,0
FMF,2025Q3,34768,1,279,55f1888df933b04d99dd7f869fe64c2982d716f4f1705eea8d5d1e1198cbd7a6,dd9256c0bfee52f6cf533b681c7a9e768338580959593a57ba7e271836a130f7,0,0
FMG,2024Q1,1898,1,425,58319fe972d42aefc0da3cd4be316d22bbc2dc62a1ab5b783e1a45d836b5aa52,39ae8f759350928495deda149e35bef91830fff8deb6d13a9316396daf34c3f2,0,0
FMG,2024Q2,2077,5,429,f90e3017517bd7a81441abd0a2c47c7b6cf452c00639cc4f3c426251d5fc11d9,6e8ff8233ca74639e196beee9e67ca9ccbad8c5cdb55335e48b374f3376510bb,2,1
FMG,2024Q3,2370,1,424,49fbf3c98d42d11e87777b56ebc985353c909655229f8e2b8971619c8b9a5483,3ee01cb3bf8227c3ac048cb3e763fbf44ace1e4df5c53eb3bac52959930d3e07,0,0
FMG,2025Q1,2833,1,424,1b8a038cb65949bd09ac7b9d3b4ca7d560de8a526ce75da09df4c24e9e4f4363,9559394944156fb2a0c90f41e331d152be56122dfcc492384b2e1292f0e74ae7,1,1
FMG,2025Q2,3080,1,425,97bc912194967e31f0174fe13bfdb3f9e72009bde159a7001b41dbaa48b8ceb2,65ea39fe79bc24c82fbcd229dc271c392c0523fc3903735d7a2251444fbfd846,0,0
FMG,2025Q3,3347,3,427,6aed9eaf55576d63e9cbe7f9896e6482f4c41349573d1594e1270e46aac8d59e,00c5c2852663f0375f2d38e75581c3f7ef75071c4e3b4db48f593039597b8299,1,0
FMH,2025Q2,265,5,475,a08e6b40b9cc8f0c465f2e7baffd3cb5f4a09252942cd1027e75880e7659ab6b,88cdf6288c263af3a55402dd464e9b51e7a40ae41a1e531bfd10e0a3c8bab91e,1,1
FMH,2025Q3,300,1,473,7ebfcf5b400350d2cbb37680107c7f09541b014e07dd31d3d17aa4cb6bbd8766,729fac211ba5c7f1000e7179711350e006a5d6d9f1132eeb92dc8570e00d6e5e,0,0
FMH,2025Q4,311,1,477,2bcd57735698d7e051af365f243fe1b166c2009eda80255a50f27c8eab11047e,a870dcb24a5decb006ff62fa84d61e196ae2ada80b26cb1f88676e14c29c6c22,0,0
FMI,2024Q2,24568,1,312,cfca5adf7463440591dfa67935eccfe55bfa3a9fb2194042ea14b343e26dcf4d,4e3d02aa585719d4f47391eec94e52df6c1978c18b266fa1299884a6e69a1139,0,0
FMI,2024Q4,26404,1,312,75c8d1a5bc3b220e4dd6c074d25576e73f77ea30356d1c49411252af522e1abd,5a489744f0e6044951321d02f4b36bd22ee1bc9b699313c30d5078f30abffc57,0,0
FMI,2025Q2,28390,3,313,5efa16e9bf6e3cc972fb7972e76b3add70e2ed0a55c78bd8a921da1f18a999a5,2aa5ed09b50337fb78427e106072b6c8985fc6d9d5ede2a85ba940926c11743f,0,0
FMI,2025Q3,29107,1,313,6cbe8cff1be65a7fca3980c87aa39f3f799506cd463ffe01b51dc7a84d4fe772,41cb6db6b4b81ec360579fad82e609926a78ade93b8600e1304acf0315616942,1,1
FMJ,2025Q2,2,1,524,05572b186d8bfd1f48231bdba2ff447dafc9358f4943881d129e56ed1db339e6,bbc61898f610a139a4d31a937c96d5d2155dbae5a6089e0b6de8e724869f4171,0,0
FMK,2024Q1,1493,2,445,ebf1e288f7f44224089688ffe90f990e7febe113ae1f578ebf371f7f4f56a106,efee608d8351b638246687382d46e3f0ac4a2ed5ff87ad1fd1cf5efa95b6e92a,0,1
FMK,2025Q3,1760,1,454,ab50b3f11b16e9ce0bd2539672616de2449b6d9b1891c4cd8af3af3a430cca01,39d570a31580b4b21f6a256d339894494e8f26e3e2725310c1087df6abecf1f5,0,0
FMK,2025Q4,1766,3,458,d5ca6bd6747de7893bf42abcdb2d0b81a22f662296cae5c92e84096376302fc7,8bfb47aaf15e297519140cfbd11b86ef8d0322937e9a2014aafc92dc030fb64f,1,1
FMP,2024Q3,96,2,506,27b6aaee82218954dea1e1935b7c2b71e55726ed4a0e9bbec1d6698ce69fbf46,3dba63e2036796bf85c88a5db46a48433db5e1888a06fda83f71ebeb69254736,1,1
FMP,2025Q3,102,2,510,e12eab542256c53cdfa37f423d1e7ed4874a84cb055d30f0f7fbc89c8838226a,b004abd7bd3c1de08b4747049408d8efaa6dc27c1ae7172ce388a58536b0335a,0,0
FMP,2025Q4,104,3,513,17a3e52df65ac3c8ae0697792f3c3104821cea4bfd33109e1b0832ed5799049b,39dafce7625c42862c860ebec699a0c966ad08647da9a84232ef391629bb2662,1,2
FMQ,2024Q1,229,2,482,bd7dea4fd0b8d714e1a061b51063e9121bff6662a93ac0c3366e5b8998a9050b,dcb23a2a8d635c76e0e33528309aed66b8680eaa4c767bf61514d560fa83784c,0,0
FMQ,2024Q2,250,2,485,36d64eaed753e0cff306091509c2fe7e0ec00d00fb3f77cfa3d3c7836cf43b0f,b77a548216108a18ec893723da5f8693349f3f55db2a64793f39bbf7832c340a,0,0
FMQ,2025Q4,298,2,494,8b1ae2fe5b424301d9818474f0a1b5fb662dfec8f4ea529c8f0d2e3e28bd4ad7,808a21f4c76e29c52d0d6804260c5c73e5f3df6ed7c12c47f06fe288d8d70bfc,1,1
FMR,2024Q2,41,1,498,50e656310f9a851687a6013f0e2c4f4dab9dee2ba41aba0a7ad99aeb729eb319,19685015ccc5f952d6265dc4bcb7e7a163dc7c4746cd284c379f330aabab1da1,0,0
FMR,2024Q3,43,2,497,14d7c40d229ebcd44051c324be1c47dc628a4f12b9dc5e94bbb0b119b755c652,6d7c4fae06513b9c634b0a63a0d48178b6a1d061a9b57b7985b580165bd56510,0,0
FMR,2024Q4,46,1,496,a9de19aa8bea171f97e6a0566cbd5b0fbc29791d263ee52a0ad36d44ea418d30,54a37c422286a52a05869bd47562d7fa281df0162bcad04c082080c067b564fa,0,0
FMR,2025Q1,51,1,495,2f7497f406d7449f0b702a4681bc9763820f92d21aef5d75bebe3042de8e20bd,598a368849023e0238de665cb5ad2506d41b4ec6497efa2fdb6b432b05bd9241,1,1
FMR,2025Q2,53,1,496,12290bea2ad6544b00f897dc5abe9fcf95578c9e381370712706e6d43084a0d9,6dbd796ee769ffa30219ce8a7fb6bd0778e547879b4f1a4a3a810e212edb3e5a,0,0
FMR,2025Q4,58,1,503,4655ea6aa95509fbb08619f1dd2a5ed0fe1977eeb8257ffd7093b6cded34a3b8,38c09c12833d504dfcc0dbdbb3d4ce61b2e921adf0cf8cc9e741a7704f3daf14,0,1
FMS,2024Q2,142,1,500,2bda5710261bc88e8aba0fa44106e3337beaf4ac75c737a971f2916a57a04449,0e581c4815066a7ff423d513a2adc5f8e1d1163835a251048a3f89dca2383c4f,0,0
FMS,2024Q3,151,1,499,9be32530d50c4797425caca533eeabc9c0b21ba613ec810a914f20ef626618e5,715e1d9e5de6e9ccdc0d5504d23325853ee433f856717588c7ad6c19b1861b35,0,0
FMT,2024Q1,3843,6,444,4c5d28720620af5f217f748f6b38e41e59786d3d04a72f5d484e955c597ef715,e4a7f044c47282e9022837b31b6e775a723f7c51371cf2079cd5d27e5f6eb288,0,0
FMT,2024Q2,3873,2,443,7c50859d2eb6882060ffa4ca61745798568b92b2d677fc5865577a2b4397537c,759e2616e44950d2c23716f1054a5505e21858e0dad9879c6856eb4240a8d63a,0,0
FMT,2024Q3,3903,3,441,02acf72f3d49cec45726d85704c6891258e1bc837754917125c3b7ec49e17162,d18722adbd5e3392664bb4e195f3a1f8e3d7e12fc4f3b161a2c19e23e5b9caef,0,0
FMT,2024Q4,3980,4,439,c5e537562287a6e778378dafb3a6b57ef1331d93f3fb73e76e4cca129277a9a1,1c7e733b16534357de9546b803fd4654dcf6e4afac3f51345260bab0ebbb03e1,1,2
FMT,2025Q2,4172,3,437,3c2fc1592b3497959a808bd04029ac783ed14893ca9929e1eaf65516f825e285,ea8b20485814a7111fc17d39e0d6a74bda08e89b851d249abf388e152081616f,2,2
FMT,2025Q4,4380,4,442,4865d0bceec7fd740c232e0a8dcba8f9ab7bb46377496481b5f9ce297f129c5f,39771d549fcc6c69b96b4b182bc93d45dc8f5da608022f67250997c25b9bc150,1,0
FMW,2024Q3,7,1,514,543a65d708336a533dfcf13cbf26f5d7da8b776d543f2cf4f46ee0d3a11d943f,598a368849023e0238de665cb5ad2506d41b4ec6497efa2fdb6b432b05bd9241,1,1
FMW,2024Q4,8,1,514,91a981e16d3e20e5d308dea8ee2f24a436879ef59277e707c4da87d172b8d794,cbdd00c08fcd013e55e94815c31b8e42f822f7d7d47f2836753892256c8267f9,0,0
FMZ,2024Q1,93,4,469,9da6f3f3a7690eaab6c5ba4ba5f3f4498a45a8979ac28e651ff4119ffca018f5,19869faab5f7aeb610ce597c59f23e352516ccc886f1a6840d3ea8de96168e6f,0,0
FMZ,2024Q2,104,6,470,4979387b29a25611257c69c83dc44c911916c6cd6ea307870fa4c474177bfba6,c447b1bf27e1a90d447cc870eaeb030d040a305851e87838d3f2169098d4ec56,0,0
FMZ,2024Q3,118,3,464,29b15f5bcfc56a17bef740a21f4469b9094a509c8433140fce9e42e7cf0ae77f,a62dccdd883eeb7612eecdc565801c6d7856be75b02200f7dc70f0c843ad8d52,0,0
FMZ,2024Q4,149,5,462,5cb610f53154cc200ddbf65951d8cacf66bca18966e2bfd7fd5df41de2e210b9,b90526ad02dedfe208dfa22453fe5cb56c4492d4a98b40193c8f439a7b6922f1,2,2
FMZ,2025Q2,278,4,459,b65587ed9e62e83bc3317e9542dd7f4ea38f7af788999351d98ed6069e8f6726,0cbb8e4468f6a229d95ee83eb7514ca4c7fdf610761971ecb5011f87f95d1b00,1,1
FMZ,2025Q4,425,1,463,b53182ce4393d87e88fdd3152bd4094c9c2000c59722c195afe13f625309d9f6,57fd50602e13fc9fe5d66ecefdc76063f904cc0ad6c6b1b400c94bb44ede2fa9,0,0
FNG,2024Q3,36,1,497,c955a1a0645fc52a5ce81bb8f36b650d20e4a9062fc8712a343b5e7266a5f7ff,8eb538505fe52b9ff2b97d0624a82d31240b10806b73e71a11fb1029912bda5a,0,0
FNG,2025Q2,37,1,499,2cab99316fed903094209aef99eb2303518a3e056f09cb38891f476ff87a292a,cdb53b428208876fe35ded219a4d33663bc897e15a55c595ac0719ead2487a8b,0,0
FNG,2025Q3,39,3,501,aa3c57aba9931b26bdc39f0281659b1434a4047adb61c45fc4b54e80b55c0ce6,56acdd5e8666dd841afc54cba61feb982244a7041f5b8a0dbc7ea4ed6a5ba9ed,1,2
FNJ,2024Q1,102,1,487,f19bc20a0d987374a3983300edea4189c1d32974141c8b7526c371758c12f2c5,a5b4864803fb4abf683e57d5f47cb371966044d4ab4e4bd93785848c339ba6f8,1,1
FNJ,2025Q1,146,1,492,6495588dc49f6ced2a1655c4a50f7a7c24ddbddd24970d956ea505756f4b3c1e,d0925ed7e7326fd1da0599f4480b6028be72c31955c5064207f11ff98d94efab,1,1
FNJ,2025Q4,195,1,501,7d3a3c0144cef3994a876d177acb000018322c6c54d5078cb75f68f27d56f2c0,1ad7da01ad9afedca3ca06eca6f98a05415dcb6066060971d68b6929efd66ddc,1,0
FNL,2024Q1,6898,2,357,8ef92efadc6e8573fe1b82679d33e07a148aee915ede8bb58a0d4a8fa2201206,4d1c41c73c8f8ae075fcaecccc4212677fed267be3ecfc9bf199345abec5f797,0,0
FNL,2024Q4,8551,3,361,ae2c0a9cbfc2843a97c8fc70cdade09a83db71e3dc0fa173f5fa332295b2f405,a4c677a8e5688e19dc0e3ebfa696e20597c9222ff9b86a816f139dce78aeed9b,0,0
FNL,2025Q2,9997,3,360,c189912964c3227f385ca6ac7771725e1873d66c726cc16bad547f69b5b025d8,db749c1959728828737e995d3d1663f5d2b861001bd6edecc6dd3159ed5807dd,0,0
FNL,2025Q3,10670,3,360,4500f653ef674c3a00c573b47d64a77ab1c424e203c0c43a0f3f586dd3d350e2,ea88dc4e5aec49bc0abd41d788b11a63ddde56a25960308f5d0ea4612f1eb792,1,0
FNL,2025Q4,11228,4,362,2330ed88efcaba957daee5c000307f0b50f152960d666a2ff065c930222f6518,519badf4f8ee14031c59e2cb83cd8fafa78ebecc4675f7932a725bc2d3da6fc5,0,1
FNM,2024Q1,477,2,442,0563f06d2348d553614b6b17fdc4d6577d0e895154b6a884f0ca951492e91438,4f740df3cf00aa7e5ccc797b824aa5ecf2c757cbd2149bf59a463cef99ef7856,0,0
FNM,2024Q2,514,2,445,0256a50329fc0b5f5103b1d692ecd332ee3b60c92a1355563f15db3828677c62,c582f1dd665624e06a6b36ba9819b4d666344a6011e5c900d11487876a08297a,1,0
FNM,2024Q3,541,1,443,b7fae949c934f34eff69fdac3f3343ee18ae7b780ba963fe9928dfa3481f1e49,f885143ba0762716c32b6bd040582c044dbe062280770a8d430846d040329d1c,0,0
FNM,2025Q1,731,2,443,1d737d119be9b53b867bf89a2d4ccf5611b0f5afe51f93343ff764a58ea18215,a1c55aee88e457444448df261617205a9515fecaba2a2389fd2585488f3d889b,0,0
FNM,2025Q3,795,1,446,f2071dc2dfcc4c7503560725b3695728f5b551f114eb96bb8d09ad5f27cef5c9,56555c92e2b587cb6c0d02c35616350f4812e39e7557c764ab7e800f3b8cc8d1,0,0
FNM,2025Q4,831,2,450,55605be5eaf227b2a03e36e85fc200e15bbcd5b06b06ccbc9a85bd723e303df7,0ea07cc872c180005ecc23d857546d272ea8070315938328a580822a4077e7c5,1,1
FNN,2025Q2,7,1,519,35f8ea711f9b56466fbc916ffef9416a0215287a653e00a712c0946809b41500,9559394944156fb2a0c90f41e331d152be56122dfcc492384b2e1292f0e74ae7,1,0
FNP,2025Q3,6,2,525,238287a3ac3a86008a9253a788935d072282a634456edda24991026f4d8d07dd,2249b46e235e17aa3a198bc293db1433b84196e493dcea94320c2f530c0cf182,0,0
FOD,2024Q3,12,1,511,f423c0987d49f32a775229191e550dd4c11d78bc595a17ed1eca48e97366a174,22d9d66ebc39a7263baf276b5cb64705d4faf13b49a11097f31eb82dd97bc4d4,0,0
FOD,2025Q4,15,1,521,b0732f02c4165c5d27fb74e17ed6719257ef02b70d36bd7cfaa586e43638d01c,e23191cce8b013609a93fa6552ce263885ebb9abf128e2eab65b73c69de62b70,1,1
FOH,2025Q3,3,2,524,7ccb43178f1d57cdddf250705254ef35d4386216995ce29e15e15641d5bca426,4c53939d603a3efc9f3d63338a240b6dac3a5ca2314704948f303f2aa1af0e83,0,1
FOK,2025Q3,5,3,524,75bd5b62f18d94d22831ecc8776a2e5900599e15c95ebdca4b1845be1ae162c1,716671d27bb72487fb5ec8410517b6f54e65417c2059c7bc99857e59c7f12cfb,1,1
FON,2024Q1,15,5,504,c86c873e0ff402de9b3e06cb152414add4fd28d5f2343c37038d1c001b3244ad,c6d37b3b8b099eb8cc079a61d6f24b26bb2fb5c928141a4773eb7ef54c7488e9,1,0
FON,2024Q2,17,2,504,5f42c01271985763c6be3640a6bac9d50db994c2052b5ab6f32c256af5377d84,cce3668ce818ce4aa187abfcb17d4a45029817e82bae6b5580180171f9a1950f,1,0
FON,2025Q2,55,3,505,8d42d7414c29d06e3c5ef34db2534ce3c909eb8db282c643a0ba9f9be83c5e85,5d3494e3e5f3ec04535244eaeea8a9441e68e5f7269c7dd2ba9336ef8b348405,1,1
FON,2025Q3,72,1,505,2fadab565bbd87fa1865ace720c5b1c47c768b3a2dd0a0b73578fc7a86f8b092,191c83ef3b46c3098e66e64b58c90f27a6ad43e7d675c97e8e54a1581c102456,0,0
FON,2025Q4,73,2,509,8096944750be3af4a8482b05667caa4b72c6cc0c977730b879b4b82a357783f4,d9f3059ac16fad1e07f414ce343cfcdae4d4b4e59079f7cdd23edc9929e98eb5,0,0
FOS,2024Q3,229,2,478,e05174fab5ce55b2b4e629d678b3173737ee5325ff0995345dbc6d7e802f8435,1b5ecabc053f8d42197e6c0ca62a55bee17c5c236a74f288169bd4b59cf0c374,1,1
FOS,2025Q2,283,7,479,d84c6416c4892bda7bef4a332e95e26c42517cc87dcc8898b0d74d82bfd1d38e,efb2ded10d634bb1d4fc5404f3ae42aee3a9a738512f58c47960998c7cc9896d,1,1
FOS,2025Q3,297,3,475,6b57901bfe7c599af7b4747d009e5f4362ccc31a86a04c7955197e176e43418e,3a9195576c79c94c11fd665bc7c8d26d7d53a763be1c572e3e282f85226e9556,1,0
FOS,2025Q4,309,1,477,00a8f80c48095661775290708051d6be4ce8b26c71ab9d2b546aca8258aae0c0,06ffafe2347c3a89f0bf26e1657b8d45c014e9f95a710e5bf5b17ea7045b3deb,1,0
FOX,2025Q2,329,1,479,dd5278227e789333c67865557b4ea637c10bee2acd11de63046e9a6f99c69c0a,69dd86f64a08232acded735e7334857c487cfa9769ea4444d703e11109018043,0,0
FOX,2025Q3,331,1,481,eac1d1afd2c4825a66eb18491562b932f185e38f7540e59d57b653f742279b25,c6981b383d5d405d002d8a7883d4dd3fdbca3fbc2a7bd6b9e58e48ca0094d38c,0,0
FOZ,2024Q3,23567,2,323,423e4888444c6ceb661e694f202d2b6a83b3befa795775de4580d4ee3d85ee77,5adaab14e1a5803bcccc2b6c37019bb73212c053e00b153799c8e257f2e0575d,1,0
FOZ,2025Q1,26173,1,322,af77dff37ba6f7c3a557deb4e82a3804249c6ffe03ee1ae942264e2be0ae0fe4,91fbbba68d1dc574e38e2504c6295d5ec4e351769b3b84903e42fb39f9ea99f0,0,0
FOZ,2025Q2,27568,4,323,61105ccbb80492f4bc95d6353ef9977654e4140951249a35d6cb75939b582f63,62e8d05fea1faa94f4cc054075019fa6cdbffc7cff4904f2b3c027182cce2f9e,1,0
FOZ,2025Q3,28951,5,322,77c697d8032c6e06286aece09aa9c91b0a94153b6ca6f47d60f1fcc2e7ae3fd2,340a01170b5836752099321863993e898e8f7ba579af036fcc05af534e6e996f,0,0
FOZ,2025Q4,30190,3,322,5e8522a6cfdf276a3e26ff257a3025b322819b12dac935144c921cf491a7b2e1,cfae2f93dd3db1d4cceb5d5cc8b4c3a4adaddfdeba688b643bd58a88bce46850,0,1
FPA,2024Q1,55512,2,240,e4bc3c460cc0a15d42f687cc6ccdf51f7ef02cddc99fe868a01ec4f95bb849df,33e56d1aa37c3ac392401e4752ff942bc2b53cad77a70a17454d113d0178c39a,0,0
FPA,2024Q3,71642,1,243,9d90209857f6b2a779d08c26ba1e83cb0086e4527c3d8726e83cc5d71268269c,2801af3109b4eba04a9eb78d0ad1f3e375bf430d314044a26cdf849c5fb799ea,0,0
FPA,2024Q4,90766,4,243,e90c53117bce1ab28c6518265fd348b105a1f16dba8d29514a8c5e2ffddbb33b,d9cc400ac6fdc1fc02181d4ff71a1845398c459f18bb72adccd4201b2916dae5,1,1
FPA,2025Q1,102721,4,239,2dc4923f85cf55640e45337cfaa4913cbb07310a470370e2a90d7803f1dfc508,97f7d9a7618eb19c07509412594ccdcb5ce131e3c6c089c68c58ea6a797632e7,0,0
FPA,2025Q2,113203,3,237,eed7bdb170f34cb87b330c24e09d3f9f6009e67c7888dce475e359a94ba805c4,871ac520c1583f443bc27228b05a78b14d25b9c8cd8688dfd4eb9f0fac3e2c99,1,0
FPA,2025Q3,123598,4,237,8e58e812ceb011851e75979f814395ee1a9e4fa76f7cfcf46195af62879d1633,e3e5988719089b0532e5aa36289ab257313aab55c15be497863e696abea0030a,0,0
FPA,2025Q4,130888,3,238,1f51e20a515cb65f5225880d41c268086b9c8cf0020f6c112ebb55bf773bf94b,621d7fc541cf25c3df1819afc9d2f7059b805db9cba2ea6da24ea638af3642ed,0,0
FPB,2024Q2,308,2,489,044858282a4be671beaee26305fc20c5f116649590998ecc2abfdc92f038d3fd,e06c57c71b12bd5ec13dea6e91ab586a00503692cae9d5b393c15efa61c0e9cb,0,0
FPB,2024Q3,317,1,487,babb433c2eadb3f05049e48923cf8324950444a2ad15259f039d27bad3659ef4,fdaad9580dfcec1acfc41367e03d8b8c22a0addbc4921a87777990153f78028c,1,1
FPB,2025Q1,331,1,487,fbb663df836f471f41cfe2134af5890d299c806f61ba25a0d85dcbdc93dda4c3,9a747d942ca2a9e4b9c780de67bee393e775fa215e0220d0ee8b53bab7f29573,0,0
FPB,2025Q4,357,4,496,a6807fddd682a49286b0eb597c4d3e6d66ca3835b3f77fe0cfbd44042c5da38c,0138ca2536fcd9b10c7134c8687a22d017558dee204af8fbb0710b0c14e47085,2,2
FPD,2025Q1,189,1,466,de1b3351bf742ad3fbf28277518907b3646cf6099af55d3e793b98392d9436f5,408011c658a01c6e5bb88892b71739eaa23afb185e98f01265dbc90d1ea458fb,0,0
FPD,2025Q3,194,1,470,bd34c8897719afb89c06dccc8231db405367fe37b7d402533d334b55dede8209,71c46697edee9e71aa348f719c4c7b970093c2f170e96c721b1c35b61b7d2256,0,0
FPK,2024Q2,46,1,500,b8c29081969c1917f97af57a11c7fb9fdcb0034ea9f00403139af017346a411d,3659cacab05527b55657926c7f6335720a935c7202daf914d7562dc0342d2acb,0,1
FPK,2025Q2,63,1,502,e253a4c5d3b22be68e29cc1208e980cae559dcc499990e48d7dd303240cbb34a,e447034e34165ec0b40cbb0d007119e73d7e5f445f3399325634902c2bac8563,0,0
FPK,2025Q3,76,2,504,2320da79f98b6cab02ec3c4930a646c002da3b3fad1c223abf15ccd37a4db380,9bf7765aa47c504b6bc22088c36c7a4d0a9d68bc0f4652feca5b9562e8666123,0,0
FPL,2024Q3,4,2,512,b36ff5c110cfc0dc58cb5218270300ae4c06135fb8e45f21d0599c1c139db8f7,e7e2c86bfe25b36f9323ccfc6ad8fb7133fee782578cb3d7e9010fea34a783cb,2,2
FPL,2024Q4,6,1,511,4e6a7f58d6ce8e4ce1b7015c5eca168425d6afb6ba8bf6e2ef13f97c45305461,dea9d6ed4c5b2c6c197b6c6e2e8fe2511b7ce5fa965a4c6856e58fcc66a9b5a9,0,0
FPO,2024Q1,3953,1,438,d2191355e16dd047705f9c843c94a7f862f9be8c9b2e2f3decb5903c9c3c8699,439fd981edb3e2f2627282b1b655676cc4176970a4c243218b851672060095be,0,1
FPO,2024Q2,4168,1,442,5bb3c6dbbaf82e4f0c9010afd9c226ed054ff31f0bce0f06275ebb21e923f682,56555c92e2b587cb6c0d02c35616350f4812e39e7557c764ab7e800f3b8cc8d1,0,0
FPO,2025Q3,5418,2,447,22dca71f73691a55f0c9eeb8a7b40396ec3bc0369380b71549bbff5bf7cb0269,d73cb450d39f7ec27aa4f97fb5275576a82c534a5deb654341a0458bd06eafd8,0,0
FPO,2025Q4,5624,2,450,9bb63dbf0877a97c8b2df7aa194769c84875b3b95fdcf192445f83f286f1b8ec,c6f702881e3dda2342993cec03009d51ab94cc137ca64588a873304062ac5a55,0,0
FPP,2025Q1,222,1,501,68df4ace1e114a084ac261dccf2b907384c62c72a51e186f107a3e5b2bb680e6,d0925ed7e7326fd1da0599f4480b6028be72c31955c5064207f11ff98d94efab,1,1
FQH,2024Q2,1698,1,378,fca3aaf6f2f8a69fb55b65052df6bab1bc65e35e913fbaa48ecfc45bd8ac7ebd,e447034e34165ec0b40cbb0d007119e73d7e5f445f3399325634902c2bac8563,0,0
FQH,2024Q3,1790,1,377,817397609257c8325ff8924ab7b52c533eb9b79ba1c83593fbfca42550b9af89,1327033d4f6449191dd6467613f54487d1f92c3c072ffec417ac0efe3c487ee8,0,0
FQH,2024Q4,1886,2,377,e668704b0438e046eb77d22676cc52b1249d96646af610c035249de208f0183b,23c39daa5207a079103f3b473ee8f7067859c3b09f844ee86515147516801906,1,0
FQH,2025Q1,2048,3,375,a1ecf98cf7576a19769636821b4c0ede6c6961ae699dab08f9684cff148c1fdb,c82e94d460237f73a8d1bc8690cf051f3afb21aa2a4c10867ee20668c8599d36,0,0
FQH,2025Q2,2186,2,374,9e6f448db58ccc8e742d7afcf69d91b07ef8de78ffcd3774c99763368f80b928,779e2664bac31ac51dc80d4c88efd7f9d4ce2ee2db8658fe55175915f89a529d,1,0
FQH,2025Q3,2338,2,375,dc33180ec1d980fc3d3c46d18ec14ca58867573c07951cd62cf0342697a2083b,90516b5c341a40187801a8b5dddc31edde8f0d8d9c8dc474309a5d5b2df7652f,0,0
FQH,2025Q4,2755,1,378,fcad7892fc923a4a01f2367f0e29d702bc6302dfd25fa5b8431cdcda311654b6,0bb688aed515c2b6cd52e03e025db2798f43fdfc02a1d8a98e4a2f3c293ce710,0,0
FQL,2025Q2,8,2,517,1941b115addce2a6e94e548d83236f729a27bd29bb9e39dbb17ecc208b979cc5,55f5470b1a95b20087df51847be3840dd527506a8c88a119b5310ac87d0881a3,0,0
FQL,2025Q3,10,1,518,57106706c7a60588a45c7d39543c5d927bff8e350f7af813fe69405354f7ff58,0e7ce2c55b01e28812e7fd0b7e7682c2f5cf97d5e220080ed0c6f04b26b18df1,0,0
FQM,2025Q3,187,1,491,b46bc337d73d4427f9cc7cf060bec083c09e1957aced59b716e7b19a4b72fd68,118c3868357412e35adc0a781ba0d2850d1f6ee12b138466bd9c9988ed432606,0,0
FQM,2025Q4,190,1,495,116114b449b7d34bf73828eb35761db8e8a1a4bef21a5771b23a562ad01efd39,bd5ae63a29890d42f6512a1e7fe6f694176d700f8f76ec36212249be32b87292,1,0
FQO,2024Q1,629,4,407,39925aee13c694c6923d7fa5eb6bc48cfd3affc50f0c777615c16f2197561f45,b8dce451fd9159d87df9ec9fe278920e99be2ab4e817d706008cf0b8a1f9dae8,0,1
FQO,2024Q2,671,2,408,4dee9be6a7eeb5f9ece94630c7baf14676e9f26cc5a93ba577a48fc537baf3e3,c7eab02922f161b82adb74ea334ae22e29dd2d8fdd539dcc29e2c36b8d1ab09d,0,0
FQO,2024Q4,736,2,407,79a3ce7094cbccc9b4c7fab5b286d136a94fccb7a67ed7a0e9336b7593bab94e,0443fefa4f96d6c9db98cf0a863d71d5fd03007e12a070bac1ca52caabc77924,0,1
FQO,2025Q2,794,1,407,099a7f6378011be6cec5d662d9cd25d058949c4206e119ab6ca48a6b11a7e858,1327033d4f6449191dd6467613f54487d1f92c3c072ffec417ac0efe3c487ee8,0,0
FQP,2025Q2,36,2,516,67fdab7a44240a68d28596b69095e4c0e6aa19c33f3c967fe1f7114890e23090,60198e6823c36b0f27571d5bec361741acdf26e06a21d77dc8545aa8da4d52c1,1,1
FRA,2024Q2,2,1,517,d0e670a3b8f78e7eea9fda477a4999806a3af7380ee0c2a542d330eeff6769e2,38c09c12833d504dfcc0dbdbb3d4ce61b2e921adf0cf8cc9e741a7704f3daf14,0,0
FRC,2024Q3,104,1,506,2cf34ba9d5364e965467cbfb80574778d988329dc9fe2df9afda460f29145f81,2021bfcf916adca8c3c724e44ef0de9873a3b8b8f9d00974868d55254e755982,1,1
FRC,2025Q4,110,1,516,ab1de8487efbe5772abde8e033886e7ee666854e865962246e52824ecadbd3ae,3ddbeef7ce1f51f1f2fc3eab964d6343c6608bff620d4eb49138e1a1bfaf81b0,0,0
FRG,2025Q1,78,1,494,563ad0e5bcb2658f0e709c1ddf2c2bd83c50f80a2b789a124b0576d194f108cf,0e91202d09fb12c9f3c93678b8b07b4f9b6508bb53fafb877c851effa966b76f,0,0
FRI,2024Q3,20,1,509,86b56fd67fbd7044a1829fc6e43ee29ca0371de754b441f5eb618a04414489e6,439fd981edb3e2f2627282b1b655676cc4176970a4c243218b851672060095be,0,0
FRK,2025Q3,36,1,517,1c402a43659e25f5c13a388e2ec56749f6e6e16b626dae8a088b56370f6fc601,e23191cce8b013609a93fa6552ce263885ebb9abf128e2eab65b73c69de62b70,0,0
FRL,2024Q1,62,2,497,16cedb56405b16571ed68288b1d85a26bf48ed5de3ef1a07611ea2a3e99f1c9d,138dedd78005e7b3db88064985282d8d8505d422dc4ca0c08cde3bb1e280afc9,0,0
FRL,2024Q3,68,1,500,5b74aafd14b7c2dc94770deddb96f294b9e8c23fdb20b24314c460217d3320b6,3659cacab05527b55657926c7f6335720a935c7202daf914d7562dc0342d2acb,1,1
FRL,2025Q3,72,1,505,5404966738630c6645d09689c55005ba2480776a829ed710917c3b22f8d3edbe,d7c2ad28f9a8d3c69320c4e3ef423a89de4b7d13ac1697d95e6130e0cb149e64,0,0
FRN,2024Q2,1380086,3,169,ecade6ed3bf52d2907d3ed24837a2d7aeac0ca66a0bba89fd60eae00838292e5,dabffbaec0260558db913e12eef5772f2f959ae4cc0b1ed95b8d4373d68828b4,1,0
FRN,2024Q3,1394445,5,166,2b8634ef3b0a0674e458e5b8bc4c1519acc49a8c8684eee2e4a213c86dc4b406,e4e846a8c455c4d694765c3e9307210a67ad7d44c38ba033d1c7c0c6aca90d06,2,0
FRN,2024Q4,1406930,7,162,4147e1a732c567be7982b0530d918997c55a1cbbe54c82181921a11c01565ed6,a384733930353cf5b2e452082f3f95af340724e0c8cb5eb7a46eb61565a777d2,1,3
FRN,2025Q1,1420967,2,155,378674f0b9caa61bb0b91cc8f7217d71d1fc0eaa5dc4a9fbc84db3c9a343c402,90b84cfba14fb3da4d69c56d0de62214b479a0145c3c28bf387cf5fc380b48e5,1,0
FRN,2025Q2,1433865,6,155,f08cab3e6a5200f00b1a1cac79f7e661fbdc1065c19da3b6cdd49bc249b12484,7136791e93bd66fe6cee80f17ed90939f2aad80954bc182e564c8f6c98baf7c6,1,2
FRN,2025Q3,1446911,2,151,d4ab2837d2a80a2a252ab29e4c5b90e3ceb75285b3ecc3c6ff66cff9be07e51e,4051884e25b67e718bdb2842ebb6e059157c980aacc15ff46e2870da2a5dec1e,0,0
FRN,2025Q4,1461578,2,153,843c1976071cc64d946422e791790bfca11ccf67e0a21748db32a000f95fb5ba,019ac54a3488777358917877d3f822090d83a1ac35bcc2e7667f4117edb868e6,1,0
FRO,2024Q2,885,2,465,211875b084046a033eec1534550c45039c557d35e71a6b351901c337654c6abc,00a2ebfa4ae54a78250ef875e33e1419919cca412457d9b99227cae4af04fef4,0,1
FRO,2024Q3,954,1,463,af0325469d1207651de2bded20a126b13b497e18ff28cc2e0d5d8a1405be6d94,3b5553a1355ec2865007ac59625590ef0d819f0369aa44a4045edb9aeac307d5,0,0
FRO,2025Q2,1138,2,465,bc1630420c8f47430f07064c559bcc65fde11cfb7f5b85329afd61935a7d10c8,eee88b6bb5039794590c03947038752d332746063d6521c1c1760a6a50cc17ed,0,0
FRO,2025Q3,1176,1,466,ac667246113d49ec6d96d99ba60dcf1c6fc2d9327625960a06256250e50d1ce1,01f6a48e6f0b4e7c669299b5f4edfd85175208c46e67d96e8739233cc92876c2,0,0
FRO,2025Q4,1221,1,470,639827fe455bdc71be6f3b9c16274afa9fed705d8639a774b4695a2ff2552d4d,8ee4768ca710711739fe0eb1350f14ebdec2c21c30e21ae2e0e2adc52fbe7172,0,1
FRW,2025Q1,6,1,518,d0364c37dfe14783e4da76c1bc64525be9774699122149d62df1b2cc89ab6fe4,439fd981edb3e2f2627282b1b655676cc4176970a4c243218b851672060095be,0,0
FRW,2025Q2,8,2,519,76903cb7db9c4398017c2126eb2a629f82be9deabb89c4f9d44b02f6b62a98ea,cf2c6cc28cdc6c378e167ed78989f6c4c4701cff741aa8f6e32ba07a1b42a49a,0,0
FRW,2025Q3,9,1,520,082f845fbfd227d2d333f1c499ec2ac2cf9e11a4558b6e142138ff18d8fd59bd,083821f12d7436845a7f874e2f134d5103a891c9516a746670881b21b9919c61,1,1
FRW,2025Q4,12,2,524,980a686bf980c73a6f802e688665c7df693728ef12a420c17cd8820605b1aae8,2800e06bd6c20faf1b49341988359d7eb5cc875d873dcc1386505efdb3b810f0,0,0
FRZ,2025Q3,11,1,520,678bbd9daccd739e87165576475d54a13c336e152037ee1320ad74203dd67b1d,25f0d7559708d1e6ebe4bfd5298533fda835220df2aa3ce035cc99770cfcc856,0,0
FRZ,2025Q4,12,1,524,fbf549a7a995cfd85c0c1de5334d6468edd1479ced915b7d83fb6dd6122aa5cb,6a12e99824aea0d5feae2c12c8465437870d0dd31353dd3635102d45d7a6d9a0,0,0
FSA,2024Q2,1615,3,415,798c16cc8204e1abc5b5388802034a2c04ce5c2da54af2ff8abe8ef835f60c00,d375c59151d5a781c487a57c05b864e7cc75fb666b9ad9202b3c9b5ad6014e77,0,0
FSA,2024Q4,1799,2,413,d5efea4fca520c1cf06de19a915f8269d8457466c6810a64891d6bc5df023555,2b0187609693649e8cd86d5d9c701df8e3fac2338bf28d9788ae65f458be7323,0,0
FSA,2025Q1,1908,1,411,f2da84c6f60721d0fdcebcfbfe71c936f74ff66aa7a5663df179ca689d791b0d,8eb538505fe52b9ff2b97d0624a82d31240b10806b73e71a11fb1029912bda5a,0,0
FSA,2025Q3,2134,3,415,4be6d20ec6b022b8471b3f094588dbf4cddc4af4213b5a1df8ef40f4d3641121,0579b89fa8e6ad7e3f1bb08a5d5e2d68bf7e059b2e7262e9526821e803e7706f,0,0
FSA,2025Q4,2254,1,417,71515cfe45ced3afecd965b8c25a22a9d8aea2be3ee9288086c4bf5e5071ef94,b514795fcb021b5d26c110b7507d228de6666fc736bde58e16aca507b2ea3979,1,1
FSM,2024Q1,837,1,442,488d928edc0f64446c3dae577d430d2f048d978cd15897d41307c54d516ef366,d7ec104e208aa981741ae1bc9bc2671e6c3a75f583887f14c33a0b2f8dc6c686,0,0
FSM,2024Q2,939,1,446,6a79b739a635b654287eb460c4dd0b7e61224781439a3c36c5ef18810127da1e,c40b1c5676925657145ed816dfe78048de0e4e71d68b9535fc4da2f237454a0f,0,0
FSM,2024Q3,1030,1,445,d62cb85cea7cdfeaa49a40277745814c83fcbccb6a100b7d623a719c6a0796f1,06eb7fdea1bab6560dba4c8e62efa29adb2f6f8a63eee0f278154afb1acda5ba,0,0
FSM,2025Q2,1251,1,447,fb92a0a4900bc9992af581144229f0d8cfc1718d7cd8ea642465ed8abb81fb6f,0ac4f2a3fdf592a8a70bb0776a0305651761f12777248c2b67d116667d9cc46a,1,1
FSM,2025Q4,1345,1,454,538eae83b9e61a3878abc47c0093ada236884ffa0f29d776ccaa200faf97a222,f885143ba0762716c32b6bd040582c044dbe062280770a8d430846d040329d1c,0,0
FSO,2024Q1,60,4,477,d8daf6d3c6fd45141b8f363bc6e23487e4f5bd0fbdbd0e9c21cfd2c65b30f3ab,12ec0c39a867d9129473158d2c592e8571ab647c4b2ee720dada3664cec603dd,1,1
FSO,2024Q3,69,1,478,d56223354bd5495eb613cd9ae8de8684bf5212a7cf91059e70961a0a58640785,439fd981edb3e2f2627282b1b655676cc4176970a4c243218b851672060095be,0,0
FSO,2024Q4,71,1,478,40be73b486a4338971f2bbc97b73486cbb52b4dd9f0cf0c5b9aa993b494a015a,0e91202d09fb12c9f3c93678b8b07b4f9b6508bb53fafb877c851effa966b76f,0,0
FSO,2025Q2,78,2,479,aa18649268019b7fa82c71c5a6d6390e50bff70a8b223b1d32f8279167536f44,aa18b21151758645530e91eb6ae4247f4fe7f7805c8dc40bb28664c41867fa98,0,0
FSO,2025Q3,82,1,480,645664fdea3b520ae96fcfe6e2b1f573ee2a9faa36080aa1ccf735178d8c9d36,f23c70e5d4285e245684941de63229389e9be898ac2244e9d7b2af4f691a510a,0,0
FSO,2025Q4,88,1,484,a5775a6139cb2b3317a556e517db667da6ab72c5a18a61e8b84a61dd1551c2be,40ce3bff1cea835ace09696e140824b3e5256f09859b0343f7cd4403790b17dd,0,0
FSP,2025Q4,1,1,531,a0ab159c729fc409ab7b595dd71455f8ebdab48f379c5a36c65762d37e02113c,cee2fbb31d973fe5bc1cf5f4ebbb6b5126e1b492e2078948bd234028395af8a0,0,0
FSQ,2025Q3,2,1,527,d869b72ce701d1a74a8b79933bb1b4a008d9e0ba0b6212ac28adcbad5375d132,e635b3de8507805bab688843a47dd501ae92c947879cdd1a26bfa6ff5dcad62a,0,0
FSR,2024Q3,57,3,502,67b46fc0c583cb94c2d652f051dc0a27bdbe6b01db3046fadfee0d2450066859,d5d6b39d636336c6fdbefba79bb5358fc79e3224b8a16987b6163b6bb74cb26d,0,0
FSR,2024Q4,63,1,500,88d680085b0677f855ec4acae68edfbaee0d35f5242befc1bc7599999a9bdd69,acf5f388e1905363694144734b88783e77be95caeb50e82a674d929af03f5577,0,0
FSR,2025Q1,66,3,499,f3473d3cf9b9477f9182a7e887a175183842f5192347ea4624b395819325fe72,bb36fb9fdcb4be7bbf074dda4b34f3a24a5a78cc930526aa71712b012c13b9ce,0,0
FSR,2025Q4,72,2,506,0f0d5ac597143e4b7150e5ee62fe61a6a88c77ab7ffa559f418864823d1d2559,d3eda6fbdb1dc18900fb9b8bcf65bc7c41afb10c0dfc4c1eaeec2bfae3e24345,0,0
FSS,2024Q4,54,1,503,dc71490d61717cfc2f867afe7b8c87e7baefe75050632646b2e7cf9554130060,b91931dbe41329fc5a43f6f404d40e8af39791bbc7d0371e509545aa5148e90f,0,0
FSS,2025Q4,58,1,512,46625fdf33248875afee445e5c91959974f5473b4f701589647641c88119c907,59b5b0ae7d1fc2a634132930f488576d94a386df805610c17e9247e6d22ff913,0,0
FST,2024Q2,108,3,484,461cf6d96b36008a17a12bb6a439c0b06c5af1fdb0eecd46eb0fee7e816d3ae7,b91edb838715b5fe837fe8874b510f14084461add5c2a9ab8c0b25bf65915a6e,0,0
FST,2025Q1,144,4,482,cccde90a64594ca85dfe3ee39419ef9515f168c8486532c043b825f1884096b6,73e71ae6ce9c11416f83b39a5819460d2c2096d36dcc41d44281b6c83689ded5,0,0
FST,2025Q2,156,2,480,46e6948ab8ca81126edcfae35ac22e2e96e21627cf80ee5ba56da87f5cf22a70,8057c1a5f056bda54496fb3288a03fc2fa345571273baaa5d340a1f409de795a,0,0
FST,2025Q3,163,1,481,5934ae80e1b5dffc7a0b254474cfc55d1e984d3d323b833e81b6c5f64f656a52,9880a253b61286a26a53131449570f7625d985dd3a9843392b39eb35dc173081,0,0
FST,2025Q4,167,2,485,56cd041169fba7771335848af57a40511ab6887434ed51e030032fe11f86769f,94185509f02b29fcd565de40dbe15e6a89a51892ec254a2b8c53c85ce0051000,1,1
FSY,2024Q2,2514,3,436,1400e31f7e28709215274661ae00c827a034b016aeca6628e31f69f40188f039,35fda5b192bdc76495cb5cdce29a468bd8ea4ea6c9398f2a5055a3daac7b7b76,0,0
FSY,2024Q3,2642,2,433,d2996d9753b010b6186173790a482d6aa24f1b0064d7b86037677657c844df81,4160f5027d5111298691e5b8b26737125fb01347279ce355b627bf509290850b,0,0
FSY,2024Q4,2786,1,432,6710d8253800f9d17a2ad651b5c24d49876b72d33c2f5cdb989eb05445c897c6,69dd86f64a08232acded735e7334857c487cfa9769ea4444d703e11109018043,0,0
FSY,2025Q1,2897,1,431,85d00492e98e340357bba75e63421c1408c79c8701eec508fc0f6026ac2f27d6,4be456711aa1993110b2bbbe24949fd53f13ea70b3c57de714c0449c91b0ede0,0,0
FSY,2025Q2,2993,2,432,332ff1294951d97c52661b5b4af62c37a2f34fa54c2b3f60e1690d064e27dd7f,c56e1fd2622ac7c46315fcd3f663d4d153e6fcdecae43e30fb5cd36a3133c9c2,1,0
FSY,2025Q3,3046,2,433,f46d43bf7d5a487e8da35f58530c1a1de180052dfe525f50e70e00ed8ca8a10d,a52385186f69dbd2c3904a6ea9d472adad5cb1c74c0150204cf5fced5be5231b,0,0
FSZ,2024Q1,14,1,508,fc3b7e2b7e2a151840dfaf7df04c055d6b4ecf59f87cf3c1637216c565cc9491,d0925ed7e7326fd1da0599f4480b6028be72c31955c5064207f11ff98d94efab,1,1
FTA,2024Q1,177,3,484,44427695232e248c6e6cc4e03ca26ab17a8f4167daa537d7f18a08e355c9badf,1284d03f3a44c8b24a1492f6cdbc7cf1ab93fe503d9bb9032486a847e65747a6,1,1
FTA,2024Q3,203,1,486,d56e3057806dfbdd37651278247c88fed83d85e86c2f19ceb9d7dbb7eb4c4fe7,85f997ec1c27b1c1cdbd26a7656105a64492fc87e517026f64b1bddd6fb18518,0,0
FTA,2025Q4,220,1,496,38594d6196f7863cfef0e4de1736de13f369d2bb4e35e5cdcbbd0a1670b0da18,6e09471d01d382b76e1a78471c1cbdc849d6995b18bbf3a1d1031f289eb059eb,0,0
FTC,2025Q2,79,1,501,b24445a3b0b3195fbbc4aaa87e8b2ce2888198743eb3ee0c62b43b9ec23d6736,c0a96f021be2b891bbb71643ab13928f1c30e4cf94f9498b4cae5f22f76816bc,0,0
FTD,2024Q1,637,1,467,0cdc95bc03eb2346914119aeadf8a4432d9fcadbca848ea62eeadc6cba0d972a,29f7b955a4c736b904ab8119fce3db903fa9abdf1864956167a966f3d4aa12a8,0,0
FTD,2024Q2,702,3,471,ebde7a608be78a4178ae4b6c7b2a552475828de9ccc7c310aca938b36316643a,c0e9372ee9666a580d026fa96473e2e8338d4d2271f3eb5927be201f2d64373c,1,1
FTD,2025Q2,807,5,471,ab65839695aed74f80deac34b8b89c5a1fc84fd3947e29bef5e01bf1aaffd954,79651c19ccdb47912ea542f95ff240f66d7663e096d7848f44a45072f6f361ca,0,0
FTD,2025Q3,832,1,469,d1163d0362fab7517a66ba63805545de635be32723d42d5baf3f750b89438b7e,3d5b4c710d6c1ee6c24d7b1798abbf471196fca1ed5584de4f6f1d4fab26f02c,0,0
FTD,2025Q4,852,1,473,1faad33162e48256dfd7e95031c7ae8f262214d922e7e0035a24c8675b283054,bb24fbcfc1270f807def6102d75aad113a0012c3bcfcd588a899547f60cc53f3,0,0
FTH,2025Q1,8,1,515,0eb69231f27119edac5f63dc9e08df5f00a436f6057ff93b82978ccaebfd5e33,f871daf976560eb79e3ef5cb85b3d2d6a3d7697323456f5fb281da2a26de8a6d,0,0
FTL,2024Q3,80949,2,410,dd09af525492e2d5394c036b80ba6446c6c9f090bca98523bde8096faf9c722a,74f15673cf01c350db9c9cfea40d5afad4c3aab452101d03e539c94b85ea0626,0,0
FTL,2024Q4,83500,4,409,5a50526dbd1a539231673d1b0a5381af370be7c83e7034c29457b829f230b89e,e8b8356a319d3cb4dfe67980ece9a3cd72b177ce2494963ea35049214249cfd3,3,2
FTL,2025Q4,87788,2,415,113734a23e09785ef3356b3a5f84667681895f2fcdc2952d508175563ebbfd2c,838e2f1ef6f1304d44c9f555a74cc8b5b151d16be14c97975fdf8c0f653056d7,0,0
FTM,2024Q1,2104,1,459,a2cb0a43f68523483b906f4f90320674b77332592f112da004c4da5370f3cf0c,48f162c8d5536e21219c9648dfb4eb45e8fd79b78bdfe9589c4c0614b8c36fe6,0,0
FTM,2024Q2,2214,1,463,0adc7cc4bb596139e6e4715f9dec7fa128e94c946d66b4b65d21c30bb121df63,fd6733de78e0a4f5db655cf283fa7ae9c05060cb90d72f9cba4716e75f9a8784,0,0
FTM,2024Q3,2337,1,462,f46b0a1a83e98e4dddcc6ee535b35ba361479d73ea4dabe42e1e04e78e37eebd,34836706067240ab63dbbc3bca6b6e130a8fc8e607326d27e9e61f46e2ed8e52,0,0
FTM,2025Q4,2683,1,472,aaff5141cb8132986ace383b009df2e29aff93bead001c81e7d7ef587a564c9f,4c3c63706537489d0895a078d95681851dcb8b0c251a8f2081af4029ecaf0dce,0,0
FTN,2024Q1,23,1,499,d215911cef58f64eeff20766941ab2578160d6858aa029974719850f4baacc85,06ffafe2347c3a89f0bf26e1657b8d45c014e9f95a710e5bf5b17ea7045b3deb,0,0
FTN,2024Q2,27,2,503,e04ccc3780f6d00ae36cc5611f2d83d57100a41e84dbcf3af94f514873d19ca6,93ed058f604d49d4a064fc2f6efaccf1b4859dc91dc3e37c6f6141273ae475ee,1,1
FTN,2024Q4,31,1,502,61dc2f287b54227dcaa701549bad37dd3b775e60bfddf74421106cb09e53a83f,e397784c48b2128e957f45ef79f152203f0e86f32f8c2cdf8b1db70cd42496a6,0,0
FTN,2025Q1,49,1,501,f548ffa6a5d527ed980077204ce48fb367f8982337cdb7be959388a4b4cef610,8ba4cd635f00b3bcf096007d75d2dee0e2f0cecb779985cc35a904df4656edee,0,0
FTN,2025Q3,53,2,505,a66011837dc2cccc72789d9afc45839c996975050d4b8a6f948e279e808d269b,3b1dfdb50148ed1fb5d8de4998dbbdd5b572efcd0887b8abd477de571f086aea,0,0
FTR,2024Q1,128989,3,411,49a303d31d0ccfde8c3da8c1f4e4854bafaa6446dae765b5285364e9fb09447d,3baac93ca7c9faf6d78126df3767ea63b29804416180374a2258e6c6397e8925,0,0
FTR,2024Q3,144154,2,413,5acb48bc6aec69036fc62931d8488d6c6e907caaa52b00d9d3b671272ea55ad9,a23ea23e333091f3135cd1f3787b532355432a2f1d921793a57e3442a9f69bac,0,0
FTR,2024Q4,151658,1,412,3c2275152d1cea94064ad7922dad7792a24f89f17ddd996d9113a34d8f4dd6b2,7630b16496d2b4322edfd5e2d73fa6c8fb078371ccca4c05fce93049bf6271e5,0,1
FTR,2025Q1,159275,2,411,6a48656d5dae02e40ea8255e1f22b64d2f1c61bc6e93bec433bb5b848d520ed3,d6e0b129a9b9f7d0b11c42f4dc7821719fc3bef64d8b38a400b2071328be241c,1,1
FTR,2025Q4,182268,1,419,54f61acd838c9b14848a14f053a3b24d810e3811209775e80f01d5ee8c513f9f,a2c05241f37e0f08c4abc59065db2f9f4838243c3117e1ad2699ca124feacbd6,0,0
FTY,2025Q4,404,3,505,dd054769916e9fbc8e4ef52c0517f8ecefadc3f6ff19c5b52af17fdc34ae1eb5,a54a96a30ba0733c462f311bca0b6c03f58e5e945c47b499a0c8078cc8ecb939,0,0
FWB,2024Q1,35,2,498,c7ae618820fdcf98d3c87786b89583ecdfdbdbd7ff41f514b791fd6b08aa8153,60522b5386cb9dac89c55648d4464b8bebd2a8b37f88fc8dd33695282b8280b7,0,0
FWB,2024Q2,37,1,501,7c74b72b94e3c95be8d721a6a4b956e9735215ff8b88da4e50c51bb646083386,c7ca1bb14fd51ba8fd58aef005c843e2cd4ba79f86f16179c12ba3d85bd461f3,1,0
FWB,2025Q4,44,1,511,98de314f8961b55efba32dc359e6f5d1a00fe89175512d29ab8ddf1dc7bd78ac,b514795fcb021b5d26c110b7507d228de6666fc736bde58e16aca507b2ea3979,1,0
FWC,2024Q4,58,1,503,b6a3bca194b45341367fe46a105b935471b7319ff4237833072ced70187f8b58,10660adffc097cdbe50eb0ff2a86476029e12b2b1665e45428c444244bc7da02,0,0
FWC,2025Q1,59,1,502,294ed68f154b8d8d74d30123f7013fa595929a46d28e762a13edf88e41e3a695,a221944324d4dbab1046b19d5cad57619f9900d32cef7a6adb1b377a3a0ff59e,0,0
FWF,2024Q1,156,3,487,863b95f90138e541dce14a2986819421dae00ffcf6dc22c452aa71aa8dc56f82,0d9bb51ec7f182ec9438605c1028403e2f9aa0e56fca99a1d5cd3eab577f10c9,1,1
FWF,2024Q2,160,1,489,5a5b07002da54fba7b3e3ece75c7b5780ade9d371cf8b9900057f2d45e6c15f8,25f0d7559708d1e6ebe4bfd5298533fda835220df2aa3ce035cc99770cfcc856,0,0
FWF,2025Q2,179,2,491,5c2130fba082c41b5b82ba33301d03cb1895641729c60abcddfe1dcde90e7a8d,4e8ab919cb840e6c4fe5ae32e67f28f055ef20baf19a4b87cfd05a65c67ed22e,0,0
FWF,2025Q3,193,1,492,6c7c6a0bab8dd89a3fa2fe6c1bf215f6e9f3246961de529628a77fca7222f035,a882fec75e44bce5cdf8c7386ef1b398637f4a2814e9a701f6013dbcb950429b,0,0
FWM,2024Q1,65118,1,429,982da3fde8c2179833abb0091035f0419e6337bbfddbf17372b50474a8fc70d4,3908176d571f3d2b23037be73bf33da28ca1b689a71ebacf4d44459b7fe0f4e0,0,0
FWM,2025Q1,74569,2,434,a32e0446d24a40e3fa54c437e7abff2239a44c496726ede1a27a56646b3990c3,5cc962da97706b0bd3117c673e7ae9c8c4ed0a0b256000ab26d77dbcf69124be,0,0
FWM,2025Q3,79010,1,437,60c094c54408613013a2cf59215c8b00e540b4dd9ad85aaa41e6374eb202928b,083821f12d7436845a7f874e2f134d5103a891c9516a746670881b21b9919c61,1,1
FWP,2024Q2,53,1,502,25640b81bfaff7324fbaa67939bb8c9b90124a1587db7272892a176443ad5252,083821f12d7436845a7f874e2f134d5103a891c9516a746670881b21b9919c61,1,1
FWP,2024Q4,58,2,502,986184a3a7c3bb526893b4ed1b4fa3e096738387c3b7ec55e49d32d65186ee01,23081882fbd9daf6ac967e4cac556ad4b4d721be595c46bca3e2eff4f9e9ca58,0,2
FWP,2025Q1,62,2,500,4a9cfa162a827ecc469a6c5c65cda4da5ca902c78eea51b3e0366b16f00869c5,d06539b1ce62b87d5e435b0ffb301b0a3eb3d16b283a8d82ec734375573b5609,0,0
FWP,2025Q2,66,2,500,76f02cef7ca5487114fc84eb6e09cc4b2c6aafae20a079a76693032468ec6163,008659c6eeece1be40fd168bb33ed9465565bd403e11cee211adccf9c4167246,1,0
FWP,2025Q3,72,1,501,ea20350d4d1243a4e7baf3d29d79e6431fe4be4d00e53936645b79c612328ece,409e212fb4bf98886b260e02291379b63e84fd6cb7ab067b968c4bc5205a31ac,0,0
FWW,2024Q2,16,1,514,6fc962d136adbff4d9a2ab9483b50135bcb5da6dcfb2492a7ebeda419c5ca250,26cf003c63d921055440ab26236e44982cf0d05a9106dbec56df5e72c168828a,0,0
FWX,2024Q1,2,1,516,10f914eae26bd5e351b580b02592e0a3b524bde00a34a394ab9919574b0e40e9,e545563b497023690c9b474b0e63e1a6ae16dc9d52f7ab31f156f6d4219b072d,1,1
FWX,2024Q2,3,1,520,044122aff94cb7367de1d0f335bde7568e9901b6ebf4e025bd6b8cf3008b0f67,598a368849023e0238de665cb5ad2506d41b4ec6497efa2fdb6b432b05bd9241,1,1
FWX,2025Q2,6,1,522,ae95471352802e23045eaea2bdddcd7d8a92d8768bbd7c783f46d4b488f24a20,d0925ed7e7326fd1da0599f4480b6028be72c31955c5064207f11ff98d94efab,1,1
FWZ,2024Q2,998,2,457,887b625c94631b9f429c85e055fd81407c15db6d7bbab7ac14fdd30d478d1a84,d222ac1a4948a0c0770d66d3382fa5071e1cea1854aae9aeb747e035b4b7fbe0,0,0
FWZ,2024Q3,1020,2,455,fce69efd16f8f62ae9a329004da25b5ab4b76a56cbae93948c19204d9a349e64,c25796c6682dfb487f616535d38c7e79d59db7d831d8beb916da15d16ac2c1ec,0,0
FWZ,2025Q1,1052,1,454,7513a07e1509fa60a5c3aa03abfe761a1af97c399774e19392bcc5f7a785a1c4,a882fec75e44bce5cdf8c7386ef1b398637f4a2814e9a701f6013dbcb950429b,0,0
FWZ,2025Q3,1079,1,458,da6bd1407cb8d76623f03cbb3862cff67953ebd15602f6da329e0db98813a1dd,975c6445e95895c8363b20d19ccf9bd976f057e4a21efbe674647f31a61c4e26,0,0
FXP,2024Q2,7,1,516,6b37144dbca8be00d9549a01d190bf7588f14d15363a1ebeb8b14d9f1a674ebb,f3dd231f5f28f1253f846ce65920bcf282bf67d785e15bc88d46a74d3b5f73ca,0,0
FXP,2025Q3,44,1,521,9f84c97f157ae38065b6468684e24b28af08c3b2db4ea98ea2c6c44453b74cf5,598a368849023e0238de665cb5ad2506d41b4ec6497efa2fdb6b432b05bd9241,1,1
FXR,2024Q1,103,1,503,adb0681dcab9db6d2998c2cd091b4f7c06925365eb607b807cf0806a0d9ffd9d,e58fcd3f61ca112bec9d3396ad214db2c2ff35da9e78119768320bb5d5c17a2c,0,0
FXX,2024Q3,199,1,487,4b962e365b19401dee1c9b18675db2e12ada12081fe0e10f69625b029289d097,c0a96f021be2b891bbb71643ab13928f1c30e4cf94f9498b4cae5f22f76816bc,0,0
FXX,2024Q4,203,1,487,cdd30755b03915c67b6d581f8a1993600d423d34363815e4888007592ce5899f,6d19f89a6b34d52be49fffb1dedeef8940de00db8969153058cce8f0e00a17e0,0,0
FXY,2024Q3,17,1,515,a37f96f183a10e05dcc9b2e08177eec2f220916ef3605047143b2c1f6d30e2f4,639c0853fb0c447ea4ae2ccad50b169129c5b47c8755b913897dc9adc29c0497,0,0
FXY,2025Q1,25,1,515,1c10606dad5876d8d9186f06662e3ae4a02f95801e820871e86dd4b2e1f5e511,8ba4cd635f00b3bcf096007d75d2dee0e2f0cecb779985cc35a904df4656edee,0,0
FYA,2024Q2,106,1,487,a2321b5e8e1bff0c1b795d412fb7be59ee28b85d57628ca839b6b08bb53be6d0,c957738e5282f1d8262f7bd397d53846b13aee1fc53cfea8b7876e506746b975,0,0
FYA,2024Q4,120,1,487,ea1947b613469b450a3d29ff74e6b58ea1e72d15cee3271cce8f5804e6dac107,9cbcd81794b78f1d171cab359febebf7209e5fe03b55475bb8775ff460e245fe,0,0
FYA,2025Q1,127,1,486,c4895da46a304d83a687a16037f766f5cc4c7ee88cb419e37c197b1df9d0639e,ba07166769a3e3452c50870ce5d5ac2227dee54068e4f1be8bc354c881ba382f,0,0
FYA,2025Q2,133,1,487,ad847e78be634f04cfaf84366d2d15bd71768001aa2340e276fd4dedae4c0b60,ed64a5a5322ce493860dd99ed952f99c5cc4857da12ed346aea053ed4a0e00c9,1,1
FYA,2025Q4,139,2,494,853db8b17f25b248d5af52bef02042e6815c72b9acd53d0c864475d18b653a3f,515469078aa3a672bf80f06812ab4adc17bddee1e7ed15c77309fb95a0e74cfe,0,0
FYC,2024Q3,3,1,520,62d5dc533f4bd2f078c0c7f162e0738044f4aa52d5008750cc60797bcfca04ab,ed64a5a5322ce493860dd99ed952f99c5cc4857da12ed346aea053ed4a0e00c9,1,1
FYC,2025Q1,4,1,520,a9c5bd1161602110c9deb5edaad4d04ea8aefa543c444bb907dbc5b2ef8c20e7,f624dcf018bd7117af2c0ef366f6025a434c1a89c33a122df101132ce5fe9074,0,1
FYC,2025Q4,6,1,529,dd69172701cd69b08fd538b2a6c48b7e24cbc23609df631487f24ce9ed6b0064,f4aca0645ae9b53723543edf7a32e2ce8639b3bde004d46afd03e272e392ca8b,0,0
FYD,2024Q4,114,1,472,c6e7cecd8784f0bb44e30482a000656e9e0fd2239a76a673e8aa199b98a9118b,41cb6db6b4b81ec360579fad82e609926a78ade93b8600e1304acf0315616942,0,0
FYD,2025Q2,127,1,473,85c413294c3bae94ae1e2d6d502b3cc6e184714aef6b42c735d9f28a09867090,02ad19e02b6a592bed107641074346b1095288f4fb750cc8abb06d89e93a0ce5,0,0
FYD,2025Q4,131,1,480,abed356cd5140ba19029829f1aff3a8bc4b7673dd642619191f19115a33eee07,0e91202d09fb12c9f3c93678b8b07b4f9b6508bb53fafb877c851effa966b76f,0,0
FYI,2024Q1,12,1,511,f590cbcd49d8ba1bb18e6c4961562470dd801a92a834c4375d9bdf7e2f4c4684,99249405892de7687f34281cd2e00b38d3a7b0d4b394db13bd3a74597303eb5f,0,0
FYI,2025Q4,18,1,526,7379a8d3ca9a692bb0cc0f235bc586b8a03a10f5f784ce6a80155d3c7b9469a1,a221944324d4dbab1046b19d5cad57619f9900d32cef7a6adb1b377a3a0ff59e,0,0
FZE,2024Q1,123,1,513,fd6eca651095fb26ace31ee285baed843580669e54b4f2eb46cf777201d5eb71,e545563b497023690c9b474b0e63e1a6ae16dc9d52f7ab31f156f6d4219b072d,0,1
FZE,2024Q2,131,1,517,d0798a16ae81e30e1aa9b8eef277065448402a220a989730803a08c6fc1adf42,e23191cce8b013609a93fa6552ce263885ebb9abf128e2eab65b73c69de62b70,0,1
FZE,2025Q1,149,1,517,4e5fab5fba45fe0971cde2ad4da5f136942e370d64e1979b4ca9c71231e8fcad,558b3aec709916b18f2c9ef4fb2706ed970885fe7e23bf25c552afe141b331a9,0,0
FZO,2024Q3,119,1,500,ae365ca2e0099831b10ac123a69bf9aa16151c955e37ea63df634b86a6a4fc12,d0925ed7e7326fd1da0599f4480b6028be72c31955c5064207f11ff98d94efab,1,1
FZO,2025Q1,128,1,500,21dc7f64ec4a4b6e91db733af62892e83e199ad7ddffb82af7806f28a7bbbdd4,0e91202d09fb12c9f3c93678b8b07b4f9b6508bb53fafb877c851effa966b76f,0,0
FZO,2025Q2,134,1,501,cbcf7324f856cd915304a30e75b43b812a3c0529ffecb0034fa17c7edf6f80ef,e23191cce8b013609a93fa6552ce263885ebb9abf128e2eab65b73c69de62b70,0,1
FZP,2024Q2,10452,2,400,893e63ee7f638b9d62859a0aada0aa6d29a566f47dc8824f552c67d1668836d5,f76c4c1f29a095fa4f09894a37c48f51d4d27aad25efcb631a61ed6ebdaf32e4,0,0
FZP,2024Q3,10993,1,398,8072adabf45eae918d58b7f1303e071388f511a392e5b5ebb15bdecff95d0733,cfb436f59fd90f48de462bd4c70a516b6bb39f081b5208a870583942b81826c5,0,0
FZP,2024Q4,11453,1,398,1555b0de36879bdc47d963e85105eb0dccf61c04f88974a3e4199813f95dd741,4247ab641dcb41736aaf331d1da4de69a442bad5692db2906b71a4fb75949995,0,0
FZP,2025Q2,12393,1,399,8c89a1d9446dd5185954d3bfd22757fb07596162ba0ac7c0a338646bf162e762,a7f688c061c9025beeb138bd0c20fca3bdee853fd08aa0ff4a544004c7b81fdb,0,0
FZP,2025Q4,13393,1,406,9e3dcdcf08f33bd5f0f74fb2ae9ae6420fc3f80447aa616fd8002271e10cc55d,5a3d3cfc1bb437dd0d75b54956d2200f0b358170beea7d7c30e5184fbcf68213,0,0
FZQ,2024Q2,3,1,519,c7512f33dfd07311cfeb0a5a4781dc41e936639f01099dfc8b251e1598633dd1,eaff4109e2fe8a6a16b8f98d58baec86ae10a50487f5baf712073ba0c5cc4d13,0,0
FZQ,2024Q3,4,1,518,360374f402babcf14bebcdfe79875fa62b7fdd5d55fe12d2d80e137404b6d753,f157aa487c2dccc4646bb293bc865d5dc4581e278440e31ec66fb4913e538297,0,0
FZQ,2025Q2,5,2,520,4c768f8d91fc8add965adddd6b8e3006dee03e8daec36c80dba96392727e7b98,59bc10368ab74bf9317ed84ceb4dceae918ef052810ae17f9c055c1435c150fe,0,0
FZS,2025Q4,11,2,527,092737d4ff02c260fdf0127d310b4deb118fe35290f43466fae2e0bfa02b9fba,508cb966ec8baebf2ecee5f051b832678e03b3738a6256c39cddbe7abe508ad5,0,0
FZT,2024Q3,330,2,487,3943a2e09bc2fda9718e7b6ceb1bb02e8da2c779948d7695bc715fe1f44c33bd,6bf120526cbb9e73e590d94ec4c1c058d0164d79080fe489272017db32ce3868,0,0
FZT,2025Q4,421,2,496,bdb90f99609cc0e02d430bb156b091622fffbf8bab985beb7e1c8ec9775c7756,8faedf0f7fb71bef415e77f9785b146de9fd4c6be9ccf9bbffe7a38e80c382e5,1,0
FZW,2024Q1,2624,2,444,61193d28c8a1cfbcd60515d21c377c5d89168adb1c2b1f04f9fdecf922b8120d,ccbf6e2f08d51dbb8c49b27261b01609e3b3572e256fb20472ffc4f6a3872c6c,0,0
FZW,2024Q3,2842,1,447,81089897f7860fc687298d9bd1372a614abf2e5c06063d1861d50d5d3ecd1ada,ea55a2cb9f8bae3d4b3ffbae2fef3e2161f3f9786f5a96bee6a29ed99716b604,0,0
FZW,2024Q4,2964,1,447,d48279984dcad57ef6c008bfc9aac0b5da47c887465a4fda259f5eaededaa9b9,57dc770617ff6777df87b210b8bb9f2b9314ad58ea38f8ccb79809f0ae688261,0,0
FZW,2025Q1,3067,3,446,e06cbb2780e4b7337e689749acc76c2c83066e4112d1d5db329cd8a877a3f6cb,9eb2bd705abf23a585fe8f3c44151854cba3424d7a17704481145e201db50d8d,0,0
FZW,2025Q2,3177,5,445,533877c72b56d6b5ad6b93b32ef62494c42e846528b638cceb2f4131864ba191,2d5d7ba746f05e3a6232340ae42b2be7bbb2c75d4c28c98fdb6e5a132cef0371,0,0
FZW,2025Q3,3274,1,443,8072ea3a854690025d75368a78171c1779d5054b4d4458e04a4ffabdac7b167d,3d5b4c710d6c1ee6c24d7b1798abbf471196fca1ed5584de4f6f1d4fab26f02c,1,0
FZW,2025Q4,3403,1,447,4d3c15005781e6c65430fdc9a3d4bf6045483a4075ee0b617f4dd24784e07a4e,85f997ec1c27b1c1cdbd26a7656105a64492fc87e517026f64b1bddd6fb18518,0,0
FZX,2024Q1,3482,1,428,847366a29cc15d0b394122274657dad5b44df20cb40cdccfccb9e810b3287aa0,3908176d571f3d2b23037be73bf33da28ca1b689a71ebacf4d44459b7fe0f4e0,0,0
FZX,2024Q2,3725,2,432,2919c864076e48d80ff7597e32e185867a91a6fc9c4f21b323205eb5adabf166,71268e00b19d32e3cd62c16276d7877cfb15bfb7f03a03e0f5b226b6dc8753d1,0,0
FZX,2024Q3,3930,2,430,9d90e62a0d6e4e1dd5bbc1f8cd3d69f98abe59ea36ad10906387700f0c036170,7f5ee38096beb801e76c189e97c912d3f4da06cab1864066a7fa520c5b9e8a45,0,0
FZX,2025Q1,4364,3,429,1ad8670d816c62ff5ad7e1b3743e280afeb28927691c896b34b2da1d84c4db44,0602e0d435f01e96221c714d6f3d1f8f5e70bd232e1b7791c2dc93c3384f5cfb,0,0
FZX,2025Q3,4716,1,431,adf6d1e0433c6ccb8a1c89a05e4de2299fb86dbb8862061db803fc8da1721a64,06ffafe2347c3a89f0bf26e1657b8d45c014e9f95a710e5bf5b17ea7045b3deb,0,1
FZY,2024Q2,383,1,494,ac4d079ca1411257b64d5fbb381442967a5df55342e2c44b8a1ffef4126f9271,715e1d9e5de6e9ccdc0d5504d23325853ee433f856717588c7ad6c19b1861b35,0,0
FZY,2025Q2,470,1,496,ec2cc41593740069a5c75a132ddbd2c2027af5dc7970fb33201bca1976ec99a4,3d5b4c710d6c1ee6c24d7b1798abbf471196fca1ed5584de4f6f1d4fab26f02c,0,0
FZY,2025Q3,484,1,498,1a93161afe69b4ac7f8ef1ce7ac2787f87473a7c99bb70b7d4eb6c306cb4b41c,3d0105d4b59fda1b993f890378edfb772cb1baf5545f823fc4877c3d16fc5a62,0,1
FZZ,2025Q4,54,1,520,3bc64147249f0a0bbfaf58afd7d3862a5b0f3bf7c15b80793a27db7ef181fd13,0e7ce2c55b01e28812e7fd0b7e7682c2f5cf97d5e220080ed0c6f04b26b18df1,1,1
GAA,2024Q2,592,2,441,96f3829800355b729fde433af1f3ed62731f152ceb9a1707d79b10fbc6cfa1f2,2ab2559610568ab12d25c38586c0f7eaaa7e946c26e3e8351c638b5794f0f958,1,0
GAA,2024Q3,635,2,439,28971bdcd3d2137183102c9f4140fb190967539fde6c4e5beb5771b8d697a9ae,b4e314c424a45a587d22a6fe0fffb508e79e315eb62265530dc08c5053b0c056,0,0
GAA,2024Q4,673,2,438,e62a497dbd7ba21ef3d2df6d3edd8681e07b7787e1be844420fd6e66020bffcd,c3576a74e39ab987a3e4da9503a2a4f26e3258e6eb0b957ce2e5169753d79f5b,0,1
GAA,2025Q1,736,2,436,7154ef95f5ec62a7f7809bc5384a64232bfcf228bb549ec0a2ba95e791cb7b5e,03407b14abcb41d2e5ac75e6705cd0789bc7a15e9e99035651b4c2a06138a39d,1,1
GAA,2025Q2,858,1,436,3f47b1ddf4e060518e21e28ffc329bf298e2d2233ced5d6a7a81e1cd8f45dcc6,eaff4109e2fe8a6a16b8f98d58baec86ae10a50487f5baf712073ba0c5cc4d13,0,0
GAA,2025Q4,1053,3,443,273eb45843f7264899fc77a4d3f136fb156ac9a5ea8d0bea1b709c74817aa31b,f27e1910a25051e7981bbcd3a8679c36a8ca1aeda3bd0c51f1b5fbb8af55b87f,2,2
GAB,2024Q2,129,1,498,2f9f617301b54f9ff0a38c19dad741449aec413901afa8745fd244fdb8c453d7,85f997ec1c27b1c1cdbd26a7656105a64492fc87e517026f64b1bddd6fb18518,0,0
GAB,2024Q3,139,1,497,fae6f17cc3b7df1afdfff63a3898cb5e52c214a26aa4f362c112595f8a89a51a,5fe5bd762629a8a9cb381c223e50c4a8e1fe61ff295966be187691694764725e,0,0
GAB,2025Q1,148,1,497,b8898976282f2e85ca78a1e58b5c6d93407c5be675602f76ae9882d1be0fc211,0ac4f2a3fdf592a8a70bb0776a0305651761f12777248c2b67d116667d9cc46a,0,0
GAC,2024Q1,7,2,511,408d661b9fa218d4bbd009420e2151c2778a8b5c6e8baa690bdedec60dbe6e95,bdc9404fdc1cfff4e316388997fdaa85b02a0e97f9d66d32447ab4bcb8d69b63,1,1
GAD,2024Q2,422,2,460,98193606bf2d025f6a2b9c564c743f9289add3d33a3d28e72a091179e0892435,8c45a2a465f11e531bfa8e27795dbba47f44971866d06d437d85414638f57d62,1,0
GAD,2024Q3,450,1,458,9f4cf0d3be2e804f9cc163649f6541d1ea7d4dbe20c440b09abe6f45c6563741,29f31c1d96f11024ddbc566f7c47386723c72c84e2d438c3371226e1a789f4b3,0,0
GAD,2024Q4,469,2,458,e22278fbf406d388d39ac0c4614550165238760199277110f1fc9ddc707d9794,065d1195d250a5a353e40981f0f0c3c040dce09568af213e3366d4d544aec17c,1,1
GAD,2025Q2,530,1,458,bc999c3b8bb614aab60a65c08daf8216f1a5a03eacc1dd7b93f2d08e8edea52b,3ae3d218a8eac87e03237fdc4a88f599903d51d06327066df9cbee60a7635f5b,1,0
GAD,2025Q3,552,3,460,940e24553490299b650710b6e037f6f2aa140cb519339e224cbd25b689cc83f9,422e86913d68551634e6c83f421a61de768272c76a8c566d6695153b36d6fadd,0,1
GAD,2025Q4,572,3,462,a2b88a65f3573609a9afe2d7eff290a7b15fb1dd15cd3388d6675fdd425e84ed,ccf5a7cdbabfa640d1d7c939ae2814eb1f07bda66deb3ab4764fb938a6affeb3,1,1
GAE,2025Q2,40,3,516,e417bdb0962004434a1d7c91f8bea02da591d4cfbb5d3b50c60e8daab877ac93,106feb63ec64fcad6ce991f719ace66795f1a049e3942299b6441c65a79a7dda,0,1
GAE,2025Q4,43,3,521,bbc8357d683ae1acb6d9c76bd291c575d8ff1af9daf4134763e59addfe0167e5,8e1ac6f3eea020474d2ce50ce44217a8d2aacb52cfcb39a75b47f677e80e5f14,2,2
GAG,2024Q1,329,2,453,b5280a0527b38edab269e085df3c3b6dc222cc090cd35c35c7407435dc50eaf8,d3ec5a0861f7eb8a35293daaee9462bb5cae8c6968252e97f94da418587bda64,0,0
GAG,2024Q2,594,3,456,3c0ffa3199877fce7c5cb263d0278439d26b386f4ed44dd8f5814f083e80e3af,c4cc7fed34f039c12aa5809885c14c4beeaf08704ecf7e3b7c2758207961706f,1,0
GAG,2024Q3,925,2,453,e8b88240b8ed2215799f1a9f639dacac84b07359452dd20a20ff7761bd097859,505151bb1c0b80713ce475aa27323a95bdf53a68c6266d4199b3b7135a43ed96,1,0
GAG,2024Q4,1241,2,452,a18700cac7d854ef10bb5763d28f512adc120579d8396c09e1e5afbe9447ea8b,630afcd2e5e6f4da1b0f4e621cb93227ae799243576d55db02a0411425dbfe71,0,0
GAG,2025Q2,1700,1,452,0303068ce715848bcb402806b1a7064d127f516e40ea7f6208d28b037b49e129,e23191cce8b013609a93fa6552ce263885ebb9abf128e2eab65b73c69de62b70,1,1
GAG,2025Q3,1981,6,454,54a479fa049b127ac5ac66f814ee97b9ac4a7f3189da1d3d692a567e91d06a35,771c9ddd073512311b447512393b6f4bd33497d099ee05922d725ba023dc7748,1,2
GAH,2025Q1,23,1,515,37f8da262ac56c7070929438068e36f4febe6fd80006afc1dd2254bc54e149df,261efddb563af16eb9763793f4ef4a07ddf66db8bc9970df2550287de5d68413,1,1
GAH,2025Q2,25,1,516,755e91620e7731c4fe8e46a9ddb5303aa5ae77b14556758834022af3ed30d220,3505a09e641e891d63441edce657c8ffa3ca4fcfe450475d764e26edfe1c148d,0,0
GAH,2025Q3,28,1,518,8673336049ea322ed6e56b9d1ef40a99e3f866bb3f990d7709be6ebead286ac0,de4083f4e5c33620cfccaab77a0519ec09cf957e79b5f188e54363c02babcac3,0,0
GAI,2024Q3,12,2,517,00ae0231968617bb447be4aea53ef4d295ab7837adebf2e1127c6c9eb404863a,c16ba23049b1b552f8c9ae80b2a60e48cbb85c378868ff3bab9c2ab2d853849d,1,1
GAK,2024Q1,112,2,509,57b841682b4cca79723f7e1dfa34ed5301d8d773eebecd11ecfd57a9174cb97a,b760a48a1cb57be76465fad7a14489e031345d9a446b349693576d3ecd054406,0,1
GAK,2024Q2,119,1,512,6334d272a63cf74cf7bb62d9b74d4f22b0328c3e5dbb7a25f41cd18d7373a2fc,439fd981edb3e2f2627282b1b655676cc4176970a4c243218b851672060095be,0,0
GAL,2024Q3,789,1,483,b8083b85650aac6ab2f11231d038dda896a732a89489c806de912f36af98c554,41cb6db6b4b81ec360579fad82e609926a78ade93b8600e1304acf0315616942,0,0
GAL,2025Q2,890,1,485,bc61d31b62c179518bed096b667f5b1d2bfa630d6d63cfdc07c89242bf11c8b3,85f997ec1c27b1c1cdbd26a7656105a64492fc87e517026f64b1bddd6fb18518,0,0
GAL,2025Q3,927,1,487,dade635a9e7e4acf3b91d08e6fe6f8b2606d104b92f38bc7630fc060e782c5c3,44ab243512ccb50b7dfc401cca629083ea5983ded422860562c56f0d25bb3cd0,0,0
GAL,2025Q4,952,1,491,d536b1f68c726740e1c7bdeb5b252a4071671e54d7fa12b39bfe2ee4d77001cd,118c3868357412e35adc0a781ba0d2850d1f6ee12b138466bd9c9988ed432606,0,0
GAM,2024Q1,21369,2,422,23a13c2fb6f2bec04c72e5e705b6d565b93fa53c36ee7b849154f6e47221a886,e32464563c8175b6a28d928624857431d2ff82995121e64a3904df8c225d3a98,0,0
GAM,2024Q2,23132,1,425,f5fd676bee8bae84511d7650e7af88976c9053551586fd9d418831b3b8997b0c,91fbbba68d1dc574e38e2504c6295d5ec4e351769b3b84903e42fb39f9ea99f0,0,0
GAM,2024Q4,26759,1,425,57ba6af3b3f46bcc6868ce1a2eca520a72931bf9a42ea075ad21cd07ac297274,fb2fdd0863739281b6ca7e0b298b286b357229afce0b4f37e530bd52ab21cff1,0,0
GAM,2025Q2,30684,1,426,b3da53303ef6728db5e49d9c5b5657c9968d5b71c82b42b5c81f30c3b9792619,118c3868357412e35adc0a781ba0d2850d1f6ee12b138466bd9c9988ed432606,0,0
GAM,2025Q4,35176,1,433,dbc80c78e34037f383bba5530d4d9188402c783e924c8df1772504df4262d3c6,5338543772ade0aa7a3069871ceae2352c232ad0bb9be2de182b283eea63c1b1,0,0
GAN,2025Q3,2390,1,500,bbe0c819364f7173ed800a84602d2382e6669981f1c19228cb50ab18b05cbd15,a5b4864803fb4abf683e57d5f47cb371966044d4ab4e4bd93785848c339ba6f8,1,1
GAO,2024Q2,44,1,515,598934701d1ee4635196aa25e3ae269386d1aef0919a3861e0317fe2f02ae1fb,5fe5bd762629a8a9cb381c223e50c4a8e1fe61ff295966be187691694764725e,0,0
GAO,2024Q3,46,1,514,10276c73eb4a6e13047a5795b5448bae66225c339b533ed1c0d599eb14f177f4,083821f12d7436845a7f874e2f134d5103a891c9516a746670881b21b9919c61,1,1
GAO,2024Q4,52,1,514,fb232c4317c61ee3bc6d7e68a24101f02fbb054cc48b880a04f596b4a3f88167,c40b1c5676925657145ed816dfe78048de0e4e71d68b9535fc4da2f237454a0f,0,0
GAO,2025Q2,56,1,515,75c9f091b62061d44a132e3833a926675f85dd9a00a1acb755b4c91c1b2915a1,f885143ba0762716c32b6bd040582c044dbe062280770a8d430846d040329d1c,0,0
GAP,2024Q1,2019,1,473,d7d8f379abc4a3b672d1c77beeeef763d5c3de2f0ad5ccdcc2ddcfac9098f46b,083821f12d7436845a7f874e2f134d5103a891c9516a746670881b21b9919c61,1,1
GAP,2025Q1,2474,1,478,5e4c0d5d608306999caee6f0928164a19c4e145ac19ef545ebdfa3030bddae57,69c9b47649ef5fd9ebd2d096cf6ac8a423c34daacb3af8b0455b7a4d46370e03,1,1
GAP,2025Q2,2568,1,479,754c56031a00523c61ba95806f749404c04e3a09b180a759c7a57f9e87f27a1d,3505a09e641e891d63441edce657c8ffa3ca4fcfe450475d764e26edfe1c148d,0,0
GAR,2024Q1,2590,2,473,b7a630f62871643e7e0c6a110ad59b0e06a22bc69e3db858af28bfd138b6fa28,6eae9352cba23bb51fc30427973fce5a547b9055999f87d6780364e51e265baa,0,0
GAR,2024Q3,2939,2,476,01b7af36df7f07907bc51b0d06b5276f0c6082ed19f3c824b0b304a045753bb2,f2418189ac11626954e70b9fff674267dd7abeea0cb13af5f4c006a1a0b0b92e,0,0
GAR,2024Q4,3112,2,475,79f14f9c0bc16d4b8ae3678758b0fff2fcce0ed83cecf6907ad321807236e6a1,18614eb4126e6d22a2c0d3d545b074b6921e8b4415addd4d8494964d14a15327,0,0
GAR,2025Q2,3443,3,475,15ef57d3bea95328cb9041bfee692f8adb1b555b8a820c68bb402d49a7e0f2ed,7c897e4442aa7005eee2e3ea2f32858cf6a5d69bfc2bcaec3755a3c67e9aa46b,1,1
GAR,2025Q3,3648,1,475,06c144f9e133d7c7247cb96c7ef2638ac02ec4f304933a9a732907aeadf0922f,3697faf9942af42685fb3f815b16f9ce5d825777d0421210ec2e5cca8734bbdd,1,1
GAR,2025Q4,3814,1,479,e8920db7ebb015e360e26158e5d2823b0f0bc4d0b85116316dbb70026e358964,cbdd00c08fcd013e55e94815c31b8e42f822f7d7d47f2836753892256c8267f9,0,0
GAS,2024Q3,1,1,521,48d8aad249a08f8110bd510e6136e9b21598e7e1009d03723970e4ca9b441b7f,2021bfcf916adca8c3c724e44ef0de9873a3b8b8f9d00974868d55254e755982,1,1
GAS,2025Q2,4,1,523,6707fff948d637388b6b6ed43c09b6e36db92974e3fee467c38ca0336d5af515,5fe5bd762629a8a9cb381c223e50c4a8e1fe61ff295966be187691694764725e,0,0
GAT,2024Q1,7576,2,394,3f95f1f960995d9f23f7b7eca4276edee4cb24e6b47a19ef50c1ef4563fd7d66,cc4747e27ec3b071bbeaa20dfb13f48fd68271734de63c15bfeda17a0ad173b9,0,0
GAT,2025Q1,10174,1,398,4270b6dbded9f20d0b6cc0199456e17be5c5974892709a0e098f584fcd0bf7bc,11f2bcbd883dd7ef71cd843cff4a195669d3445df7b9b171d5234359e78a8b9b,1,0
GAT,2025Q4,12335,2,407,a1ff9082111dfbe716ef74cb92baa530ec7bd1d7403baa747a179d9240fe1275,4f0b6c6e61052bb45752aae462f480f793b977d944db3de12fa841e5cb2dae0d,0,0
GAW,2024Q2,9100,1,451,93cddcd601057df5f3953577e9b036e0f27c9eef88e3bfe7571a18668d728fde,f01e905825ed2060e534525d0d7191a86e7cbecb247a3557af8166bdabacfdf7,0,0
GAW,2024Q4,10229,1,451,bccf73483f8eddd9d7d8e9958acfc49fefa4f86fd862f0ecaf91d5307a1d3dd9,7280d046250502a99d3a91749a5390f672e5d933ac69ec9be61410eec7623014,0,0
GAW,2025Q2,11251,2,452,fe84d5fe7731d4ede49cbb54345b914baa3ec773a138a2dd8f8172f0e3623016,54dd0d98762e16d89e8145eac8bf7b74bb4a11c359cd83fc073b27dd9fd2451b,1,0
GAW,2025Q4,12524,4,458,fb9f402b062d5611e451b07e4889c8ccb3ed66213e5c23b0522361f83f49c134,8a2a62b789209e5bc6726b93a1830a406294325da707e4b79f196625233ad7ab,1,0
GAX,2024Q2,16,1,508,239455dc1c3a04b2c91b93dcdaa826c180e435cbb4974cf56bc8c0b768a87382,261efddb563af16eb9763793f4ef4a07ddf66db8bc9970df2550287de5d68413,1,1
GAX,2025Q1,20,1,508,e6eb5911a7315aee7d2b402c5e45b5a9b9d6bdb99170958912f5b54b88375356,6e09471d01d382b76e1a78471c1cbdc849d6995b18bbf3a1d1031f289eb059eb,0,0
GAX,2025Q3,22,2,512,7e7f6e8403c8594c3c5d7def0163d01450a327264b4d4b051af5234d5b50a0f2,0cde91990bac870789fafe88232aa6f9aad2b6049f94e855983593b907077c05,1,1
GAZ,2024Q1,102,5,480,9aa59becc5f56a3f12b94fd1ddedf9814036242372e5e702b7efd3b748e896f0,7efd2c4686f6ee07b05c9b8992a2ddeef95640403a5d950742cd7aa3f0309664,1,0
GAZ,2024Q2,115,2,480,ed85abf8a90be104af6c41744d85079bbe34f55c119b0a0e5cc7db36441be7c6,d882e67ebabbe9ec70256be4cf0e6e6c0f0e9764f51d3a6ece75da56dedd9bd6,0,0
GAZ,2024Q4,144,5,479,68bb951cd08562b9d7f0d7841160366a0e0db71f529adcd336483e61427101a2,f4060eb96dba87e03062c5b05ac13b2fdd78f515b10bd134c251033a1f6c1aaf,0,0
GAZ,2025Q3,181,1,479,318e7d522eb9e12854e48ef206a15735cd10378a12f0674c6a8a33578a7b8825,e3173dd3b267271ce8c0c426407a504bfe481afa16c303d4493143e7f5dc6f18,1,0
GBA,2024Q2,102,2,507,83bf13afc9ac8bc2fd0ac058b2a034e870106a3a6ba5621f7c00ce65d60bb4f1,5e763e86a5c450e083dd9b637f31e87fc69cd2489b00aed2ae9d8a1b996383f5,0,0
GBB,2025Q3,23,2,515,eb0496d91bfe19191821742dea23e3df9a80630db4ac9ba54eaa3545d913b940,2086643228eac715532abac2158522136e0d132b608ff9e24fee1de24d7ed4b1,0,0
GBL,2024Q1,15,2,508,c80e215b252539ca38ee50940efe7f241616fe9ba2eff787559f776393532d18,b2304610e43c454445dc602ebd9675a041e7732f4173bec940ab13e00a9bda14,2,2
GBM,2024Q1,879,1,437,2e0176cc0dc3eb9a11dc4d821c2868d33994f206835933c7b31e207af777d6c8,85f997ec1c27b1c1cdbd26a7656105a64492fc87e517026f64b1bddd6fb18518,1,0
GBM,2024Q2,1210,1,441,1e97c86495b4740e99735291f4feed8b743bf50eda48d1e77dfcf38c9baf7dd7,c70d5c156085ea935b746a559262c0c4fc76353db86058be7df0a2cb827d68c7,1,0
GBM,2024Q4,1285,1,441,5da66beed4c74cbd68b58f964c8439f5a0862cccedabcaffdf07804ba56d7a3a,a870dcb24a5decb006ff62fa84d61e196ae2ada80b26cb1f88676e14c29c6c22,1,0
GBM,2025Q3,1521,3,445,a1fb93be9b9b7af47900100e1505d7254788d78a520c44fbfcd67fec2dc2753d,9b72c558feb7924ccff78edf6262971a54ac92ae3e23e1778c52dff37d68ac75,1,1
GBP,2025Q2,2,2,523,032475683512d672fff0f76cf147295ca17d3dd1864fabf0e3db134ddb750171,7e97ac694f9b32377e95d9d18faf6148107da3d04cd0326c0da54f2f5b781523,1,0
GBQ,2024Q2,52,1,504,fd5818ea6d0ac6114feff59e481fd0d7dbce594880ae057dcd8fdefd2571ccfe,3ddbeef7ce1f51f1f2fc3eab964d6343c6608bff620d4eb49138e1a1bfaf81b0,0,0
GBX,2024Q1,1882,1,400,8d2bb97e401438367058e416394a4eb730936d413aa916b46e5f1679ff52dbe3,c5f1bdea4b936530e6d08a46848374a4e328fd17c67662f67ce7ed7f65217cef,0,0
GBX,2024Q2,2008,4,404,1df5c81bcaa28e2e1ddd7de957eab0be4c6591d3e7e6da6cbeb514dd00435333,cb5dd72142456b6fee10d349da8461b165319408a32ed8a58de8d1cfc751fb23,0,0
GBX,2024Q3,2272,1,400,4c10e974c01e9503949ca26405fe18cf27040e306c6f2534e1c71d176011d737,2d49936df8df24249d54b6b70f6d21da05d979c1e1957fd00a90ac51a7782a27,0,0
GBX,2024Q4,2586,4,400,00f75bd6589986bd6345fb7611884aaf82eab5e916b0d04ca891be94d1d31c89,81d025e5429bf8ee27d06de4f5464aec0eea84ad970e4da6e78c9115a40081b8,0,0
GBX,2025Q1,2827,2,396,d1448bddf641d1fdd321f1b92f1719be6d85a73f6bbec8e21c70a765e09f2bba,53ad76e5fd3d262a59928530ed59ff28ece177dfdfa7cb0d893afe49e2402953,0,1
GBX,2025Q2,3089,2,396,89ff0ce2b2115c9739bfb7e86fdf6713b6d9052ad93286ca345be23e021f64fa,b6296c98ff26fd4cd24fd9e9b928f1a5f27f275d3f05b246477352cdad7e7d5d,0,0
GBX,2025Q3,3390,2,397,e9ddeef067875e93a0ad5dc8d50c655fca08a5b6dd66dbff26581a37bd698811,9b8af00669417f1de366a231b28c4a69c164fc6e3268e54649f6d7120908da37,0,0
GBX,2025Q4,3773,2,400,79535ddca36f21094df5f0ad22b0a7c70a72fa872365796cf8b5bc54b1f38d5e,ff7b35eebce2e3869600587da8f3c718d14243596ac9c4897f70be88111f6a23,0,0
GBZ,2024Q1,42,1,486,200003e59ea0fa7c7f0697a8142b8e874b5aa1ac98661d4b59f1cc145fa6dd60,261efddb563af16eb9763793f4ef4a07ddf66db8bc9970df2550287de5d68413,1,1
GBZ,2024Q3,43,1,490,c07bee0dda18c98a7fea930bbf22d9cd195716e932ef96e553a77e59f44df158,69dd86f64a08232acded735e7334857c487cfa9769ea4444d703e11109018043,0,0
GBZ,2024Q4,44,2,490,2e24580c166ac66931ff7359a920b14cc7085fe6eb240b0ab47d3eabb3532c5d,c88cce5fe203745b15254d9e31ad00ff893569b05496be9ebcfbcb648cf373c0,0,0
GBZ,2025Q3,48,4,493,59dc948a957220cb46a1385c734f4c6728ab300d7b5589f23bf77e386244ee03,f3721cf3eb0c9e14c637eba3ee128d9a96c741cb66377b0c8677924ccfb6b66e,1,1
GCA,2024Q4,106,1,501,0a87e8aba2c57f4d114d2e23662a36451c71d38315f76bef4e68b5217c734651,5f13fd8162995a257c2649f4882b2983a13dc83deee5276ba03ed1ba9f1b762f,0,0
GCB,2024Q2,176,1,482,ba963e72677f62c1c16931920e6d7979008a769fd1145ad5f35374a1f6e360b3,6556bd75510fd707c72261c90be4ea3afb1effd2eedab24b6ee5683d5bfdf624,0,0
GCB,2025Q1,181,1,482,b40cc29486d0b2b63842745321d5e7f3867a3ff38c9258f0bd0571b9a239d8b5,5fe5bd762629a8a9cb381c223e50c4a8e1fe61ff295966be187691694764725e,0,0
GCB,2025Q2,185,1,483,fbbcd8b0db771ea913141b58b8063474ed08155c7af1353debd9669a8f3ba863,e3173dd3b267271ce8c0c426407a504bfe481afa16c303d4493143e7f5dc6f18,1,0
GCB,2025Q3,191,1,485,a3fc57e03e80c080a4887fb3c23e1f1196502da6a90772e91b4acbde2c07eb49,f624dcf018bd7117af2c0ef366f6025a434c1a89c33a122df101132ce5fe9074,1,1
GCD,2025Q2,15,2,510,efaa44aee27ae9c126873cc61aaab5202c3bcd245a4c1ae7ce603281353c8047,c7ffa3cfe8c108fc3823f8586bcc1b5281e4db3d0b528825a9153eb97b1e0fea,0,0
GCD,2025Q4,17,1,516,5724e932daae521fc6cdbe0c932a58441d603f433aac6048ad038679311ee0fa,d7ec104e208aa981741ae1bc9bc2671e6c3a75f583887f14c33a0b2f8dc6c686,0,0
GCE,2024Q3,1,1,520,5c3b7abfd58c4bfa8469f7b528ec6eb9a71a5978420593e16d9bdfbcf7bebc1b,99249405892de7687f34281cd2e00b38d3a7b0d4b394db13bd3a74597303eb5f,0,0
GCE,2024Q4,2,1,520,728bb61823430ea44b9db8f29fbb21cb91edc21346a77ecc4ce8ab0d73427c67,7630b16496d2b4322edfd5e2d73fa6c8fb078371ccca4c05fce93049bf6271e5,0,0
GCE,2025Q3,5,2,524,c4cc31250b2aa9d0990277d0b34bf7613cdfb8ca6d3eedfc2a8a30ca9ae0eeed,f7985e8e19a5108c5a61eb4512af278478a95b48dfbff2a03b5b579dc45903ea,1,1
GCI,2024Q1,563,1,487,0fc748a3f924409c7a69b402289ba1428ebb9d4bd4486b4295b5c916a3af60e5,12a6e199c2c6f77cd1b8dfbe7d507bd7f61a30f1f02b3954f4b12bc8c45e9782,0,0
GCI,2024Q4,643,1,492,51e7f41d27227554925ef15fe4a69651c657a1f7aed9e09e8481066bdedabe8a,e23191cce8b013609a93fa6552ce263885ebb9abf128e2eab65b73c69de62b70,1,1
GCI,2025Q4,778,1,501,c420d39d9c943c4ca924192333e6e363e348336fa85ec9c77a0fc867e39b81b3,38c09c12833d504dfcc0dbdbb3d4ce61b2e921adf0cf8cc9e741a7704f3daf14,0,1
GCJ,2024Q1,18574,1,271,c27a15bbcafa5374958b552dd30272dcf6c4411f960445ec69722da60f1af0b5,2028fbd2add95c0071dee4b5428de1e4edc59e961b7240bd5cf3b4a1a35d011b,0,0
GCJ,2024Q2,20299,4,275,54f0ee8e497c4c77b5a83a87c8eeb750f2f59c9a75c90429ebce2ed3fa0379a8,3e8ded3b2eccb0157dc2666d5534a5b6a57a1db4b9aef085036a790b82142ee7,0,1
GCJ,2024Q3,21936,4,271,b7cb1eccb17c75b3c34911a46b2712a4af7724f3a3db0b341a99adf4dcab6350,c7b3e60937f8e2b059cbcacf8720394b966d2aad3c4aec9acfc0d3bd5c16efaa,0,0
GCJ,2025Q1,24621,7,268,3b4283e41b22153d30e6985256909a48df0207658164679a81714e09b30b36a5,2e0de8442b72b0559c14a17f84afefeb9d3917284a9e8d7521bcfd1a11a6c08d,1,2
GCJ,2025Q2,25888,5,263,9a990bc26aa717e3287f195ab6b56f47906ef93dfbbe7d871a24191dc9e3ac10,b72b7fc8802c2014f1c07767e0f39952302dad8630936d4eec3d5822930163fc,0,0
GCJ,2025Q3,27383,6,261,0e57d9c1e036b0b33615f607b655243a0147d6133a488a6d41f4f09db77d00a2,72cf5658b5294ea1448237f46223bc68b25db7ea3e9c3eb762eb571db8196989,1,0
GCJ,2025Q4,28930,3,260,228cffdde9e8f2b267f6729c29d6e72a9f0b224f15963cba11988d5dd1168da5,0907c755238a88141b55ec6cb8118615e3f6c8c88c59424c713ab3ab12125f53,0,0
GCM,2024Q1,17,1,503,90fae232f269096f8ce3896c68ad8b710671912f50c3a760f25036101598ec7d,8ee4768ca710711739fe0eb1350f14ebdec2c21c30e21ae2e0e2adc52fbe7172,0,0
GCM,2024Q2,19,23,507,0b5364152e2aa79d3e871c80f3e55e13c3c6842ede293c57c789ad96958d2387,d0c44193c5090e6413ee25e310f0bae56a41bda4d69d9da7476f5ec4dc576cb1,4,2
GCM,2024Q3,170,6,484,c1812affb349515198d72a1aeacc2640fa3ab4b73f8e98f9fecc45495ef08788,6a020fff65a65b308c1e27deb2fa3b4ed31dec90485040bfd59fc9ff4a1186e8,0,0
GCM,2024Q4,297,9,479,f4edd7b441337366dae1394d41e7950d1065f5cc72305f9694913f70a4311b5d,3eecba4a443ba8e7734b3c57eebbee9705ebf1a2d22cc8100e9486e5ca3bae86,1,1
GCM,2025Q1,466,5,470,4febb08718793876ca7383d553305252c898fe6cb526d79d5c6a7bd9008ccbad,c28afe2c617d07cfa3fd05061f1e341f00b82a3f807eefe87ce061a9447f1a68,0,0
GCM,2025Q2,634,2,467,92811f5fec5b05b552c9bc0fe3fa37baeb0e46cd071b9430a56d967f4489d932,30eabf7ed6da82a92d101c204d804d53c42a85512959b302c9e5beb14a0a9cff,0,0
GCM,2025Q3,764,5,468,f829fe49ebb592090079ec934fc010d4cd568855987c67ec13c1dcb678ab805b,a898b1aa2fb8bc99880f1ec7dde7dc54f99f775e68ed77447f2100f939c31db4,2,2
GCM,2025Q4,869,3,468,cfd431dbe2702f8d04b14dc6e852962cc9a0e43b7708f1cac2047cb08d09d1cf,1194f2e863527b22eda074429e5d86f1d4a5e5e48dde9b24ba433fcc21ed76f3,0,0
GCP,2024Q1,175,6,476,40f6e467a81dc9c8d93180b38f0cbc1a77ae8403e54af0c68921f16f538b29d7,31dc4aaf1ca09039aee3ac1f4880f8e3eae6c1fe53a9a72ba84420958ec342aa,1,1
GCP,2024Q2,216,5,475,6958547bf6444628b4cc4b05c2db209eca08f459997f13a688cd94c3a6c4f06d,ef04fad2d537ec604aad6b7b02eb8cb84a142c4d8d68169278b084f76ef116e8,0,0
GCP,2024Q3,239,3,470,685a7d8a669da30eb8096ceb7311b9735d1b8fa942d8538ce0b471421d95f79a,7b6e98199289aa6c62326131214c4142a16438abb1e6da5589c7e1419390434a,0,0
GCP,2024Q4,269,2,468,2f2fc5a02faed906c5c81dcfc301456d08ab2b7108f920f52a3ee84e7fb4cf25,05eee5b45e8dfa611a793d399031356a371ff381dc56047fb7bbf4277ff35075,0,0
GCP,2025Q1,283,2,466,c7c692d82d8b2b8769e53e1c36d5d855f6928214450ff120c1a1419d90f0b9b8,3aa726e63f4a3a336197d496aebfafb6495923be33bde010b8b58c99ea955432,1,0
GCP,2025Q2,340,3,466,f7437cd6e441700d01f75e845de111cbcb50964f18f2f67aaa6153efe3788b45,be279c5af2f26cf6e063ec0506f96fc7dcf8eb85b15e05d542ddf973e3ea60d4,1,0
GCP,2025Q3,390,3,466,c52066d10b89d13541ed6696f2c702c73db1ebe75c4fd2a0c08f87fb9e856bf9,9927963a44d4a4064240272fcd9e475be9d864791771a19bcd44c9594bea0792,2,1
GCP,2025Q4,430,1,468,c593aa9984225152ef0a19219cf48eedebc7b06adf1be88eef1cb9603a1973b4,a870dcb24a5decb006ff62fa84d61e196ae2ada80b26cb1f88676e14c29c6c22,0,0
GCQ,2024Q2,26,1,504,c43c08aa451e1b608e695375eb1af64f8c0c3d6889dddf7465c40b22992e18d3,29f7b955a4c736b904ab8119fce3db903fa9abdf1864956167a966f3d4aa12a8,0,0
GCT,2024Q1,639,1,454,e462e92383380a7d0f5b1d1fdbf9e3bc8625058456ac34e9e788c08170a6dbd5,df5e39abd233744eb5fa0c62cf6e0fe96bfd6ac6c1d70ad818c2ce959db12196,0,0
GCT,2024Q2,728,5,458,b336f78f2c4f041a079f5174dcac9e5a275b611aa0cb0c37c50f7d04771cc780,138a0b7d72eeb133b5d97e49a1a6001e388adb52fad4b9dc0b693093467ac8ba,1,0
GCT,2024Q3,785,2,453,b755fa4f0ca072f67c1e3fc71fe5f4d6267be66b898764c4aef34da0c9e95232,3c64705dcc75d294baaf8b9213457f6c4e651bc4968040fe62f553ddff1439c9,0,1
GCT,2024Q4,861,5,452,fed425b318092d07214868496619b295d30091c0ee3f188fedec419f97e73218,5048f7056b049f7779456cea4a648a6e6d54a61f650e117aa8341be3cf4edc71,0,0
GCT,2025Q1,935,4,447,88cbc0cf3ece3f8335c8d8719cb42873f5c67252bd5caeada777ff9ad0203426,838c4a3659c1d04b0d4fd830901885cf4643909790e78fc520ff87b8b7e92c25,1,0
GCT,2025Q2,1039,2,445,217413e82cf9f887a863aca204309ab86a47d4c7413d1996e08653a40dc8537a,18b4fa3220e321d69081b2f72a444441c2690b3a7185fd5c1da4addf22f33eb6,0,1
GCT,2025Q4,1183,4,451,4f339430a8438a3eb6c4cd0784cacb0c1fb018e457ad6740bc295b43647810f9,2970ff6e1c225fb245b1e1b0c9b440b84836b6e6a99cabb822644e1d2ea5955e,1,1
GCX,2024Q1,326,1,441,ea038a177b948ebd6798fda8f3b77ef9734c5534080a9bf3c147c956e6dc4c5e,eaff4109e2fe8a6a16b8f98d58baec86ae10a50487f5baf712073ba0c5cc4d13,0,0
GCX,2024Q2,349,1,445,dd00499f23261d065b9c9ddeda0fcc697997d61e93a0c1c76a53bd2636fe21fc,d7c2ad28f9a8d3c69320c4e3ef423a89de4b7d13ac1697d95e6130e0cb149e64,0,0
GCX,2024Q4,378,2,445,da563f96bfe959309dc3837be3cf4674bae317c591b75a3968b68762a36a8b0f,d4db4197f79cd66e0a2fd6bf949db6c522278a68651bb8dffdf1d707dc327662,0,0
GCX,2025Q1,391,5,443,56948362ac7c4f0a98b8478844db124b4f8dfa082a07fc76374b959489e07f36,88b896f6c9d596377f8fbe11139a5306e375ee6c7fd99717bb4e65daa63ab916,0,0
GCX,2025Q2,443,18,440,17e23f4de25b477e1a3bf407e35b036c3ac4fdde012755b3273a3e26fa4143e8,ab0edb0ac9601b612564649ae9f645a4bf8a6094a0f19e4b731cca1dfbd6cdfe,1,0
GCX,2025Q3,588,3,425,96f3ecde3d36d3e94535b4d33a79a342d3be9926f12932c331c65c8349387982,f72ba09bb8d6eb9424b1e1149f618ff718c9c4767316e7d5ef523fe089af973c,1,1
GCX,2025Q4,630,2,427,df8af8c9d5e11687ec0955d1da2bc013de2a9c847dbe63841fa5ab99f361e6c6,822490b220b41469c608ef5acfcbb4dbb24271326053bb211e42201d38d25f56,0,0
GCY,2024Q2,815,1,434,aff4de1f01aea67cfb8da081cb0dc74f756c0e997d613b39e38ecefea663abdf,39d570a31580b4b21f6a256d339894494e8f26e3e2725310c1087df6abecf1f5,0,0
GCY,2024Q3,829,1,433,c2d5d89ae3d147fee6bf50aad5af76d68d7d05058b340375cb013614f399e8db,57dc770617ff6777df87b210b8bb9f2b9314ad58ea38f8ccb79809f0ae688261,0,1
GCY,2025Q1,878,3,433,91f0c60efb692594884c71796f667e3c991043998750ae2d28caee1857045faf,e1c47d945aa3f0d25e53a70788bc08d47a287b643570ca5e198641c44c06e8ea,0,0
GCY,2025Q2,910,1,432,2f9babacf4d623e59c0543a1454092a2dfd1dfc1573b50494d9574127ea41060,625f87222c209c641a47bedfc9aa2e722aa91a819a70aa10239c725518d6eb9b,0,0
GCY,2025Q3,965,3,434,a37c02e0039846b02deb4c808a0021b7cb190702ea3ecbe8638e582cc6ff8ace,47851064cd27a738c80305406eb5149b68caa5f12a593cdaa74b52ec485fe2ea,2,2
GDC,2024Q1,695,1,438,fc089d2ba922888525b4df031b50d0ca1c6846619c37748d2e5a9bca104c7c3e,8e85881a6c746848d0add10258162f9c57255e43c09f41419efa4fa5480b77bf,0,0
GDC,2024Q2,712,1,442,5ee6d0175decc2343a7795133fb045b13a9e5fb312f4bd862f7fe469771c5082,1a799f91e80489f19f12e5f18a5b3fec090c14d22b5ff66251cf34f781101b7d,0,0
GDC,2024Q3,735,1,441,ff7d92747c85ec278c80e02a0df8ee3a7dbfe3338a96fdc9627db0d6e13a7718,603a46b611985fb132839f691d5946ffceb1dbfa36f9c5d438bf1b01cd633f86,0,0
GDC,2024Q4,759,2,441,05d388fa414dfea5d2e84580bdf86721da325d24f2e614ddbc5eb3c3d386e50d,10c497667910f165f430d854d5d0fc8df52874f64d7fb8c55b29c00da9205ec3,0,0
GDC,2025Q1,786,1,439,7555adffb3aade0a885759862b15156fa52f66883661926ac06857f1a3d99632,30731c20afe074feb0f071f38be137e66adcc48d75d7ffa215d0e88c81e89f91,0,0
GDC,2025Q2,812,2,440,f969e074eaef32ca5c6fc31f9e61965bc0e647da96a379e254d9502064c5d67e,0a554f1cd19e35903830539733e2c2ab35fa1bb3d1d921d43e806a8e56521164,0,0
GDC,2025Q3,833,1,441,cad9fe457db625d3b176ddd4f0077eed3f201e0f279b28360360e1ef22812fdf,586f1db6e208a8a5f825ec340ea7e33f4485d97dee1931e7f4189a193a36b870,0,0
GDF,2024Q3,66,1,503,7a9ee558eaf491f27a285fafa004beebf0290fc00fa65202499247a5f93f19b4,3ae3d218a8eac87e03237fdc4a88f599903d51d06327066df9cbee60a7635f5b,0,0
GDF,2025Q2,75,1,505,d6c8d038cfe739e4b00c48c9cd0eeb1d4e1743c5999326f720680d19d49460dc,a5b4864803fb4abf683e57d5f47cb371966044d4ab4e4bd93785848c339ba6f8,0,1
GDF,2025Q3,77,3,507,0f3b49ec8849a539f6c0112debf14c14eaf516af0211ff5f08c2f40ab15d8a71,06a497c031ce2bc229aba1b215d0930b6eb921e7b687ee64cca21419338f891b,1,1
GDF,2025Q4,80,2,509,c2e3e82ba365a55a1c468d5b971a83554aa9b4e1e026759e758c7ff107926c8f,d4e5ea05deab77ae58b0b9f273dca8131938bf4068fd49cd760ec1e81d5b8054,0,0
GDI,2024Q3,16,1,513,ec76cf6b5dfc583702fb5b1401feb13c2befa9aba081ce1ebbc6483a8139b74e,6a12e99824aea0d5feae2c12c8465437870d0dd31353dd3635102d45d7a6d9a0,0,0
GDI,2024Q4,27,2,513,e3fc71af8f258615a922b9f8846a6ade3d8d48a67e90452713644cbdfc628bfd,c019856e1c704a34a375996d870c11c66faa35d0b38eb2b913de0cdd00906678,1,1
GDI,2025Q2,35,1,513,9fe72aac9ea33d14bbdd242e41088edbdad1d0b123b4151cadfa837f2e1378dd,0e91202d09fb12c9f3c93678b8b07b4f9b6508bb53fafb877c851effa966b76f,0,0
GDI,2025Q4,43,1,520,b9ef67d3c306b7ac1be224fc3acfb6afc0af3154c6e4a0d7f664afb3772a9184,d0925ed7e7326fd1da0599f4480b6028be72c31955c5064207f11ff98d94efab,1,1
GDJ,2024Q1,95,2,498,05e448081b292d6a71f8a3bb4c9c66b27b338f3e3afa93f3fd5f43373bf03978,a082ba6476591245fe0557671110b06910120842b2bf6c29f32b2ef08cecc1fc,1,1
GDJ,2024Q2,104,1,501,c5aef2d878b2d71ff06db6337473e4104e8260fadb31b2d81c41d5d984955580,4acf9ed3962214b8a18e480121f2577f4d243363d21111d2e48a7a788dde23e8,0,0
GDJ,2024Q4,152,1,501,b80d2bc8b956da37fcb6dc4954a4c5c310f0233f05f6728c84f70f21f569d8ef,e545563b497023690c9b474b0e63e1a6ae16dc9d52f7ab31f156f6d4219b072d,1,1
GDJ,2025Q1,162,1,500,6800c237c20dafbccef1ce987821cdbce32bdeddbd5ce53af426f04423e54a8a,221324166e41feb46e457f0490759eaa3aa9a12f6071baf143042e787b07d16c,1,1
GDJ,2025Q2,169,2,501,f13f89d8691abf4d279d8aa93c54d8d2aee6b468fe572229a2f74d575b953376,1ac27e908885008ab758bd847dc50973579e1557aa7910b7b05209aa72f4265c,0,0
GDM,2025Q1,15,1,514,8918d5aa76b80e6d192bffb0840a4a2cc790a1c2241ca4e22ce0f631ae27ff89,20b55df4920ce2e4d50f52af88c9fb96254d96d058c414f391278206a37fa665,0,0
GDM,2025Q2,18,1,515,d96476f274039d3e94399219dc62e361c834fdb7f10285c4fa067142ed91330e,0ac4f2a3fdf592a8a70bb0776a0305651761f12777248c2b67d116667d9cc46a,0,0
GDO,2024Q4,1763,2,444,974373550e61861758e7886a81dbda07e931bbaed4aa20a2782a55099908c60a,f409b9469e396cf7ff4b19b785be104b7f3962318281a89cdc2e7ece345225be,0,1
GDO,2025Q2,1939,2,444,fc5866d46c5cb52853b638b6497fb4a1e12b8970a20a9c638bdadf497023af73,b3b16bdfc330df86524886e221b0a41cd52597745ab8428280244410a2d2eab0,0,0
GDO,2025Q4,2246,1,450,5e9ded2ae3ea37cc7316b4a8a8098e92d71ac2590b0bb4c4d7563db84c53ba6f,e397784c48b2128e957f45ef79f152203f0e86f32f8c2cdf8b1db70cd42496a6,1,1
GDW,2024Q1,70175,1,318,aa8aae28d6855aba1777f25a643db2f3244d9b3cf7fe0632f60622f45e420b62,f01e905825ed2060e534525d0d7191a86e7cbecb247a3557af8166bdabacfdf7,0,0
GDW,2024Q2,73589,1,322,2f0a03d81787ec981f269c8869b2ad4a0e3cbee0c1cdc9e5b3ed633377295683,14106d8b6470256ec2dce3e232a3f560def6e98351d8ea55e687e644acff23bc,0,0
GDW,2025Q1,83455,1,322,da90922d744fa7c91a1c3f8d8fffff4591308dfd2e1631a953d8bfdd2be3c9fc,0d1a6b8a2ef2278075ba133c100cf51faa01259bddcee3e206c4ac375dd49c09,0,0
GDW,2025Q2,86496,2,323,f98fffcf8ab88a16fe6cd156b00e04547bb325799c2b4b9dcb11fa895ae28376,e1d72bfc1ab41ecd41e66137bc00c085a773cfabb2c65de4f200cc5cf6cf830e,1,0
GDW,2025Q3,89417,2,324,eefce5cf58cf0f5892bd46add109289deeb99d2fccb869fc61464316c0f8c88c,ea07e1ddbce7852aeb6c76df8d1dd5380879e7b2f56b1137fafa79eebb43aa1d,0,0
GDX,2024Q3,47,1,503,f208322ecd5e1c61f5ab199193c2eb09ecf636d66064de1b7a3c2f1afb89a598,bbc61898f610a139a4d31a937c96d5d2155dbae5a6089e0b6de8e724869f4171,0,0
GDX,2025Q1,48,1,503,598ee59d683256bb17e88383cf37a559a98668b5e8d66c7253595efb673b397b,261efddb563af16eb9763793f4ef4a07ddf66db8bc9970df2550287de5d68413,1,1
GDX,2025Q4,50,1,512,0928aa401f66002f96981122de210560fdf0b9e0e48487428abc1eeeaad35164,d7c2ad28f9a8d3c69320c4e3ef423a89de4b7d13ac1697d95e6130e0cb149e64,0,0
GDY,2024Q1,751,2,457,ca2401593c9daadef1c42ed665c7effdffec991cdc978e3a5649d31c712ae435,a5bd18b08ac131214ba7c6d518cc6c76bc055f0137ecedb287f5fe6b9dd45be2,0,0
GDY,2024Q3,808,1,460,d8f79a156860161084d05014adbeecd9fc2e68d273ad2e6b94315e29b46aa0e6,e545563b497023690c9b474b0e63e1a6ae16dc9d52f7ab31f156f6d4219b072d,1,1
GDY,2024Q4,843,1,460,0092d60a3fab03810690364f1c6c34927a77bb562b3b920ef671639e963d6980,5e800d40783d3edae9ddf1f0c212b347b2c6e2e9b641fe20f371488817be4eb3,0,0
GDY,2025Q1,865,1,459,cdbfa9ab92758711aae206b48b69e7013f12c1ee894921220d95583275a56c8d,8cd3e7de608df5923373208c69af64501c7758519db06ea606bc8ae05d99be4e,0,0
GDY,2025Q2,876,3,460,253d8cdbeb448f5c0674da16bc518bbb596d356636634d7824521eb41c654c5d,b996fde152d03d480b538a553d9351a45dd24f8857e87cb79c2b2a6b0e7fb021,1,1
GDY,2025Q3,910,2,460,6caa6c420427b3d270b4caa6f1d19a199ecb1b18cb3aafa136dfae9a98f0e1d7,00331df9d05321bf85ae1c66108df33e184f2984448d19443e0753f650cb6acd,0,0
GDZ,2024Q1,32,1,508,c80c12034b1261ab51a48e56b993097f6542035f121103a7dbf8505e39ed0ff3,9559394944156fb2a0c90f41e331d152be56122dfcc492384b2e1292f0e74ae7,0,0
GDZ,2024Q2,37,1,512,1b27dc731610489eff5b65ee4a0b97d2528ce8d4dbb91e0b41507cfa80cee98c,a5b4864803fb4abf683e57d5f47cb371966044d4ab4e4bd93785848c339ba6f8,1,1
GDZ,2024Q3,40,3,511,7b348bc787781a9e66f065ad4b050faedc887516f07add4444e69e0fa54ae860,c6dd23bc95742c1c0fe4a8805fbc6dde4e95f15a8b099fcd6508e676753292a6,1,1
GDZ,2024Q4,45,1,509,f93e8adb6f7343f985ed80757a7c8bc7d71cc46fb139ce7bbab2a5f7c0092318,3d5b4c710d6c1ee6c24d7b1798abbf471196fca1ed5584de4f6f1d4fab26f02c,0,0
GDZ,2025Q3,50,1,513,78b0f088da7ab513ec84638577ed562e5009801af4678d67d00842b4fd7ad860,5f13fd8162995a257c2649f4882b2983a13dc83deee5276ba03ed1ba9f1b762f,0,0
GDZ,2025Q4,52,1,517,69b7480b156714fa63300d08a63bcefba1d7d5c41ace7ced63183bb9d2dcbbce,80f7027d6c0b934a23f107e75772120bce88a283eb07f573081b1536419bf092,0,0
GEA,2024Q1,526,1,459,1ee3113397471de4ae466fe24f172010921191778e51c7e8504f749c36de443a,ed64a5a5322ce493860dd99ed952f99c5cc4857da12ed346aea053ed4a0e00c9,1,1
GEA,2024Q3,567,1,463,706237778568ff27a5fa33f647aead0b74b03e285194ac693342aa3ebc0a5d3d,38c09c12833d504dfcc0dbdbb3d4ce61b2e921adf0cf8cc9e741a7704f3daf14,0,1
GEA,2024Q4,605,1,463,9819aa29457619f721b67e7c1de7aa6d3c417f5ca26f24715212a3a62044203a,729fac211ba5c7f1000e7179711350e006a5d6d9f1132eeb92dc8570e00d6e5e,0,0
GEA,2025Q3,662,2,467,a7ae8d3f6e5c24455565bd6245d3e8792eef02b466b08cedd25a4102d80da646,e4780417770be525024713e72b65058515d2e44a68bcea7678d9e0d0679a0ef9,0,1
GEA,2025Q4,688,1,470,1787c658a9e9b428fc413f5339478cbd4d4a3a379016a095cd25b7e9835fddbf,25f0d7559708d1e6ebe4bfd5298533fda835220df2aa3ce035cc99770cfcc856,0,0
GEC,2024Q3,33,1,509,135afb6b5d3bc2dc904769d8831129c5a07f75d91e33f3251721ca36e8edee06,8d679bc0fcab565c28f10b0b96de772fe7ec45d7979c51b1ece80a984650f2b2,0,0
GEC,2024Q4,34,1,509,6f39d14c4b18c743d21168232087b1cf92a449fac016924d9ab3c37d93b41365,0bb688aed515c2b6cd52e03e025db2798f43fdfc02a1d8a98e4a2f3c293ce710,0,0
GEE,2024Q1,9,1,510,8b040b9aaa5dbc20e3ce38f956f30e816a37aaf0685e6f488ce8f3c2f2006891,d0925ed7e7326fd1da0599f4480b6028be72c31955c5064207f11ff98d94efab,1,1
GEF,2025Q3,185,1,502,2346845f77b6ec8c339dfe82e269d4b32a81c64709843fdcd7de3be15aed66d9,2619ebf09f49024bce8a9f390a2646ea021dc3e54527aa1d3caa8d00c428bf3b,0,0
GEF,2025Q4,200,1,506,3b51ceb4735c0f53f29e140e27d44a8f69632060efe7fb518fc6b43cd14b9c5b,409e212fb4bf98886b260e02291379b63e84fd6cb7ab067b968c4bc5205a31ac,0,0
GEH,2024Q1,1339,3,407,9685a0fcf45f005cb3cecd4d992f8a206db8c1df1ef7dd1da8a772d6ca3cf697,12729aa9950af7c6f5d387cbe3048898c0d9e0827cc61826252b0c52b710ea0b,2,0
GEH,2024Q2,1369,4,409,9789a2cddf701539dc626d08f73bce2308d49ba40c83980392c2201610c5fd92,78cd78f3d8ed540474bf13d28c40530ab8ce78fdbf8e6dcb5da89109246431ed,0,0
GEH,2024Q4,1441,1,406,dfe64886b758e97bba41a091a82796cff2bba6a1ee9e18ccce1fceffcde2ff1c,8891594f74b9cbbc02e7818fc9e2a5c538f57b26003debd82b38d053313caa7f,0,0
GEH,2025Q1,1480,2,405,bfb2fc5f5ded4dcc0ba629b1ab8dfa4a8cd7b576ffd0359b6c0d1b1d8080ee02,0c45dc6e58cbe1431402a1d55c19267eaea93eb4a8072134c15a831b834f57c2,0,1
GEH,2025Q2,1509,2,405,63c4a39dcbf0465b33147e9cf2f8f875c8f714d82a59eab2a55cba70243e0067,5f4e4cdb451a7df43e5e5fe447b3e9b9e359ba46889b28d8cbced3bb59a5f340,0,0
GEH,2025Q3,1544,2,406,fd8da0031cf000b74d2951626afe3e0a04d96b70ec26bbf10e4fe1c25b0e8cf8,5765807cec1d104b6f1a6cf7bab3ed7fde63c69172e588b21e7dbc6b7db349d6,1,0
GEH,2025Q4,1601,2,409,dd4d5fc98d1248db1a0815d4c936889a95d24181e13d02cc75bf1c87dfd467a8,addaf5d6495d608ca081cd64aa015e701826f7176f55019d0b5a3916a5247310,0,0
GEI,2024Q1,33191,2,211,a6fafefb6871a75241709cbff4b21cf2342b0657aeb2e6f2cf7588975e823938,47133ffef14d38e8edd00b7f4f6dd928384ae812a359dc41c22b5b1644b7ad3d,0,0
GEI,2024Q2,35388,4,212,31551924c6d17444dc1e76da19aebd4024560e69996db716b46d5fe89da81418,6a158874083a03bc581ff8cbcb9fbe9c46a2fd9ee289e7dd18545c43313dfdb8,0,0
GEI,2024Q3,37457,1,208,46dbdcdf69a8b389be51d48efd72f4c87476dcb844cff0616a733cec08a76d62,64d40b05333a3b321d43f86a8176841eb733b6f93474516680b457b78baf99ec,0,0
GEI,2024Q4,39359,7,208,298f5cc83f04dc4e30969395d839d11ef0b2d0b7e53dea601186a91fd18529be,1fa2fefcdf4e9de47b9d28846efe95880f91251f296ed3f9b691ebf1079257e9,1,0
GEI,2025Q1,41089,3,201,1e01e1584cd08681cfd8568f63d40255198e7299f21e3ab48e31fc69e73a302b,00e03bab498e360461acde5b78c817282f20eee24822767ed67c88d41529d88b,0,0
GEI,2025Q2,42931,4,200,9b5d3114abf2be4f06336a2e06d827395d022a3393b3a2e8604cf68b7117e451,d04f4932ea48ddc7d5cb51cd740d614d0f57b741f6441aead9d4aea1a2e982d0,1,0
GEI,2025Q3,44836,2,198,364a30046fff0fa44e7b182f81104332f339f6fbf10af7bbbd4d1fd07bef1d28,e0aaf2aedcc8aed8a1c8f168df173bccc33d21e8174cc0a41ea762f4587d7380,0,1
GEI,2025Q4,46770,1,201,e05d53933b2e7c6c95e128e4af87d717ad3b800a01beabae8b06422a1539c469,83032922b0a4e4a72f25138cb32888e92e34379360d8bac23225341e0df69cd5,0,1
GEN,2024Q2,94,1,489,64ea54c537f40fda5b020f15866e5026e6c6271f6cbd8180d4e3939d43c72781,80f7027d6c0b934a23f107e75772120bce88a283eb07f573081b1536419bf092,0,0
GEN,2025Q1,107,1,489,824a469712ffcd4a9da8362a829e5dae8f4010b115ed0dca813c4925ccc487f4,f04a9b043ea63e419307d3c70b380b6564a71cdf899e31cca1ab50bbfa038b96,1,0
GEN,2025Q2,114,1,490,4a9e871716f2144aa1d176008d4cba57e53cc47310f134c28789a5e35429b768,19685015ccc5f952d6265dc4bcb7e7a163dc7c4746cd284c379f330aabab1da1,0,0
GES,2024Q1,172,1,481,bd67b2d18879e22610f75d2f626f779728b024bad7de657c49f85f15fe6a2412,e545563b497023690c9b474b0e63e1a6ae16dc9d52f7ab31f156f6d4219b072d,1,1
GES,2024Q3,190,1,485,feda328438338be65eaaf4cffd5121761dd5e5a5b76f6fd53835e6441c07ba0a,20b55df4920ce2e4d50f52af88c9fb96254d96d058c414f391278206a37fa665,0,1
GES,2024Q4,196,1,485,23d851b3b17fa264cc62efde5c11230899edb74ea402f5cba4806672a188bb2c,bb24fbcfc1270f807def6102d75aad113a0012c3bcfcd588a899547f60cc53f3,0,0
GES,2025Q1,205,2,484,3428e90912703d474bc7bb086a15be651e379618c9fc11d72ea8a9911f9c14a7,5a5e6898e8821daa98d959eb8d95e79855c7808dfbc51532da52cc22413e2508,0,0
GES,2025Q4,236,2,492,51605bd0a7cfeebf7f9513bf4627e48e7ed0ceede4409f329bfb5b35f7ac50a1,3a2d52e8acca35b31284f0724dd6fe5db8711716eab871d3fe3981c27bbb3709,0,0
GET,2025Q3,81,2,512,9d7ea8824107609ab84deaa19d6d713b0cb0431bb93a9fa8c42b6a5f92f39c16,09c27da990c179ac19c014c17181db1d38c7822efd9c75c1b53b7280f02e45fd,0,0
GET,2025Q4,83,1,515,704e6370cebbaf194aaa10e25a487d3cb0d3d0e5308038e1ab4166361c50c888,69c9b47649ef5fd9ebd2d096cf6ac8a423c34daacb3af8b0455b7a4d46370e03,1,1
GEX,2024Q1,12982,2,292,6d5597f11979f9889c491c7c076cf1337dae28273c6200e7bdb1aa25c1e2ab7d,6e0666e222cbd212fa0ed0b6ac6af77ca03bd4658eadc8dda5c645aeba17fbc1,1,0
GEX,2024Q2,13482,3,295,d58713a00a36ccd709354cb097f1d9cc44f77077de20f6c12a092aae9d031ce5,8610991b1c01a76a23a59b5982b3a8dba6b0eb099aff1622146d0da1f541d51c,0,0
GEX,2024Q3,14091,1,292,039b42cc9dc0479d51296d36a89f38e8c7d57be4d5800d8fd28ceeeb3211835c,7a2a05473476825de12af07ae117776e044f9050da35889a8d0dac5c70eba73f,0,0
GEX,2025Q1,15233,1,292,37cbf9c03487190e03b29a99562d7c923ff0b7878f7170b838677e99aeacb4d9,4f2a84ed21909b83df053cee1395375dd5bad1c52f76dbff373f9960b75b7a99,0,0
GEX,2025Q2,15868,4,293,204f6156a43c7e5cb4812853d474205d5f90d75907ee4e839f0c790f5a695b3d,5892347bf213535bc49d635360b3bb4907a32e1757cbe6441c95c990f24c12ad,0,0
GEX,2025Q3,16599,5,292,671cd3c415b621d401dac35f12234890fe68975bbb9aee7ea16e9e96e562c072,1cabfacad08cd22b2916b4244798dc0781532757d7a3c59106287d8381e8d03b,0,0
GEX,2025Q4,17352,3,292,5bc70acc1847b3c683de10d6f6459e99156eb83a08f1903a5be2399c4c9c7812,7a69927b4687f4eaa397799166cb6f2d18d000ce9c1a03527652730e9ca0dc7e,0,0
GEY,2024Q1,6032,1,429,671c44cdfb73221fc0600cddc25ec1567021a4f1210ac20e6a8a856f2864c338,c9f2b8a642d68695102627d731d0431a95f5032fac9531979943825cb7593edb,0,0
GEY,2024Q2,6405,1,433,5a943bcad9a30f8ec6dd992da8b3b3c3fbf9a99c8b5bf96e51e1b76756807987,69dd86f64a08232acded735e7334857c487cfa9769ea4444d703e11109018043,0,0
GEY,2024Q4,7154,2,433,f852055826cc8e68aa5d21149b048389750e9037db61e75fc665cefb34c8ccc1,ec114594d52f2f1e4b0ee19476e55ad4e473c81e996da553495ee5e8d25ac766,1,0
GEY,2025Q1,7479,1,431,9cec07c1a0db5b0749da3b6955d7db007eb77a4ab0a9162a4849e29d276b9e5c,a8221b6f274cba3f647806d766eda4058b5029b9dd2123c6568ca97c3f4d7ba1,0,0
GEY,2025Q2,7721,1,432,3f27c90ef1b935575b2473474fa958f7ec488524543cd618b65c3409f9d7f80b,c7ca1bb14fd51ba8fd58aef005c843e2cd4ba79f86f16179c12ba3d85bd461f3,0,0
GEY,2025Q3,7986,4,434,8c85a0d8e45d8bd4b5ebba949c6d1e4eedab26ef008c21378afa0d7883631d6f,f22cbdec88005bd0d72f55367db23bf52338851525e2b3a5f1f0ae98e8ebfa3d,1,1
GEY,2025Q4,8240,2,435,0d06aeea6d71c6d7ae1c155b63de2cff732957422886355fdef01f8a95724b53,ed69d879320f79684b8ccd76b623ca30f44f1e25c5d69c7e483b6faa789f18d6,1,1
GFA,2024Q2,1940,7,422,c9728387e9c35fc692a698a0a8b8b4b94e37bbc107f2c2c15b5052a71cf036c0,41b58a77ba3784dd4befdd39808802dfedd2db1e31ab607c5d657d4e536738ef,2,1
GFA,2024Q4,2177,1,416,0bc10aaacee0c8e9d50fa7243b1516d6624197de3909e61648de167d21f3d5df,04f40a8c8305397da67f43059e7858044f792a000c56dfb6e91f783f8d059f94,0,0
GFA,2025Q2,2414,3,417,2a50767686b16827e9a3d852725f00c841207aff86103cc32ac60f9810f04de6,ee479eda3aee15e5bf20868ec37bc852f5705f2c500a3f0ad85b2fbda4fa136b,1,1
GFA,2025Q3,2517,2,417,d850711195008696f47e74a94ca7df2214ca9a5c937595dd99c98300495fc319,0281ca2f8e3151595dcac50616adb65ceff001c32a04d781a9c177666d2a35a8,1,1
GFA,2025Q4,2598,2,420,38883cc100c7f2f14b86b73ec431543a6f88c003201392c9162cf17abc013051,e5b1d359720f33efe24c36182cfb7c425e4b0c03c962d68603bd2e8e1f0fb22c,0,0
GFC,2024Q1,27,2,505,e60cb2dccf92ae3b264068d0dd68ef85fdd89f1dda612b07c4f6e3992fe1439b,ccc04d18211ce632eafd27e1d9ab0dee9e5c3cd56560954d6cea9a1ae92e7e85,1,1
GFC,2024Q2,30,1,508,51aebda52cf808b77363fe61035fab7b9c1e5ac6c6fee0bfb5b016ab82bd7ab8,4febbc3d54fa42cab28ad75da965d3b824b5252a22e5053a704ba1b0b2032cfa,0,0
GFC,2024Q4,36,1,508,51b7d14f9c364af926ee292f41a33461be26b0f35837af9cfe976bc6a282b795,bb24fbcfc1270f807def6102d75aad113a0012c3bcfcd588a899547f60cc53f3,0,0
GFC,2025Q3,42,1,512,eb76b393f661debfb0a6606f41d89982ae96a274c71a259a9473c5141090c4c4,598a368849023e0238de665cb5ad2506d41b4ec6497efa2fdb6b432b05bd9241,1,1
GFC,2025Q4,44,1,516,88d5367341bde1540eac980ad41a8392c65939933a8eeb9114dbfe0f4b3d9b90,80f7027d6c0b934a23f107e75772120bce88a283eb07f573081b1536419bf092,0,0
GFD,2024Q1,2870,2,407,d06450a18968cdb9e1a2e0f690150b1db793d1ddce02d3a8dccc812808cd7150,b9643e545a73a7f35ea320b846bdb3d2140fab6513f8e8e95bc3c71aec4a0010,1,1
GFD,2024Q2,3073,1,410,244b5d6db9d555e1bee25430c91db58c94fb719f795fa57c01e179682ad05856,cee2fbb31d973fe5bc1cf5f4ebbb6b5126e1b492e2078948bd234028395af8a0,0,0
GFD,2024Q3,3240,3,409,e11aa4316b50162453c8a7ccb2465ce094ea8f844016604011fdc3b4978bd42d,55d3cb5dbf048b6a662fb85702bba9fceb93850b1437d64fbe6dbd22f1bd5fc0,1,1
GFD,2024Q4,3436,3,407,11d183155d6ae2aee11abf4a3b12ab14ea8d9b3d70a5ba7f8268832178c09ba4,e6e64725b6eaced85d1f27c8a9e8b811f7826de75bcefc1430f0b0be90a1cafa,0,1
GFD,2025Q1,3666,4,404,36b00ca83dbdd3349d1f19869452541487e26742d6a6ae2ef753dd0341166595,629f9fbee2d0326bb473093b692eca9b744aa2eb5cc09c1cca11ef833968e823,0,0
GFD,2025Q2,3848,2,402,15fda2e5529a3e6360fdb846d93e97fa207d8f6e42604b31e8e0fa14e377f38d,5215e1c792a445af476e080492dd0b4e575974262515ef7f101f387545b126f8,0,0
GFD,2025Q3,4040,4,403,2a05799176861fe75971fd9646cfe3d61cab381e480234edd1401d5060228cf0,6c412d07516f750fe420d96d55f41c0c60bc3e104b79e168b0b947e8decee77f,1,1
GFD,2025Q4,4248,4,404,972a364732f5334f8d4fd69fbbacdb51684fa0d5ed5f0befb987a1d81c4c2d3e,0ef32289254743c121a08279629c8fe97a5e510017a5c59d37710bc1f72a7467,0,0
GFF,2024Q1,343,1,470,73bea5d39dbc85a9ef25a4c020fc60c7f810878c68100a0b420866c5741b384f,0ac4f2a3fdf592a8a70bb0776a0305651761f12777248c2b67d116667d9cc46a,0,1
GFF,2024Q2,370,8,474,67d0da14c847f27c4d3fd707f8542f273130aa33c24bb4a3b162ae182486c34d,b1b7bbe820bcddb5ae7d1083d29358cf37b53d283153ec3e7189193d33396b88,1,1
GFF,2025Q4,522,2,477,0b7842172d0c4fbf1ad44c48512d366acd1bf483b55e4e9a2f6c7736d593524c,6b50f08baaa9195dbea7b520e7223f6dbdb490a19f4a79e295a35e55c8f04898,0,1
GFG,2024Q1,261,3,482,c19808898d2e0044239d0de874a1fb68ded761bb849dfa10fb81083bc8048e20,a18211342487f2d2d2bc8cedd11a247f99742000a02e248627846c9d7240db8d,1,1
GFG,2024Q2,277,1,484,8425b3d497eccafab803a6c85904462067e0e61ed56bd986cfb6957cce4fd3d2,cdcece2f507718407efc5c773444b3c59fe1bd4cf15bedb5c272b578de949d4d,0,0
GFG,2025Q1,340,1,484,933b89540ea9e82e7b75a7a3a9a5aca151ed1630751efab6b53cb4b95d76b0dd,a5b4864803fb4abf683e57d5f47cb371966044d4ab4e4bd93785848c339ba6f8,1,1
GFG,2025Q3,396,2,488,3c03bbc5dfa2a370fc0a1cc33af9890cbbf0248257dcf69c15d13004ca9fedd2,0bfb5ca9ab5cd4460161cabfe399dc3b616d1c681cc73be0b2eb2e9478010b1e,1,1
GFG,2025Q4,420,3,491,6359a045e30274b95e1386295dea7015a4c043740d16a2a3a59773dd298e8e09,0365863a5af24dcf13f3f59f9e77d23750db9798ff1f690b7cfc76f8a9071268,1,0
GFI,2025Q4,5,1,531,a585b201d8d0739368599c3dee42dfec7566cc9ad6206ad41b2a81438ef76970,20b55df4920ce2e4d50f52af88c9fb96254d96d058c414f391278206a37fa665,0,0
GFJ,2025Q2,5,1,522,da8fa9cfecc1d2fccb71634ea0e6f1104771657fa119915f365d38bed815ce07,e545563b497023690c9b474b0e63e1a6ae16dc9d52f7ab31f156f6d4219b072d,1,1
GFO,2024Q3,15,2,519,f150538f5f06b39d89d67e658b7a582cc1efd354a215285cc4b7edf92ffab513,b0eb5f4a402fff2ee4a3147f3dcbfa0bd3e46300f1cc4200b377125fc8289c2a,0,1
GFO,2025Q3,18,2,523,555008b63774711f4f2d787d2bf47174201289bb1ccd2da90772b3fabac9d6e2,4b0a9f0e5bac2b92ea5465c460f048dd49bc4fa275de53f545ffbad29882b7f8,1,0
GFO,2025Q4,23,3,526,52af9a46b5d193cc546e1c09b0a11c27d5e74d8127df181bd33d6f74be238986,9c7d157706ee6be8262033f73ec2d2b92a17f347f19b57bbb7d1a4579f5dd9c3,0,1
GGP,2025Q4,8,1,530,c29b6103e28d9764e4b433fa9c8bdc1affcccd056f8e32b1a92e0c9bfd210480,83032922b0a4e4a72f25138cb32888e92e34379360d8bac23225341e0df69cd5,1,0
GIE,2025Q3,3,1,524,851ace1ed76662a71c54ed39f5603a6f0b9fd23a1fdea15b417f97393caf11ce,2021bfcf916adca8c3c724e44ef0de9873a3b8b8f9d00974868d55254e755982,1,1
GIM,2024Q1,422,1,473,27040f6b012fdeca26e179d2985501536ed1cca07a52729ff3165d1741007cb8,3505a09e641e891d63441edce657c8ffa3ca4fcfe450475d764e26edfe1c148d,0,0
GIM,2024Q2,454,2,477,dd40b539677b88609b0d2144736961af666aec093f762729bcd0d6554a6e88cc,06fc75eaa4e93b667cfd737b3b543e4353b54ea3884ac101e3c8973fa2274a7a,0,0
GIM,2024Q3,528,3,475,380e4f60f6735208bbc05ba77e1d11d6599cc12f9e1f3a1d5267f9b662ebbd75,2bebe0240b7ae1f93df2f05e99cfb07c3de7d08448d550537b642e6ded3fbbdf,2,1
GIM,2024Q4,648,4,473,7fb06bb2b68a343552090488d9d2ee51ab0a09d0b086c63d469383d587a01715,79518c4292e63d3123b3e58e492834d7f335fb065071f2c73cfb419d75797010,0,0
GIM,2025Q2,866,1,471,ec609e3ea6433d4d5c180c4d7a283a50309fe380e0dbff2efc00b4a149fd0d16,439fd981edb3e2f2627282b1b655676cc4176970a4c243218b851672060095be,0,0
GIM,2025Q3,1084,1,473,c5c2b66a957858cd4aa86b313f4e15f0e707b989529c31086c0ece57d9790360,e635b3de8507805bab688843a47dd501ae92c947879cdd1a26bfa6ff5dcad62a,0,0
GIM,2025Q4,1253,2,477,ccd8cd47893e0d967349d5140970858e9c1e4d78532c6950770d8c7c08a6f99e,e5d7b8ec3916928945d9f57882763f39f023aa0e79fd27a56dd0d659e41381ce,0,0
GJC,2025Q3,3,1,524,263e357936156822f9b61aec8701fe85a6b3414770205f5ce81bff284f7c6392,ed64a5a5322ce493860dd99ed952f99c5cc4857da12ed346aea053ed4a0e00c9,1,1
GJS,2024Q1,7153,1,449,344900269a596f2097b462e8d67541d939654b364bf237d68ebbd8ae2f4a9ade,7630b16496d2b4322edfd5e2d73fa6c8fb078371ccca4c05fce93049bf6271e5,0,0
GJS,2024Q2,7189,1,453,67989dd026555db9f5b9d9bc3aafc795d34fb41b0b36e35400115ab29036b490,a882fec75e44bce5cdf8c7386ef1b398637f4a2814e9a701f6013dbcb950429b,0,0
GJS,2024Q3,7222,1,452,d7210c58bea2c9c2695c54f7088e1842a5399dcbce98e7acbeccad9949541890,53479775bd1afd7023a4eed60fbd9b95c86495af4c782b342b53059ed50a56f8,0,0
GJS,2025Q1,7331,2,452,eab7f42b5b1718a419eee417f27984b3f379e765169697d7b447a38befc2e211,96bfb09461ffe808fbe9b0ba712bd61f79d2134d46c7283278125a79ab1a025b,0,1
GJS,2025Q2,7361,1,452,8300c7cdc2f3ae7620d893bea800adb5cffe2be0963eb97ff020ffdcfe7f48bf,a45a4d8ca8f3f66cfe922287ca79f1444322afd4d71aba862038704c11a2aa0a,0,0
GJT,2024Q3,1,1,521,4906fc234a32fe39502122e5df45e508981f6ab05b7cf8ab3df2f793dd33cee0,5fd09d1b78591e13ebddc2a8e95189433e215d44d0347594d994d099496e9ac9,0,0
GKL,2025Q1,32,1,518,e3886aa7173ec444d6263c4c2035d4c88afee168995934d43559b4e4c9da3841,0ff25e7a663ac5de6078c298b325256a8c68a51b21eb3248d83748127cece7db,0,0
GKR,2024Q1,12,3,512,068b20da0069da440998e3d522b75ae8e06713c444cb7a4b9bf06aba4f4ac2c3,84116f60f7640f0eff5972f8879c552afc73c5b0857a8feec5de1d7940c0b4d3,1,1
GKT,2025Q2,2769,2,401,4b8901b5eea04d6b3c107b026a7bc7d490f1ad798e5f2c1dd23c0a27beeb4bb1,66c0914d43dd7052a7c3f7abcdc832a409c3b805d2f4c068881555cdf5652851,0,0
GKT,2025Q3,2834,1,402,af783445260d0c8fe4559b544635042bdfab5ca3fe4ec62fe02ccda478d44695,625f87222c209c641a47bedfc9aa2e722aa91a819a70aa10239c725518d6eb9b,0,0
GKZ,2024Q3,2062,1,465,d89a5e7151e2a4cf732adf95c2ec4a49b16d64465e0e63fc32a40353db84c51a,e23191cce8b013609a93fa6552ce263885ebb9abf128e2eab65b73c69de62b70,1,1
GKZ,2025Q3,2151,1,470,43acc92b2653c70705c9b229f800ca8d70c3e6f716ee6df3e596d169e7a99dc8,5e800d40783d3edae9ddf1f0c212b347b2c6e2e9b641fe20f371488817be4eb3,0,0
GMB,2025Q2,4,2,521,480c34d3718f38b0fe3e609e5ecb76905fb43ea5247d88aaa502d0635e77c457,a312e1caa6eb4ec561dfd7d8d4db56722ff7d4995a1ec998185ebe25fe85620c,1,1
GRM,2024Q4,2,1,522,a473f44d4c599449d88ba2e2db1412607070c8f8eb8a4daa3d7540769e1d061a,bd5ae63a29890d42f6512a1e7fe6f694176d700f8f76ec36212249be32b87292,0,0
GTQ,2025Q2,1,2,524,3bc0993d0aadd58201859e9a9de338a7636bb75585aa48c1a9d8a32ce4266e32,acaf24f72dc8c341e29a76777c7e01fd830801f86689fdd3db151a8c48ce628e,1,0
GTY,2025Q3,176,2,513,6a22f0159cc5915a255d34d1a30d07ec37a6a6197104efe3dbd51c7b9c6f713d,bc06e7e5b7c6c2f9de80892301c6425193d89f91a3ee8987bdf36e9464fe90b3,0,1
GTY,2025Q4,233,1,516,d047638e553b4a198c1345587efb74be35b18d9ed77f16aadc5e60a729d6c8b8,083821f12d7436845a7f874e2f134d5103a891c9516a746670881b21b9919c61,0,1
GTZ,2024Q1,1,3,516,10f914eae26bd5e351b580b02592e0a3b524bde00a34a394ab9919574b0e40e9,e0688fbb9033755424e0f40ea17a1befdd7c4bb71d013ba1721d6b371c5105b2,0,0
GTZ,2024Q4,4,1,519,af0563ca651522d494e5927b24974b68f7f3a241fd951aafefab7206f1c1e8dc,5e800d40783d3edae9ddf1f0c212b347b2c6e2e9b641fe20f371488817be4eb3,0,0
GWE,2025Q1,2,1,521,9ee466adfa03d01fe3abb97953a20c438127830e74025b2c39d5c1248f738242,69dd86f64a08232acded735e7334857c487cfa9769ea4444d703e11109018043,0,0
GWF,2024Q1,409,3,456,97b4323e8dc70865a018ff7663e7fc45e67652bddb8e33450e3fbd654fbd6443,74291d379756a4beaff12f276570532427bb2b41080c1e25c9c6bdc12545d707,0,0
GWF,2024Q2,523,3,458,94dfea93aa6bd5a82420cf480be432532612af79a5759f243477d4d417ea3a61,6f9daa1c11892e67084a5593766befce9ca422f9c5723c0a44ef25f30756fd2b,0,1
GWF,2024Q3,673,3,455,fc20d52913e1098672a89cb3fc30fa6523b7b7e92785f78fb9c2211c7b525ee3,40939f1427613e8eb45fa56ba2d221e756e112162765a95bf152451af18b3c19,0,0
GWF,2024Q4,974,3,453,3eed4ba6f597c01ebe02e570a82fca0c922d20ad049eb64df00ceca340fa919a,e50cb8e27cc142b35b7eff03cd65d7123a0a0b943bd455c982948505e6a97096,0,1
GWF,2025Q1,1263,5,450,1abc14eaf5fb905a0beee8da82d9123c62dae8e69f98899a1ddf48a51f55f434,22248a2143fc852053fd14dcc614ef9a08ad311cbecfe5aebd24130f36ffe6a7,3,0
GWF,2025Q2,1578,1,447,8bc14af7fbd11f9a3cfa14f820d3f3255d9db2cfd0434552b32c4ef4da7ed04b,a45a4d8ca8f3f66cfe922287ca79f1444322afd4d71aba862038704c11a2aa0a,0,0
GWF,2025Q3,1791,1,449,ffd5a715fbc84fcaff5d2e330d70b55b4926403843a328e17e081d67301d2822,191c83ef3b46c3098e66e64b58c90f27a6ad43e7d675c97e8e54a1581c102456,0,0
GWF,2025Q4,2020,2,453,bf7e36d105c59ff85c6f256bf75667f0e05700700cf6f0ed75f001284a88ce86,692aaa41399fe2907baa7f7657ab31a3dcdeb1d201b965b2d95b18abd5829e82,0,0
GWG,2024Q1,71,1,486,cb594e188bc94838d818bc0b0511924ae08ba27ad2438aa52404eb75545ae7c8,1f649a4907c98ebbbd4a6b4587537e89d527e410a6a77e63ea79c3fd7d835521,0,0
GWG,2024Q4,78,2,491,f068aca25f711011025064d83c880120c9b54dfe4616c23450e926e5d8f8ab20,cf91590ffa7ddf96ab0ef5b9337ef915a99889634dad7662cae476f6c91b2a25,1,1
GWG,2025Q1,80,4,489,bf0fafd3ae55d74cc36645f210bdf2ca5b089d72566840472a716e7bf840a98b,cb2edaa042517f585b71ef498f0b4f12df5c0ef7a7acf9bea8a6e75ab4e48a23,1,2
GWG,2025Q4,103,6,495,e7f136ce1ad4caa9049f27d087af098d354f0e83d586f9ff95a4ed99b1e7d67a,cf25bf1347dd87f440c18401395f761e5fdc61f1fb8ed2814140e040272c089e,2,1
GWJ,2024Q1,25,1,493,ea7055042ac19c79253efc35ec5b0ff772ac2d74992e1ee201fdb1073260047d,0b9598569210240e6aaa23667916d4602ca08460cdf117c6ff5ab47a948c4ce1,0,0
GWJ,2024Q2,27,3,497,df5ae22454c1ccda3634bb19e3e35f73eac078ccf2d11702d5cbd7211d1a593a,956ebea44c87b798dc840b9caa5579be17888c32afd0c04f8bb4413235e04d26,1,1
GWJ,2025Q1,32,1,495,810cad559f95f12aee1beecf3807b83ae700621c9eb96dba834ca8c59cf93416,10660adffc097cdbe50eb0ff2a86476029e12b2b1665e45428c444244bc7da02,0,0
GWM,2024Q1,1907,3,417,442c8fe87864d623ae08c30565b8ca9fc0c7e3348a176f6d3c3f37dc3fa8e6da,452ee21f9922390de8f8c93bec1cb9e8e6c3e35d0930de8b998e0b9ba6495070,0,0
GWM,2024Q2,2120,5,419,13efab446be7e23e80e10115c8111b35c1a023eac7ff5541cce3c3004f450c82,9b1478bbf45f137968ee8e36eb5e156d202d645fd4d23c0f831fe98813cb6aa2,0,0
GWM,2024Q3,2273,2,414,3a6b8559e0d439bfead83bae4dbeda221a88d5c18c5d341c924c8a2bf5950a54,d8b17e303a10c4c8948c38a2aed3079898dd394404afe015afaeb0ea46fcb0b8,1,1
GWM,2024Q4,2438,6,413,412030b6c17360edf2a8431df5a4fb347a927dabecf2a4b37b33c33cf04640a6,e8b6b730a3213507ed1274536e84036cd376c1a95d1af2714217d76b6908f5bd,1,1
GWM,2025Q2,2648,1,409,cca8f5b52b6a67790c248bbc855ffd0df4d9d28e6e14bc0a919d9a80a9532e5d,2a1a0bcbfccf254ddf08b70740e0ce9508d9976140981f5ce30192183d87dd8f,0,0
GWM,2025Q3,2751,2,411,1e0cdb8bfdb4dddda7ed703b3c96deed20dc37630404d97dcfb6c8ecb61e3fb5,345a13a351b1a943c1038e4fd559cfeae0619ffcb9a63e2717b367ee65ca93aa,0,0
GWM,2025Q4,2864,3,414,a9827fa58e6a510ac060c6d805d8b890ef91258b9f2fc028eb4c2cf2e5d23a4f,6ca69ea350e585ab46653469a72f7629c0111640aed90587fc647b841da1d795,0,0
GWN,2024Q2,11,1,512,fed337fd47c6a974357615ad1722197149c5bbba18be45404b99dabd0a2ff86f,de4083f4e5c33620cfccaab77a0519ec09cf957e79b5f188e54363c02babcac3,0,0
GWN,2024Q3,12,1,511,b6df2853fae463d9531d5d4049fa22bdfeb30de0f21d935a411cb3f43c5c802d,d63272431eae7b562fdd1c9746c32a6f1983b7d33ec698b71d3e71b5d8febae5,0,0
GWN,2024Q4,13,1,511,5003acffe04a46633edde74f8492db47d67b421eec05993211d9a3e9a6ac356f,c7ca1bb14fd51ba8fd58aef005c843e2cd4ba79f86f16179c12ba3d85bd461f3,0,0
GWO,2024Q1,205,1,493,730ce45b8bd3628db41d6fb7115ad0bf3f64697c67d3db7f0fc32b295b6db5a6,9559394944156fb2a0c90f41e331d152be56122dfcc492384b2e1292f0e74ae7,0,0
GWO,2024Q4,320,2,498,d58c9a9b825e4dd807902533261c04097c242599de28eac1efb8c3501d3bbc03,dc348c5e808de468f865485e198750d041f7e2636dcffe872b93b81f019c5779,0,0
GWO,2025Q4,551,6,506,95570b4a6bae046e4629aff8fc3d0a1b55817b86d6ce335a6580550b75515478,803f70cd042697f6ebd969f34986962ff6e0416c27388e341556e425bfa0e2b6,0,0
GWQ,2024Q2,109,1,469,fe7ef9d3e782dff07dee8a6f81a87b823a8238cc3115a0fab5b5424cc5ee1ba7,b91931dbe41329fc5a43f6f404d40e8af39791bbc7d0371e509545aa5148e90f,0,0
GWQ,2024Q4,116,4,469,01fcb1f9a4d16b8d00295905566dce04dc94634a0e976170ef37b8984eca2199,89d131e1336ed133d73698e3292facb90f4f22bd6cdf07bdd7a5f463fb283068,1,0
GWQ,2025Q3,120,2,470,d6d633bb9512da2adc10b28ec64c39272f2a4d922ad19095b9af8cf01452e488,3aaa1b54a49a6aa48060e8f86b1f0d18e71f63d46d47ba05e01eedaa9cb6ded3,0,0
GWQ,2025Q4,124,1,473,dc764cc767004e58acba0ca069ebbe0487c0381cf955f8d9914af8ac0d4e82ba,0e7ce2c55b01e28812e7fd0b7e7682c2f5cf97d5e220080ed0c6f04b26b18df1,1,1
GXC,2024Q1,94,1,502,be3748eba2b9f0a12682d7b75620d8097edf1ce332b514a525cebe1fed7af04f,3697faf9942af42685fb3f815b16f9ce5d825777d0421210ec2e5cca8734bbdd,1,1
GXD,2024Q1,625,1,454,7d90ad966ecd7bf374d22b3770fa95cec6d07ffa2475b6ac88aee02e24563137,d847d308767049bfe74f99746f841259f7e7e0bd538a2070254bb9d5c73235f1,1,0
GXD,2024Q2,636,1,458,ea36aaeb3267f1e11f3b540b377c23e847e3aecfca19a0f4fd8bb3ec08042581,8d679bc0fcab565c28f10b0b96de772fe7ec45d7979c51b1ece80a984650f2b2,0,0
GXD,2024Q4,663,1,458,0e52decc8eb19a515f70539fc7851dfacff342bdb9e15a8c6c8c5ff2568c9cd2,a882fec75e44bce5cdf8c7386ef1b398637f4a2814e9a701f6013dbcb950429b,0,0
GXD,2025Q1,688,1,457,dab2b93b136656793b6f72b1f5d9a2d8ad7a53754a04628b05623c16f05bb719,b51ab52cbc702a484f7aac2ddcd0f45adc99b7e502b2c475994cb7669837879b,0,0
GXD,2025Q2,714,1,458,968aa96e6d7473d08b85675cc39a513c25eff1dee380dfb92b0f492d5235e081,6aaac4c087a792d286d3515a44379ddb473cd0625f83dd380ac1bf9300202e68,0,0
GXD,2025Q3,737,5,460,d880f967b84d6d46c1cc90c70297293869a2f2f7f13949f147573c1bdb7c00d9,6ffae0146760f1a48463db10fa1a67a220134502cb4eefcd4d1bfda094d5d98d,0,1
GXH,2025Q2,25,1,507,5d99fa6b7a36fd47512892eba3c6276779d4c61820159af58965b4a820977a4e,9a747d942ca2a9e4b9c780de67bee393e775fa215e0220d0ee8b53bab7f29573,0,0
GXI,2024Q1,235,2,474,3825a1fbb575e1a9a40648095e534dc0e090e02a90137bac1505e084009d2d67,bde83b27d8c43ed67d577c0f1afe739f25513bc15c26c8a1a41336bed2f17d5b,0,0
GXI,2024Q2,253,1,477,9f3231ed7476606929ce33d2c435582e9d8b42268df673d8f5416f86b37ee17c,3697faf9942af42685fb3f815b16f9ce5d825777d0421210ec2e5cca8734bbdd,1,1
GXI,2024Q3,260,1,476,c8ccbf697b53bb717ef2188475c77cc14b601b3d6b0a6b344f9e9b0979ab803c,118c3868357412e35adc0a781ba0d2850d1f6ee12b138466bd9c9988ed432606,0,0
GXI,2024Q4,273,3,476,729544a9210816830b0a63f6f14bc802bdf13ec2f285d9457a9521dac61e7491,89b782d729357bbc3475a457b621332b4a786e63ecfaa3047fcc31e50720cc1b,1,0
GXI,2025Q1,280,1,473,000e05f283ea9c7801893f4fe9790e3cd127933c599a5b78ef4417d0866b574f,67a8d890ae35fecf506ba8c84d2766b477e3cd7e99254f911cffbfc4349f5bec,0,0
GXI,2025Q2,316,6,474,cbef057bdfef9ae69837a2e48504e73f9911565bbf5b812e1dc895da8a24d333,538d5e4739c62254884b3357e0baa05c6500944a1050bbb78f1e8e393d843212,1,0
GXI,2025Q3,342,2,471,d5d6422fa40efccf81e61dc213d62ba0228215de3a2b9a2531b42d3c0af6254e,2ab3197b3a9a1c438423d9ece4c333d38f4227e5cbb98e84997de9be30edd3d0,0,1
GXI,2025Q4,359,2,474,974638847b5a7edc033051ab0dcc3b31ab75f0d6333fe6c9f4ed26eba6085161,1a9ae8025d082752ac44d814a19cfa87ab59e51a344c2b4af9cba8a0ed3325c8,1,1
GXN,2024Q3,287,1,488,aa4bac499e051b73133c769c3068163c6ae4cebdd72667dca5512775b764effe,2010e567f94a181179e0179a332e12ee13a037ab198b6cc0fd2ffa92d5eba2a3,0,0
GXN,2025Q3,314,1,493,063247c7c72c521a7bb625d223021b75028827f3cac9218654621faf1f622474,5286afe6750396c3f3f78e89eacb435ccf79268871705a5d8ec1e607b5a74d3f,0,0
GXP,2024Q2,59,1,508,f619b9505defa31433127e7231ee17fdb860701d7978ce2439b75c6d32824600,e545563b497023690c9b474b0e63e1a6ae16dc9d52f7ab31f156f6d4219b072d,0,1
GXQ,2024Q1,421,1,469,bf8db90d5f1bb136a243e23784ba18441a53431d2c0932856819e55e31754a86,083821f12d7436845a7f874e2f134d5103a891c9516a746670881b21b9919c61,1,1
GXQ,2024Q2,442,2,473,a33ad25a468bdbf8a663f7476dc254d7b35437047f38c325412f80c03913e1e8,84eb490ef2d568e549945f1f69496642c67d398e84fd534420b68c981b0d56cb,0,0
GXQ,2025Q1,476,1,472,35d767902d6f008ac1aa975491a0b3fe182e5621d624c1cea4de7aaffde6acd7,8d679bc0fcab565c28f10b0b96de772fe7ec45d7979c51b1ece80a984650f2b2,0,0
GXQ,2025Q2,479,2,473,0f0f66d722f6083a70a4d5a1fda74d8e22aa66393fa95470dbb2695f4b20ecaf,62cb7581f67d503cc106b20da647df8eb64f73933a11f9c6b787d50d1b5615fe,0,0
GXQ,2025Q4,515,1,479,829d24d7559ad60f004a8f00f5201bc875be63ae69eef237ad2f615c320c6014,57dc770617ff6777df87b210b8bb9f2b9314ad58ea38f8ccb79809f0ae688261,1,0
GXY,2024Q2,121,1,486,9f11f286e19e37aa9d3daab795c0a288cadc34e49c8dbc0ccd5c704264be33d7,ac7f1e728789774064460738975f157889c8ba1ae094065abf368853cff930b2,0,0
GXY,2024Q3,132,5,485,a75cf6cecf46a48e032a257673ea6f1781aeebaf797acc744e69cf368c20aed9,0b1ec3fac347827264c9433716fdf3efefe49acc96cffa2082fd486e0f6e1fc7,1,1
GXY,2024Q4,143,1,481,7169bb527943b32423e7422997181b64de130b73b13f93e1453c47d57fd9c1a3,9eb3e3d68be8c1a965453cc0c64457d57a26b490d1a9daeec1d92454194bac30,0,0
GXY,2025Q3,189,1,485,233e4de13043e4287aa046a7fd8fb31e067514f848dfd9b75d8ff9c1f2f56e00,69c9b47649ef5fd9ebd2d096cf6ac8a423c34daacb3af8b0455b7a4d46370e03,1,1
GXY,2025Q4,202,1,489,ed337d550135efd114d7ec6d84025a83681ddb41e900b18bf67cc767726c8f03,60a3fe6cb65cd172e5a8d837aad5677967e2cc1dba83efe28b38a4e4f9302803,0,0
GXZ,2024Q3,97,2,495,02cfe9d2949779842ed8bac62168d492cf705cbcccc69a7702b99ec8066d9b19,b20015c996e46ee7e675ac86ce7f167020da4d57d7f1e86c4cbf0505f6b17bbd,0,0
GXZ,2024Q4,109,1,494,3db519187e6baaa6915361357cfa636be9de91ae226dfe13fdbb0467054c21e9,38c09c12833d504dfcc0dbdbb3d4ce61b2e921adf0cf8cc9e741a7704f3daf14,1,1
GXZ,2025Q1,127,1,493,2734982c0f3f422b699baef9f8b047c7c811da869de3d8216ed56cae128b9401,e48f9a2df6d08b5a1934e0431786f10a704f525ff73074014bc43770b396db33,0,0
GXZ,2025Q2,159,1,494,8ce5c8d1b35c9cf4a6f087b225c2a1cb6d5995d2441266eff5f2a627d102acd2,715e1d9e5de6e9ccdc0d5504d23325853ee433f856717588c7ad6c19b1861b35,0,0
GXZ,2025Q3,175,2,496,97c1b3a1010b786a0006ba11804e4d34e4881a3cf4ec5cc3df703ef26dbcbe81,6437dcd84d83baf7410607b81788b201f4165943830e0d462ace0279087f3d60,1,1
GXZ,2025Q4,194,2,499,2d2d2389c145174d3f870087706582a63ed1a1b07ee6b777169c5ddd73f56c38,ba0c8f3707f8dcb74acd57cb38c3fa4660556e5bf7825340d1de97645f3ad120,0,0
GYC,2024Q2,7,2,516,46fa59992bb4134af9345c3af5787aa27ce139ca08bea151b4c9dceac5054fad,9d61246ca3c6ee43ba7156caddd55d31585dd6476d317b82ef9c06607b61551e,0,1
GYC,2024Q4,8,2,515,4226406b9af85278302c5e125666ac9a0287c2225e2f887ca42efebb211d1af9,3112bef5103b9ae57da03c8144d6f56bc30a797bded4e626cbee3ace1c31a8ff,1,1
GYC,2025Q3,10,2,518,487ec20605ab6d9b4e022a33429b36dfde268eed77cc8dad0825cc753e194c81,5e926d001b65b41d3fed81c8bc059c98a0352052dfe29b3f6f0d73f0554147f8,0,0
GYK,2025Q4,5,1,528,5fda177b3cb29db403d7f74bc08f338c4d22614420c8f6481bdd8de069934fd5,f624dcf018bd7117af2c0ef366f6025a434c1a89c33a122df101132ce5fe9074,0,1
GZB,2024Q2,1963,4,458,a51bc84a23126977bfdf60f6c56162fefa736f1c131bbbf4d191e2fd255a13c3,13ee32d2ec2ed2f849b4f8d8cfc3882f780585b421dd0eb98bd6e2a9680159a0,1,0
GZB,2024Q3,2036,3,454,ceacb8a8097c5a975beaf230eb8cbefc00a9cf4ec29129f81032a2dc395c037d,2e77d00d4732042dd5c556f51b883fc3d89458b9fbcbcedd7f5435a48d07565e,0,0
GZB,2024Q4,2121,2,452,99fe14b3eaf5a704608ec78be443e913377bf03d0eecdf41cbbae28ee18fd1b3,e96f61973ce9ff77ff87c2c8c56e6a38ece7697b36077a9852fdefaa1523cfec,0,0
GZB,2025Q2,2275,2,452,ee508807691fce0adbb72f9a9b64076cc8fee0f8dda3bb8340638f89af195b6b,59c3a0217466c193ddad2c78d9e54fe65924c0fb26206852d78c82e38d6dbb86,0,1
GZB,2025Q4,2444,1,458,57366f07419d622350c1aa44e760b477be3dc8c3a9d4cc501e2da95aee279b99,6a12e99824aea0d5feae2c12c8465437870d0dd31353dd3635102d45d7a6d9a0,1,0
GZF,2024Q1,1101,2,463,c69fa5be5ce2afabd88a7c0792137aff3b8dc65c4c0c112645537eda6f337b94,54ba7a980eca3ede040d9d9cfcc67a9071f636a35987c5b5c50a8802792101c9,1,1
GZF,2024Q2,1226,2,466,a54126a763987d3d1c464ebda11e8b7ca5d961def063d7ac10370641b54c0516,c1e03d35b4095797c0a9094b7f1b2fcace950f758e17a6155e80e2f17f30776a,1,0
GZF,2024Q3,1422,3,464,eca09ff4ff5ced21307d8d5ae95eb08381822438bf7eb52f2f9532b041f0e63c,b82eaf6fa2f6f9263945662386aabf5d982ec2d8a52c7d3cfafc554082dd384f,0,0
GZF,2024Q4,1597,4,462,4928ce3b62ae01944b62453ab9e57592637b55b49426474489839ddceae59711,ca3b477dc1678ade89106ff495482de92c8b65d42bee5bb50a8951e94c495da3,0,0
GZF,2025Q1,1779,2,458,7b3414f9f389882590174c9d3d81e738b3f9675ec0e7e3884686a39951e32a34,f357f2bda95c943d0ef2c42aaea9c8f9c5793dc3e19b36f2b049b30f8a2734de,0,0
GZF,2025Q2,1948,2,458,b3fbcc40031d35f1ae68ecf3e146de99f74af035e2712317803b99bc8dec3df2,b669a4f3e743e79a10f61819414e604145463af310a4d1034ce41507df4b79a1,0,0
GZF,2025Q3,2089,3,459,49aa72eff6ebfa30d014e19de7eec0d579d27bb957c1c27a285604eb3eb3c913,1d04ec7f94b3cf93c04661b2255352d1d464185effd670006b8b6b41a1165ded,1,2
GZF,2025Q4,2257,1,461,79bfb7e93dcf381851f6bdd8a9246c00deab508d5f7aa90df186aac29085b0a6,e58fcd3f61ca112bec9d3396ad214db2c2ff35da9e78119768320bb5d5c17a2c,0,0
GZI,2024Q2,9,1,515,9c85e7f72eca8d9761c9f0d2f1db0c937f80739d08d0e41d6f59cd570e11bab4,0e7ce2c55b01e28812e7fd0b7e7682c2f5cf97d5e220080ed0c6f04b26b18df1,0,0
GZI,2025Q2,11,1,517,3c37ab6095e9989a591aeb0a301943421a0300fe4cdaeb58607351fef115b78a,e635b3de8507805bab688843a47dd501ae92c947879cdd1a26bfa6ff5dcad62a,0,0
GZJ,2024Q2,66,2,496,78087547758891efed47129dc9f79ad6d7f163bc41af27f7a0d1754c0b880461,0666af82219f5e8e74a33437737fb87033f1d886dc7963515a7318c7d1bff523,0,0
GZJ,2024Q4,74,1,495,4bd8c5e23e039537700938eca85986cbcc6793db3344f2600cddf39e34f234ce,0d1a6b8a2ef2278075ba133c100cf51faa01259bddcee3e206c4ac375dd49c09,0,0
GZJ,2025Q2,82,2,496,9830caf361a670191725ed4387ba799092fbfab1985657769a1bc3d711012385,d7585b8081b65e1534ef8b841356335847ea2194f81ac22639a42d7d8ea89051,1,1
GZJ,2025Q3,86,2,497,dd3777400a987e10c367172fc64175f632deb6bf72070039fb3e1b366065cfed,88714325285c46a7d510f757d0f44b900372dfac2bd24f052980f2db55e1f48a,1,0
GZL,2024Q1,90,2,478,05e1ea69bc878b7291cb0272eebc931fe464bd64a05109ae18090ac5723a3617,d1318cdd31fc4ae303783a363e59e2d361dc03b08977d784990ecff0c9a9ab9d,1,1
GZL,2024Q3,99,3,481,c930d89a69c51b77b63c9e962114c41e6890d02064a240522b2e3bbc3fb9e167,b8003c4543f475a52c9a53b10158d1213514de499978a50809523a9eccb85168,2,2
GZL,2024Q4,103,1,479,3c8838a1697753799ec4ed1e8bee605cba8d03f15c4060e2919499828650264e,ed64a5a5322ce493860dd99ed952f99c5cc4857da12ed346aea053ed4a0e00c9,1,1
GZL,2025Q3,115,1,483,97c473ca433c932a687086c196be8212dec443d7bc01506e244c787bfccba0a1,5338543772ade0aa7a3069871ceae2352c232ad0bb9be2de182b283eea63c1b1,0,0
GZT,2024Q3,17,2,512,6e680582dfc40c94427f7e8a585c9f600164199afb8186da955d1cae858d0e44,201f519ffba103f444a7b8b3d9d36836af0b943a9fc9c9e9f473f31e02f2c1e2,1,0
GZT,2024Q4,21,1,511,2a8bb87859874471bfb07a9d6c407268fd74c48a1a11031dcf13a9792dfb2357,91fbbba68d1dc574e38e2504c6295d5ec4e351769b3b84903e42fb39f9ea99f0,0,0
GZX,2025Q1,16,1,515,160841f22e651312bc611f2418deafa48c89b8ec74cc3e8b161affcc62c72d22,1623c444d9a12264a3af1dd54ffc08e85bb48d705216d797e02a4de7227406b3,0,0
GZX,2025Q3,18,3,519,2e370955a1b690aa3bc31fdcf43aaeb6672feaa14f5e13c1fb5a272a43b849da,5bd067fbf1cfc15051559c720df1b9e645c011e47da6badae671a16f03dc6b8e,0,0
HAB,2024Q1,4978,2,407,5270640fa194e735ec9317780c37b4885fd5557e65c98cf9c04fe89e15a50436,e6f504045204ddf295c2c3d244f2a81a7234be24a9143e5459b3d69ffbe9d7b0,0,0
HAB,2024Q2,5204,3,410,9ed7b08d5ed27c422e5c1b28a6eb30b11d2704533264d19a225a2729994e8a0d,0e7577145277407fa67251a394d2bdd90f0ed42c845c044a0dd1c90b9986f8e9,1,0
HAB,2024Q4,5584,2,408,5254ba39970cbef3224c1d0dae40aeca9ab8a93a9b78b717997af7fadcb39315,579f155746be34fd01abeeaefa07061237afa6fab2345db6f6526082cbb71264,2,2
HAB,2025Q1,5724,1,406,99a0325ee11cf7ac1468637d7d67a51b900cf08438b45198a7abfc3149f6a96f,6dbd796ee769ffa30219ce8a7fb6bd0778e547879b4f1a4a3a810e212edb3e5a,0,0
HAB,2025Q2,5845,4,407,5cb3ea0a50d000aca66706f4609050a1ad314acbf730716bcc5e516c1e9a2e35,b25c495dda0fe85e67c0015702463bd4ad6b0fe22b3f80399d7e9fb5ceca3fc9,2,0
HAB,2025Q3,5953,4,406,dcf1a390adb9667270beefa877aa5d8cfcf1e93094fbd5f0489669b35f0f1241,59a303f17281cdd929e6573b19ad8ed9cdad8fd9bf2d03b3abd32db995671c2f,0,0
HAE,2024Q2,87,1,501,b733b23d81fc0ef799bffd478bc1c64798cc8a9697ee57e4e5dd0b950954e5a2,a45a4d8ca8f3f66cfe922287ca79f1444322afd4d71aba862038704c11a2aa0a,0,0
HAE,2025Q4,99,1,511,c20b593fc82510458cb4cb60386cc2e8ff00926ad3f2b9a03bcf1d06cf684c9f,9559394944156fb2a0c90f41e331d152be56122dfcc492384b2e1292f0e74ae7,0,0
HAM,2024Q4,18,1,508,3f0ead487acb131b83a3e288ffce6b3718745074d9ab30ddd70aa50ac2b5485c,20b55df4920ce2e4d50f52af88c9fb96254d96d058c414f391278206a37fa665,0,0
HAO,2024Q3,62,1,502,31e4b6d7402e96fe875d91d4aa8a18ef3af328efe7d42025d900a3ec9e725cbd,408011c658a01c6e5bb88892b71739eaa23afb185e98f01265dbc90d1ea458fb,0,0
HAO,2025Q3,66,1,507,8bbdfcee9fe6f1b255c6550345363d7dd5a8918d70ac2492f0cf97dd85ceaecc,23079ccf96ed11d094d335a48c0aa79c930c1115a85bfb39cee6df9e51a49922,0,0
HAO,2025Q4,68,1,511,76cdb5596177a6085ba44676ef81a207a0a513130ca7f0ca3f06f67774d6e0e4,7630b16496d2b4322edfd5e2d73fa6c8fb078371ccca4c05fce93049bf6271e5,0,0
HAW,2024Q1,16808,2,351,c3a62f81e87f789ee5fb53d5b74bdcbff96ca1cc3019a0da9c5c7157a8e4e99d,abd1a0c30e13cb8155e93c16a547bba015bfba1bb08f79e81ea10a113b5f6c52,0,0
HAW,2024Q4,19470,1,355,f30090673a60e8740c7342818ba756c4e93201b41436d3fd5eb4b3c96bbe3da5,14106d8b6470256ec2dce3e232a3f560def6e98351d8ea55e687e644acff23bc,0,0
HAW,2025Q1,20563,2,354,1f0041fde5083417b2a6e4c0ae4d2d9633fa5357fce175d263b207ed664e64c1,02efdd1b1b8261c702a08b84513716c7af85f30f3a974382ed7f99d08bdaf47a,1,0
HAW,2025Q2,21839,2,354,5f04c3b19f6f7da0534d80fa213070d40e172aea599e1c3bba6702e97519c8f6,a38b9ac0a5e59ae69c8f93a1a3cc9d8b432dd545da01bad9109e3d63186f2966,1,2
HAW,2025Q3,22813,2,355,daf50680e71233d211437521fda8639c817922d023672c38e44ac076162a5d1c,8161dc4b4d4ae3f24c8b33a769287876b1064a3b767f594cdfddf131c6590848,0,1
HAW,2025Q4,23487,2,358,c51fef15f677792c779b17582dbc47088ab3244115e290e96619387abd5dc53f,4ff2bb97ab0a8c774772263ac4c3fd3c5f7de5a10e70d1dc74ff82594c198271,0,0
HBA,2024Q4,203,3,490,e4c39fbcd9d95025dca9f69ea5a88393e49e33128267a935f920bc13da354060,e614232ac6b23e33c79dba8d2dbb21164452fb0d8770e2d5b1141dc9cdf6889a,1,2
HBB,2024Q1,1159,1,454,a2c4febfb52fbc9932b3f36546472020b9bee4833955901c6c3f08eef9372d1c,221324166e41feb46e457f0490759eaa3aa9a12f6071baf143042e787b07d16c,0,1
HBB,2024Q3,1260,3,458,62bad8a67d676737c3e97c16a780d53723e3d1b3018ffbe4d24116e232f4924d,3c0af87e9031875b56dfc510c5d12dd4b109a09e4436978ea37fd6db3e0dcab5,0,0
HBB,2024Q4,1742,1,456,60130b1cf2f7dd42359418bead60bdc6f542315a987da51939565dbdb80235bf,639c0853fb0c447ea4ae2ccad50b169129c5b47c8755b913897dc9adc29c0497,0,0
HBB,2025Q2,2369,2,457,78ee8db9e00be7e8ca25a3fedfd55068e132ecb76a5b1fe66e524ea882c5f0f8,a252d8f37f48b3bbe9bde59b5a052e96ff850e91c29f33df7d64d9bd397e5e39,1,0
HBB,2025Q3,2654,1,458,bae3c600371f40211b45c0d7bc2309e57b4c16b505a2985fba66a9b0d0414a33,38c09c12833d504dfcc0dbdbb3d4ce61b2e921adf0cf8cc9e741a7704f3daf14,0,1
HBC,2024Q2,5434,1,435,bb544280581433e1aae3f8ce7bcaa2694b6c39c30c50ed62a59a48f5979d0fec,f624dcf018bd7117af2c0ef366f6025a434c1a89c33a122df101132ce5fe9074,1,1
HBC,2024Q3,5508,2,434,0d5ec244687d96900a00bb6b4cb2011a619a3bae566e90fd2693e219ebad8d0f,8a6ab2b116642d78db859fc31dbbb7aacec678563b263a2591d737bf0a14e650,1,1
HBC,2025Q1,5803,1,433,0e8602391c1955f51aa6f9a0a13dd5e6bb8a08bc8683038100d4153b0f17efcb,e397784c48b2128e957f45ef79f152203f0e86f32f8c2cdf8b1db70cd42496a6,0,1
HBC,2025Q2,6071,2,434,ef7cdb8ebc7f20ceb5cba32499f1b6ce3f0a6ba859cad880c87544f6a7b199b2,e08fe8e837b8ff157d8d25d03728b283d288a3affe90876f3eacf697f18711e8,0,0
HBE,2024Q1,4755,2,412,91c7ce854fbdaa4186e4881b8185b8e04ed794dce31c4b785fb468ac28dad9cb,a0648bb71031139a1de261cc18f9adaf31e69c17488bc3e9db170c5cdc810f2b,0,0
HBE,2024Q2,5014,1,415,9074005a7105d76050e6f0b9b166cedc3741018f0de97be056e5528463bcac72,6dbd796ee769ffa30219ce8a7fb6bd0778e547879b4f1a4a3a810e212edb3e5a,0,0
HBE,2024Q4,5587,2,415,3136fdb77f769dcfeee0d501cc2bfd4c963d8274fb798baa9ca13d5fed2c8701,6ab4929cf9d9e9fd0549510eee7c5a4674334bf097cdfa342c1283addc5d27ba,0,0
HBE,2025Q1,5908,4,413,cb7b48f2eb650c4dbd053b575edf866668efe4ced53ad0f1fc116c8ca257b282,29babdcfcaa56aa384e8cc676f5df475ba44a234a380a7344d0b7e771d45f7ae,0,0
HBE,2025Q2,6673,2,411,43470c83cdc083e7e1f096ab59cb092ebe32b7ac89edff2afdb5d9b4560d5ae0,97a3e3d91ec882877518296072b8e214eeba1bf69e3b16d2bc20d7565a0c6670,1,1
HBE,2025Q4,7465,2,417,33adece5252288d075f17db2171e0b3b3161403c8a4664cf4f5be81d1f721d98,306e396e57202492346205d9c54d1e63f226f43b5e075482cd19db966f658444,0,1
HBF,2024Q2,1144,1,460,411f3e44b236720663e7311457885ce4272c9093545266afeb9e87b0b6d1ddc2,7630b16496d2b4322edfd5e2d73fa6c8fb078371ccca4c05fce93049bf6271e5,1,1
HBF,2024Q3,1196,1,459,b75db23fbd8bab229adb28666649b0e6504a8150384bc2abbfe0711ec05aa8d2,c70d5c156085ea935b746a559262c0c4fc76353db86058be7df0a2cb827d68c7,0,0
HBF,2024Q4,1239,1,459,26181710e3f4682287e91ed3198cb074e33cff12ac3878648f7199b061d9d051,e510f67624be6d9dea806b0c95de75ae52b169ee40f216b47ba31236cecdba5f,0,0
HBF,2025Q1,1280,1,458,8bbccfae0d0cbb6027f3ce590fd3e4dcfac16303bac0308640795e8f081cfdd9,e635b3de8507805bab688843a47dd501ae92c947879cdd1a26bfa6ff5dcad62a,0,0
HBF,2025Q2,1305,1,459,93031453dbe972945fa950fcd0ab3f12381966cb412c0e1befdae59a5636523f,54b87786303020e8b163b1b3b4c42b197266d3f30dab015b5ca261d07112b313,0,0
HBG,2024Q1,10,2,508,0fe7513b0b88111c56961ac08a0a59591a921718ada5d4ffcd3b885539ef03e2,2aa75eaffbdc9bb08cf0a98a2420eb30da863fe6e9808695fc4bfe954ecec260,0,0
HBG,2024Q2,17,1,511,92368855addee04582696a21eb61099b9b0b74ef51323ba5ea6b56e4773d6ba6,d0925ed7e7326fd1da0599f4480b6028be72c31955c5064207f11ff98d94efab,1,1
HBG,2024Q4,20,1,511,bd0fb7b28006fce647f25c405377fe5c67d4e709c92c8936709103c26910e304,a5b4864803fb4abf683e57d5f47cb371966044d4ab4e4bd93785848c339ba6f8,1,0
HBG,2025Q2,21,1,512,4f9641d9b8ec41015a4d3b8332d0e09535bdd7a5a006616e00669695af071282,2021bfcf916adca8c3c724e44ef0de9873a3b8b8f9d00974868d55254e755982,1,1
HBL,2024Q2,2738,1,454,5ef6b0baf92e39114b65f0b73c1b54e67e0e3644997c709a84d3659ab2f1bff8,191c83ef3b46c3098e66e64b58c90f27a6ad43e7d675c97e8e54a1581c102456,0,0
HBL,2025Q2,2949,1,456,f38ccad029c3088a67a244ffd75c9a14ee97246c7b8c54eba1ef40934745aa67,06a5b2ea54f190eb0a7e4cb555d3eb01cec876b77cc9f21a5335921a87b1c5a3,0,0
HBL,2025Q3,3021,1,458,b1c4afb81d4a4db86407f8cf007692cfb3f0210474aab79c59ad0d0642cd6ae9,975c6445e95895c8363b20d19ccf9bd976f057e4a21efbe674647f31a61c4e26,0,0
HBL,2025Q4,3085,1,462,e4738e547b29b1f746ea4556039164fb6ff89003019e4a6793b0f9adc1a07392,f4aca0645ae9b53723543edf7a32e2ce8639b3bde004d46afd03e272e392ca8b,1,1
HBM,2025Q3,58,1,512,7c9e2f6fb15848a354dd526288e584461d36eda28619e7bc7f124e1f83f9ad39,d0925ed7e7326fd1da0599f4480b6028be72c31955c5064207f11ff98d94efab,1,1
HBO,2025Q1,27,1,511,f42b00baa7dcd0f6b1313e31861a25aa845e98e82dae40d89009652a1c88c944,639c0853fb0c447ea4ae2ccad50b169129c5b47c8755b913897dc9adc29c0497,0,0
HBO,2025Q2,29,1,512,cc5a1621671582344e49c7e2bee1c6d4aed9b413796f2039f8f917f0c9ed1476,6d2e0c91e4bb3d6d1e2bbe3f49f3cfc1452a45788aa0351f88ed4b188f28130b,0,0
HBT,2024Q3,48,1,505,708568164ab08ae87c5ee79197bbad274e5beb83112462a1767c6625c31f7ce6,bbc61898f610a139a4d31a937c96d5d2155dbae5a6089e0b6de8e724869f4171,0,0
HBT,2025Q4,56,1,515,d5eab6734e9c2de1129031cb096581811abbf0405ab1901158b7291718065bc9,80f7027d6c0b934a23f107e75772120bce88a283eb07f573081b1536419bf092,0,0
HBW,2024Q2,26,1,513,b0ef3d2d5111bda2012b6799a7e70b75d6f0f5dc87bc81798696613ad13cecc3,f4aca0645ae9b53723543edf7a32e2ce8639b3bde004d46afd03e272e392ca8b,1,0
HBW,2024Q3,27,1,512,eb4aefd48335cd32f56b1d91d0f66374eeca55c9db2922a9b4e374f19175004a,84fd7a95f5415de561b15080617ec65d60ff3ce1263df7f0e3559d0d33b22326,0,0
HBW,2025Q4,31,1,522,214322863adfd4efc25815320d12ee9c4866912358e2783741e3404c71ea9e87,0ac4f2a3fdf592a8a70bb0776a0305651761f12777248c2b67d116667d9cc46a,0,0
HCF,2024Q3,290,1,475,313eb6d44e6d97eb840cc0b184a23c934dccda68c0d90903e0d08392c9395cd0,2b61fa6fa80b23f93f33d5096c6fc24b0a3db533882824b85e992ef97b9232c6,0,0
HCF,2024Q4,319,1,475,b7ba0cc5541075991ab03d150787ed5f699fdb76dad5267f9b0891284a519066,3ae3d218a8eac87e03237fdc4a88f599903d51d06327066df9cbee60a7635f5b,1,0
HCF,2025Q1,362,1,474,afca0ce6ac7ee82802ce7977b46652788f93d96f71650f3b4beb4fa086b4fb29,3505a09e641e891d63441edce657c8ffa3ca4fcfe450475d764e26edfe1c148d,0,0
HCF,2025Q2,378,3,475,76394a6dac16aa4e8a801563173edbe45a080e70cdd93a96def1e7f07d7e0eb5,5e4c595f6ef1a8b603494c614300041c3c2d84a77d92ec4102f2f2e4d45f843e,1,1
HCF,2025Q3,397,6,475,0f8f8477d56917b7e822548139d70df0caf7df1305651d9899684e9b27aaac51,8ae3866d2ce12345e4d9f00ec23d1e6b76f1fb55eae33d81f70555c13f4b6296,0,0
HCF,2025Q4,415,3,474,04d15e20ecc2d3c21153a2cd66a5f6d04c5fd3e98a97ecb33dae4ed6af6c54a7,db42ae3b5a869c7e93bd6cde1ba2372def96a43fba9cb1b5b18d5a8dba41b79f,2,1
HCG,2024Q2,7166,4,430,37ddea5c4033baebe637e93bdd078584ae2150b90e3ad1e8e83a5fd2397539ad,39a6351ba6734f0dcc782858f9dec3950aed6bb0d2a4cd9beff9e1b6f1e9f1c8,2,1
HCG,2024Q3,7313,1,426,b848fa993e913341d89c532536eb3f615c7f906f86a1fe8c6d77364fa8b8768d,409e212fb4bf98886b260e02291379b63e84fd6cb7ab067b968c4bc5205a31ac,0,0
HCG,2025Q1,7568,1,426,9fe02888bbfa3aa3d1b22ded7e01c7879486f35005349cbe3316d60fca4b0b84,4acf9ed3962214b8a18e480121f2577f4d243363d21111d2e48a7a788dde23e8,0,0
HCG,2025Q2,7686,1,427,0669687fdc8578f3a97ee6d10f305cc8598bf288349fbe8ea32b643a38d070b9,729fac211ba5c7f1000e7179711350e006a5d6d9f1132eeb92dc8570e00d6e5e,0,0
HCG,2025Q3,7825,2,429,cea9cb45e16c5d4f1c8ca6b322c04edaeffd4074cfc8bb0007ce4b5839d751af,8fcaf08993e360e15434c2d0ea0b698d825a77cf75a41a3517f3423016d53397,0,0
HCG,2025Q4,7936,1,432,e71895fe41d096874b2641a46b14ba504bb8fa431890a2e4cd569c764bd233e1,06dfaddc2baf64285e44a89644c3767ba922b3106dcd1505f299920714a743ff,0,0
HCH,2024Q2,49,1,499,67e4bd65fe850500724d16ed1d3cb8c1b0098a2450ae07d17afa38751f97ed9a,118c3868357412e35adc0a781ba0d2850d1f6ee12b138466bd9c9988ed432606,0,0
HCH,2024Q3,50,1,498,fd0b3979cccade63f40fe867d77f4e712bfb7b30afca1bbeabff6f00e4e00bc7,1ad7da01ad9afedca3ca06eca6f98a05415dcb6066060971d68b6929efd66ddc,1,0
HCH,2025Q4,51,1,508,0476eefe84d6fc66ffee8b6dd1e6b0e2d937e93848afcf593ba4e31c7eabd951,80f7027d6c0b934a23f107e75772120bce88a283eb07f573081b1536419bf092,0,0
HCI,2024Q1,17,1,509,7406c8da8fcfe3871f40989ba660d3d46890fabf0140bd20556611a3685fb290,34836706067240ab63dbbc3bca6b6e130a8fc8e607326d27e9e61f46e2ed8e52,0,0
HCI,2024Q2,18,1,513,7688a08a943697294272115c92d9c550b1267a8596623f36aa905f0693336f13,0ac4f2a3fdf592a8a70bb0776a0305651761f12777248c2b67d116667d9cc46a,0,0
HCY,2025Q3,13,1,517,7788ad93ceda5aa7b1c0b59b3e007a2a9d66c170e804ff2f319684b41cd8d7de,e397784c48b2128e957f45ef79f152203f0e86f32f8c2cdf8b1db70cd42496a6,0,0
HDB,2025Q2,138,3,489,2d772446d59fdbebe5bfbcf1270fa46ffd7d8ac487feec080bf74e601778ba7f,414ebd22fcef1b47815c34149b3b98775a3c431aba7ce36569e03be3f5ff2ed9,0,1
HDF,2024Q2,22,2,506,1affabec7939bfbc70c191bb4fbf30ae796b01350716393fe027a1a3e3332e44,6d76a39cb32f679bb1cec7d1bd749ceae9844a14160ab892e8ca0c295b508cb9,0,1
HDF,2025Q4,26,1,515,dc9c4e14e3e4d774455fd5751d9760c273b5e4631c45d95098ece5eebe0d00c2,06ffafe2347c3a89f0bf26e1657b8d45c014e9f95a710e5bf5b17ea7045b3deb,0,0
HEB,2024Q2,8045,2,468,42b647a6f05103445f8e0d54374ffd90401c91883e2272222c61cbc19655545f,f48594abb155bbfc2a6f1ec9e1d2c1e528e25dbd8e83975379f4819be69ebd67,1,0
HEB,2025Q2,8545,1,469,a719288c211af5976950cce6e980bce052c5344c8955c36c1145a5e55074cc72,39d570a31580b4b21f6a256d339894494e8f26e3e2725310c1087df6abecf1f5,0,0
HEB,2025Q4,8784,1,476,4a0450298cbb96342bb67beb2aacd2fa212053a0036e7d4d49f27e4f942cb846,e397784c48b2128e957f45ef79f152203f0e86f32f8c2cdf8b1db70cd42496a6,1,0
HEL,2025Q2,6,1,518,7eadf83acad7d111d5784bc043e977b28ab8e87157f30d0ddc2d7eb8332ae84f,261efddb563af16eb9763793f4ef4a07ddf66db8bc9970df2550287de5d68413,1,1
HET,2024Q1,1265,5,443,9d49e77a311149af3cee7c99822165e41d0476847f8836e6c934404fbcea1412,fd6495509fc7d5bdb2857b637307da7a3593cc04d7ad6c5b97f75a38461f49db,1,1
HET,2024Q2,1462,26,443,efd93db7e4122a717c2813acd86459e397c6625c87f7813c8b36676c793ebc3d,2e6cdbcac4cb96a00fe8b5fefccba46a1d05ce7635cd70dd82da874fcf04ccf3,4,3
HET,2024Q3,2595,14,417,da85dae49ceada591bd2f47223b33d4ef580f1f483b8798fa28b29ed2963cf20,f2a4ab79fb0ee5b2b00c5b08dea183f03a43d2e8649948de79b5d92e178b6058,3,2
HET,2024Q4,3737,5,404,8b0b25d8c50e733cad2a195225e258c92358acfe7b6996c312dccf98ff74507c,b21e38fabbb52ea777b07531829656e3aa087d53d8aee918f2e7c6d81b10b55e,0,0
HET,2025Q1,4761,5,399,38b3db7895dbc516b0d2e178310e1c7c967b4bcbb1455b054e0e411493ae2275,4b432ddd34d862efec9508420f035e19a8f2f43be8408732cfdc9ccb7095b6bb,1,1
HET,2025Q2,6054,7,396,3926a4a0127aa6c89db331c33fda99639cb5c6e97a0bb86a85ff85c2f7489126,dc1ce7a8e530ad09fcc2a23206a90f5392de0281be215b36e08962658789e5bd,2,1
HET,2025Q3,6984,5,392,393966b3aed13c988acb9043109d47c55b26d4ede6cc2e58e4b445ed5daf05cc,9a3311c5d9d67949f1251abaa09de2ab7fe1571549fc33a2de0f401f3c9adfed,0,0
HET,2025Q4,7908,2,392,f6e4c5d888396750aa3cb8517331dce706c70d5ba3b3e88ef7ac2fd54a9607a8,6c61d349242dbb23d2aa3b33386b4b66c415ff4aa23de4b915c41564ca0bc651,0,1
HEW,2024Q2,124,1,474,22d61ccd81ea2042ff8c0bced820dd784da6d60fd839e1cdf7413bf1823169f0,083821f12d7436845a7f874e2f134d5103a891c9516a746670881b21b9919c61,1,1
HEW,2024Q3,127,1,473,4bcef0b5325103f25df3ae70c7fae5dbbdf9d60b9ece618dabbd171fc81b1056,715e1d9e5de6e9ccdc0d5504d23325853ee433f856717588c7ad6c19b1861b35,0,0
HEW,2024Q4,145,4,473,a1d5ac7b513f2ede1759ea8a1876294168dca9141766c4f84f006eeef0f1d51c,2717533cddad63f02e984d2b4c4d08754258a6629c9a481db9fb4ae0106836aa,0,0
HEW,2025Q1,151,1,469,ff75db71f4e2b9ce9f98fa47de48ac8ed5637ef75302776cfd14d4d39b86a027,191c83ef3b46c3098e66e64b58c90f27a6ad43e7d675c97e8e54a1581c102456,0,0
HEW,2025Q2,162,1,470,b15a41e82376c4e9cbba1adad3dfabcd9e81393e47c5c5ffb4addc625aedb48c,0e7ce2c55b01e28812e7fd0b7e7682c2f5cf97d5e220080ed0c6f04b26b18df1,1,1
HEX,2024Q1,4,1,514,ab83967ea816219082770c8fb25e0d222485ba07c2b02792469fe9aadbd715e2,3d0105d4b59fda1b993f890378edfb772cb1baf5545f823fc4877c3d16fc5a62,0,0
HFB,2024Q4,29,2,510,5807f4e78dafd3abc8f86ee61fb3c464e106ee90ae0534853702fa8d1385a523,b004e11f19a97f5db8ca4099f60084429cd0f80539589ef70bce7f5bb797a40c,1,0
HFB,2025Q1,31,2,508,43f6dbec7721e24d819f429c922d7012483a70c1fdbaeb2aa0787761cdf96b92,97f753a29d612cc80011f61808681f32a7e999bdb23f4120a3dce447443db5e4,1,1
HFG,2024Q2,92,1,509,c0781cd5b8dd993218ce820e0d508ec48a694311d57ce908131e4f9cd661f819,20b55df4920ce2e4d50f52af88c9fb96254d96d058c414f391278206a37fa665,0,0
HFG,2024Q4,100,1,509,83df0b5f7acd8185938e17f7aae97bc0c29c3260a9345f75726419fd410e82d7,f1642e8dac83bff4e60aa814968444ba936091290b15bc171a2aadc97b0f37c6,0,0
HFG,2025Q2,112,3,510,281bec41cf8325f8cedc684d74f0685b5eeb40976e220cbdf9ff958b8587fdfc,6ae351b9f77581bb4b30e514caf4eaf16c12ae4cdb08180192505bf4b67db56e,1,1
HFG,2025Q3,119,1,510,e06a5fcc461cdc1cdda52c878169e3df2b53326f465384c5034fa1ea55b8f532,e48f9a2df6d08b5a1934e0431786f10a704f525ff73074014bc43770b396db33,0,0
HFG,2025Q4,136,1,514,753eb13d90862239f301839f134fb1bc1b5010c5d5af4fb2e2fa95df6d1d6ee3,c1ff6c3f31107763f9e4a48f48297d7ad25a00999a88fca2a76a90f77068b597,0,0
HFI,2025Q2,1,1,524,a20a82be667014eb326ce9b66e471cf14ff187aca1c9af60de3426100567b044,2021bfcf916adca8c3c724e44ef0de9873a3b8b8f9d00974868d55254e755982,1,1
HFM,2024Q4,8,1,518,795160ed04e09a1ce054daddc7f2ee6077b7748059acf797c2cc02e34c3607b1,828573666a89a8834070b013ac719044da35f3908bae814bd8c9f6e25be9d09a,0,0
HFM,2025Q4,10,5,527,a3ff42a6cac313894a15ebb1ce620e6e950a7cc1666331670b185f2e83dabe10,5fdcc81b6c1d7cc1dc8ce20b45d5212e1b45df6d373dbff293213e16ed4110b0,1,2
HFN,2024Q4,8,1,517,2500169d468a0159b4ee8e183b251bb5d117014fc732e5b22d5adf5c3d75c656,e545563b497023690c9b474b0e63e1a6ae16dc9d52f7ab31f156f6d4219b072d,1,1
HFW,2024Q3,3,1,518,8546fb8b8d6a7078e98c31d08c563bd5d5250e8bf6a4212fc6c6123d2cdb483e,99249405892de7687f34281cd2e00b38d3a7b0d4b394db13bd3a74597303eb5f,0,0
HFX,2024Q1,74,1,480,2e905daa257f2373bf208d4d3592394cd22348320c194cbd504abaf1b76d445b,e23191cce8b013609a93fa6552ce263885ebb9abf128e2eab65b73c69de62b70,0,1
HFX,2024Q2,84,3,484,7f6eba5db900f0559e313bcd52abeb41ff0952f35c2254929379b7f8a8dcd5b0,7c34c29565f0f62099a3701aa7ac3d9bbed91331432e616fd9174e84e73254ec,0,0
HFX,2024Q4,111,4,482,fb1effa345214d89c13044443a68a45d70fa2d57e379d1460628685efbc37e27,e0e2f53454555aa41a7072c4362ae5477100fae5c6a43a7aed903b8d0bcceb69,1,2
HFX,2025Q1,195,1,478,f017ada34c822e3919c39cad9b55bbd0a690b27ef6e36bca1db75b24d5dfbc67,25f0d7559708d1e6ebe4bfd5298533fda835220df2aa3ce035cc99770cfcc856,0,0
HFX,2025Q2,251,2,479,04a9de7b1e14cf0af7f272500489056ddcad5d79a4174c9fa85a0b9569e662cd,37b06b8425f07680a96d1b2a84c5d648f23bef2322169334d16f85173d2dfc54,1,1
HFX,2025Q3,263,1,480,babd4e496844e4579e202ace87a28b046388f90204fb0aa2845fdda83e433cb1,91fbbba68d1dc574e38e2504c6295d5ec4e351769b3b84903e42fb39f9ea99f0,0,0
HFX,2025Q4,305,2,484,7b3bb2280979a65086f2b75f2b00291f110c87ea4033715f052996a77251f9c3,f11eff5fbd6dc2a8fec7813af378dc7390c396a9d0ebb1cc1c37eb6c91271726,1,0
HGE,2024Q4,1,1,522,243c086ba566e13630b9d2194871682ff524ab1b0625d8dc1ff412d003d9c658,261efddb563af16eb9763793f4ef4a07ddf66db8bc9970df2550287de5d68413,1,1
HGE,2025Q2,2,1,523,4456925b280d0270fe733f35d1caab6c7f5868cc7267e8f278ef3856afff5bf8,3659cacab05527b55657926c7f6335720a935c7202daf914d7562dc0342d2acb,1,1
HGE,2025Q3,3,1,525,37f5b5cf55831c5b86c87b97b680a9b3445a9241a20c3050f2ce65fbe9f1a9bb,20b55df4920ce2e4d50f52af88c9fb96254d96d058c414f391278206a37fa665,0,0
HGI,2024Q4,531,1,435,e719b0373183a1b2fe0de8d26b2f6767e09c8bb6e158a3ffccaae3daf5373917,a5b4864803fb4abf683e57d5f47cb371966044d4ab4e4bd93785848c339ba6f8,1,1
HGI,2025Q2,545,2,436,7c476f9eccd5abe11384acb029d263a37254154fd594633fef21d891ad80650a,5c329ebc35073a55cf6a1f0c90246230b6d334ac28bf7440eb13841286648e2e,0,0
HGI,2025Q3,559,2,437,be5581eb1d4a865195c05095fab0124acae4ab8d6196157add02f318f184e5d3,0b1f332a23c339064cfba1fd167bdc0133ed3e84fb86c580ecdfc30e270db415,0,1
HGI,2025Q4,567,2,440,c8e0b74d9ce1efa1a9cb711b71a4fbe7ae01cec1a57aaa40648381fcb66b7a0c,c418596c55299e0c1764a4345e682c4c2615a6bfdf27e66c0018e9f02f30f83b,0,0
HGL,2024Q4,13,1,517,b1cb48c83c5f2247ec9f5be695a609c3a441ddee068506c30761926a68d73ec0,e545563b497023690c9b474b0e63e1a6ae16dc9d52f7ab31f156f6d4219b072d,1,1
HGL,2025Q3,18,2,521,8a14964872b787c0ec44cc695614b09720ad5119f986c11681f15d5eb8feb44b,506d96a58daae5ef06e5fc4bf9a5d38bf140f35b604ab6ebdd473140a76f145c,0,0
HGL,2025Q4,24,2,524,6955d70643b95594977c9b4201c953d36fabc00cea3035312eea4f2feed25bfb,3f7e1aa81200d6fc5b407b5a1db023efc1be171f66b54b7d4c7fe2456fcd2dea,1,1
HGM,2024Q3,332,2,451,e41500e50e6ced85886ce06f6b183c4311dd5007210f559a248b0f6c9e14d944,9d97372ddd30c6800f2211fae5953ae995ef3b9ed17e0c4f10074f3cdd1dd06d,0,0
HGM,2024Q4,377,2,450,def1ec0f896c7d7af3d9209919a3d0b995ce3105367d291c825eb2a1998fc172,84799ff24a798f0a94facbb5a5371ebb2dad1c311ab569a0510098071555ab16,0,0
HGM,2025Q1,461,2,448,bba1e4b36f215d0976d81e3af57d342f7e52842122aa4bf90f46c5e48605e31b,123dbda32a5c0e3b1b4bac8f349cbfa0a5699a7d1e330ba39208e8c7dbfbbf28,0,0
HGM,2025Q3,498,1,451,e735a82157baeb5b7669dcb2d19ec235494f089cbcc28aa8d64921f0d17f4860,f8d371c95d437c01b27377dfe7ec8c89fd86cb7f80d9dfcce0f22817c68768d5,1,0
HGP,2024Q1,119,1,488,1afc81e3c1e73f7e40880100cde1f7837c5dc7d5b9614dd2ff94500a7d0644e7,99249405892de7687f34281cd2e00b38d3a7b0d4b394db13bd3a74597303eb5f,0,0
HGP,2024Q2,120,2,492,5b2f5cea76ea2a8324840bc8c1297612b412eb0728effb9424d80f56d22dcc3b,c2b8ee4b6231d0c8fb6fe4b06cc2f5b76e4da867011011384e89e5405a25c4c8,0,0
HGX,2024Q3,885,1,436,7a29b39e1f13c40ac5d330a9438b7d1fd7f2bbbc7c7e6723efa2bb960f7c50b9,3659cacab05527b55657926c7f6335720a935c7202daf914d7562dc0342d2acb,1,1
HGX,2025Q2,952,4,438,2a89879db575d70f25dec0ac7603a32809fbd3098db61ac9bdbc998538a59990,08d33a63039b6d0e9f6fac8369c59e4449f7514d39ed0aff95dc070730759a64,0,0
HGX,2025Q3,973,7,437,2de55980e05c2466a8e47890d03a6512d7570ca9d0598f317bf93494493860ee,f819ff14111a3252dfd78e2a938c126e970e40f950fe45b01b491871bbfc5687,1,2
HHD,2025Q3,54,1,513,fa47bf45e1bfe9dfea1952a0477219902d70deb57ffeacf68b908834257d9b74,0e581c4815066a7ff423d513a2adc5f8e1d1163835a251048a3f89dca2383c4f,0,0
HHD,2025Q4,55,4,517,41991a7f1956ce38f510ec2f7df489ce0f27d6bd1233324dc085f26ae25a720b,43c6ee9e96b4e73d2a120d4752ea4aa21f24e7835698d0d08bc713f19f00f95b,0,0
HHE,2024Q2,447,1,492,0d498cba31ba4e6bba7a405a40a3fb793209ab29f3e10c126ea38783f0947a09,3659cacab05527b55657926c7f6335720a935c7202daf914d7562dc0342d2acb,1,1
HHE,2025Q3,490,2,497,6a05d7ac199d318c498e49172742ee8adbc0b37b1680d468a81856cb3f178428,b7828dfb1e58dd5fd5e746bdde04d11181741502f282db69f88e2004e5ff362b,0,0
HHI,2024Q2,19,1,500,7207e2acc1f30619dc49e6f6c079ae091046acd8783788019cab3fff70eedd23,409e212fb4bf98886b260e02291379b63e84fd6cb7ab067b968c4bc5205a31ac,0,0
HHK,2024Q1,8,2,513,f8878e7d2355fcf54918e957a8721e545cd8c42aa82904402d6eb932f07890d6,a3a73d02ff7da7c4f0df94fb6fbad0b2e080d80a63d7dde3d5c8ace26fe44948,1,1
HHK,2025Q1,12,1,517,bbdb13e02cd078ab21b8051f7b0490c1b2289f506ef79c29116799bcc9bebd0b,38e43c5aa16b6d3b5bc6cf657de814dd2b28ea68d77b3f1af5f211d3ad36241d,0,0
HHK,2025Q2,13,2,518,8d3dedecb2d7851dae9e5ae46b8d6a10f7768537384fc4172e12b63b35014420,67ebdca3af16e8cbb6eda24939c09c019ee78d1830ed7203e6a1e1308e28155b,0,1
HHK,2025Q3,20,2,519,75223775940bfd74a35397f25a094dd1101ce668893dd000a1c28106b0d20537,6626649ccea801a5d40cf24dc10d1fe7945c40cd96e4c7fc8492ecf7e32bb65b,1,1
HHL,2025Q2,13,1,521,ac88012f66e1823ab0e9c3355e4e3fcca37b59f1d0f90a7ad7dd0825115c91f5,0e7ce2c55b01e28812e7fd0b7e7682c2f5cf97d5e220080ed0c6f04b26b18df1,0,0
HHW,2025Q2,481,1,495,e8fab08aa1ad70e387448725f74426b8080489e597619e0e626ecd59abff3775,29f31c1d96f11024ddbc566f7c47386723c72c84e2d438c3371226e1a789f4b3,0,0
HIF,2024Q1,2699,3,352,54b0f069b452619f9e552ab163eaaf57e71312f0dae44db636544a0313f79ad8,2565a16603a796ea328dc2f2fa98770c4d1707a5646a74f0001dfd89c23a6f1f,1,0
HIF,2024Q2,2955,5,354,1a11a264deaa5ad0fd902205b90fd931cb8fa01b4d806610acb66267cd6b9696,62081ece04004fc5393147c9c20a2f01a9b72017a9750c84265b46cc809b0701,0,0
HIF,2024Q3,3239,3,349,d5f6dbbbfbd177b2e3e4d3423d91f2eb041f0038ef8f83980af332141bbebd86,928a2aaa908bf17397d4e0112b41e4416766d6d09f7b673aa83bf211b6934815,1,0
HIF,2024Q4,3634,6,347,fcfe7db971d9833163fd350e61a58f5a00cad4b22488b1797ae74882a75f86c1,51eb137c40a3a076d18e986b5e9cf5262033c466fc61a62b9f7e5d391b110114,0,0
HIF,2025Q1,4181,6,341,2377fd2c1d1ba39d74f469c8f132cdd1e009d6285d202cb27c2c40120b532e30,1b782b76cc5a65100213ab8ef183058040fd33b222ea86b1c6c52e9129ddce44,1,1
HIF,2025Q2,4484,3,337,e027b722499f96a01176bc5b24fa5c553a08b6e82a860d132d5c0bb4ca3e094a,cecadd80fde1e0465a75a96169998cac506f1c14a9b1e8cd430717fbdc421fce,1,0
HIF,2025Q3,4693,2,337,a1bb5057abc251227805ec4ac09f45e790a0775745d7561aacc6ce3845b9ea26,d87c7d06bf38fe6039ab08f1f3c929e7a053c1ca14b6e06bb11af082285d4965,1,1
HIF,2025Q4,4978,14,340,75e3a1aa556ca216d4e3a8b7cdbc635ecd29934359332dd946bc9baa7a04c1b5,de24caf397a910fc4bf1418fbc3a47a64d9a2ef8ca3bee30db9e8de3bfb1cd40,1,0
HIG,2024Q1,326,2,444,a9a5ab974c214a6194848b45d4097403cdb4965266356627918345697c72d69f,b04403f44a21af4950ae01831d23412e9cabab02e6e7b4229c1c7b15a1119f3d,0,0
HIG,2024Q3,343,2,447,74aaf18f45212171ed3ae37466eb4b6471390a6f90a41dc1038db027ca69bbfa,5ae6a8c87a647320582498e0cf255c37ec76175479a41162986d2802396dac23,0,0
HIG,2025Q1,371,2,446,7fb6ee7c857852816e1d2beb5f3bd9c38591f2911edb8d531bb2f742cad190c5,153b71df79ca48602ad77b0a52e7e42deb0c8d4657cde4dacf215e444a5bcffd,0,0
HIG,2025Q2,384,3,446,977c5b9a203e05558ae9788840fcc876c46bdb9bb7aa32756a05bc85a4731f9f,d625c9bae1947fbc7223e795823ed8914bd0683a9b1fa9c14d36d6d34ea2923a,0,0
HIG,2025Q3,395,2,446,18145b524a2b1ab2469f2005773920ba20eaea874173c809da74d56d19a483ad,15728fda187a666d6b0b72500b7aa866f40d9ac5a535b088575f994bd033b9d5,0,0
HIG,2025Q4,401,2,449,604821b1066f659b4ed27651d147501d81a2ed0746bb181a43239557ba9086a2,75c6b59edd29cc541981349d7b730277dc0b66f52bd9d6ec05803a78a9eb7a7a,0,0
HIH,2024Q1,2404,6,392,845745a7a100d4e7633056624da606a424100567a6f746a07f717a0c99c661cf,004da95c762f55f74737f87f6d931b9e0c44d9016a0cbde81dc365e788fdaafd,0,0
HIH,2024Q2,2758,3,391,a9d421a0760195837773e0d71149233fc84068d39bbdd1369f2b2566509c0537,86ffe1cc731def9480a150a46d3e4c32a1470300b69d16bb3fa813d7a486121d,1,0
HIH,2024Q3,3167,6,388,a4a9291a3d2f803fc38dffea3f1b59964176a531338e732524e542b91bea2373,4c1d5ffb0522adf7fb2ac56807412bec47febe21290bb4e1cf9ad4cad4188001,0,0
HIH,2024Q4,3691,3,383,5263cf32bd4702005619ab67b671bff48eaf12a11720d7baefa8dd564266d355,f3ab4289a6a6e19d23262b5fecbe42a82aed1568124bb516b701e923ab970792,0,0
HIH,2025Q1,4015,7,380,9a6fff9cc69b8ce60ecf1af1f95cc593bea6ceaa51940f365e514fd3be211bc2,4340a6f0c1ef4a255a7363a461c59734f0c71f5f5f0f6e2f8fa55e01f2667d93,0,0
HIH,2025Q2,4410,7,375,f47849dffbf275a3594524b0b4b93f73f374f199d2b8afcf1e4f712335ada46f,6f38a87a635659a6dc14643d20cef8fbf88793e3b315c326016f0700e63f8e07,1,1
HIH,2025Q3,4800,5,371,cf19072e8fc320bb080ce2a4ef6fe7544e2d15d2239bd6e07f6f0140d36b2359,61905e9f863b41a527eb03d4e04c14db1d6878be14d316c9a56d11e700480b55,0,0
HIH,2025Q4,5245,6,371,75bf3eb6e2e0fa008f8bdfb96a555f018d2bcb1a391a78f11958ee10e65f9eed,d1b3ebff2e6271e148f3a63d6603ff078dc2a58aa5de59dcbe584b01a860eaee,1,3
HIM,2024Q3,1,1,521,bccb7fc17f93795e61b59a44ef5ad13ed253018f9131f6ed440c6e56105d76aa,a221944324d4dbab1046b19d5cad57619f9900d32cef7a6adb1b377a3a0ff59e,0,0
HIN,2024Q2,33,1,510,40dc1c851652c3ddfe5c71b4a3e8410c1fd1faeafa47a9193e3c31ecc308e475,7630b16496d2b4322edfd5e2d73fa6c8fb078371ccca4c05fce93049bf6271e5,0,0
HIN,2024Q3,40,2,509,e2df757945b03109c584f3b75faa2950531889b6ac489c6ffabf082d2b790054,41053e76400d7bd5ca5604c44f4d9dd04705c6a4c539e2ae8f39290339348566,0,0
HIN,2024Q4,52,1,508,1c9ca49210a47d045f0496d148d47b8f90cedc7117c10bf0349eb5bdb3e8035d,598a368849023e0238de665cb5ad2506d41b4ec6497efa2fdb6b432b05bd9241,1,1
HIN,2025Q1,62,1,507,ba7c76289a4b7b9b843bccc2fc784242ffed091bb9f17167c1b58853c0b26637,34836706067240ab63dbbc3bca6b6e130a8fc8e607326d27e9e61f46e2ed8e52,0,0
HIN,2025Q3,77,2,511,a908de433d0a1890893154d31e2bc496b43c27ce4aaa243e3ce05b08c4d2c9c4,9ca59a110eaa92b13a4b091d72d7b4f974f09dcf00f88014ef3ccb930820d31f,1,1
HIN,2025Q4,94,2,514,17d3a3cebf87e9e151c0aa6aef3c71622d2cf62f382acd1f7b6cf419356a0dea,10f62f503b9f707b4820e1a39b83186acc0b9d5160ec1146dc198b87dcd656cd,0,0
HIO,2025Q1,1,2,521,49b2a863e348729d5d50a0174dfef74c3420c5fd5a7b7b9d39b6165720c9da31,772f0c3476fa11492a2d63f959d963f579fa3597206f72ab64a20c60f26b5faa,0,0
HIS,2025Q2,79,3,501,f34764e6803f25ee5a8b5cd77183ec1de378e1d5f170649e309befa91368fb03,5dea918fe25f2b6f178692edaf1ff5e52b21756ead67b850ddf6569a6035244c,0,0
HIS,2025Q4,87,2,506,5d065fe9a304d774ccf558c34eb32560c867dd004c778969a6346204f0309d7f,95dccaf45b52558f7285cacaeab85f4547ca3d1c20a286097ba95d0d37fd27b0,1,1
HJK,2025Q3,5,1,525,f0f1ad66381b586e336a4e777f7aa60355614d02dbd3577100defcb4a8ecaec9,e545563b497023690c9b474b0e63e1a6ae16dc9d52f7ab31f156f6d4219b072d,1,1
HJN,2025Q4,6,1,530,92374e4a59f718176cffd46d4b60b76820ef1bad1e3ff4402ac11d97519569a3,0e7ce2c55b01e28812e7fd0b7e7682c2f5cf97d5e220080ed0c6f04b26b18df1,0,0
HJO,2024Q1,70,4,499,f7af438ec47947ea1072dbd8eef44b550d5bacf4c84a1deb99202a7b9ec67e46,cb6d4fc63debb7f2248e17e44ce254fdee55c6e80dee5f1556ec915b3d10c2b7,0,0
HJO,2025Q4,96,1,511,d43068f1b484425288c70d6339c416cb2c904217518e57e6fda84d9b9862ec80,828573666a89a8834070b013ac719044da35f3908bae814bd8c9f6e25be9d09a,0,0
HJT,2024Q3,1,1,521,7f88dc75834bf205f70e3a69a155e5d6f5d17a115c317f5543818a7a705300b8,083821f12d7436845a7f874e2f134d5103a891c9516a746670881b21b9919c61,1,1
HKI,2025Q3,10,1,517,24992c24278750e67e9af47914ebd7fdcdcaf60a2ae9f4cb22057024d07fae21,5a3d3cfc1bb437dd0d75b54956d2200f0b358170beea7d7c30e5184fbcf68213,0,0
HKO,2024Q2,26,1,519,b9c1118838b0c0dfd7ae2fa4098e83eeae4baa90a7297aaf0f81e1c433495018,a221944324d4dbab1046b19d5cad57619f9900d32cef7a6adb1b377a3a0ff59e,0,0
HKO,2025Q3,76,3,524,b68db0a860756ac63bfa50b3b171ca64a0cf4484ef01f40e0c0a8bfc570c703f,39236a36cccacfb7839bc6e3927bd26e8b655edfe59c24636dab816891686602,1,1
HKP,2025Q2,1,2,523,0a9b509aa84ed80085d2c78696a73d1cb4221d084f6c270175ee1b7b3c4b7c97,62be7898fac355a42c969db8535ab879c768f22a0bad96358775a4c7c2458303,0,0
HLG,2024Q1,19,1,507,2431bd8fe9cc4ca5971cbc4f76e4bee84500c42b91a0fa2ae2cea8defe84df86,c7ca1bb14fd51ba8fd58aef005c843e2cd4ba79f86f16179c12ba3d85bd461f3,0,0
HLS,2025Q4,1,1,532,f87c62604d94b9146b92104efe335a9c43f9127846179e4d1d30157b0d9447b0,c6981b383d5d405d002d8a7883d4dd3fdbca3fbc2a7bd6b9e58e48ca0094d38c,0,0
HMD,2025Q2,1,1,524,4f13ff2e21ba57f6752a728b0c720fe0da1029d738e8bd8d82f3b3c2e7f65a3b,3659cacab05527b55657926c7f6335720a935c7202daf914d7562dc0342d2acb,1,1
HMF,2025Q1,7,1,515,75b6e8d217975f88f3c310e7f929b408a2d114e3024c374573d0ab49ce718562,439fd981edb3e2f2627282b1b655676cc4176970a4c243218b851672060095be,0,0
HMR,2025Q4,3,1,532,4d6f07ae898931bd21c0cc4b6e26af5078ae393514e04b732cee88bce963c9a3,261efddb563af16eb9763793f4ef4a07ddf66db8bc9970df2550287de5d68413,1,1
HMX,2024Q1,234,2,463,c20496f54199aea60bd0687c2d281b46ecfe7b71f776b8d00ff0d83babec5d96,c6d7cb8b54468c873aa2d843abaa68960d1669475fcf462ac66237dd53a5c765,0,1
HMX,2024Q2,255,4,466,8419f0ac05280ed1096717da8a8ffff6394f6d5aa8b2803b21a5c5f0d43fd882,6aa96c73cd0eaea881acca2e4bc995c9c70f6ec3644d7280de1245fb47fdf26c,0,1
HMX,2024Q3,295,2,462,960a1a4b3a1dffab91b491a893f775043809bf3ac3018e1ab31494fa64e08b8b,d678fed9ea480dff5e21a49d8630f8b52d3e28e9d52aef367889d6f8881d6ce4,1,1
HMX,2025Q2,382,1,463,91dea4b5f72e3a2c37938a77cc5ef7c2a6aae1d7832fe1ea2f4a7049623a4864,c849a1040b95a6faa45f13604f00877f36ff022fd3d9012fe0b5761ebb135740,0,0
HMX,2025Q3,405,3,465,fd3468fd841d50f5ee8b3516b42857979174a8a62296593e1508b5d71408828d,ec251d9a47aba6fc9b19c87921e3c92ab1942b4ad9f1752556fab9108b3b4956,1,1
HMY,2024Q2,23,1,518,c9b3a9c4c8ae9c6b68e914a9183461b34cb6ad1cbdc1bfc756e535e361beb5d5,975c6445e95895c8363b20d19ccf9bd976f057e4a21efbe674647f31a61c4e26,0,0
HMZ,2025Q2,2,1,523,1d13e494309f79c5d7314f807285074892c5493ac044b9702921fd74525711dd,e545563b497023690c9b474b0e63e1a6ae16dc9d52f7ab31f156f6d4219b072d,1,1
HMZ,2025Q4,4,1,530,d6e1cd9a7c5e2579960cc427e9ea71d65f17658e52fe7723d7c6238ea9920315,20b55df4920ce2e4d50f52af88c9fb96254d96d058c414f391278206a37fa665,0,0
HNC,2025Q1,3,1,520,05621fb37156826ba5c44fccc2577f47832982d9554c046e48431744839ba86a,e545563b497023690c9b474b0e63e1a6ae16dc9d52f7ab31f156f6d4219b072d,1,1
HND,2024Q3,27,1,509,3d3180e58b8addf67c31e8f1a51605281b9dc71dd010e98ce011de0efad2e552,1ad7da01ad9afedca3ca06eca6f98a05415dcb6066060971d68b6929efd66ddc,0,0
HND,2024Q4,29,1,509,e9e184ad68f33aeef1d482ae1dc31a09bab5d4a95234cfa289c7e322b1cbd4b7,261efddb563af16eb9763793f4ef4a07ddf66db8bc9970df2550287de5d68413,1,1
HND,2025Q2,38,1,510,1f524ac53f2a4a26a4c1b2a13c5750261c75e946378924c74c5bf43640071ff5,221324166e41feb46e457f0490759eaa3aa9a12f6071baf143042e787b07d16c,1,1
HNF,2024Q2,130,1,498,cedc395929a29c463b04a58015e14bb444c3ab0d86b7c647dfcc34a472b11d05,e510f67624be6d9dea806b0c95de75ae52b169ee40f216b47ba31236cecdba5f,0,0
HNF,2024Q3,136,1,497,10c19d300ec9544ef8628608b74f4574a37af6aa5dcfb034bff6dccf035e792b,4febbc3d54fa42cab28ad75da965d3b824b5252a22e5053a704ba1b0b2032cfa,0,0
HNF,2024Q4,149,1,497,5dc6c76a6f5c8a33bc88509413e9b23148eaa246e407321cd10679c6f42c44f7,8cd3e7de608df5923373208c69af64501c7758519db06ea606bc8ae05d99be4e,0,0
HNF,2025Q2,157,3,498,e01ee9a7d0d4df8b9d1807e3d041b3aa2abee8bfef4453fc815a4036b5ce5335,8e108d9eee4f445797469909a3fb43040a8c149d24b6b22219a1563807683762,1,1
HNF,2025Q3,164,1,498,6caeb0cae155da9752943b643e90153f78aa7fbf3db92546892f3d13bb0e5694,8ba4cd635f00b3bcf096007d75d2dee0e2f0cecb779985cc35a904df4656edee,0,0
HNI,2025Q2,2,1,524,228047291c3b15f41bfd43ddf80f33ebdac7593c2e9713bac3429167833137b5,e23191cce8b013609a93fa6552ce263885ebb9abf128e2eab65b73c69de62b70,0,0
HNN,2024Q1,1869,2,473,5ee9146b16dae0e2f48a47f875121e0f0d99480fb9f687e23429918376ad57d8,e7ad72e5be5841353a926f4573e0d06d7d7f0de8fb3ad4727499e0f96b02b68d,1,0
HNN,2024Q2,2215,2,476,a9038d5b8b056bac0b91cc9d0762d70426e0d1d1bceb7d2195e53d1ba003673e,eba8b0396b0e9e5878f43e276b5e239963182710f8428f5a8817672556a5e880,1,1
HNN,2024Q3,3074,5,474,d578b761a941fbf8df5c24618a74bb7392a31eb161e89d90736f9ef947dd1ccd,cfbe645bfd7dd8a42497b580348fcfb50457a6e086bb85bf81a799c5cba357fc,0,0
HNN,2025Q1,3713,2,470,6217f2f1bb219efe8f45e9e9c7f2498c0f470215cb7ed9c9da0e0d4461a9d6ff,95b66dd6cd02f95157202f1103bc19624c0661158be2d969d3511d37c881e541,0,0
HNN,2025Q2,3906,1,470,0b6798d265f8c5fbd60507d74e7806edbe8991774e5ae1448a81b01cedff883d,99249405892de7687f34281cd2e00b38d3a7b0d4b394db13bd3a74597303eb5f,0,0
HNN,2025Q3,4051,1,472,39e6ef9063c3771f867fbc08e2ff6b70551f8fbe812ad36ba3362023861c0133,118c3868357412e35adc0a781ba0d2850d1f6ee12b138466bd9c9988ed432606,0,0
HNQ,2024Q3,28,3,512,a485b560c44ec44701423da84a466ba1fa1a42b7bf9eb250a317bf16e4e06e84,8b7c53dcd23d4a6c1ebade93cdd653d74781d341b05d40a1c6009342ee4bf0d7,2,1
HNQ,2024Q4,32,2,510,9e20f71952b90137a4d0dd1bddb13b2be8e681a2806124797d40bc4f074b6b99,dead5be537c28e54e64fcc3800160c4ef730ed21629559c811ab6210697977d8,1,2
HNQ,2025Q2,47,1,510,37a82c984e79acefec6687b13be83d3246e9c69f22faf2e9a0eb735bd772ff24,e545563b497023690c9b474b0e63e1a6ae16dc9d52f7ab31f156f6d4219b072d,1,1
HNR,2024Q2,450,2,484,c2b6dfba51865c4c493e059265cb5971bd85baffe65fc3b2525cd2d360a2fce7,bb2cd068b0987b86b6558b6ceb6ab6cee7af34eefb4704984af7e46a9a7d595b,0,0
HNR,2025Q1,517,3,483,9a4e3560449ca3ea5ad9bd478e1174d432879b2ee7733872e35fbca34520cb49,fd5ed02cae5abb68cf44170a5c0bb7bb2607a591f27eea753ca045a78b0474f2,0,0
HNR,2025Q2,547,2,482,7298fbcea92cc59e3b2f5bc4393c780f37284e3971ca3c532aa31cc2494a44e5,f34ec3f2cb6f4c210c555e42f298a9b75c63f7ede7f2de0fd1eaeba2c6260fa6,0,0
HNR,2025Q3,585,1,483,7d6863af3aa807c45413bea0f87f7d1714376935fd9c76286102eeedc20755e0,6a12e99824aea0d5feae2c12c8465437870d0dd31353dd3635102d45d7a6d9a0,0,0
HNW,2024Q3,5,1,521,7f88dc75834bf205f70e3a69a155e5d6f5d17a115c317f5543818a7a705300b8,69c9b47649ef5fd9ebd2d096cf6ac8a423c34daacb3af8b0455b7a4d46370e03,1,1
HNW,2024Q4,6,2,521,2c921c6274784ea72b223b64896fa109063cc3444f94431bc8f50025bfc3125c,f06da69845d8b606f5a956ef9e39503c05dd543481f8370fb9a24f241bf38223,1,0
HNY,2024Q3,11,1,513,33ed0895ffd78a33ce8515bc52830e59b5e12a3632f42df7b4e4fb642c93d35e,e3173dd3b267271ce8c0c426407a504bfe481afa16c303d4493143e7f5dc6f18,0,0
HNY,2025Q1,12,1,513,3054ff1a0177ee8ec49307bae969248d733d28a65d374af485e24affc671798b,c70d5c156085ea935b746a559262c0c4fc76353db86058be7df0a2cb827d68c7,0,0
HOC,2024Q3,24,2,503,48cc860720862528cd4efcae9f0c8273dcf0e28220e297f8bc385c94a220f33c,cf13f15c2803fd6189683eee596b2227098c9bac9b3e03b80965d424ad72576d,1,0
HOC,2025Q1,32,1,502,d76de4907c7cbe1390cacf5aa8ecfcfb93440fa251cf8b2d5b2532a24bdfe297,3d0105d4b59fda1b993f890378edfb772cb1baf5545f823fc4877c3d16fc5a62,0,1
HOC,2025Q2,57,2,503,dd5754111292c8d2e29927ae897bf8b190aef8a160a09eac5cf77b1979fe61e5,701cad6ff3c0aceba960c7e64478d5318253c2e0f607091dd3b06cb7b06c218e,0,0
HOC,2025Q3,58,3,504,c7392d4e5cd0de9d0252c40de8e03ca30a55bbffa36cdf43ae63c586ca0b10b4,f8e741c312a39505813e1f46c5dde640a1b11f674690a3dfe8d86f284059c19e,1,0
HOC,2025Q4,61,3,506,2b5e3b7fd7d0cd966736e99871d5db12e7cfbaef2145e810692fbf0b777e022b,d7a47dab6b64c4981ad04fd8c5f4e1740b4315b946fc3cd2f902af92854b3e23,2,0
HOI,2025Q4,3,2,533,eb8cb4f42f750380646e9d0d2a35c2ba7a4382f0527784dcb29a1b9a57ed7006,ae9ce2ce2df710dc0e9516f0b340d843df9274a66b54903ae5f8d7b0cb9d1c22,2,2
HOY,2025Q4,5,1,528,a45faedba4e4bfec73c54d7135fb490956fb24fddb61a6ef09ce03915ec5409c,0e7ce2c55b01e28812e7fd0b7e7682c2f5cf97d5e220080ed0c6f04b26b18df1,0,0
HOZ,2024Q3,10,1,514,dbbe7ee7141c3527f50ad969dc3431e8ddd6e01caf749da2d11ab0c58a945d5f,b20ee764f489d884be509f0ba55cd68810957330d112eeab8527a9893d9d46f6,0,0
HOZ,2025Q4,13,1,524,c21bc2cbdb3c407a87b659c26fef67d2d9c9feb87fd028390cc8fc78553e871a,20b55df4920ce2e4d50f52af88c9fb96254d96d058c414f391278206a37fa665,0,0
HPP,2024Q3,8,1,516,58a96881b83f533c52dc8036f46e63e77f728c2ad05a4d5774c8eba748d2ac48,5a3d3cfc1bb437dd0d75b54956d2200f0b358170beea7d7c30e5184fbcf68213,0,0
HQB,2024Q1,22,1,502,b36de0183c0837801ffb6c716ce2c0614ff4324b3fa6bec9d5e53a0f1eb881a0,261efddb563af16eb9763793f4ef4a07ddf66db8bc9970df2550287de5d68413,1,1
HQB,2024Q2,23,1,506,85832c98c5cf86b06836f08f5ebd0c42960e4c36ec4a10c85b9683883ba55dcf,14106d8b6470256ec2dce3e232a3f560def6e98351d8ea55e687e644acff23bc,0,0
HQB,2025Q2,27,2,508,61e8450793c31ce8fd1c8245112684755639a3fd38ef9cc5eaa6a2ad5b7c5dcd,7e4ba0666ee363486104bc45c7e59d66996c27389e15896d489be291684abe18,0,0
HQB,2025Q4,29,1,514,db3eba6e5a34d538b5c21d7638b282559a86fe09e39bcb8dd07570321b675842,3659cacab05527b55657926c7f6335720a935c7202daf914d7562dc0342d2acb,1,1
HQC,2024Q1,8883,3,287,2866b21f2fcecc4d086c0ad4b4408e5bce6196af82ff9dd45f01e123482d7c98,63711c377da3f7531f11ba144840fb86b6d2f88cd21145ed9f5369cb87b37914,2,2
HQC,2024Q2,9513,3,289,2e5b07164ea588cc9fde85eaadfecd81cd084fd7a659a905ef89d5794195c0f3,6845216864f6bb7a09d3004d17b8dac7dc54fc1945298c590f044944a17317e7,0,0
HQC,2024Q3,9966,3,286,13d7d1d46830464bfeb0d0d32e2e0d84c8589460b97360d8462b2a9c31ea8c33,08ecee76c07fedbbd37598e69c15c4bf1783db3b182c3f397cc87715d7475533,0,0
HQC,2024Q4,10526,3,284,d48584e20a1a11ef279b4c3afd11dd241367b9e94296df076bd9f05da7d5e2b2,d8553ccc879359adcd4acc122b215e5f3018f84790e4d38c2eb6e4ac9c519d34,0,0
HQC,2025Q1,11069,2,281,7bbcf5014614e741d6dbbd576641b3d5d7839864383e4b832f9a7d4cc1ea6fc2,c918f513b70eccc0027bde5d43256747a60d54a8d81205820274c81ff310f607,0,1
HQC,2025Q2,11461,1,281,ab7daea5f44bf7eb999d712edb7a60abe2dd57afcde499aa8f5ccfe3127aa538,b1ec777d60041e8c68e87d32b2d89816d9909e7bb1143b67cdda31cd5b2ff39e,0,0
HQC,2025Q3,11975,1,283,39c5b72eaa01063b302caeee9d544dd2164c01aca2457670dd9f8444f8973859,f04a9b043ea63e419307d3c70b380b6564a71cdf899e31cca1ab50bbfa038b96,1,1
HQD,2024Q1,21,2,510,387acec4d21985a1354d2721b47931c698209ff0795f669f6fe771a97eecb780,d14e6a7d5c98671aad55c508c6ec492ada0699b89989834a329391448a4881de,1,1
HQE,2024Q1,257,1,461,7b15dd778e5e68a423e0c53c873b808866bd1957625c32bcfebaea26f20f0706,d782bb7473be55ba5c5459e0a7d1d0ef9c048810cc4660cb074bc8d1cbf0c771,0,0
HQE,2024Q2,274,4,465,9cfaf8a529552e011fd97141280d483c8293dfd603b9fe40221e81632529033a,152b4288b23d0db3f7542dba5db60202dd15b4962463d130c081dd922152db38,0,0
HQE,2024Q3,303,1,461,51bf560ce6ff2bfa11a42a0172daf0866909623549fc63bc81a3d0ac52832d81,f1642e8dac83bff4e60aa814968444ba936091290b15bc171a2aadc97b0f37c6,0,0
HQE,2024Q4,334,1,461,344cc2ecb90c197acaf7f096995a38493bd9aa8a2cee346431be4014bf0aa56f,c70d5c156085ea935b746a559262c0c4fc76353db86058be7df0a2cb827d68c7,0,0
HQE,2025Q1,362,1,460,d28ff12a943ef2ed6637a24696317b60372878537d212f537c70f5cefb0fa79b,64c7ddc63f91e1fa823dfcfffe5fa460f0b9d770ee9b52c9be5ed3f71a26cd4e,0,0
HQE,2025Q3,562,1,464,a791643303e005d45a6bb0801e4e69d3262115956c56519001b15caa7a27202f,81a2026272ff63d01f8af801ee48fcfad671edeb997efa58ad6011c7992e636e,0,0
HQE,2025Q4,619,1,468,c806c3fc5a30ba3f949ef373c43a5abf61b9fc582e7222df8e52958f9995c81a,c6981b383d5d405d002d8a7883d4dd3fdbca3fbc2a7bd6b9e58e48ca0094d38c,0,0
HQF,2024Q1,441,1,454,a4d050176a124d009f3dc94839810d9a74ffc165f06c1d2976d66ee113acbe40,8d679bc0fcab565c28f10b0b96de772fe7ec45d7979c51b1ece80a984650f2b2,0,0
HQF,2024Q2,456,2,458,ccaa590eb14e6c114a233901a40f767e5100fbe22ed6ff6fb0929a18238d5fa3,9eaaab87f3b8367b3baebe70d35a4fc4879f26e5e638b16682705bca4279c700,0,0
HQF,2025Q1,516,1,457,d00a4efb14f67f260230872a4a105be11094b0c497b1ca4e712b7f53b6ef0206,57dc770617ff6777df87b210b8bb9f2b9314ad58ea38f8ccb79809f0ae688261,0,0
HQF,2025Q2,546,2,458,8cb1c96ef24f01279e5d6f6246beae3bdd504e0a690ba15d07beaa4d22e8693f,8c13a1b670e1ea668a7690efde6985123010f1d9799406a8461e052894a80077,2,1
HQF,2025Q3,571,1,459,cee58fc8a4833baaa882759feb0ae0f67362cddce332b09bfba41ddf1803e832,c43ccd44f90c7bcad6be7d75aeb75910c9faaf2db0ebbfb1a206a0e5d8b51448,0,0
HQF,2025Q4,599,1,463,ca26f166013601f805e36785380953002bff9907627ab27bd37487c5e22904aa,99ecbcca20ee1d8e82bec093d10acfd8cee24a2b9f6e6e746e2c0e8bf2b4587a,0,0
HQL,2024Q1,15188,1,377,127a5d530e274323eb34838bff72f303a54d376021d1f6926207bfc823eaf2d8,7d024877397800750d78cb8b1e4b4334f93a06c8894887a04dd7d301b5d8ca74,0,0
HQL,2024Q3,17098,2,381,caf2eea07e5c2854c966f6329b0cf6f62b2aad59c9de48f28e4aac4a011ef830,5648a802526e197ce8f4d4793ba1ce27e957cf508cc8543e0078b09fc9b2f451,1,0
HQL,2025Q2,20606,3,382,e9558e69188ad21fdc1d724e9e3d9177bfd94ed6d76c413f3519d7b7d58fd6a4,c17bde2c6c9682547baa7eef2f4b1b7edf40992e23ce22314158111be8f50c14,0,0
HQL,2025Q3,22041,4,382,a2ca3356667c85f8f0e2fbde69a8b01bd270c2eb747ea5181788ba476bb044a9,99e01a613367c1eaef7752ac6d23e358358fe80adfefd74366c5aad953b86b91,2,1
HQL,2025Q4,23372,1,383,03e1ab3909526d50ac05b8e3c487df73dfec92ee3f72f89c369653ca3bb13e51,6a12e99824aea0d5feae2c12c8465437870d0dd31353dd3635102d45d7a6d9a0,1,1
HQO,2025Q1,340,1,491,fadfdb908013e37c8bafd55d983363c6c604c379b8eac4a7464b9227e58ecba4,470cf57558c9ebc373f702ccd9afd4932a10e49a86cd888230e00bd2d30986c1,0,0
HQO,2025Q2,365,1,492,cf34a492fac446612be6393a0b77111b46184a3e41a6a3c774828700b5bd1124,acf5f388e1905363694144734b88783e77be95caeb50e82a674d929af03f5577,0,0
HQP,2024Q1,22,1,503,c28de6edea9b0b5a41afc8334a5616d8cc8ab931eeae40d13b74aba33801cdeb,ed64a5a5322ce493860dd99ed952f99c5cc4857da12ed346aea053ed4a0e00c9,1,1
HQP,2024Q3,29,3,507,3092476b8680b81023a955b2c500fe2d5bae8229090c3b1d72973366a471e327,7fe526c23ded561b18b9a730266bae90929d3fd0c0a6d11e319b0d45f35316cc,1,1
HQP,2025Q2,50,1,507,de74e4ebeb398c5dcf2223c0e39a7a1be66b57e9844943039fac7151878f34d4,ea55a2cb9f8bae3d4b3ffbae2fef3e2161f3f9786f5a96bee6a29ed99716b604,0,0
HQP,2025Q3,55,2,509,1b5a2b8129572ae02cc536906e962c2e589e1a55f916c5b5c20b03f69546152c,c27f6d4630e032957f7fd78fa384a52d0e19e102618d2138fcc0a753fd12d4ff,0,0
HQP,2025Q4,61,2,512,10e12aa7eb293758374df930f8e34f7358e3297a4dca228d6c214e78b75cfc6d,6eb7516a64a3cd1918a5d07b0867a86238304d0bbb367e27d2f67dd1fd20f0a8,0,0
HQR,2024Q3,4,2,519,e1bed15582beb18eef963eb2754c636531442938b03334c33b728cbe94b9f228,ad116da363ba5fefb53409e4b9c2cd73f8b1cc44ef85960aa232768d951309bb,1,1
HRM,2024Q3,124,1,488,9878a15780e5138e25dc95c7b3e186b2500090714405c16e1888ecde8e03ab5b,0665286073e333e5db6139042804677761759e30ce18c4b18db623a293f37cb6,0,0
HRM,2025Q4,186,2,498,348206d44a0eb485b50526453135432c1fb23fb5d16c9aeb4aef48b043954ed6,abd99312f4cf729b3cfb7dbbea7ea17880fad9e3018e3745ed9beb8421a87020,0,0
HRS,2024Q1,12339,3,382,2d041c335dd2509e122a1c358e55fd98a0f6c81d416932dfcbd805e75af7c968,a1ecf53bc0f35fe7033d6cd7fe580b530a9897128099ca5d69651d65ad804292,1,0
HRS,2024Q2,12846,1,384,480d2e7e1cd39a7fc9191c05bafaf01657a33825d97fc615028712463b0bc74a,91fbbba68d1dc574e38e2504c6295d5ec4e351769b3b84903e42fb39f9ea99f0,0,0
HRS,2025Q1,14188,2,384,d24352dbe12876ce538c557061f941ac89107b926c510c9ac0760d3298a5a084,2714a038cc061b7140b09276ed613c82caeb5f5473017cbd6d893c9934cca9f3,1,1
HRS,2025Q2,14730,1,384,c99e4f2c1000cf183fdd41b8b58c3364be05b554f13ab4fb187e3075d2a2b169,b20ee764f489d884be509f0ba55cd68810957330d112eeab8527a9893d9d46f6,0,0
HRS,2025Q3,15289,1,386,148d873e89e7973293cabd8c2426b46842175a6888432d5620ed939a7c8d30c0,ac7f1e728789774064460738975f157889c8ba1ae094065abf368853cff930b2,0,0
HRS,2025Q4,15894,1,390,4d77b2d1a39e2295fe186723232a72cb0f6bede83f9611830eddd3034810d305,14106d8b6470256ec2dce3e232a3f560def6e98351d8ea55e687e644acff23bc,0,0
HRT,2024Q1,7,3,514,6251808fec224b1f52ff44ba978395d923c2a978d7f8c77d7d67ab0a37dde613,a9387bfd8a2c4514d572aef08229948e4ddb8504e3370a7aac60c4ded3506b66,2,1
HRX,2024Q1,8524,6,287,96d87ee3cc578401ac9e596a45e4cf28b88aa7e9fb90a3d0c4222b3963b776d0,9d00974fcd7a05b4429f9e1b726b4922edbe18ecbf70121408ab244235c7814f,2,1
HRX,2024Q2,9056,7,286,176811104cb4711e22fef5b15e2e21fd6bf2607ebf3b2a39697b29ecb7d1d4c8,7bad20fa9c4cb6638f64ac3148fe0c6616eb54b8e40a8471a233f32c579c9aaf,0,0
HRX,2024Q3,9845,2,279,2c5f57ff5294c0f1a7ec1f1f3f9dce2aa5859d28e23549c0a4d7f83898ba6720,33a0938d20534a90bde64bdf155d9333638f959b648e2b5b31209e5e687550b9,0,1
HRX,2024Q4,10300,1,278,d77c5b3bd25790a24202ec4d4b49cc975575656d3ce4f7507624962b77096e78,45c6b4b088a7c045e20d2c57503e94a33e38f280dc63eaefcde2341e97894304,0,1
HRX,2025Q1,10940,3,277,4d8db8c91dd10dbdfe1605eafa59a7e90aa41ca67c5d3dbc1b17c214f366ce0f,4ff4db5d11f7cae6824f323ceb908b865cf5b5a5b15f37a28c8b70ab6a8543a2,2,0
HRX,2025Q2,11505,4,276,861185997ad9a23905d7c62fb3293fb507439a826e45b60f13b6434177566072,a04565852dd4aef127635ff773c9cf7caa8b128744ba0c334e1ad688c48ad089,1,0
HRX,2025Q3,12027,1,275,c1dfa9786a3a7df8e6b9e2afa95f1b8530c07fc358c88585e8d2e893d987a9e5,d7ec104e208aa981741ae1bc9bc2671e6c3a75f583887f14c33a0b2f8dc6c686,1,1
HRX,2025Q4,12502,2,279,53b44d68ced1add32479c0f9f6fd3137077dea8e179d4435838db03da8c84889,761e2bb94e5aa61ec3b65171871a36fde0e69b6e6a44a2edd01b48a3acd767ff,0,0
HRY,2024Q1,3875,2,406,ec5ddb6e57741fc40da3db884a3c061a2c463ff679024d61adfff90fe9d16b2e,bc5376988ec2803c2d2f09ad0621cc7768725d3cb2a2c61777fdbb1a9af006c1,0,0
HRY,2025Q1,4305,1,410,823fdb4bcbd0ccc1116834dbd248808ef11783fa2b5c0b075e95cd61dae0309c,06eb7fdea1bab6560dba4c8e62efa29adb2f6f8a63eee0f278154afb1acda5ba,0,0
HRZ,2025Q1,6,1,520,7e96b235d446d7e77247a4b31583ff559af22e3bcaee3cb229406bd6af4adb8b,6e09471d01d382b76e1a78471c1cbdc849d6995b18bbf3a1d1031f289eb059eb,0,0
HRZ,2025Q2,7,1,521,bc6158e94521aee713e411667302616a02a9783d00b405b93d75c55307e877d3,84fd7a95f5415de561b15080617ec65d60ff3ce1263df7f0e3559d0d33b22326,0,0
HSA,2025Q2,4,1,522,1f8f551a617f686520934dfc8bcb27582243833d15f38e3b363bc0bd269a61db,598a368849023e0238de665cb5ad2506d41b4ec6497efa2fdb6b432b05bd9241,1,1
HSA,2025Q4,5,1,529,68ebe65684ba0bc9a79310179865dafdb326b6c4770659752d45400a8b98e8f3,f4aca0645ae9b53723543edf7a32e2ce8639b3bde004d46afd03e272e392ca8b,1,0
HSB,2024Q1,14879,2,378,e2410fa399639b666b77fd53af3c165c94e67fe28ba60add94b6afdc923bc038,fdefbed1555b3718e388513320f41d3d3c8bb815c1d6906842a5c71ffa093f10,0,0
HSB,2024Q2,15412,4,381,04fb2d73d949452ce3a44af095d1b96911ea316b1d7d309f5e012186d670bc53,eb36c9a701612cfc11a1e4dc78632460ba3f1b17dc1441ede5675469ab054325,1,1
HSB,2024Q4,17212,2,378,ae3216233647bf6ba2d73070bd313c889f10fbc5a35be3eb587420546b31a228,a3e71a50bcbdbb8eadee11edfa0d8ff6ea7ba070fed64c3654add9c4c5a0424a,0,0
HSB,2025Q1,17748,1,376,b04e2f6c0680d5c920108ca828cc66aedf4d212e51060f9c1e902db668b5071a,c50676334ed094b5baf7bd86428ee2bb9d4a49c7e13079f27ed7169257dac705,1,0
HSB,2025Q2,18450,2,377,72fd3f25ebf68dc65ada143574644d225af95461c0369721c5130448bf5e7620,0a74d0500bd1a1dd79e1a773c21c0a18fe381bdb2e818675412b67870750e3de,1,0
HSB,2025Q3,19053,1,378,ad5bbffd077ab01ed3e385bff27b8ec83eeab93c6a6c5aec9a50dcae165c9e11,12a6e199c2c6f77cd1b8dfbe7d507bd7f61a30f1f02b3954f4b12bc8c45e9782,0,1
HSD,2024Q4,3699,3,441,50b636000d91cdf2c0639de5205d116b09add9180f2c078d298919b70a8d1203,56d1ff225084855199157e6fe10d59b5ac03a13e309477f4cd4dfe0d34c14fb4,1,1
HSD,2025Q1,3848,1,438,d03250e54dbe2eef619e6aad8b8e87c460d27f0a6a4a98690bc8e0984f058499,25f0d7559708d1e6ebe4bfd5298533fda835220df2aa3ce035cc99770cfcc856,0,0
HSD,2025Q3,4202,3,442,99ff08435d149b9a030bb54290d0b22e9b8030d29de8d6298c53f7dc66e495d7,58ad397e1233a9d7395e1bf550b7bb008ecea8157f8c0178a09ed667ad5bc234,1,1
HSD,2025Q4,4380,2,444,e57b3b57d3bcfe001bcfdba690025c74d4fd95fa88835ca1011de8c5aea150ab,5a804196bbbe87bd3dcdfbf67fe095e5f6fcbae82eb030531107b6484a728f48,0,0
HSN,2024Q1,2044,1,457,314e06adc410bf9b27b4fee7ee242a083d01b361dcb0593b438e80310cc1c146,7630b16496d2b4322edfd5e2d73fa6c8fb078371ccca4c05fce93049bf6271e5,0,1
HSN,2024Q2,2227,2,460,6eef80978b28735646ab43baac0263d9124c699187ecbd770cf0e6a0296e3039,3798d91ace0a364c37f4a91acdf899f08eb0ceaa50b3eff24db7db818928232a,0,0
HSN,2024Q4,2673,2,459,dc6cbbb5170926299bbb92582ef8e6eab366e60e072bae3b1bb8192d4a3ddda7,6492042514cad8f92933688ef3cbde5650d55dcf750b65b74707d7d37dfa9890,0,1
HSN,2025Q1,3139,2,457,621067e8271e91ab400f930a9cef1b1992fea80975e6b221853caffb26ead1f7,5e0f836a6f34d56705fe300908726133c47f7eb379f47cce14845cf1d3900eb6,0,0
HSN,2025Q2,3444,1,457,08412053a085f70bbda591bd1d3aad45b671e0db025957402841449d24d659bd,b20ee764f489d884be509f0ba55cd68810957330d112eeab8527a9893d9d46f6,0,0
HSN,2025Q4,4104,1,464,3c3ea673da4016c7622d82e0aaad891b5a8022b506915f55bba9f674031c6507,cbdd00c08fcd013e55e94815c31b8e42f822f7d7d47f2836753892256c8267f9,0,0
HST,2024Q1,153,3,479,211ab0c09dd3cd7fafe220a4600f57e2472cd3904d045232d7ff62dffcb59425,021bb510d44871ca739c40edb85aef267cfdbc62d97a00dfbf7c974e947c69d6,1,0
HST,2024Q2,160,5,481,7cf018a46c81f27d5e1a9d70b383e1aac44bc94b003b328019fc12a633a80e1f,a2b1c0357088ad37f2b227c94e27f79a46a2349a73de075138543d1efb5d0508,0,1
HST,2024Q3,191,1,476,ce23ca0a6e3a8001a771f7e8445c9b4625563f5dc7ea360869ed589e68dc8959,a870dcb24a5decb006ff62fa84d61e196ae2ada80b26cb1f88676e14c29c6c22,0,0
HSX,2024Q1,1178,1,444,d608b1030e6c33a4abaad0f90a66c17d061989fedf716cc4b25e4ad4a2b2a706,f01e905825ed2060e534525d0d7191a86e7cbecb247a3557af8166bdabacfdf7,0,0
HSX,2024Q2,1222,2,448,b6f5f652ccd2dc250aa7d222a4a4e510c2b031301a71022b36c795248f566c7d,83d1d4bcccf3912399a2448daa2409f9ac559f5f523026b7ea33f58dce8f5c1e,2,1
HSX,2024Q4,1304,1,447,e56f1dee18367cfa7c6aba72a2e4c7d3db5310162c65582d3c482c8e487c991c,72f69ee9e5cf9108f868966bfba9ee450cd827ef6e28e359bbd03f57fa808f18,0,0
HSX,2025Q1,1350,1,446,8739f4c28cc9f54862e93358ecee6c4be9bd972074158ce10c767af24fd4aa5a,3908176d571f3d2b23037be73bf33da28ca1b689a71ebacf4d44459b7fe0f4e0,0,0
HSX,2025Q2,1386,1,447,da3c3708b1687848ad751401a781db0a35a9f862e40074f83441a2e3ae6a55a1,d7c2ad28f9a8d3c69320c4e3ef423a89de4b7d13ac1697d95e6130e0cb149e64,1,0
HSX,2025Q4,1484,2,454,925259af69712426114d2ca314c28c5d9784988496415ae647cdf687174bc473,9cdc1c5f4c7cd7fc8366ca81e9b48f45958a11daa11ee239420b988b2dcd2273,0,0
HSZ,2024Q3,123,1,502,9c3b6fcf10f56df3a48cb3042f4197124803c3f786adfa5ab860c81729fbcb0c,bbc61898f610a139a4d31a937c96d5d2155dbae5a6089e0b6de8e724869f4171,0,0
HSZ,2024Q4,125,1,502,bb7a78a6094f0416834084c26083fe3e4dc80a89b434a382faa22105d1a3b0e9,598a368849023e0238de665cb5ad2506d41b4ec6497efa2fdb6b432b05bd9241,1,1
HSZ,2025Q3,127,1,506,1d3b7d286897c0f6f07fdfe444a30d795ad36c2da0c15092a49b9c9e599eaa68,6aaac4c087a792d286d3515a44379ddb473cd0625f83dd380ac1bf9300202e68,0,0
HTD,2024Q2,765,2,485,57a96888fb6b0c361a79a9d6a09c2a1f20f5858ed0e8b130156018f74f2c2f83,df48f7a21929eea33adba8e35e2a1dd3f233ca9b812701d66983d2f1e5ebb6d2,0,0
HTD,2024Q4,861,1,484,9f5c8a06e065b1a2797617e500c7112ad6aa2e81c0a6a35f705ae5996a76ff4e,86daca3065e34a338f076ca3028252428f4d4d05c7236baf45bd8e40c11efe88,0,0
HTD,2025Q1,894,1,483,ebc7340a383f61f122bc55af33186ffe6a436feac5b60ff0f10827fcd12bc372,3d0105d4b59fda1b993f890378edfb772cb1baf5545f823fc4877c3d16fc5a62,1,1
HTD,2025Q2,917,1,484,cfab32919e5e923dc84c76c3c3fe989dee2602dc4e59388cdea9fb67d1630fa5,fdaad9580dfcec1acfc41367e03d8b8c22a0addbc4921a87777990153f78028c,1,1
HTD,2025Q3,950,2,486,ae6effc8f3866f737a4a3e6c0acbd70342e00ddfe0e893e67c24a48fbb85e2f0,ef03fa91eebd527fc2113c9a35aedcf2b571731923b5e2b6576ddb8c43de81a3,0,0
HTE,2024Q4,56,1,514,5175d332acf12f8a7d192b7403d880d212e6d8c59bd0ce83dc2995539dac94e9,fd6733de78e0a4f5db655cf283fa7ae9c05060cb90d72f9cba4716e75f9a8784,0,0
HTE,2025Q1,60,1,513,15dcf7c78b20277264d1d8863fcc6cd3ca3d8783437bb9431c7830ff9aee8b20,2010e567f94a181179e0179a332e12ee13a037ab198b6cc0fd2ffa92d5eba2a3,0,0
HTE,2025Q2,63,1,514,44ba1b47b79d8eb8c08a34a15d1ff603dd4bfa5271aa9191b81dba21659073c4,fdaad9580dfcec1acfc41367e03d8b8c22a0addbc4921a87777990153f78028c,0,1
HTE,2025Q3,65,1,516,f36dc0d79e0107fcf3f1cb46d6d21e82114b8c7255d6c0bb57d2f3b8a32bad44,261efddb563af16eb9763793f4ef4a07ddf66db8bc9970df2550287de5d68413,1,1
HTE,2025Q4,68,1,520,0f62bcfe774f68fcec506afa157ea21b3f22bd8c30c43510a76c21a0f0ca7c1e,bed1f5df1f0b3afec227efa00096f35c8cf99fc5ee207f4528fe2bbbfaf57154,0,0
HTF,2024Q2,44,1,508,85bb4d8d959e8eaa390293f9dad186c710202e1c36fa57d617377f9560785f09,0e91202d09fb12c9f3c93678b8b07b4f9b6508bb53fafb877c851effa966b76f,0,0
HTF,2024Q3,47,1,507,6fb80a50f40f26a4972adc031aa623dc0df6ae5c4994625e75baa392323657b1,221324166e41feb46e457f0490759eaa3aa9a12f6071baf143042e787b07d16c,0,1
HTF,2025Q1,50,1,507,0939c6ee008a1b8f4855f12a2c21cf0ecd1679e40ccaf003b93c675d2b53447b,69c9b47649ef5fd9ebd2d096cf6ac8a423c34daacb3af8b0455b7a4d46370e03,1,1
HTF,2025Q4,62,1,516,ce77e5214dd3632d58e943fe37bd869722677e77d876225f60de637fd71cd622,ed64a5a5322ce493860dd99ed952f99c5cc4857da12ed346aea053ed4a0e00c9,1,1
HTJ,2024Q2,1742,2,477,78b45ed3ec6a50b0c0adf2b7380ec094a1e899b182c515a5eff47a44b2d37ac9,361e260da682559a0926be3cf726b6cec895feab02d43e92397c251619f71d37,0,0
HTJ,2024Q3,1833,1,475,48da859eddf6cd8c99434769dfaf2302189661e3b822a5fca5c1a65b5fbb4af2,25f0d7559708d1e6ebe4bfd5298533fda835220df2aa3ce035cc99770cfcc856,0,0
HTJ,2024Q4,1946,1,475,7c3a315e109a81505259ed45a430a2f37e32d92b5c51f762a6736447d5f36193,3505a09e641e891d63441edce657c8ffa3ca4fcfe450475d764e26edfe1c148d,0,0
HTJ,2025Q2,2086,1,476,bb9fa518038a4d6a541bf591645369f544b8ff43aaaac8f1419197533824d4bd,1ad7da01ad9afedca3ca06eca6f98a05415dcb6066060971d68b6929efd66ddc,1,1
HTJ,2025Q4,2334,1,483,fd78c59144e1ce6933835690ed6b51253d9ba9a672b130899e754b11dda4d356,29f7b955a4c736b904ab8119fce3db903fa9abdf1864956167a966f3d4aa12a8,0,0
HTN,2024Q1,476,5,466,92bccf6c2edf96175eb8daa2d1678d02878ab21f9655f4f403a01e58fad4af8f,45a538d0273706e516682c808f6b9b8fe1a4a8fd909a32e244d6db434c40b3ae,2,1
HTN,2024Q2,542,6,466,9c4ce44970cbe89c9b74d79a57edbc175ae8b32f34458d1c2fd15e369aecf117,4bc6564eb8012ce593674f9aff93026c39229ccbf31c7f30efe850780b9dd2e7,3,1
HTN,2024Q3,661,4,460,1f975d650fe528c1292a8b481a0d1b6cb2245cc8a7824d9ef2b656e7dc566d2f,72ef132e85b3ee15b4f3a810e4ebc5f4e430fb0e718b8d0ca236eb11b4a1f7c9,2,3
HTN,2025Q2,795,1,459,73c628a965be3c0027e8d932df2bc8062639238e76fdb26544f27364627deb19,8891594f74b9cbbc02e7818fc9e2a5c538f57b26003debd82b38d053313caa7f,0,0
HTN,2025Q3,840,1,461,bae991dc17329a0b41e26a8ad9d8a29f4c3363eeef69855931d91f8d59c88131,233cd0b61ab823486c8b713182566eb9c5d9322edef9db40d5e24602dcc320f4,0,0
HTN,2025Q4,889,4,465,83a8343ce27d6b682b874f690dd706bc63bbe6592f3ec3649079321cabd1d2a4,dd198329ef062115712057df1b8a84f8079ff8cb70b6fa5eb9a510e20168b3eb,0,0
HTO,2024Q2,18214,1,448,2f2adebed0988c806fe6a658d9f13129202ca7a43078998af8901f1ec1a92bca,b20ee764f489d884be509f0ba55cd68810957330d112eeab8527a9893d9d46f6,0,0
HTO,2024Q3,19929,1,447,eacb6e5bde6791ff8e99c890106a356e018ecbda6a3684b23efabfc2a5b19518,06eb7fdea1bab6560dba4c8e62efa29adb2f6f8a63eee0f278154afb1acda5ba,0,0
HTO,2025Q2,21622,1,449,84f5fe48818e128d35162c68073fa22aede3cd8ba223ee9049bf1356c9334164,2619ebf09f49024bce8a9f390a2646ea021dc3e54527aa1d3caa8d00c428bf3b,1,0
HTO,2025Q3,21834,1,451,e743c2dfd8ed44d18cdcefea119bb895004f50de59d73374be23726281270a1c,c6981b383d5d405d002d8a7883d4dd3fdbca3fbc2a7bd6b9e58e48ca0094d38c,0,0
HTO,2025Q4,22253,3,455,39c619e02c195ad4f6ff63e4894ce34ce46b612d83f0dfd516a98ecdb535ec91,24361b72dbc77bbb91fc4c721ef9815dac8c533e38b61a1becb668253f41ee5c,0,1
HTQ,2024Q4,2877,1,463,60f3d04608449b9df67ac628aa37b21e769e4ddaef2da28df47b542e0f3ae4b2,0bb688aed515c2b6cd52e03e025db2798f43fdfc02a1d8a98e4a2f3c293ce710,0,0
HTQ,2025Q2,3084,1,464,fdb01f6a5fef72f816729b00454ec41c4a9bbbb55d5c8474aca2bc6ba6620c1e,45c6b4b088a7c045e20d2c57503e94a33e38f280dc63eaefcde2341e97894304,0,0
HTQ,2025Q3,3215,1,466,509126e66eee2041d679dc8e47d7dd5b330b194fc1fb7c91a28c662da4a763b5,3697faf9942af42685fb3f815b16f9ce5d825777d0421210ec2e5cca8734bbdd,1,1
HTR,2025Q1,62,1,511,fb40396c1fc0bb2291e9f15e40031eec927cc6dff82f8ac237702b651b4d65a9,221324166e41feb46e457f0490759eaa3aa9a12f6071baf143042e787b07d16c,0,1
HTW,2024Q1,7317,2,429,6b8e1115e77133de91e85ce6bd6c8e9446fd2f24acefe7df0bf1c165fb7e0617,18348ca831f2c5486b80b404d5a9237978bbceccda47d7fc0a9fb5fabb983192,0,0
HTW,2024Q2,7668,7,432,4c431fbd2de5e1953bd968bc8ffde27bfed341de1ff378c6e9ed9d3b9665c5ec,33ceb7f3e72c4b7807aa6e39c08a1511534c7ad1f3db7ac067b95027ce56f892,2,1
HTW,2025Q1,8739,1,426,90fe94947420c959d90e80bba91d955df98abc46f50742ea60808bc79153217d,86daca3065e34a338f076ca3028252428f4d4d05c7236baf45bd8e40c11efe88,0,0
HTX,2024Q4,132,1,500,3c9a2b10041f9d07b2dd1af94d4e3d4b8b42fda28e1806c51057c475dc55120f,261efddb563af16eb9763793f4ef4a07ddf66db8bc9970df2550287de5d68413,1,1
HTX,2025Q2,146,2,501,68f82b05fabb66516d42578b7d80dc897f13373f1d2b068fdc7a17403b987d6c,0588a3ae085be080f3ae751e9191286158ed9fc646ab65982c51c769389db39f,0,0
HTX,2025Q3,148,1,502,8c8c59df4ff9d6ad592e79cf31b2e71bcc5110919aef54027080e84dd935c8af,45c6b4b088a7c045e20d2c57503e94a33e38f280dc63eaefcde2341e97894304,0,0
HTY,2024Q1,829,2,439,7b6635ae3803af684a65a389fa868dc92399a00cd349240e373f8a1e3b1be704,816e2ded881562756e6c3360226440791e4c09f8fd8c2d34725480e9e9d5cc53,1,1
HTY,2024Q2,912,3,442,f81d0a34642f1ca95d6d538faa5565d2190fe4d800c538b6d2f72e9e35703cf6,0f9453856c2b0f5ac89da8d527ccb68b25b58b94a2a84d2539101f6283f1126d,1,1
HTY,2024Q3,962,1,439,6dfca32dadbde092d5260ca0bdd6ccb258b60fd66f572e92017882afb4ec1093,233cd0b61ab823486c8b713182566eb9c5d9322edef9db40d5e24602dcc320f4,0,0
HTY,2025Q3,1139,1,444,05224456cdbddc9964f7fe0a5888e3dc99ae3529ea0a52b9f28129662f1e0c07,4eca1e6c29a9ef0ef18bac5338972a30a2024c93ab0e76c6f6a929055f950bef,0,0
HTY,2025Q4,1147,1,448,faff396575d1423d1f796121469640dd6578dbda92ca6eff6d271909152825c2,cbdd00c08fcd013e55e94815c31b8e42f822f7d7d47f2836753892256c8267f9,0,0
HTZ,2024Q1,806,1,476,556dd8c0b47a183817a062d1fb2901ea3fc0ad7b94a38bd8b0509fd3d8123c01,2619ebf09f49024bce8a9f390a2646ea021dc3e54527aa1d3caa8d00c428bf3b,0,0
HTZ,2024Q2,868,1,480,a9c622094115d9dbab80b26f236e2caac99241900e6d1c6bf84f38f21c60afb7,20b55df4920ce2e4d50f52af88c9fb96254d96d058c414f391278206a37fa665,0,1
HTZ,2025Q2,1059,1,482,a58b75b39fb1dac0430b938f22881854fab5264b9dc0a840dad4d8244f640427,9d719d1cdbc908ba883aa70ec59fbd8787a726e21be1af5f66db51fb99b155a5,0,0
HWA,2024Q1,9356,3,446,bde5c21e5429e028aac5da6cc346df28bde69762b08ccd8d7fc70fd9dd54d592,74a51a20f7e8acedd4832686672f46cace6af51ac40f898d015776e29ad4dcd0,1,1
HWA,2024Q2,9850,1,448,1288ef8745bc10a0910377f7ccfd4819bfdb198f492c5a3b056363e00d5d91ad,6b0f3b31667aa0f2ccdd5aa7d49159d1336831bf28e225872c7d04de70e5d886,0,1
HWA,2024Q3,10285,2,447,acc547daf80ba5f43819f4fa444037ec1d9fcb2e5c1eac54be1d339a9dcaaef4,8880e022b7110345509bcc2586ab97c049f5c420f63b7857120a29bf16354b4f,1,1
HWA,2024Q4,10837,2,446,b565ecf3df244d4a31a92021f2ff2d51c6f54d2372b557064a801eba1eabe41e,e6f504045204ddf295c2c3d244f2a81a7234be24a9143e5459b3d69ffbe9d7b0,0,1
HWA,2025Q3,12278,1,449,e6f80454b851ebc19d6259f94837f376362a0960fba595c731a1c6c5fc1c741b,f01e905825ed2060e534525d0d7191a86e7cbecb247a3557af8166bdabacfdf7,0,0
HWA,2025Q4,12744,1,453,79a656a687563ba36e91198c580be9d3e91e57869a1983caffdb1f24bf1f1224,29f31c1d96f11024ddbc566f7c47386723c72c84e2d438c3371226e1a789f4b3,0,0
HWB,2024Q2,1690,1,473,cd804c0ee769ad16e1d21f2384929dec996c5b7c823be811d6ff31bc27ddf70e,3697faf9942af42685fb3f815b16f9ce5d825777d0421210ec2e5cca8734bbdd,1,1
HWB,2025Q1,1897,1,473,2d159651c4452a0adf476c0920750416407c09d60bb49d4baa9a3278b62db5b8,91fbbba68d1dc574e38e2504c6295d5ec4e351769b3b84903e42fb39f9ea99f0,0,0
HWB,2025Q3,2016,1,477,e7ab26e2f9e608f190d6b526d70bffe47449fafa003d4bad4b97d6eacba36d16,3d0105d4b59fda1b993f890378edfb772cb1baf5545f823fc4877c3d16fc5a62,1,1
HWC,2024Q1,22381,1,376,43d22c4d45b9d4796ac84dafe2768e18c5b2482d65320be23f519758ac4a8534,f885143ba0762716c32b6bd040582c044dbe062280770a8d430846d040329d1c,0,0
HWC,2024Q2,23351,2,380,5924524a1e7912159a74d4da257bdf58f83585b456110ca82de13bc0d865bcb0,b60072c19209fce715a835a5e23370ed8a5c02a2c455a4132ba742e3367acd56,0,0
HWC,2024Q3,24516,1,378,6375e28d614acfdd9f9f7f4e5675219127baaf79a2a545c2c587191cdeeaaca1,91fbbba68d1dc574e38e2504c6295d5ec4e351769b3b84903e42fb39f9ea99f0,0,0
HWC,2024Q4,25267,2,378,45d68426d4cf82f2c0bd9547b18ab79f0048fcbba053d5185b77ce945c7700d7,954591f927281f5b7d122d6eeb534b4ece9ab79bd5b3377e110db41ba22d45d3,0,1
HWC,2025Q2,26640,1,378,031751fed6a670d78324d8bb83b44543ab776c6f1b02a13e95c9749a42361443,0bb688aed515c2b6cd52e03e025db2798f43fdfc02a1d8a98e4a2f3c293ce710,0,0
HWC,2025Q3,27395,1,380,036da947cfcafe140aff3e25ba9683780473a12431ad75ef72d1e93ac5c25461,14106d8b6470256ec2dce3e232a3f560def6e98351d8ea55e687e644acff23bc,0,0
HWC,2025Q4,28099,2,384,b202bf8a73022a89132951b3976d03245ce335f80bbce092055e259ede3b6b20,61884bdfefeee3bb88012c9cfea49252a7b1fe17856cf23368f31b31648a0c47,1,1
HWD,2024Q1,4,2,514,fd554b42fc1324172f26f15691662f7dc0b43f51af774da730a92654afeda6a5,5964a3078ab72d50dd37d30f47f8fa7f2816e8a1e06ac4abfe55e39ca12f160d,0,0
HWD,2024Q3,5,1,517,b0bcda5493a70795d979cadae2d272804fcce4d32d6f5a611f32f5d4dcf9ac41,261efddb563af16eb9763793f4ef4a07ddf66db8bc9970df2550287de5d68413,1,1
HWD,2025Q2,7,1,519,f04ce2f61f160f245a74ab3a7bdfc3ec4776615bb30fcc7e25868dabf09ef63b,8cd3e7de608df5923373208c69af64501c7758519db06ea606bc8ae05d99be4e,0,0
HWE,2024Q1,16564,3,360,f87148793019d2b2dd28696d3eac2a009eee49c952e8028e9b58b2e78fc96309,8fffda6e8929bf47d96728c09a0718d673a2593cbd6fab8384c9455dfc8a26d0,1,1
HWE,2024Q2,17340,4,362,167d610a8d35509cc9b49a52c9950ece9a609b370628c0e430476c8193114d1f,c5cc4a0f3709edd9ce9acd20602a7d47015a200aae091b4f3f7ff42af065fa1e,0,0
HWE,2024Q3,18405,3,358,81b4331dff16f57b5d0fec8b59c8e3a8a0b4144eaa6647acc97f72832e2907b0,f96830286ad4199443660e0cf6a0c79da2bbfa29488c94c5cf6fc8bced384a5c,0,0
HWE,2024Q4,19377,1,356,cdddb64254ab71c842ab629ca4a0a8a5d8e53eceff30f0b21f7b7310f8d4479a,183272de21faa733721dc6c114790367dd74f9db29ae807401b7cec976b0452e,0,0
HWE,2025Q1,20250,1,355,97aba66ac101090c0753b53e30f75bf40bf90858ca5bbb62a19956db6d87f376,91fbbba68d1dc574e38e2504c6295d5ec4e351769b3b84903e42fb39f9ea99f0,0,0
HWE,2025Q2,20988,2,356,ce166b84a0660c198f88af8f395a97cb11f168241466af54ea90f77fbd9a7403,bfe928eb28c089a54bc85fae64c1a3c69921ad018da4b5b927bddf9eba8f322f,0,1
HWE,2025Q3,21801,1,357,921585aa4ad08adb3caa6dea4375b78301199560344c62e93bb1af7224efb4d3,cbf325e6ecad18ca0b0672d34493bb0bbee886262e72839f027a5e948118f013,0,0
HWE,2025Q4,22537,2,361,3f51572ddea5a541a91e2c7ef54368b8a5137a329d00ef36a9134191c8359b9e,b8431203e20dccb7f506b0aa9af9f0c5af6521d5ff11094b0b9953a1ad8c43fc,1,2
HWJ,2024Q1,54,1,504,0f13711dc0540707fffb94d5405f4834bbf879ffc6bcad4627bf231165743219,25f0d7559708d1e6ebe4bfd5298533fda835220df2aa3ce035cc99770cfcc856,0,0
HWJ,2024Q4,65,2,509,504411c1450cf579eef47cfe504ba91d22edc95e44c898edacf07991692eba86,2fae1e67bf709db9d52b322dc225586da71f997439f7e850f1b8003a12899c4b,0,0
HWJ,2025Q1,71,2,507,3d11a607234a3ca76d405c0d3229ed00c0a1ecf448bee1e2559f774617425093,e57a4b371b8df6ac21ac7cd9897cab049b9bb07c54f3e578c3ef8a2e851cb577,1,1
HWK,2024Q4,54,1,513,bb9cca8689a4e66abadbfde442fd7677f55da6fdbe3de9efb3e7df0c61c68ada,083821f12d7436845a7f874e2f134d5103a891c9516a746670881b21b9919c61,1,1
HWM,2025Q1,424,1,489,6196b541ed34bbe1a1b2a58bae5d8fca57b008d51dfbe2f2dec2382ea66f950d,e545563b497023690c9b474b0e63e1a6ae16dc9d52f7ab31f156f6d4219b072d,1,1
HWN,2024Q4,390,1,485,6de33d04bc3e0be591eecc06eeff39fb572a1a87a0e3c78b4cd04090370099bd,3697faf9942af42685fb3f815b16f9ce5d825777d0421210ec2e5cca8734bbdd,1,1
HWN,2025Q2,438,1,486,f430c2a9d5fa4ce45c711d23006583a8d0e9e5a4eed9e039766ae2d9866992de,6b633e7ec275cb132bf68a5f0f8c75bb174e82ba9c10d8c701a4373dfd0d4645,0,0
HWN,2025Q4,524,2,493,17ce1746b2a98514471ee72fa9301296829ca69868f6ef1b43968e703f070791,a34e491876dfef7b4ed242abdef898876918c549eb69aafbd68a609f6f2923b1,0,0
HWP,2024Q3,7,4,519,57e570033bc15933e5a0fddb8f38d9be46b7ee630c6a9de6f6e8c02dff619f5a,e990eb302d4e864eaf0f50289ae05b4f9178266cf58bf43940ef0425d568b2d6,1,3
HWQ,2024Q1,509,1,463,a38c7b2639d36fd721eea2334900f3a389a0eb5580b6460d601ae70c54259ac0,6aaac4c087a792d286d3515a44379ddb473cd0625f83dd380ac1bf9300202e68,1,0
HWQ,2024Q2,526,2,467,7df05209ad1e9bd818689df909f3588b9e1fcef14627df0dd71cb195920d6c24,a96a690a049068daced534a8ba8c858ab3485b34cc00ad2e23642b963c1dd5b2,1,1
HWQ,2025Q1,559,1,466,d3c33e7b71b5963848ce6d0e97f95d6c360bd2866dca11d20b54efb868763ab1,ff8af3592f31e1333e0c4f138cd68e636e87799142596ba322b5f5f47785bb28,0,0
HWR,2024Q1,4573,1,464,893d0637786fe94341231409cce58fff48b900717717aaa3c238e42b4c398bd9,c849a1040b95a6faa45f13604f00877f36ff022fd3d9012fe0b5761ebb135740,0,0
HWR,2025Q4,6628,1,479,81ba06d73c401c1094cac1c577c77400d7c331156b1c2757d9bf9a6a463f4d83,d7c2ad28f9a8d3c69320c4e3ef423a89de4b7d13ac1697d95e6130e0cb149e64,0,0
HWT,2024Q1,8550,1,436,f9ba532605661aafcbaaa83edd354d89a11050a009c46ba7706ea2c4b1c7cb05,586f1db6e208a8a5f825ec340ea7e33f4485d97dee1931e7f4189a193a36b870,1,0
HWT,2024Q2,9236,2,440,45981026ec7a786ea8ce7203439d4b26fcfe9b43db5a6a05a2d92bf8654f0cf8,112166c1a99236ee2ed98bf439cdbb178ed772a0e7f450e67ff9a5c43d8da277,0,0
HWT,2024Q4,10438,1,439,e3a2336c9f05971bcf9b89c816d618e9b1a021cc6a6ca9e49dd5fb5fb05559c4,183272de21faa733721dc6c114790367dd74f9db29ae807401b7cec976b0452e,0,0
HWT,2025Q3,12008,3,443,c0f109b733484ca5a0c4013a3a72ae21d0baa837a4e2da9b92a4e2ef672770e6,a402a04a3378127667ca613363b06dd309d859eaae31a07d5c1ca1aab1ba9fb2,1,0
HWT,2025Q4,12461,1,445,95542716ac73d2ba8267d384f4f2bd210a1eb0668ef646ee74b3506dea3e4d21,8891594f74b9cbbc02e7818fc9e2a5c538f57b26003debd82b38d053313caa7f,0,0
HWX,2024Q2,490,2,488,1fdbcddab1a03a25558d9c417e150a119058f1100f18b86d0fc08ebd03e5ab83,43c8ea15e04df36b8455196fcbfb2bec576347e343644d9c2e4e318bffae00c7,0,0
HWX,2024Q4,536,1,487,f9ac5f321e5171a7ec14eff3a5ff9a4bc30b03d44b03970a8a7564dbe0b2d711,cfb436f59fd90f48de462bd4c70a516b6bb39f081b5208a870583942b81826c5,0,0
HWX,2025Q3,598,1,491,74021aa32062168bed8b8655ccdffbf2ae853c4dd6fb0f4aa60b5fe45eb607e9,ed64a5a5322ce493860dd99ed952f99c5cc4857da12ed346aea053ed4a0e00c9,1,1
HXA,2025Q2,4,1,524,af735d0f603c5887bdfbdf02debc6707ac449c5e0697e6491c9758f8f0acdfc6,57dc770617ff6777df87b210b8bb9f2b9314ad58ea38f8ccb79809f0ae688261,0,0
HXB,2024Q1,231,1,495,2d20f69e61b42bcd5ae836eada2401b7cb63c390478ce1e148edf68839959955,86daca3065e34a338f076ca3028252428f4d4d05c7236baf45bd8e40c11efe88,0,0
HXB,2024Q3,245,1,499,38dfd6adbf383e94c5cbf0d407f3ea0b30dcb71ac0fd1e7b53000fe9f91b25f1,80f7027d6c0b934a23f107e75772120bce88a283eb07f573081b1536419bf092,0,0
HXC,2024Q1,744,1,469,f0a47f5ba82c72d6f0293d2c253d96048cd73d2ed7bddfd520c657764d527f8a,e23191cce8b013609a93fa6552ce263885ebb9abf128e2eab65b73c69de62b70,1,1
HXC,2024Q4,843,1,474,80a9cae33cabd58a440cdfa3767b9fe8eec70e0e30ca3b99b32e289ffc15da47,91fbbba68d1dc574e38e2504c6295d5ec4e351769b3b84903e42fb39f9ea99f0,0,0
HXC,2025Q1,869,1,473,7722842fd56ba10c44822496d7db13e886ae8a7b5c4fa226bb7ff8875eace1af,409e212fb4bf98886b260e02291379b63e84fd6cb7ab067b968c4bc5205a31ac,0,0
HXC,2025Q4,953,1,482,b0dc34c493d3450c49520ef1b14f7e3451a01130ed321c134681136c38ef8212,a870dcb24a5decb006ff62fa84d61e196ae2ada80b26cb1f88676e14c29c6c22,0,0
HXD,2024Q2,540,1,485,76bc36f1079ddd8a3814b3f87c7be8d60394f99d5c90d7e13c16b57afb65991d,4febbc3d54fa42cab28ad75da965d3b824b5252a22e5053a704ba1b0b2032cfa,0,0
HXD,2024Q3,570,2,484,79cd5c72435d8afecc963b960772c83c0c6aaead7ef197926bbed4fdf06975c0,cc8f55107ae19c579724eb0c2750a0f26a8412fd01fbd3b3dac4bfec07bca4d0,0,0
HXD,2024Q4,604,1,483,d61ad2d1568adc51585d95940c9e9582e9633e7675b255a5493084aff682d969,e545563b497023690c9b474b0e63e1a6ae16dc9d52f7ab31f156f6d4219b072d,1,1
HXG,2025Q2,50,1,513,929a1150d74fbd304ae7c352ea58df6e0d6d8924f60cd9328be2b113eb1d0f29,80f7027d6c0b934a23f107e75772120bce88a283eb07f573081b1536419bf092,0,0
HXG,2025Q3,59,1,515,7a0727c9d8da345f753fa5a3ff68c7b0f603e2ca7db4c4d34134d3c475f34a86,25f0d7559708d1e6ebe4bfd5298533fda835220df2aa3ce035cc99770cfcc856,0,0
HXI,2024Q2,32,1,512,e8a2a6f6478e8be82dcdc902352d06fa91902adad81cfb86f4c5f08ba4a104f8,69c9b47649ef5fd9ebd2d096cf6ac8a423c34daacb3af8b0455b7a4d46370e03,1,1
HXI,2025Q2,34,1,514,3e253d07fb36f5b9f98abaccb6abc136ac73a58f811d44f3aeb0d845d13a385f,ed64a5a5322ce493860dd99ed952f99c5cc4857da12ed346aea053ed4a0e00c9,1,1
HXI,2025Q4,36,1,521,a166c62135626b52808bd0c91d2241205ec0033a402840a57f1a55b4fe69f132,5fe5bd762629a8a9cb381c223e50c4a8e1fe61ff295966be187691694764725e,0,0
HXK,2025Q3,62,2,503,6965dd75387ab1bed0ce0f57024923c15e3f0b34dad4c25b83fec67ac56f5570,a67b51b433496bdba9893b09270128dfa1bcf672a0e8e1a04002de84a4952303,0,0
HXL,2024Q3,26,1,512,7934c963de9267edf233bbf1123fc0ad19576e738413296ec0b646f905715ab8,e545563b497023690c9b474b0e63e1a6ae16dc9d52f7ab31f156f6d4219b072d,1,1
HXL,2025Q4,28,1,522,a1b075c7453c7ce4979634f1aa632edac39c0ada0610c3824e610eb97b90f9bd,3697faf9942af42685fb3f815b16f9ce5d825777d0421210ec2e5cca8734bbdd,1,1
HXO,2024Q3,4,1,521,7f88dc75834bf205f70e3a69a155e5d6f5d17a115c317f5543818a7a705300b8,083821f12d7436845a7f874e2f134d5103a891c9516a746670881b21b9919c61,1,1
HXO,2024Q4,5,1,521,e81ceb7021e99aef52be03b16dc2984e92c80861801686c854b5a1713c2d36b6,221324166e41feb46e457f0490759eaa3aa9a12f6071baf143042e787b07d16c,0,0
HXP,2024Q2,49,1,513,016dd5df5780279b3d3ddd392be4c6d2776a4316bfeefa61e2ba47994fbc032f,083821f12d7436845a7f874e2f134d5103a891c9516a746670881b21b9919c61,1,1
HXP,2024Q3,54,2,512,c7ae1e68b0fad1ffc6dbd6681329200a528364cbe86964dfdc94c2490c61b3b2,ac264a512bbb5fb41774c20e4acb04c59db995af169cf3e75b23fb7638828421,0,0
HXP,2025Q3,59,1,516,93db7237cb26da65bc083713cfea4e130ed4b12cc90e4327eaed90c179d4b9a4,439fd981edb3e2f2627282b1b655676cc4176970a4c243218b851672060095be,0,0
HXP,2025Q4,61,1,520,e024f4b1047f1d4cf8fc27480103e45bcde854d6cc3a6b2c56fd8339e47126bf,bed1f5df1f0b3afec227efa00096f35c8cf99fc5ee207f4528fe2bbbfaf57154,0,0
HXR,2025Q4,1,2,532,8ef001e4b8eaa3ab100786a73f88043f68ffa6e33d8070130827fddfd63c6f28,58b4361cde9a5e11f29494940b5864fc7445247b569480af390af23eaad0cd8a,0,0
HXS,2025Q4,4,1,530,c6a68300ae265bdcbe15272037b36a4d3afa688299307c27b5a4d2c71f475c7a,2021bfcf916adca8c3c724e44ef0de9873a3b8b8f9d00974868d55254e755982,1,1
HXT,2025Q4,10,1,533,eb8cb4f42f750380646e9d0d2a35c2ba7a4382f0527784dcb29a1b9a57ed7006,0e7ce2c55b01e28812e7fd0b7e7682c2f5cf97d5e220080ed0c6f04b26b18df1,0,0
HXW,2025Q1,98,1,507,b2d9f8cc060356e72186c8346e80866dbdb5a27ec35576277f54dbc94186c63a,bed1f5df1f0b3afec227efa00096f35c8cf99fc5ee207f4528fe2bbbfaf57154,0,0
HXX,2024Q1,9111,1,421,b492cfdf6db6d12c27baed753593dbb76c4829688afbd5b93ec440c0e4517a36,409e212fb4bf98886b260e02291379b63e84fd6cb7ab067b968c4bc5205a31ac,0,0
HXX,2024Q2,9550,2,425,92b025b7992e843563e837560de61c553bb41880a291e8be9549537153a19bcf,2c81cbb8cc8dd26221274f5fdac66479433a643f15bf0c0410e4292bad9004da,0,0
HXX,2024Q3,9948,1,423,cc26f19e1fd33aa3fb1adf910a84c27da437d83da85dd0e3acbc761ed258377b,8891594f74b9cbbc02e7818fc9e2a5c538f57b26003debd82b38d053313caa7f,0,0
HXX,2024Q4,10451,1,423,44e370d8250ac0a0f6f5a640c4437fc4d1c83a54bfde4e82b4664f2675cb8f9d,38c09c12833d504dfcc0dbdbb3d4ce61b2e921adf0cf8cc9e741a7704f3daf14,1,1
HXX,2025Q4,12480,1,432,ec1a2bd1014dd3be834ae23ae6f6dc96c7aa00f47815666b40f1fc059b2236da,fb4481df75db4e329d96ff90aafec1786f393397114701fe26b2d0f8894f3ab2,0,0
HXZ,2024Q1,174,2,490,7ef60f945b5673987fbb6344800c9837a9aaeab84c815b6f68b06cdf0308a3ed,a30c480efe8ff1f832d97b2d84e453e4c80375d8b294f47b6814c4b60760d420,0,0
IDO,2024Q2,24,2,514,6a9711b7e4ab70357a64be89946fcea1de91604ee4ae141f2021727b9e9b1a23,4a0d1f2d4740429874d10b5a906783244291a1a2eac73e10134afdc83ea52fe6,1,1
IDP,2024Q3,22,1,514,26b438d17d0f25bf157bb4c4ed48aee7d74c79bb23197b6badaf90755ddf8c88,bd5ae63a29890d42f6512a1e7fe6f694176d700f8f76ec36212249be32b87292,0,0
IDZ,2024Q3,15,2,516,4def9bddc2e0cd324477a2792e1a68c1e8f4ce896e0fd76bdf617b8e7b75129f,1cf4ded1e2124495c25c309eb3714cf42b81b2bc56bfd4ff86b6dc4b877335f6,1,1
IDZ,2024Q4,18,2,515,37fe56ce6a8ed8789fdb4311f1419d9a7301ed45033ed0bc38a9952ba0ce991b,9883f87d568e9a4db09797a452f3f74d8aa78b4164df07940ec6b4ab4fb4e67c,1,1
IDZ,2025Q4,31,2,523,e0e66081d54f2f759929f9c2e07277a0378e850676a85008e2b81371ed39a9ad,7e77037f462e8313288c74812759f042a6d7418e8cf3e173d6c132ad4295caa9,1,1
IEO,2024Q2,540,2,497,43515d5211e3e6bfa60eb2aed784f3b65c86350a849a1eeb42174b8cd5a599da,abf6d2582c62c057c8cb9d3aa746b8fdad1c6e212148aae1ae1c8cbc5963c410,0,0
IEO,2024Q4,568,1,496,77a1c695cb291f592581cce13493feb84a77dec855fa573854537335dd03f49c,0d1a6b8a2ef2278075ba133c100cf51faa01259bddcee3e206c4ac375dd49c09,0,0
IEO,2025Q2,594,1,497,fde95aa1efaa99c0b720abbab36c290ab1d00f20931394d8aece57aa2cfbb153,f871daf976560eb79e3ef5cb85b3d2d6a3d7697323456f5fb281da2a26de8a6d,1,0
IEO,2025Q3,612,1,499,a4bf5e8aa656ac9b14f7ca443cb05af4d042ffd21d556a184b61b4fe0db4e28e,df235a2a35d11ce8b44b487e0868f4ebc4beece51a61ab886ffa9c146b30d990,0,0
IFP,2025Q2,18,3,515,85f600d198c6cf270752ec3ba031f22c00242ebfa2ba6c0d73ad10721180b233,c1e88fac004b8a048aad8c78e54f825d16e24c6d310845240aaa0b4c06109e88,1,0
IKD,2024Q1,47,1,487,177cf2f6312f239ab3a3b4fead9da6339853823d2f1c57031df0ac5812db5789,99249405892de7687f34281cd2e00b38d3a7b0d4b394db13bd3a74597303eb5f,0,0
IKD,2024Q2,49,2,491,ef18f892a112b2a3c453302b07af11f38fd479b5097d16dcbf7b7090fd0c1283,33325e0da6147c38d5ed79787cca76e37a389225a560e3b0cb07b47ea4e72827,0,0
IKD,2025Q1,57,1,490,cefb883d77b4bdcc5b60305dcb5cb12e59b43ecef349188ad6e67755f5cf45df,4eca1e6c29a9ef0ef18bac5338972a30a2024c93ab0e76c6f6a929055f950bef,0,0
IKD,2025Q2,59,2,491,51e40eb51f2fe70be1cadaaabbf8079b79b3547a8e33ae84672e081ade97cc3a,4ceb84cd92cf74c2cf8f3e0e389f7ca33235990b60e382dbcec43e84ec544b50,0,1
IKD,2025Q3,67,3,492,540104546d914abb7eef34a21adb5dacdda3cfc9d378a77ba3fb05046ad46ab1,e8102ff7b03311699cc186bfdb706b2c5c814d3a949615c15d55478bdd43d1e3,0,0
IKD,2025Q4,84,2,494,f442c26c7843bfaacbaeafaba5ca443cc34ebcd1dd3f0a66711200f492d9dac7,bbea4cff0069371ca2737747489beca05f54a3e510d64d23d5ba2791548237f7,1,1
IKK,2024Q1,11,1,509,fd89c900d07402aa59e30a8db8704d6fa781a0ee62c904240c029baeb999e0f4,93a393f116ae4ccc41180f1438005ec6480e5bdfb687d2d3db92ce23d9d78ea6,0,0
IKN,2024Q2,11,1,511,ef1d40d470c5d206aabd4e86226585bc5b5e1415ec796bf1f72917d454695b0d,83032922b0a4e4a72f25138cb32888e92e34379360d8bac23225341e0df69cd5,0,0
IKN,2025Q4,12,1,521,7d6d263c79fdda4aeb756a2318b5e3aa1acae3c97f89b6f4892a753b000c7a69,f871daf976560eb79e3ef5cb85b3d2d6a3d7697323456f5fb281da2a26de8a6d,1,0
IKT,2024Q3,36,1,511,6db1abeb11643533b2c3b3ecb6ef2cf1451373945dd106f9fff26ff49a2da184,b33cc2be20ef231d730c6ffe3bb2941c968b6e8f730a7ee1af31fca48e52c9b6,0,0
IKX,2024Q1,93,1,494,675b846965d6f2c025c564346453ffde569e9b23878bb06ba4baf5d180c8ef55,71798fa4b4cabca6ba9d14739146ec22200e76b774043e4b21c6f2898827461b,0,0
IKX,2025Q1,100,1,499,417c2bac90cef8d752e7586ce083260712c375ab9e0bdf6b1f8ade2111bc2253,41cb6db6b4b81ec360579fad82e609926a78ade93b8600e1304acf0315616942,0,0
IKX,2025Q3,101,3,503,891b93194b5ce3c043c11611377ebaedc8219ccc5620e7e7e26fa1e7e4c722b6,1701e09646bf266791034018bc3d5a03582577880e2c002adfa74875ec3f481a,1,1
IKY,2024Q2,145,1,497,11a281429caad9f485b55f9d3e3c95ccb51d067de221aacfd6501c1fbbb8d13e,01f6a48e6f0b4e7c669299b5f4edfd85175208c46e67d96e8739233cc92876c2,0,0
IKY,2025Q1,574,1,497,19897f654365c580b2f2258910dae09e0dda3139cb1b1da2e921570a40c24bfd,221324166e41feb46e457f0490759eaa3aa9a12f6071baf143042e787b07d16c,0,1
IKY,2025Q3,604,2,501,a05649eeca38f3859dca35b88241ffcec43a1e0c29d6e73e0c0cc5c1e3c8f246,6b6b68b5b21e9721d97e160deaa8aad3c07e1454a1b93580feb3b21a82b9270c,0,0
IKY,2025Q4,611,4,504,eee63208fadb68a099f07c88838c95d1571f25c14a0d697bf3a8a1435a9e96eb,72d525168f48afa699cac4e0e877b5586cd63e09298481da33b07e8a236836ee,1,0
IKZ,2024Q1,93,1,480,f4ff60fc736d5df37e08d405d93ed3c58dc0a7681520327a3c3c8d9faeff2ff4,cbf325e6ecad18ca0b0672d34493bb0bbee886262e72839f027a5e948118f013,0,0
IKZ,2024Q2,96,1,484,95c18f6a56292bb7dc3e5a2a96a4e546a1927efe5853154e37f32a59c8abc878,d7ced7469b89f9f3cc125405d49139095c136e8f3a5966fe6b997aa2414e1364,0,0
IKZ,2025Q2,102,1,486,3ad88d9e571be5ff99d0f440d7e99e103866eadcdbea6ae664040c98d9b73304,26cf003c63d921055440ab26236e44982cf0d05a9106dbec56df5e72c168828a,0,0
ILH,2025Q4,12,1,527,72b76623eaf4d20a0c1e7f739a8f7aa7ab56091977b43430722c47bd6ef547bb,0e7ce2c55b01e28812e7fd0b7e7682c2f5cf97d5e220080ed0c6f04b26b18df1,0,0
ILI,2025Q3,3,1,527,694ddeef0e08344a1ee47582172c4ec0c9c581e1af1c3f6e27caad54b0efd5ad,0e7ce2c55b01e28812e7fd0b7e7682c2f5cf97d5e220080ed0c6f04b26b18df1,0,0
ILJ,2025Q3,87,1,507,ff8fb53d32c2ad113e7a83b93011800b56c0beee03391aa34b910e08a2f3e15b,29f7b955a4c736b904ab8119fce3db903fa9abdf1864956167a966f3d4aa12a8,0,0
ILK,2024Q1,5,4,513,b883aec4ac8f6e16fe58734436f93b51d5e00fe15d50559a35d1b1c757c24ad9,6b7692573e77d570d0711b3ebb0602656122546ba0303ca176d42177806b2a2c,1,1
ILK,2025Q2,26,1,517,c7ffcb7796d9ee0e1118b238257fee33020f4afa2a9e1237b1b5454fc9f45701,e54588853307d1ee93faf839437a12dcf0969d3478f0af08fc2731b59c196e87,0,0
ILO,2025Q1,82,1,502,58b52d828040c202816a82d010d485c58aeb11a3ad3eb3efff2cd02292bbc328,3697faf9942af42685fb3f815b16f9ce5d825777d0421210ec2e5cca8734bbdd,1,1
ILO,2025Q3,87,2,506,8e61d3a1b79f7afdcca68f032c239cc45e03b36925645c8feae50a916d5667d7,199247a0d883609c52d1d3b86716fdfdce14f24ff401e69c84e9a820fe39b20b,2,2
ILQ,2025Q3,326,2,499,2f66e9da1bd378c1c4a59e930124f9a4d080f8508b8f4a5865b2d3317ce7ef1d,1be5ed9e97c44156e3feb538b89947a57a013c6e2200313e18f5223edbbef7db,0,0
ILQ,2025Q4,380,3,502,b3f3d0bc0c8afcf498c0d79c57da9bc410d0d3d92819378ee173baa0f4cc05d1,d5d0b2bab76f7d85bbd0d47f164c74ddf8202a5440df673d07f5b3dde2234651,0,0
ILS,2025Q2,263,2,486,a2cb4508f0ae31221286aa331da65128fad7718c6e3d23b0adec02e0e6e50bf3,4d912d7ffe78958a5337f318e62a4caea650ea0e90460246573b1d780d5d4a97,0,0
ILX,2025Q3,1,2,528,f504ac10f4eecc846126174058dc4b07d41f646accba49f7d2c7422514695dd5,8d99a41c672fda1e37f52ed14345badbe8a892e8b94645f06e868b5a07a3c9d8,0,0
ILY,2024Q3,41,1,505,d40b7ffb019f76a5ad248c343074c008676203ce5bf44357a1d3542d9affc0d2,e545563b497023690c9b474b0e63e1a6ae16dc9d52f7ab31f156f6d4219b072d,1,1
ILY,2024Q4,44,1,505,25c810f2fdf05dba5896040c2e695a926e0f6ab7b10e9293eb4104ff5a08caa9,0ac4f2a3fdf592a8a70bb0776a0305651761f12777248c2b67d116667d9cc46a,0,0
ILY,2025Q1,53,3,504,1d84bbed5b0eee0342ce5c14534daf0b30efb4494fe7126bf058691c63f929db,c658546dea783b6ba221a5b8cbd0635c7f3589fb0490f713814e49a343c87217,0,0
ILY,2025Q2,57,2,503,392143f18612a7b406c323794f83c248835288cc44e5fdf07101ca7bf67fa09c,aa40d6d2ad0be521e26969375c645ace5e957bd36049832e7cbb34e76cb3c43b,0,0
ILY,2025Q4,63,5,509,6545e736a93be739b6f194e88eac41ee73260eff89824a0b2af2ed3007810108,f557dbcc8302556d39e39f3ac9677dde251d09b206a5a5a668fbf94f3411ec3c,0,2
IMA,2024Q1,3,1,515,855e0e817d6cfa529c33f8ad29e37a548e06b6e2631e8e7e7e103b49ea49be2c,56555c92e2b587cb6c0d02c35616350f4812e39e7557c764ab7e800f3b8cc8d1,0,0
IMC,2024Q1,9,2,511,f8d7506bb104153a3c143c82ea8733852e3239e61c281e29f85eadff59aa56e4,451ccc845432b67bb998c48b6d13471c707457f8cfcbb0cd57c19de1969fe88a,0,1
IMC,2025Q1,12,1,515,00e658f742d0ebd0e5cbeb893b5ab72ab53067375fd57c034f773e9c2171201d,e545563b497023690c9b474b0e63e1a6ae16dc9d52f7ab31f156f6d4219b072d,1,1
IMD,2024Q4,1490,1,444,22f0bb33295694173bb23fec0ca492f8ec4faf7a0c794cbf44803ee9b15460f0,51c1736269f3fc3956f415ff8ac449f3b8facec287918b631b30c61f99cba830,0,0
IMD,2025Q4,1561,1,453,f307c2d39950001969b9b6d8e1a2aedb1ed2ecdfb7b798bdec018499d5dd5535,8d679bc0fcab565c28f10b0b96de772fe7ec45d7979c51b1ece80a984650f2b2,0,0
IME,2024Q3,40,2,501,cb39293bec6124f9661f60490ff4265c98ad79cdf1bb82b0566534c062db5893,7863a3e62ce919bc5f2dab6fe9adca8bc26076e877ed1bad4f1c73a5f0d163dc,0,1
IME,2024Q4,43,3,500,9a463c29697a77d6fda129c92c6b3e0adaf73c112b2177e64834cad47c1b4ab0,d680f871786166b790133cdaf2beffd087cc7550e4d8325b966870dca86a678d,3,2
IME,2025Q3,50,2,502,79409723626dfdcbf65cfcf118f514c59cec84e075399a4aa1879dd6316668a9,65dc38ca3c022a70dc58215b3ac5e973dbc60970d046c75b2498bdaae0ba98a6,0,1
IME,2025Q4,52,2,505,2b8d5cc90814542c18723c5990f19db08534f4d8d47784972ac41e3f06702f5a,a7574d16f9961d481661fb297ba9cc14e9c22965819f4f18314fd391031d53e4,2,2
IMG,2024Q4,62,1,499,9d038a3d703fd813106706989fce70db10e3b283258b5955910cd043c00bf83f,0e7ce2c55b01e28812e7fd0b7e7682c2f5cf97d5e220080ed0c6f04b26b18df1,0,0
IMI,2025Q3,19,2,515,8471fc6c97719d756f708ed3c63b85fb6e2ffa1da9fdc896fe5d47421e89059a,a74869dfd3ddbff0884962e36dff9b335b051c667060cb10b36d4f41c35dab92,1,0
IMK,2025Q1,11,1,515,e4b814f670340c8b2be66800f42fbe2e62f2524ab779c4dd52c83b6d315620fb,3659cacab05527b55657926c7f6335720a935c7202daf914d7562dc0342d2acb,1,1
IMK,2025Q2,13,2,516,d866532c27019da7ed093326b8e3d65e7ab5895157f51736e3fd1d3478ec9ac5,26802e2cb70660586bc7f5aecdc06baf3ec202cc56d880aa085b7f8505b32701,1,1
IMP,2025Q2,58,1,504,6cea0969e6ee311111308eb1e8be3e81a298ef961b3755b3252843f63f320fcc,ed64a5a5322ce493860dd99ed952f99c5cc4857da12ed346aea053ed4a0e00c9,1,1
INE,2025Q2,1,2,524,f685ea8ca5a6bde56059d4437a8a795ef56fbd90e9e7affab40d731713f7a8c7,f95659dce8a0d690ffa38fc6aab6bf92bbed7c39642a076597dc57cd0c795c77,0,0
INK,2025Q4,773,3,503,4934e4af57be240483bacb946c6c949d33181968b2c32e3e1c4c6a8b64ad67c7,725deb4c7c856e40e8d34c51e953ecd5709f892ce32f1eab25c23be81045c401,1,1
INM,2024Q1,66,1,491,b3a0b7ecb2e0deebd5b9e100912b9378045e956f3ab4655640566e0945634d54,b514795fcb021b5d26c110b7507d228de6666fc736bde58e16aca507b2ea3979,0,0
INM,2025Q3,78,1,501,8f2b964055a8080984c47462a05e4497cbc2b609ef6ea7c9dcc6fcbf94f877c7,e510f67624be6d9dea806b0c95de75ae52b169ee40f216b47ba31236cecdba5f,0,0
INM,2025Q4,84,2,505,bace082fe1f5ff21f00e5db935fd17599eae411c77715ea781cb92d76a9b1c28,db93eccc7cce8d0f33764570f33e34294033d27c140220e8e999bac72a94c164,1,1
INN,2025Q4,204,3,504,e95d0f1f3d161a2c7775eb3fb67a6f7eb33ef403d7b883cb4d3f43e5bcea09c5,30ef83366f26f6156a37deda7b96b04f1346a7829a630003017a8f1f50f3c076,2,2
INO,2025Q1,205,1,496,ce01f6d162389b1afc82cce49f6c4f27df0bf9a1a3211306e505449c6e04a70d,69dd86f64a08232acded735e7334857c487cfa9769ea4444d703e11109018043,0,0
INP,2024Q3,6,1,517,e631ab927171934ec7d314d762cc1d1a1f943c557f3cbae0e9f0ddeea8ccd79c,598a368849023e0238de665cb5ad2506d41b4ec6497efa2fdb6b432b05bd9241,1,1
INQ,2025Q2,9,4,518,9b0e51aaf1fd1f1307019823e1720d8b9359f972616282de110d750eb835b4e7,57ece11b0cb7770e7f6b07176b0cd04558a87fe0d90bf3871cd5bd42bfb0bb58,0,0
INQ,2025Q4,11,2,522,7c0aedacf1e40a5a259db3b7bdc5e7af6f14986ded36667bc9d9ddc6b51fdd50,ae9ce2ce2df710dc0e9516f0b340d843df9274a66b54903ae5f8d7b0cb9d1c22,1,2
INX,2024Q1,98,1,481,82f471c9a3596f4d05b69d9d41094db72fa6788acc6e952990b8b6492a74044d,c6981b383d5d405d002d8a7883d4dd3fdbca3fbc2a7bd6b9e58e48ca0094d38c,1,0
INX,2024Q3,133,2,485,43b2a60f39ca018153fe74d83659a1fd75885b1373bdede09dd2cb667b95ebe4,5b4026e24c34733c3a3bf13d1d3bd02e4152b17f7ce9dc343326a8ae9b772890,1,1
IOD,2025Q3,2,1,524,46ee1c78f1fc99b632d5fbf445ae7c9597cfc5c18bc317e3f9f5e9aea1a42954,3659cacab05527b55657926c7f6335720a935c7202daf914d7562dc0342d2acb,1,1
IOL,2024Q4,18,2,513,971587dca6d84f3971191730861968fe49c1699b193deea60c78db64ea5abd76,a9947300da0ea2906ef72bf7a4a71f54bef3ea8cb7117f5343db32b0a79215c1,1,1
IOL,2025Q2,19,1,513,3685886ae95407e2abaeba5735e57beaa0097601205324c801a49fa4f14f2e2a,9a6a45463e157674e04c3b6a2b52396b512719b3b7769ab43cd964729525051f,0,0
ION,2025Q2,31,1,512,7172f688fe9d4baa3ef1afac7099670bf0ab618b003a6f7ace28a55d626ab0f8,3697faf9942af42685fb3f815b16f9ce5d825777d0421210ec2e5cca8734bbdd,1,1
IOQ,2024Q2,231,1,477,c459e1dd5c6073b9fa206b3bff90e11c37c3e1960561cc6fb2ea8aeebf45186b,f885143ba0762716c32b6bd040582c044dbe062280770a8d430846d040329d1c,0,0
IOQ,2024Q4,443,2,477,f7eb7b8d38afd1f891678af4f41b41afec1914904ea169ced80bd3f0ab081946,12c6cf604435a4b19f74c13803a5f083a7d75f3a695326e0a63b0f3e9a530d9b,0,0
IOQ,2025Q1,594,1,475,b837500c1b7c1fff55e7f6f44bc28b7bfc2efa3217be2d55df72bab3ef7cd5d3,acfb10ab27087d511617594e755f404bf01db800769a6fb9bf6b64a6eae4c863,0,0
IOQ,2025Q2,642,1,476,a56aff2a1cbd7fc2e659f94557642822372fe8649e2db9f3d1e2313dc3c83dd7,69c9b47649ef5fd9ebd2d096cf6ac8a423c34daacb3af8b0455b7a4d46370e03,1,1
IOQ,2025Q3,678,1,478,6a876e46dc5de9868e866d448e3c945d389f609f193ecb99656d11baf80eed8b,fdaad9580dfcec1acfc41367e03d8b8c22a0addbc4921a87777990153f78028c,0,1
IOQ,2025Q4,705,1,482,16fde2c2ef865df6047ca8998b3fbe70f048b5987d14d12bd9ec5e5d6ddd3b97,22d9d66ebc39a7263baf276b5cb64705d4faf13b49a11097f31eb82dd97bc4d4,0,0
IOR,2024Q3,404,1,457,17f0c3851c63f43fab9bcffc1ca4227d653da166e5d55be7f4e23bb54ddf1ac1,f4aca0645ae9b53723543edf7a32e2ce8639b3bde004d46afd03e272e392ca8b,1,1
IOR,2025Q1,495,1,457,fb422572f5c349f099bc3c8577e4c970933893852cc99fc300ea0bbca8eaa1da,ba07166769a3e3452c50870ce5d5ac2227dee54068e4f1be8bc354c881ba382f,0,0
IOR,2025Q3,580,1,461,e36d4dae6f718f1a402bcce374ec26b76a649dff4a2f2b38141fbbb74f893181,3505a09e641e891d63441edce657c8ffa3ca4fcfe450475d764e26edfe1c148d,0,0
IOR,2025Q4,611,2,465,0b307b07538f780f385762278f8fec80dc4b12c48b4908a971442299482e1dd1,edc366093f849c68fe1102387f81facf6f0eae5669e64164184b5b3462379d60,0,0
IPF,2024Q1,38,1,495,f0f46107de399e75d3e8f63b3253006a274857cad6a9e55d8f91338c58cf5d94,083821f12d7436845a7f874e2f134d5103a891c9516a746670881b21b9919c61,0,1
IPF,2024Q3,40,1,499,e0aa1aacc149197efcdaf8c6bc8749cf73dbe6426f2f75190f031d3bc19fe5ee,93a393f116ae4ccc41180f1438005ec6480e5bdfb687d2d3db92ce23d9d78ea6,0,0
IPF,2025Q2,44,1,501,d79ada0c703da799935a1c4b1a89796895ad371eee545eb77f35e56ca9d42754,e545563b497023690c9b474b0e63e1a6ae16dc9d52f7ab31f156f6d4219b072d,1,1
IPF,2025Q4,47,6,508,cbdd0e71bf18bce2a0a891be8898804010f6e110d48e79e5e680784819a8e126,5e01d42dfab7a818178e64ded050db79263bb3b7e0745e0c5f1a2b981a698576,1,3
IPL,2024Q4,22,2,507,2b4884614665a2249fc498daabb7bfebc9d5fa847a988f01e2a0f6e6f17e51a0,2d2abbfe20115ee6c477ca9f33748a1b80dca940bc01cc8fe697b5ba0395e8a1,0,0
IPL,2025Q4,25,2,515,851a5ac6b8b42fb6eed99a0444bb614b3926ca5c1822107c9dd5ccc258c42810,7208c7ed1f4ff4a4add13adfe870a892eeb73a2224696a10ea9dcad39b0e3ca1,1,1
IPR,2025Q2,26,1,515,57a10f37b74fe1acef34905edd4c2e0db79112a61c52a2f4e6d16d4e60c16c72,f624dcf018bd7117af2c0ef366f6025a434c1a89c33a122df101132ce5fe9074,1,1
IPR,2025Q3,27,5,517,c3723caf85f2797232ad0f5b6786e06c5c6ee3e30678ead94a920ff4065082f1,25bfdb00c02887a7e0f980bf03321d0869294179d8d6c82fb671a8b7479c4423,1,1
IPR,2025Q4,30,1,517,9907b4e11335ec477ded5e51a429fc693bb32fd57aabe69f548ca7f27f75c85c,e545563b497023690c9b474b0e63e1a6ae16dc9d52f7ab31f156f6d4219b072d,1,1
IPS,2024Q1,51,1,499,be56eaafe1c53d5093bd52f38ff3b89292ed48866cafc9ba6fdd50a4333a6c95,439fd981edb3e2f2627282b1b655676cc4176970a4c243218b851672060095be,0,0
IPS,2024Q3,54,1,503,bd7ea9a3ef983192b5d56caf4adff0356f0de3d0d2c0e9da938d6ad9ec7ecb36,e545563b497023690c9b474b0e63e1a6ae16dc9d52f7ab31f156f6d4219b072d,1,1
IPS,2025Q3,61,1,508,54cb44f316697051e77a7710107016b68341ab1753829e73e76ba8a9d1b637e4,22d9d66ebc39a7263baf276b5cb64705d4faf13b49a11097f31eb82dd97bc4d4,0,0
IQA,2024Q2,21,1,514,ba461967ab719b350628c5c88e9f3fdb82944ddc5eb66e7b970cd29c71552d6b,44ab243512ccb50b7dfc401cca629083ea5983ded422860562c56f0d25bb3cd0,0,0
IQA,2025Q2,23,2,516,1f9498bb4e12bed05f7f6bc0aac33c100a1b6412cd9dc8a1121eb124847e77b6,d876c34adbc63a3150a2068ce72362bf9f9a9cdd295522ba0193a69105dc8d71,0,0
IQA,2025Q4,24,2,522,e7dd440f0413ee42dd681e6113cad30b2657f17705600e8fc20d8f23caa96ea1,bfd601b0951f52764728cf599abb561e88f82832c5aa61e18fa852c361519646,1,0
IQG,2024Q4,11,1,513,434834d01491ed4b7635d766dea8665b546febc7b5f6e423b8b4c262583bd907,8891594f74b9cbbc02e7818fc9e2a5c538f57b26003debd82b38d053313caa7f,0,0
IQG,2025Q1,12,2,512,481c0c8cf45cf0a8950480d2c0cb25e490578252b47292a1fdcfec443bf496bd,36c9da82a28998e206b19c3ddd6259e7db5d4d4367f4eba5ae2d9d5fee3b1d2c,0,0
IQI,2025Q3,59,1,509,be7b70cde8dc33ce2979dcad89246e56ff50acb50e73dce92f88294fe6b9d976,cbdd00c08fcd013e55e94815c31b8e42f822f7d7d47f2836753892256c8267f9,0,0
IQI,2025Q4,60,1,513,31bdaf8aac237bbe51c23014395771609f180bf943e64a28fe6de337bc7f6fac,3d5b4c710d6c1ee6c24d7b1798abbf471196fca1ed5584de4f6f1d4fab26f02c,0,0
IQK,2024Q3,14,1,511,ff853aeae58bddf62763ae8cd57679024cdec8ef430e6651bc48b97e71c4e7ff,f624dcf018bd7117af2c0ef366f6025a434c1a89c33a122df101132ce5fe9074,1,1
IQK,2025Q3,17,1,516,b7dd9ed1f4eecc91ed700672a8258e2f4d3f54884c8b3988a19febd05d0ba3da,1ad7da01ad9afedca3ca06eca6f98a05415dcb6066060971d68b6929efd66ddc,0,0
IQK,2025Q4,19,4,520,319f72902d6f1b270936dc2a03f5ed181aeab3da9c89cdf8d558df7a6aa81bea,9a9f4c513e2f38deeccccfd33375a02a1886aefd7c0d981a6928ae0d58ff710f,1,1
IRP,2024Q3,4,1,518,a720deb25d7a62422869256e5be5efb7f70be6c237b6a78d4715bcf312add79e,ea55a2cb9f8bae3d4b3ffbae2fef3e2161f3f9786f5a96bee6a29ed99716b604,0,0
IRP,2024Q4,5,1,518,31675bd878c0080bfacde4145ab0474d28b9949448958962a3c6a4207e856e80,8eb538505fe52b9ff2b97d0624a82d31240b10806b73e71a11fb1029912bda5a,0,0
IRP,2025Q1,6,1,517,25d9bbac5ffef2b8c12ed6eb9396a6b02561d78f42c44de80134274e3cb45c0b,4fd491a5b3473c27bdbd1aac56d72b92ee105e6bfbdcd62a3745993504314863,0,0
IRP,2025Q3,14,1,521,db611687cfab393e434bbacbf41f5f5fa00aeba42301ddcff9b58edf7def992b,10660adffc097cdbe50eb0ff2a86476029e12b2b1665e45428c444244bc7da02,0,0
IRT,2025Q2,972,1,462,09994d84287a5be4390a5d17486a0e4d42a5e1f76a814284af794065a92526df,96a2ce8601b91337bc7ad5e29da42216f07936936e35f4eacbc78e4e22820714,0,0
IRT,2025Q3,997,1,464,5f4ea4ff466d2f227e78575248bd0d2dc2be48e4764422460c297427a6752143,25f0d7559708d1e6ebe4bfd5298533fda835220df2aa3ce035cc99770cfcc856,0,0
ISA,2024Q4,48,1,507,a2fadf69be6815bf912b7373165bc884b2cda580640255b0cf36e64834ee3556,3a0d2902e0066540daeaee58d179f3b1499b65a641946c73e7c81e8ecbf58268,0,0
ISA,2025Q3,55,1,511,92a2ce4e68d5e983eb41bede5e2ac3e54be48392b5424f0fc1714ac4144fbb1b,c6981b383d5d405d002d8a7883d4dd3fdbca3fbc2a7bd6b9e58e48ca0094d38c,0,0
ISD,2025Q3,6,3,525,8340b21756716befc3aff1053a00df736de241c13f8626dde9bc620aaa7ecf70,cd36652008d108588c4a3313ad9f2f4410724a4b41f57c5ee9eb5cd88b1acb36,0,0
ISH,2024Q2,36,2,505,ae4cb4a80806bdf1171e7deb8301071aa51fd9b7b2f2bab7ed74f2515a604b78,4e378da5d6522bafa0b38a333ccae8005c48d163e6bf3fa49bb0d4ef146ba0b4,1,2
ISH,2024Q4,39,1,504,fa606e859aae318f490264e95370f258c1eceebba47faf30ffcbe3d0f0b40c91,a882fec75e44bce5cdf8c7386ef1b398637f4a2814e9a701f6013dbcb950429b,0,0
ISH,2025Q4,40,2,513,6fc7961378f7b1cdd046a25d7ffd94855cff7634dc8047985a53c30c52007504,073bc015505164a7c655d1028550f4d9e44a109d6e0d4b59d9e4e237218919a3,2,2
ISN,2024Q1,11,1,513,ab80b8860a8ef4fe09a519772a08f2669ff8d33d6e5f790de9908309949ed6d3,f64e3b1eee968d15f60f8aa57bbd5be24cd0832b1f2851fcc70737e4c3b6d350,0,0
ISN,2024Q2,12,2,517,2e5fd1b68d71be822c7d6b07bb8a6e94c4c771de2688515b684634db2c3066dd,25637c4312ee07f99b6c77c76dc8330fa20219950c49411d0a8c3a8a6df805ae,1,1
ISN,2025Q4,14,1,526,13d9d77b1362a1c42522a4acd33e4ae9434736c017d1d16ad570f3caf4899aa0,57dc770617ff6777df87b210b8bb9f2b9314ad58ea38f8ccb79809f0ae688261,0,0
ISW,2024Q1,11,1,509,493efdaaedc4cf16855eac36a4dbe73fabc607c66552f2b6e22a3ff947019c03,e510f67624be6d9dea806b0c95de75ae52b169ee40f216b47ba31236cecdba5f,0,0
ISW,2024Q3,12,2,513,de8ab5517a0336431f63475e18e5e8fc76cc9390eaaf7e89102864da7088d059,69514febce7f73b7b600af45bde4ffc8fc0a33e43c31b1eabaef2fbec5973fa3,0,0
ISY,2024Q2,185,2,500,f67b08750beb50673ce35d74fae6af883a8dcc206341b576efd6bee5bf4073fb,4a52c0307201d1189f9b26e832b562874d353e67553961b32f960b8a8d0e1c80,0,1
ISY,2025Q1,198,2,499,966b51a48d04afd4763b3c10f1265ff5b37efed7e09a316269b90afb58213bc8,f48428175a1825dc39c6602ccb600045808709719221ce15e63869b13391a193,0,1
ISY,2025Q2,206,1,499,1391c0971df16730e13560b81fb915e24dc680c3b5b8e99adee34b183eca7676,3c2c8f27272d86f785621ccd22d2a9a52a7617c735c597280c1385583737b16d,0,0
ISY,2025Q3,212,1,501,4cf8c4aaf10b1b0bb600a91db8bd7072b3c3be536396e92194dbe6bc3665ca5b,4be456711aa1993110b2bbbe24949fd53f13ea70b3c57de714c0449c91b0ede0,0,0
ISY,2025Q4,219,1,505,042a24892d33858e2f63406e0b5017f4c64168eb7ed3e638966827612c6293b3,4fd491a5b3473c27bdbd1aac56d72b92ee105e6bfbdcd62a3745993504314863,0,0
ITG,2024Q4,28,1,508,c761c2918c9d2dc7463eaa2c905e24caa2b2fa1dbfb1f8b149909ec119d6fbfd,38c09c12833d504dfcc0dbdbb3d4ce61b2e921adf0cf8cc9e741a7704f3daf14,0,0
ITG,2025Q2,36,1,509,fc1399df657f73a83bd89a53d55edfae4d1e43713ef33137ff10cbc35c61369f,b20ee764f489d884be509f0ba55cd68810957330d112eeab8527a9893d9d46f6,0,0
ITH,2024Q2,7,2,516,37c6bcda31cbd7b772cfa6d23b8a9e9379b32462629e02b243fbd96fe14a4e2c,699ce2bd6cdd0faab34bea10c645cb1639ff050bf94e87b1ab397458befc5a1f,1,1
ITH,2024Q4,11,1,515,6964b5060131fed5417c62bea57cdc0e57b4c8e6dffc346a85a995ee30511d92,261efddb563af16eb9763793f4ef4a07ddf66db8bc9970df2550287de5d68413,1,1
ITI,2025Q2,1272,5,425,4938fa0688ea04c317d3397176fe9a8dd3571f62c7b03c950c937221a15df504,378f25278b7554384a3ea12b7a68c52a705becbf04d813530478324560a8b66b,1,1
ITI,2025Q4,1457,1,428,9a4ea5b4ec558b249cf4665220513ec1193f07019bd9f9c59ec788a7efa5da4c,23079ccf96ed11d094d335a48c0aa79c930c1115a85bfb39cee6df9e51a49922,0,0
ITJ,2024Q4,631,1,463,1990dda50dbb3f81f4c4b34f1018a631b6260c88b06c27f3173d9c3896847e86,b514795fcb021b5d26c110b7507d228de6666fc736bde58e16aca507b2ea3979,1,1
ITJ,2025Q1,651,1,462,a3acb06e93f030e3ea35d9590baef751e422cd0432c5fd475204b89517ca353d,586f1db6e208a8a5f825ec340ea7e33f4485d97dee1931e7f4189a193a36b870,1,0
ITJ,2025Q2,677,1,463,6aa4d21fc45cdfb7857a4aa33fd0161c95ed735ce7059cb84f58c34fa0d149d2,afb90d003b74f811c7fedf665c343770c530a7a854df4767ad8a68bd36258cf8,0,0
ITJ,2025Q3,697,7,465,1290864e9e20105b2cd68c38fdca479658100116d24e1221802c9df80a9d16c4,53604ccb88a1a058b3df1c7b3cf757ad653d43ec8fe120736b12f85c2a99604f,1,1
ITJ,2025Q4,754,1,463,db57af3d597f795befb4f8205211a0777c61842f6370ad0a690d6341d2a43d10,2347b5f9fc99fcb36264441f380dfa46acb748fa78699ca15936e1452d65ff8f,1,1
ITQ,2025Q3,334,1,499,07fefacb2967d10d6c258b05c22100a6802e7db1e0382636c9e72e0d188c4592,439fd981edb3e2f2627282b1b655676cc4176970a4c243218b851672060095be,0,0
ITW,2025Q4,13,2,526,5d6627f2a9e0f23e5dc27cb7e222e85c7e6975aed2c13019d6d29ff15ba4cf12,44f46ec9cffb7c7c06c1c44b7d4df20df9c3a21428d936fbed229739b1e636fa,1,1
ITX,2024Q2,878,4,412,d8397702f78f3cd528ec9459569f985ea7ea29ccbc162770c1710ac353be2a22,7e516aaeb81fc187c6eace347b94720748f8f6d01509c7eb026d5cc7038930dc,0,0
ITX,2024Q3,1170,6,408,fe25f2c97daa0bb2d6b9329ff1a9dd35c6dcd2c2490cfa144072c4f22a49cecd,6b02c06c5c8f5ccb049c0879c937a236e9a6a88cb8ad7c6eb381304683a1fcec,1,1
ITX,2024Q4,1331,3,403,267ac13dfd514246d1191fe8feb18efc38a6ce0bb6c9094a142cbe5e37c12537,fee5b341b75e428915e8ae1a754fd33dcf96ed9b2546410650fdc521c261d336,1,1
ITX,2025Q1,1594,5,400,84b848fe2df09a49f51dcafafae07873fa0017016151bb64db6537e04bc1750f,a1eddb040a7abf8fe045fd5c25a1d29beb3694a7df5593c684074ecaef504c2e,0,1
ITX,2025Q2,1755,9,397,1091f4bcfe2a72cfc4bc3401156097465f103b47ea88bf7e9360ddefb9f8f0f3,345cb8dc0424bbf48c96cf2a1bacae96536c6824871efadfbda3bf07cc49cf12,2,2
ITX,2025Q3,1886,4,391,170681345180d10921f74501940dd1e0933634c2a7354e7fd8a26bed0f2f780d,b21d03f6d3f4ae7e7b1a817d38b08726e4545be246e27a9b1773a6544c87723e,1,0
ITX,2025Q4,2032,5,392,90af6d59bb9e05d951bd211486384470d1e08d1e583d270056c3e8f025ef2c8c,c8b3de193c4110ec85488906150dd0ebaefb98f379041f6815073016949d8168,2,2
IWB,2025Q3,7,1,521,ab9112820f2ea2b1e310d91733724e2042f5e2090958726d872782097759a1ab,8d679bc0fcab565c28f10b0b96de772fe7ec45d7979c51b1ece80a984650f2b2,0,0
IWB,2025Q4,8,1,525,41059677906315e287a5b3b2bd6b31669574f996c14f7c23159aa74bd868625a,e23191cce8b013609a93fa6552ce263885ebb9abf128e2eab65b73c69de62b70,1,1
IWJ,2025Q1,31,1,501,aec79398a9e76185d3876aff295f8cc8ed1688db2fd800ae11ac8065bfd91687,e397784c48b2128e957f45ef79f152203f0e86f32f8c2cdf8b1db70cd42496a6,0,0
IWJ,2025Q3,49,9,505,952e8c23b951c9844f7590197f1a6a3a9104e86de7caf18d0f3cd7baae7424d3,9a3afb3383d3706204b2f4fbe7ff8d1f77bab55a89667781fa4d6e1a0ee39a83,0,0
IWJ,2025Q4,68,1,501,156a72bc3a90b60f05250a77e9b42519219edfd14f3924fb3051ddcebc61c261,6dbdffd7ae59a216b79d8f81925e4847ae6a185509c9bb40b39456307fcd0988,0,0
IXR,2024Q2,28,1,495,a620d6bec3c32aabc67f7475f00a4f033c5b9fc5c17c9759c07e086b63fa0311,ad7052ec84e1f757b5cab49a33ccb3272178401f45dd15fbc1d4d282a59355f8,0,0
IXY,2025Q1,8,1,518,43bbdc7b0971c2b3b23945a9e64bca2534538763675b81b4cfa9ceb48ac5bc79,98f1c238a31e109353c0882b5a6d7eefb6d99956068d1cc123233ca9077f8290,0,0
IYE,2024Q1,427,4,418,02269625c512d4c3b8418c46c3c782313f777c0e1c92abf880290422bc2c903d,9e99381703a6cb29d3e6e413d5aeb6869adce3f0ef3f2654e7f8d65f121c3e68,0,0
IYE,2024Q3,464,2,419,aeaf266f8881f0deaebc5d0cbdafddb0818bfad56b36121de4a235f6a9648e03,621d16b4527b8f430e82595232a6916fb5c28539911a3fde39b834b4baf07d6a,1,1
IYE,2025Q1,508,1,418,b42baf1482880cbc6934217bda79ec9b5f76c3e8021ebe1e71e45b7f9d13124d,2d8c4bc8e0af8fb3a940663d66cc04bd1fdde2e8630bf01e151b2c811c7687b0,0,0
IYE,2025Q2,543,2,419,e3f40f97da64e1b1c8c00bfc090eaa7467d5fcc5d530ab5dd5af36c6452d43ab,3a4e91e07b719f4246408e01b74981818fa3381f9ffcbddd8d1a6956cf809f18,0,0
IYE,2025Q3,578,5,420,3fb5580f190e579e37d9b0e66f5da9d1f22b7cd8de636b2ce7e3a88ee8409891,fdcde4a4c3dd206051a7fd54da2ec1d17d507875fe68eca0d111ebeacbf18c75,1,1
IYE,2025Q4,600,1,420,a8cdd55a6878cc287e0697d1dc8940f7e2184e014150d6883fcb98af2b5422b6,58e73335c65a59ae81a656926e74e7c60c8945265b2834d8dcbf75df3d39c4b7,0,0
IYN,2024Q3,876,2,430,5f502292c23f9dfbb7ab4e33af0f7a90b38d1e7a43703111910acf9144418578,26af7f567aec0781d403a48557a5ef0d411b715272f247ef1be3ad4ccb155f50,0,1
IYN,2024Q4,956,5,429,2842cc41b1a59397def0d92f04cfd25d343d06b408f91b87f0c1d416c0fc12a2,1d4c373659fd7cd50575d16bb8889d0b45afbffe242e4c7277be90b33f9bc28e,0,0
IYN,2025Q1,1020,1,424,19ca8851a91c95388f98a94572204e5047de207410ea2e1e71e8ae4d2f3c4211,41cb6db6b4b81ec360579fad82e609926a78ade93b8600e1304acf0315616942,0,0
IYN,2025Q2,1142,9,425,e20988686ae733802dd507527b3e52f806261e8b005963b59ad8fd90a87ed6e5,9b09d1064a4062a938641e805b1a24ec62699eea179b255b4bab7c147ebd6871,2,3
IYN,2025Q4,1466,6,424,e42cc48e1cadc9d2c5d68a646828e9025445430aef989c91bc561b9e82194bc4,74b928c484e6d37e24881f24d1982b72d5d14ce95b22a33b3cebad8d9bc0f2be,0,1
IYO,2024Q2,2806,1,420,d0552da7925e89327cd86e9ad47d18fe2ef564a1ade212ee6ee61af4a7bdc868,bd5e0d9e5e0c86c06405edec7f5733c7e376cffb565e8e451deab572dd69ab54,0,0
IYO,2024Q3,2979,3,419,eebd740e77ebe952092520dc042a47be2b342c4deb5f77ee5831a2cdf1303770,ee8fdd62f159d03888462f20c36904cd903579f17e92b680a69dd377120a4c2d,0,0
IYO,2024Q4,3144,3,417,a1d7608b7d47a8005898b97a00ab8ad8be21c8d744e6df1ba072a5ca1fe6c398,4dce696dac3ff865843dd4ee53917090ce256125a7e2a1ef9f24161aee7b91ef,1,0
IYO,2025Q1,3330,2,414,f1c792b3c9bbfd1d1cf4ee4ba55d7285968e2aa4cbd5a52fc4228121b0c0d4c9,7f793d189fb8c4130e3321dd6d4ffdc68083d63629bc7cab29084c2d40c7dbf7,1,0
IYO,2025Q2,3493,3,414,8b03d94283ade7ecb47015cc9ee569df158865101bda264a58b4f7af1f9321d0,fd66ac50788e2f9a5a3437a77b96fd48ead491afcef9fb5d5c4766cbe47db584,2,1
IYO,2025Q3,3637,1,414,6c601a6015dc6bcf787d797a39c7d3ca5b4945844d715c12834b64e5a6a8e5b9,2016e878be78b562f4943d83ee6837f0d5a22fc203196280a7911ae4080d9d26,0,0
IYO,2025Q4,3739,5,418,bcc723007ee7a728e3c96f2abdf0de74ec6272af51c140f02b85479f9e911cf1,35c37ea93512c214e5dc191ac3bad157af760bb44ebb8590e601ac951d5ea210,1,1
IYT,2025Q4,3,1,529,3535eff81ce2ddc99104af6680827c18608a669db8da9542a524e876947b0598,686329709ef6adbcc4f170d624c63f598b8433b6cdaf6ccc35d29db2c38da55f,0,0
IZD,2024Q1,14,1,509,8fcd5a12678a8aed8dbf30fe1ea1a01519ae6f8366c4341089625439e75fb34f,e545563b497023690c9b474b0e63e1a6ae16dc9d52f7ab31f156f6d4219b072d,1,1
IZD,2024Q4,19,1,514,62bc1fa3f39b064daffea65ddd7000915379d3d45feb160a3383bdc951ad526c,9d719d1cdbc908ba883aa70ec59fbd8787a726e21be1af5f66db51fb99b155a5,0,0
IZD,2025Q1,21,1,513,6745d15774421b7463c64244c4d044cb3285eecf48f6272920c2790f96ab3d65,261efddb563af16eb9763793f4ef4a07ddf66db8bc9970df2550287de5d68413,1,1
IZD,2025Q3,28,1,517,5a729a6ccb5b7dbe1bbb7b14b8663adba876f8cf3cd39fbb457c5b9fd898acc4,9e75bf69254d8b404ffd8b80b234080c041ac1baf09ee4fd2dba2b6153117564,0,0
IZH,2024Q1,67,1,487,ea30ec52e252e8017972c890ae55d92b7181e20c96fd369060f5a5ceebe04c37,3659cacab05527b55657926c7f6335720a935c7202daf914d7562dc0342d2acb,1,1
IZH,2024Q3,70,1,491,5f2bcafa449532dbb962b850c969420ed57fc70bdb930708d143be7b33d0b0fa,38c09c12833d504dfcc0dbdbb3d4ce61b2e921adf0cf8cc9e741a7704f3daf14,0,0
IZH,2025Q4,80,2,501,84b6aa1dea94420908d3ff6e8dec24c33ec3a7fc6cc153bee7dd15aee5de9d9f,c3984a038b604b1f603b0c9c99c0503c706bd1b3cf564af21a13bc8a6e093d67,0,0
IZI,2024Q1,1542,4,447,a4100714eca4510d5d4d8b199502256c44d1cccd56112a3a40d0dd0ea5ca3ad8,34e439cfbcac2b35f9117c2be222e890235653c9266fbd4c8fbc8f3c41c652bb,1,1
IZI,2024Q2,1983,3,448,665bb8a677c665f50465e190e8dc94709a4e55a5c315b09f31441f0a66377281,b8eb0ba274376bff5aabb44123697484ada5d7e95091b13901e3153a1914fc7a,0,0
IZI,2024Q4,2495,3,446,b591d5180b42fbd316fadfccbe4015c8ea798309b0cc49bf74b7f0f5dc98fe95,c338d8f325a23988061c905dcd92b4b95b578cd8671d861508a287927e7503f2,1,2
IZI,2025Q1,2874,2,443,583cc7f18d563f6d40cdf87802de82d880089bc3941aa1a840ce820a2262d1b1,00b75bd2769caa66fcc4afacf85a35683a763701a80dcda3aab3dbde9e9c1d26,0,0
IZI,2025Q2,3221,3,443,6b9eb98e247e6b834c689fde790d8bb01c69d957610edfadf423af7428c69592,74e240fd9203404b35bd166e84abbb5c9e1c28e3fe543726525395652371b725,0,0
IZI,2025Q3,3720,5,443,f2ed56d4dc67c27fecd86ddeb48b39145f5738b568a2c4a308f234072dd332b7,9ec165e270d6c143b8ebcb671c86217081f9634fdf94b7ef632bd955d10f5236,1,2
IZI,2025Q4,4390,3,443,a54001d785f45f951e9adb72d99daa94c829ac44aaacda86cf2d79e7ddcc8076,aef6c456a696fa8c938de89490bd4f94c49f20b33fae5ed5d31a2f8bdb99b30b,2,0
IZL,2024Q1,244,2,439,f18e2bf4202022a51b8adb416908e2d7d042e65ef00582f98327db487c22c8f9,d97a81ea218ca5c94cdaa9acdb25d608c97cbe8e211ff6c4c2cb35a2e8aaded0,1,0
IZL,2024Q2,255,4,442,f0a611220d2e12552283c90e1d41adaf8259b154f2ec095bb90bcb6b9e8886b6,d7dcbbd2b52f328d4b28577c4e0f2721ca695cec3ceb0c53d89d9402015c0492,1,1
IZL,2025Q2,290,1,441,a9e55560630acba65b280f853d53a651220f002c312ae441c0ddf1e05757d787,1ad7da01ad9afedca3ca06eca6f98a05415dcb6066060971d68b6929efd66ddc,0,1
IZL,2025Q4,302,1,448,8cc3ef4380d381cf73f2ee0625afe2a83d33dbccf8eafbfa5a984aeafdc6ef7c,69dd86f64a08232acded735e7334857c487cfa9769ea4444d703e11109018043,0,0
IZQ,2024Q1,76,1,473,131e497f83814cfe7e84f3605120dc2c20bab502707be8a3636360a938f66077,df5e39abd233744eb5fa0c62cf6e0fe96bfd6ac6c1d70ad818c2ce959db12196,0,0
IZQ,2024Q2,79,2,477,0f2ef3f38a85a094ac67ffb341812a5f340bb969f964b1d9cb7c99828f499cda,b652571e14c04e008d3b6b8887c6d0e7e1ddec64eeac4439f84270d6dc51ebc9,1,0
IZQ,2024Q3,84,1,475,86536d7200559ed9d7c0f00fa7b6b55ee556ab66ae1792513ce5da966ec5692d,59b5b0ae7d1fc2a634132930f488576d94a386df805610c17e9247e6d22ff913,0,0
IZQ,2024Q4,89,1,475,f451a36e8cd2651b802d82c5fa59f26f6599458296f4736e3d65e4b90393c2d2,78588844fb69b74f1209d40b7f50d3297af0be523f8c9d7bc5361d5a428bb89e,0,0
IZQ,2025Q4,116,1,484,964c220a7167f574d01e1a9b2a0cae655d98e3fae232c089eb5b2eab1a976452,c40b1c5676925657145ed816dfe78048de0e4e71d68b9535fc4da2f237454a0f,0,0
IZZ,2024Q1,7,2,508,7b73a65a480d9d2cc480bfde07fca6aac05452cb5374e099139b8613a2d5790b,4ede7f757975773832a4defb5851398cb6ee0512c6a23adca12db7de62705e34,0,0
IZZ,2025Q4,9,1,522,0a9893aacdb55f537496b8b72719aececa055233dbc12634fa1b65ce8a784226,6e09471d01d382b76e1a78471c1cbdc849d6995b18bbf3a1d1031f289eb059eb,0,0
JAA,2024Q4,215,2,435,6ccb64501c56ddf1c6228a5d8076e63c9bbfdceab35fe1a69cce55842415fea5,6e294d2f60f7202708e805ac174481e420ffee461b14c79d2a000a15d024dc1f,0,1
JAA,2025Q1,223,1,433,bde72963a9342994d22747235810a20c9eb5f7b95a272af10003bb70151c09c4,a093845d5517acb7a88eff5230333e0f2dd8eb4e416de915230d8a22e2a3bd81,0,0
JAA,2025Q2,231,1,434,7ccc321904a920a1d40dbee15d6ac726c56313a6802b5399942099d09303fc00,80f7027d6c0b934a23f107e75772120bce88a283eb07f573081b1536419bf092,0,0
JAA,2025Q3,238,2,436,08b3a864903c5e7f52bb601f7519195e9925310415d28a63ffb2926a95dc4e08,f46d73be044b86a038b5bcbf55a4ed07e7213061243274010682ab99cc57b101,2,1
JAC,2024Q2,4,1,517,ef78f2b9ddd942378c81f2bf5e2883a2041f3c4a684388985b1546ef011aefb0,d0925ed7e7326fd1da0599f4480b6028be72c31955c5064207f11ff98d94efab,0,1
JAC,2024Q4,5,2,517,8bd9f9afee1c95676cfce86d43e4116c30bc8eab4ce5a3d697560ba87a22f185,e6b873ea7b35f9aafbfa98709bf4016fa3dfcf954556e5d25d66f5f68328e172,2,2
JAC,2025Q3,6,1,520,414cfaa7df0b9bcdc196e76ea2857ea3009d7af652883bbf82f9b24d26297823,3697faf9942af42685fb3f815b16f9ce5d825777d0421210ec2e5cca8734bbdd,1,1
JAD,2024Q1,16,1,505,55387fd39c4d1e06bd91051be34d383402e1bc6e42cc5cc550020bd41f2f7c96,f624dcf018bd7117af2c0ef366f6025a434c1a89c33a122df101132ce5fe9074,0,1
JAD,2024Q2,19,1,509,a6d40266b6f39bbac40265f5b10e2457ec89ef1a4038d02181b3fa3f290905ab,e545563b497023690c9b474b0e63e1a6ae16dc9d52f7ab31f156f6d4219b072d,1,1
JAD,2025Q4,21,1,519,ccef58a3432f10e0f4fa62e74d2be4a8af0925508ef00e5639170ad9fc038ec4,2021bfcf916adca8c3c724e44ef0de9873a3b8b8f9d00974868d55254e755982,1,1
JAK,2024Q1,1179,1,357,1b34c92268b3095e5cd9bddec0644267a5d1f90ec1be53924bfe6711c1f85ae5,06dfaddc2baf64285e44a89644c3767ba922b3106dcd1505f299920714a743ff,0,0
JAK,2024Q3,1290,1,361,c68b5cfc1f0b4039da8d344034a91dd7c92e0ab287b35d000d52e2963b8daf10,4febbc3d54fa42cab28ad75da965d3b824b5252a22e5053a704ba1b0b2032cfa,0,0
JAK,2025Q1,1391,1,361,a33f35e507c9a07337bc78f96ae4084934c78ab1ba90c6e9c3fe23587e292265,5e677bf316e9bd8cd9e20507efd3b1fc6f6a69d1d6d24d21beeaa8795d57031b,0,0
JAK,2025Q2,1456,5,362,a86ea01f6b166e1154431872ccb59f12fd3f0878e369147feff4f46fa736c312,5be8dd80ff006463fb2f96775c7366237605ac8f8143c3d5508105ec3c93687b,0,0
JAK,2025Q4,1555,2,365,88de16362d9f72a60b1cc539d0ee46e3345b951a0be725fdb2858d72594de03e,bae4cb3dc9d33e7baa05a3385d1ed5b80b2298effe78b39ff0d8393ce1432f1c,0,0
JAQ,2024Q3,29,1,495,265a12d5248b1f6d1c467b0a15c59c176027a2997c9f1740e86c59e09851031f,3697faf9942af42685fb3f815b16f9ce5d825777d0421210ec2e5cca8734bbdd,1,1
JAY,2024Q1,90,1,480,4f1d20ea128337493c458a7e09ce1631165b3485aa2299a5adb78693ed255f8e,fdaad9580dfcec1acfc41367e03d8b8c22a0addbc4921a87777990153f78028c,1,1
JAY,2024Q2,92,1,484,3901a0e0c7544188a8882ca716cbb58ad101778532d34235c29c8e3ec6f26bcc,0e7ce2c55b01e28812e7fd0b7e7682c2f5cf97d5e220080ed0c6f04b26b18df1,1,1
JAY,2025Q2,96,1,486,5ba78b10e205c7a72fb146cb304563cbf3b773af6aaf13cfd3995ac05e3d2374,191abb451fc1a7fd9475e2b550d1238aba07bb1bb20bbdb1f1add006625fb9be,0,0
JAY,2025Q3,100,1,488,d4e140df88cc533c571ea10262a43995565d2e4ea2223fc724a8ae104aa721cf,083821f12d7436845a7f874e2f134d5103a891c9516a746670881b21b9919c61,1,1
JBP,2025Q4,92,1,528,b7e2c61b206195124507f2ab528f574a9cac6abbcae60308e949d7a9fdac6e02,9559394944156fb2a0c90f41e331d152be56122dfcc492384b2e1292f0e74ae7,0,0
JCC,2025Q2,1,1,524,e6a534d6d1e71c22a0502614de5bd9ed330b18903e2e4b70b2bf32b189914708,0bb688aed515c2b6cd52e03e025db2798f43fdfc02a1d8a98e4a2f3c293ce710,0,0
JCF,2024Q1,45,1,507,86a77f7ff1efbdec975f83f02b20ec2334dba2e48c9877465a2c6ce889431b83,38808ac949eca13262bb87853dc93864bb63cb2bcf583c6b7b2a4c12d9463cdf,0,0
JCF,2025Q2,119,1,514,524b4c3ef181b78854515b08b84914a4c9f40a8ebd19d4c3f7207eb9bcbd03fd,6169d3221e26a426569dbfebe1ec08134a26edca5069087ab63cbc31688707be,0,0
JCF,2025Q3,153,2,516,899356d3e95ac79c13b0b8f56f20b9ac6b6256f3d4d1842bfba92c2fc54f597d,81e42fe1c10df6acc598a9aa86365c75072a1f8d97a4a93ddd4255500e615e1a,1,0
JCF,2025Q4,185,2,519,480619e06484775e1c7a118ad689941b8ec61ec390f0c02e8f2c9153c9c21feb,bc8aca9fb0baeba2e82f7841b85ec98b47d45d5689018b8fafb63ba41b72dd56,1,0
JCT,2024Q3,546,2,448,51dd5fed05e95d8620ccb80e0873e05f58ae74d63557a1b4d85eae01da3c2944,40ec1f5578f5fa18176873607da2f4998dc5b1fefe11e2cbc3c452d1522240c5,0,0
JCT,2025Q1,579,1,447,262a442a971ff0b5d57aa85624317a17cd7a3010c3075d978e4577d76603b64c,118c3868357412e35adc0a781ba0d2850d1f6ee12b138466bd9c9988ed432606,0,0
JCT,2025Q4,618,1,456,c75a48322c4faa291f0c354c34313c532cd227b07453b0b0f608d181098d2e45,0e7ce2c55b01e28812e7fd0b7e7682c2f5cf97d5e220080ed0c6f04b26b18df1,1,1
JCW,2024Q1,52,3,493,b2bfef6bf80f0ab7ab3ffa6c0dd64e2bd4486d66aefcc64d3918adc354cc7f7d,49ff799d900efed0bdc06ec3a7414940c42bacbb0d023e744cac9b68729bc821,1,1
JCW,2024Q3,66,1,495,a6fe5fd67e71c7aabe97d269b7589966832c77fcd105d7245e45d09a82cf0a24,a882fec75e44bce5cdf8c7386ef1b398637f4a2814e9a701f6013dbcb950429b,0,0
JCW,2024Q4,71,8,495,d2c467f6e39a9d1c76aaf9477c855005d268d945127be6babaf80d6435a3836a,89aa6cf05c3452bad6a2f65dd5c137f5775ae07a3cb3e82806075396a6252bd3,2,2
JCW,2025Q1,312,5,487,0a2b9baab2c134b5e9b1a32a0af71d61e02c7ec1f4838bd3a905a080037370c6,57db15b90fd98a0a13a14a95c0e51d40061756977523c91fa0b3f5e7ca008a23,0,0
JCW,2025Q2,723,1,484,d0da7ef49c23e89b3cd6e9ebba5a1ccf1f9192fa472929dcd8991aeac3954a02,a5b4864803fb4abf683e57d5f47cb371966044d4ab4e4bd93785848c339ba6f8,0,1
JCW,2025Q3,1168,2,486,84625c3c5629993b3579d1743b47b9f7adce17b8d8c606ea9e40fa25347c18c0,f2e9ecc8091f7090c9dfe009fe8f89b21e367c945b056ca9264186c594693b75,0,0
JCW,2025Q4,1551,2,489,8f85e7fe0fc5499935d9036cf38b33eb298082704f8fc0a93283943a643d35bd,82066607729562226e4c01f7b798f42ede1882406007bfa47f706973bf2b6bdb,0,0
JCX,2024Q1,850,3,418,d9c6d158379f45c28b880fff4fd23398352282c88c0cc56ce5cc9b876823a89e,40693414c683d8f8113209cbb6ffe53192d26ba06a6f7b53f4fa19781cea9a20,0,0
JCX,2024Q2,866,1,420,abd9153ba4ab0ede57a9ec96f8d0b59f025a2ed3fa4bc29d0fc6504d1b546e6d,fa004cc648fbc48aa07924ff3e5b332da3f3c2d020ecc8908e765f1ca14d4cc0,0,0
JCX,2024Q3,898,2,419,bcdae702a982469e8f1425bbfc19ada2e35702464517948dde98862bf51b32dd,8c3c3ded2861f911f57839eaad6090cebc43396e84bfaefd2f7438e3fdb07336,0,1
JCX,2024Q4,910,1,418,955e17a7a17bc11e0c4bd55a0a7bcf088341dea2c324e0a83232b3b0663c7e8a,06ffafe2347c3a89f0bf26e1657b8d45c014e9f95a710e5bf5b17ea7045b3deb,0,0
JCX,2025Q2,967,2,419,a3edfec893e11a9730c34622df54a518054063ed141a4efaa3a254653ff4ad9b,5bbb3e03b648c55b50a7e1752cabc424135da6d43858a8bda03396543407ab8a,1,0
JCX,2025Q3,978,1,420,a29ad4d5203c5c72d63e7af63a19e0bab3494c2d237077a79989b5e918076348,9286e08ac8761711571ad7131ef071479dee1fcc52ee5415d2d094ec5edea10f,0,0
JDB,2024Q2,181,1,496,240d0b9080b4b68720de9d3c371ddd5e98b8a2a3408fde4826289eb43f31ddbb,191c83ef3b46c3098e66e64b58c90f27a6ad43e7d675c97e8e54a1581c102456,1,0
JDB,2025Q2,338,1,498,ad3d4e52320a78ed853bd64f92cab101ea6cdf5f36af82ed1364bd7d1f273a9b,e23191cce8b013609a93fa6552ce263885ebb9abf128e2eab65b73c69de62b70,1,1
JDC,2024Q1,842,3,462,7dab1b610e31ced5fed204c9fb233e645589029b613dc5609f03e0ba127ecec3,0f48268c95fa652fe79a59f676cb6d926a811346a5b5273747a94984b427eff6,0,1
JDC,2024Q3,927,2,464,7c96889276496a9d2c580c15d0320dd77bc05edb745240f18604387449bd03fa,74a320f39ff331ca7777bd5ec3785996d12d99a439f3feb1f857f10378fc2aff,1,0
JDC,2025Q3,1134,1,468,977ecdc9d99bded49ab47fa8aca5113f7ae65ef73f3db1e4f9ffcf5a059f0508,c849a1040b95a6faa45f13604f00877f36ff022fd3d9012fe0b5761ebb135740,0,0
JDC,2025Q4,1192,1,472,e05329cf2196f5f88935d48f8c5a4a889ed053eb9df3e1dc6f2d2fb5486dba36,93e87a7dd2a819a544c8710d3aa40c4f7019ea995f5b83b82c8e4bcf1e4217be,0,0
JDD,2025Q1,7,1,520,5366df3bbf8f503147236adadf43f954cff32ae2403f0d941e5610191c601c8e,261efddb563af16eb9763793f4ef4a07ddf66db8bc9970df2550287de5d68413,1,1
JDG,2024Q1,3760,1,433,c1c71d5f9ad3fd44be067c90452815974321432eaa1ecdd46f941237f419c841,c0ce6b17804c03aca92edcc5c606c2d17ca10b7ec73a76931630c292c27d9b97,0,0
JDG,2025Q1,4060,1,438,47cfcb4b879c42085833948b33b79557a357bf85a07726918e7f56a56d9e2236,91fbbba68d1dc574e38e2504c6295d5ec4e351769b3b84903e42fb39f9ea99f0,0,0
JDI,2025Q3,20882,1,394,456b6a1ee9198c60237777fac87552f5df4db55c52ac902bfccb4a369116a0a0,72f69ee9e5cf9108f868966bfba9ee450cd827ef6e28e359bbd03f57fa808f18,0,0
JDJ,2025Q2,71,1,516,3be9b8ed5ac44e3250ca4b0432b350b2d0f533410e31ec12393d70bd95fa3704,2010e567f94a181179e0179a332e12ee13a037ab198b6cc0fd2ffa92d5eba2a3,0,0
JDL,2024Q1,383,1,482,2dac780379d2140dfc1d2cbfc707aec9d3035aacb4d412d4e0ed79923e60c644,7630b16496d2b4322edfd5e2d73fa6c8fb078371ccca4c05fce93049bf6271e5,0,1
JDL,2024Q2,391,1,486,417f2f6d2e5cb1f024fdc9dfd2da965e5d6c5b08185e9b9bd11171ca906dcdd5,3659cacab05527b55657926c7f6335720a935c7202daf914d7562dc0342d2acb,1,1
JDL,2024Q4,405,1,486,875a912c71df43492051efd91e1e98c9436032618e37b3527640feebd85df710,5338543772ade0aa7a3069871ceae2352c232ad0bb9be2de182b283eea63c1b1,0,0
JDN,2024Q4,38,1,509,c39dbadc91b95d5f3e4adb4eb1d5b4036b94970f2b2ea4119e08f5e83a99061a,3ae3d218a8eac87e03237fdc4a88f599903d51d06327066df9cbee60a7635f5b,0,0
JDO,2025Q2,49,1,511,3d4dbfebea9222cf1d0944ec6f1f6f130496b0426d41a40ae5db0e28d59045f0,d0925ed7e7326fd1da0599f4480b6028be72c31955c5064207f11ff98d94efab,1,1
JDP,2024Q1,274,1,503,419f89601c7377d5d28765ab7a000f2e148a23dad4f2382abc6e72952213824d,e545563b497023690c9b474b0e63e1a6ae16dc9d52f7ab31f156f6d4219b072d,1,1
JDP,2025Q2,312,1,510,39f65e304aba2958f2daf8069f90844b07020d7048d7f6f8e525f323f2b97796,f624dcf018bd7117af2c0ef366f6025a434c1a89c33a122df101132ce5fe9074,0,1
JDQ,2024Q1,656,3,466,9ca90187be9ecb2f7bf14106add173fd45f76d6b19b21a17cdea486898623e32,1b644731d83986b84b09d4ee74b3ba6bdb218af283d060d5adbe2a5d3a049bac,1,1
JDQ,2024Q3,697,2,468,260bd078a4dd2297fe3693fa1f63b5acc8ab1b0a522c897a2a68c38ca956bbd0,5d339c0153be4d0d63bd7cf321f9e1d24b15aea439a2f5a6b93b69b79cd6add6,0,0
JDR,2024Q1,1063,2,440,c7fd36cc29a7618d6399a9a8a0385c8887b8d89f1a44e5ecbb7f628dec379e04,92a2e7d101319afb571ee09e9b5d0d75f8223d1ce14fe2c0dd3b7f806aae4fd5,2,0
JDR,2024Q3,1170,1,443,85005ae0458579ac0e1dc5068e41303be08fdfdc909d4d5b77314063dda5bb76,d7ec104e208aa981741ae1bc9bc2671e6c3a75f583887f14c33a0b2f8dc6c686,1,0
JDR,2025Q3,1380,1,448,d1050dbe458d02fb004f79d079dac4f20b6b948dfb627d1f58e73a5b165ce81f,95b327c9e953fd3fe62f2415a7e93ba14d48a5ff796400a19e1ac07c809b7b8c,0,0
JDR,2025Q4,1540,1,452,d30dfb5fdf7c4063c24f18fb93fd563fa8a6cb0a0be64202e174d4fb92fadb2f,38c09c12833d504dfcc0dbdbb3d4ce61b2e921adf0cf8cc9e741a7704f3daf14,1,1
JDS,2024Q2,2807,1,439,cdffcb0f835b4101fbc98dc07505a551e0c6b0c4281225066fdaddfcd911c3ba,5fe5bd762629a8a9cb381c223e50c4a8e1fe61ff295966be187691694764725e,1,0
JDS,2025Q1,3175,2,439,ad1aba12997bf514e4bcdf2855133b92f6cc1eed3620a8fe87f08830c04e66f3,4ae3411624169e42440294381856b201487fa987ac05b0354d16666cdfb43130,0,0
JDS,2025Q2,3308,2,439,42d1d55c29899eba5d3cc86a179ba3c2b656204028b3ff31baa6af54efd90db4,5f3f236c911d950c0b7a9808ddaf5442fdf160abbe2d4b2c45f4921cae94395d,0,0
JDW,2024Q2,1365,3,474,8a3dcaaf74cdd5df9fda6e1dc412fd9e96e8d25cc6cedd6fa0af9be2ac12036f,596cea45dcff50d961ae4c2e90863ce81f9b37d968f23adf6103561d9da49612,0,0
JDW,2024Q4,1397,1,472,43fbd448d34f2448b2acb3043507be5d3fe61ff818f0dec96a129c85a37ae510,3659cacab05527b55657926c7f6335720a935c7202daf914d7562dc0342d2acb,1,1
JDX,2025Q2,77,1,509,c9e075fac1d803c726da27a0e15b5463234eda9c3c6f3e07dcf5fc3dfe81cafb,02ad19e02b6a592bed107641074346b1095288f4fb750cc8abb06d89e93a0ce5,0,0
JDX,2025Q4,80,1,516,ac815dec3207fd2008955c8c4c129ca8276b8a324a9457a69efc430aa12ebe5f,a6a0ebc661bdca78ef039a803c3c305d0bcf29af1f78f1fe07b6f7690d5a7573,0,0
JDY,2025Q2,6,1,521,9074017ea54e4c00dca208b58447ca3492eab5c6c92396c262903b9affc9f675,9559394944156fb2a0c90f41e331d152be56122dfcc492384b2e1292f0e74ae7,0,0
JDZ,2024Q3,381,1,484,8478d59691bea61bd93b039a93811801e678c67c2d39fd7da9f4bef1ff86a79e,3697faf9942af42685fb3f815b16f9ce5d825777d0421210ec2e5cca8734bbdd,0,1
JDZ,2025Q3,410,1,489,1a20777f88a5f802bcd5b0acbaab15c39f2c2524b121848f4551d506bc0cc319,2d49936df8df24249d54b6b70f6d21da05d979c1e1957fd00a90ac51a7782a27,0,0
JEA,2025Q4,270,2,471,cbd2e2818847e0345bea3d014f24c1dd599fea89d4ae8cd791cb273a31b677f6,0323b2071037689ecab0ee31e3788428bc9f8668455d2b57ba3356ff0fe557b3,1,1
JEC,2024Q2,40,2,507,14b0fad79a59711b0d1d3a7899f1fbd57d338e3fee89721105351bb008f7f3ad,fd6223e9d3733cfe32f2ac40126df99a4b62f365208c29d85c60a4329a86b27f,0,0
JEC,2025Q4,43,1,516,fd46927ced0794ff0006c1804b4247e18748a24848538fc54d0549aa3c2c56f2,083821f12d7436845a7f874e2f134d5103a891c9516a746670881b21b9919c61,1,1
JEH,2024Q3,5,1,521,32995fbeb90730f12f24e210cdd92a5441f7962d4c1ed36385ef6e3137b6b756,fa004cc648fbc48aa07924ff3e5b332da3f3c2d020ecc8908e765f1ca14d4cc0,0,0
JEQ,2024Q2,2689,1,426,9eff4a3cc1c89008e15deb1edd4b0ee314a7a302a1ef218992c1e5dc52a87108,083821f12d7436845a7f874e2f134d5103a891c9516a746670881b21b9919c61,1,1
JEQ,2025Q2,3227,1,428,01fdd8a98ab5e54fd7adecc8df037cd88edcfdf10b7f86941c1d19d9515db73e,b1aaeba3e13fd0f9982c21d9f72fc11cc917413556eb3f9b99545abdb115bbec,0,0
JES,2025Q1,133,1,496,92c29731ffdacf79f73f23f37ffc01470267010e8fe03c2d345a0d75f59e5e03,80f7027d6c0b934a23f107e75772120bce88a283eb07f573081b1536419bf092,0,0
JES,2025Q4,135,1,505,709520933f9e63f25c1263fedbd5a80cc7d90e91203be1f68fb81e8c3b0f6706,598a368849023e0238de665cb5ad2506d41b4ec6497efa2fdb6b432b05bd9241,1,1
JET,2024Q1,58,1,513,4fb016c4d97853d16052b9a2508ca6c067038a1ae17daddc0e4fc2e3510fabb6,fdaad9580dfcec1acfc41367e03d8b8c22a0addbc4921a87777990153f78028c,1,1
JET,2025Q1,70,1,518,fcae15f971cd8c4815c7710aa0c4a44d2064c9b29c85b3cb684bf63aede26923,69c9b47649ef5fd9ebd2d096cf6ac8a423c34daacb3af8b0455b7a4d46370e03,1,1
JEY,2024Q3,2776,2,449,2aa4c346232574dbc6084a099b02d3a5451c9909dde284f0dad7162a146dede4,2f39841c7facc1ce5ad42142731a2f7573efd97f285f905bdf870b217d16e8f2,1,0
JEY,2025Q2,3395,1,450,a430ad4c8b00ffe83e592ae73c7d25f88f43e3a9bdb839f7fe9cea1f87bbc2c6,7a2a05473476825de12af07ae117776e044f9050da35889a8d0dac5c70eba73f,0,0
JEY,2025Q3,3601,1,452,651bbd449aa91ebc05705e1942c502ae3e2ced9b6e2097e8b58d6ab5492676ff,41cb6db6b4b81ec360579fad82e609926a78ade93b8600e1304acf0315616942,0,0
JFB,2025Q2,4,1,522,2a371868c527b318c22f2fe58656011457675dd99ed5d113490f5cf2bd175e2a,a221944324d4dbab1046b19d5cad57619f9900d32cef7a6adb1b377a3a0ff59e,0,0
JFJ,2024Q3,2,1,520,fd1e2efe57f20543573e176c9e5a99ac5d7673b7591b7996965f9907c9d48c22,6832e84ec787bb1b9b0587e8cfde91de6beea69890cacd7e948dd0bead445a21,1,0
JFJ,2025Q1,3,1,520,ae508f3335a9a22a0b1546b6fc39bddb75c5e0313a2cbd83e9f8752a4452b800,8891594f74b9cbbc02e7818fc9e2a5c538f57b26003debd82b38d053313caa7f,0,0
JFM,2025Q4,3,2,532,52f695569b0aabe9345a40d33d7def817310d22e446e86577a69231cb4639150,22dcaf128c3778dcce13582552a38a1fe3afd28b61154ed879ddc653720e21eb,2,1
JFP,2025Q2,31,3,517,264d4743ce1f10905b9e9fe1566249a696c600c3022f3617478f4cdcfa43b43e,869a5c833d2964c6bdffd485cfcbfc966b829468284a1ab0e09eb2d25094426c,1,0
JFP,2025Q4,60,2,522,1861cf4f542e50262ad4536312ef9c13de93a1ee858a3933035c0775df0eba86,0c0771b34d46824e4b1da11e664c88a67491a68c35adaca04d56362815547333,0,0
JFT,2024Q4,26,1,517,29b39bf6d635d0e0fc81fe72706d955237114c46388a6bfe0558e13151d1d251,c5f1bdea4b936530e6d08a46848374a4e328fd17c67662f67ce7ed7f65217cef,1,0
JFT,2025Q2,28,1,518,6e3bf78c44ff53b52d897a004dbc827b220211e48f1579b8100b24a1e35171d2,f624dcf018bd7117af2c0ef366f6025a434c1a89c33a122df101132ce5fe9074,0,0
JFT,2025Q3,31,2,520,a492a2822fac48f218263b80f88165c0362abcfc63002fb377181c2868b69f25,3348cf74549182ab6e5b8ca43fb7dd547cb7253db5f1b93d1642dd8e801a1e09,2,0
JFY,2024Q1,192,1,504,2e8852d703a41aadd6404d54ade70257a0944bb9297bbe094ece274d1092e138,fa004cc648fbc48aa07924ff3e5b332da3f3c2d020ecc8908e765f1ca14d4cc0,0,0
JFY,2025Q1,226,1,509,412c46cafd063f32bed3590d3348b51b88710a09f7063380093b56f20a21a50f,e23191cce8b013609a93fa6552ce263885ebb9abf128e2eab65b73c69de62b70,1,1
JGQ,2024Q1,14,1,512,60a36296506b03c0e5dfa7d46519539c0b0cfca9053566d84f95e891888f0180,f624dcf018bd7117af2c0ef366f6025a434c1a89c33a122df101132ce5fe9074,0,0
JGQ,2024Q2,17,1,516,fc9259124bd623631bdaee2ad06ed2aab52940d8fda567a0d252301294b950f9,f871daf976560eb79e3ef5cb85b3d2d6a3d7697323456f5fb281da2a26de8a6d,0,0
JGQ,2024Q3,20,1,515,84417badf5a00f90ea67a70e11dfefe010a35c36809ebb4ef78452f79a0b071a,8ee4768ca710711739fe0eb1350f14ebdec2c21c30e21ae2e0e2adc52fbe7172,0,0
JGQ,2024Q4,23,1,515,24b1e717bb6d9ea7a6eddfb0eb5bfc30cf9e5daca1643cb495edfa0f6b619078,c5f1bdea4b936530e6d08a46848374a4e328fd17c67662f67ce7ed7f65217cef,0,0
JGS,2024Q1,443,1,494,1690025fa73b52c0fd192d555f2aa6016c90303d00fd0a7b94f0a08aa35c9b2b,10660adffc097cdbe50eb0ff2a86476029e12b2b1665e45428c444244bc7da02,0,0
JGS,2025Q4,585,1,509,596122add1a039ae4a7b25ea9732b37197ea83c9f5143c33a17fe71e6e353f61,df235a2a35d11ce8b44b487e0868f4ebc4beece51a61ab886ffa9c146b30d990,0,0
JHI,2024Q3,1214,2,506,376de4fe926756f1c7b957332a300298697716a24968999d64ece80a5547eefe,55ca24b9410ddfd8c3c28d4374ad6de40dd46530d783d4cd2d1ad5c6e728a11c,1,1
JHI,2025Q2,1459,1,507,1bd655274ee0c0d42fad704d7a683d798ea2bad71941d4ad2ed8487bfd291fcb,2021bfcf916adca8c3c724e44ef0de9873a3b8b8f9d00974868d55254e755982,0,1
JHR,2025Q1,7,1,520,53789b3421b8250505229df8f82f97ea2066faef0932489ca19da3f26534c659,f871daf976560eb79e3ef5cb85b3d2d6a3d7697323456f5fb281da2a26de8a6d,1,1
JHS,2024Q1,38,1,509,289deeea814ee7f737b7b4fe499b0d157da189d62d4fe83734598258c850c11a,f624dcf018bd7117af2c0ef366f6025a434c1a89c33a122df101132ce5fe9074,0,1
JHS,2024Q4,49,1,514,947caeac5ad14ede63559d0f2ee88d2a51662d81f4225dbec7de45df8ea5abe0,3697faf9942af42685fb3f815b16f9ce5d825777d0421210ec2e5cca8734bbdd,1,1
JHS,2025Q1,52,1,513,5bd520e80bf3cdb5e6cd812062e66e74bdf371a239a313acd00064f6cc6587ff,598a368849023e0238de665cb5ad2506d41b4ec6497efa2fdb6b432b05bd9241,1,1
JHW,2024Q2,1,1,521,c0eebc6fc42c7055735ec9db86981e9d60ed2579ec9a1bf700ed48e34fb0dc89,84fd7a95f5415de561b15080617ec65d60ff3ce1263df7f0e3559d0d33b22326,0,0
JID,2024Q4,98,1,517,48acc4f2bb3c7fd8a0c155e1546bc302258a7c75e26c8d564f8d7ed953a2f1af,6832e84ec787bb1b9b0587e8cfde91de6beea69890cacd7e948dd0bead445a21,1,0
JIF,2025Q1,10,2,520,ae508f3335a9a22a0b1546b6fc39bddb75c5e0313a2cbd83e9f8752a4452b800,324c9a97911484d82fd199cc9b17991267c987cf563d25d59195d2908b66c40b,2,0
JIF,2025Q4,14,1,528,27969bb147a007136465ea020ced4c37a21dfed4855c4bf61f2b9d188f85198d,cee2fbb31d973fe5bc1cf5f4ebbb6b5126e1b492e2078948bd234028395af8a0,0,0
JIH,2024Q1,1,1,516,35409fef0791b385851e5e07d7985a042e796bdc68f1c6873b9d792a4a50467b,6832e84ec787bb1b9b0587e8cfde91de6beea69890cacd7e948dd0bead445a21,1,1
JIH,2025Q3,2,2,526,22cfa67808b9a509ba559d4b2d56fc3513577c031181cf6fa69523a924c752db,fa6a88c60eebfb62f70a6b33615cf02675d26cc4d25f44f90e60ebc70381f83a,1,1
JIL,2024Q1,131,2,495,6014ea38b3be0b38c985b3bd6d2a9188cc13170103555d967ca147494a1f0a75,b1d3031d1056cfed0718f4f4bb82293f0fa6d35d950ec1ee1cc8ec436be3162f,1,0
JIO,2025Q2,1,1,524,c7b14a698c5547ec7ab224e53c5407ca72c303fec0de9647900cf54775c09bac,83032922b0a4e4a72f25138cb32888e92e34379360d8bac23225341e0df69cd5,1,0
JIQ,2024Q2,1,1,521,108eb0479ce99b80c662026127ba3f0e3274c8308b8f9b4bbb4811bae7a9b8a8,6832e84ec787bb1b9b0587e8cfde91de6beea69890cacd7e948dd0bead445a21,1,1
JIQ,2024Q3,2,1,520,51ce90c19f744cf69b03595ec99350ffee3fc14f3f9cc5d7982baa17286983fa,f871daf976560eb79e3ef5cb85b3d2d6a3d7697323456f5fb281da2a26de8a6d,1,1
JIQ,2025Q1,4,1,520,bb4354a07156598ea90d6d7bdc43f8c9969475da40b8524f4d6eb78ce6feaf11,6b0f3b31667aa0f2ccdd5aa7d49159d1336831bf28e225872c7d04de70e5d886,0,0
JIQ,2025Q2,7,2,521,4ac87fa9142de70207182c634b4d0cf3f4bf7ebb3555d9c95308bda3be42b9a0,11310aa80a4a8a4c02d344fde045a5d26bc65908df6247096982c5daf050d48b,1,0
JIQ,2025Q4,9,1,527,c78447757686a886f935bf0c4c4f2f6b5194721ca659b550c1f3540d427d00be,5e800d40783d3edae9ddf1f0c212b347b2c6e2e9b641fe20f371488817be4eb3,1,0
JIS,2024Q1,13,1,512,a8f7f6a3101e49a5e2993293247da4ad904103c1655fa86c4cdcd7aa0d5ae238,5fd09d1b78591e13ebddc2a8e95189433e215d44d0347594d994d099496e9ac9,1,0
JIX,2025Q1,82,1,514,d18a778168999e89a79b5d78b26d6437592a5a37b210539936686c8e6994bcbe,5e800d40783d3edae9ddf1f0c212b347b2c6e2e9b641fe20f371488817be4eb3,1,0
JIX,2025Q4,96,2,523,2b639e59b296980d9b0b3085c0a1d44fb08375ea8a6993a6642864b0c6604c13,e74092780576858cafd44a332858b7d7dc94815865f990ef16e784872f6bb540,1,0
JIY,2024Q1,14,1,510,8b06c193c43d6a254a1006731f637c8b7380570ebda03450852832ff526a80ac,f7848ab76911cac9cc11e32e69e46a2c026eb3f848c91a2af9b7795ab56d794d,0,0
JIY,2024Q2,16,1,514,2b26278eac379eff77f00384c1f5753a6e771b81c4c2289db70dae8baab7a815,f624dcf018bd7117af2c0ef366f6025a434c1a89c33a122df101132ce5fe9074,0,1
JIY,2025Q4,25,2,524,169d8d5a316d8b7475464318d3f51af10672147feade9f78acf8459e43c8c9e8,cecddbab7279b67794345e1dc8672b8d23a56d857af32dd9e269b022f1342f55,1,0
JJE,2024Q1,19635,1,357,79fe14651facff2466d42f532c504d26783b74d852cd43408f6b220c7aa07775,df235a2a35d11ce8b44b487e0868f4ebc4beece51a61ab886ffa9c146b30d990,0,0
JJE,2024Q2,20621,3,361,f26d5e93266433e598d7fc2f3902ad72c4a9e997e39385a2559471aa455742b6,17dab11cc3a46a635befa7db28653b41615ffa651fec9e3a423dc544eac3b2a7,0,0
JJE,2024Q3,21604,1,358,a13f7ed1e63101074d00a2acd82c6557f3b9cf5ea550facb59b5b2a40786b326,91fbbba68d1dc574e38e2504c6295d5ec4e351769b3b84903e42fb39f9ea99f0,0,0
JJE,2024Q4,22695,3,358,e68a337c44263d2c7b62950beb669e7f809c0d6a6dc5ea6717963406da0bb0c3,ec131c82a98c71d4615a289a5ba90e692d7974baabcd175fcd9df26c3f77bb31,0,0
JJE,2025Q1,23856,1,355,9ca35d4eb4db7cbfe7cf4511419c4925187f8624448a900fbba6022cdfb7d9b8,a093845d5517acb7a88eff5230333e0f2dd8eb4e416de915230d8a22e2a3bd81,0,0
JJE,2025Q2,24956,5,356,49ca05b7d98862cf6f0697c9acbaad1f6ed0154e0a2b7c60303707d2322a2fc8,f358a7f9c884f06e5064367aa6c13762a4d2b1c3c63b29c65cdcac33b51d2320,1,0
JJE,2025Q3,26046,1,354,37a4f6ad11d5ef1afe7844f1ad2cdb291f91c3435164bf5ea159bd612b30d7b6,cdcece2f507718407efc5c773444b3c59fe1bd4cf15bedb5c272b578de949d4d,0,0
JJE,2025Q4,27161,2,358,d0acff57599de912ff687062db66e93c99e8fe621afc42e8021b62efeaf97d1d,b2ab6bed41d9662225dff62b5eb97a8dc57727a8ad06f989a3fcdf4652526fd1,1,0
JJG,2024Q1,107,1,497,06ed5d4c7a7075d54067fc6b520ac961302d07639138ac4d481673d8485aeb92,f6ea20f4c59b44d31466efe57e6156625cde1b3bda9d22cbcf687086f2337bcd,0,0
JJG,2024Q2,108,1,501,966bc74c7d499b3f98b6cdfef1db02f0e2c4b62a6733a857798bc3611b788d08,4e9806520a6dcd53f7f4edf4e52d8e8c92333ff197cb93ec1019a6feaf3d3a79,0,0
JJH,2024Q1,97,1,489,d6154ae79b404a50434a4a150a36ba3003a0b0df64841de3f7222138a225e36b,e2a47f2925b3633c7fc5691215f86e5db80caca4f33f7a3d28c39b927de799b7,0,0
JJH,2024Q2,102,3,493,6ce0ff46523cf4fe707ffa81879ea8c6614e5c89886e696fb382c89f0c6f22e6,9dae7ee66f1b961c0af1b6ea95acf278c10404edb070833c7c8ab9c508edd701,0,0
JJH,2024Q3,106,1,490,d9fe0db499f6f076cacf5a36ff380126746125cac7f18011c15c7b5d30e09949,13588939e0f4bfa86f69c73f2a18dc25c75d5fc78346fe663b84e917dbf8dd9d,0,0
JJH,2025Q3,123,3,495,00d43546e24ef411137736f8f4549b45c538f4bdb3a48a78ad1bb22426ea4574,f0e20c1048b4688f733734e526c280c60124c81c5a0b0818cfb29e97f741aa75,0,0
JJH,2025Q4,131,3,497,3c3b12fbec55661f75fa90ff541f857a5247fbad279aa5fde0223a17c0019fc2,6bba63d191f90686b1f51a8d88b95df5f094302c25af4b2096a1df839f097092,0,0
JJX,2024Q1,248,1,499,ae6db3116fb0307e1ace4b7a606e2e7218183e4084064a17a931ad18b64ac495,44ab243512ccb50b7dfc401cca629083ea5983ded422860562c56f0d25bb3cd0,0,0
JJY,2025Q1,14,1,518,47ecf18e294bd102427e2a050bc0cfa264593eb37eda46807a35fd727bbb72b6,e23191cce8b013609a93fa6552ce263885ebb9abf128e2eab65b73c69de62b70,0,1
JKA,2024Q2,22867,3,330,48efa57aae772e9daf3714c4d405804ccbf57b067ce846c948294fb7183cebe1,98b3e5397125870d29b345d796651b2b2553b45e3649a0bb2c565d1203ad15e6,1,0
JKA,2024Q4,25112,3,328,315d1a99745f58241441be1c2ca23a5d9837ead2117c886645c1958acca5ff96,d28332b4b95f636a88fc57ad9e4c3536ddfaeb3269501c0d5f364153266dbeb3,2,0
JKA,2025Q1,26238,1,325,b4ae9348fc6ce59522e8bfcc2053a217e8087684197fdee13f450a51dfc28d1d,d7ced7469b89f9f3cc125405d49139095c136e8f3a5966fe6b997aa2414e1364,1,0
JKA,2025Q2,27543,4,326,201c0dfa9e67fc29c5e49d82fd7b9da90efc125170ff2bc3f7f35b4e63a22245,a939a9588e6b013d64e531bc33c484e87d2db8b3f3780670051be556fc8a1218,0,1
JKA,2025Q3,28923,2,325,6dd2f8c4a6b8c4ad250aa3430c47ca6a2927fa9915b68d2f192b02bc678c546d,0e369193613b5bd426e14e28e7858d60d4369545336520133597c628ef073e41,0,0
JKA,2025Q4,30617,5,328,29fb325a24ac8e903a1af96bd68368d58cc8dbe65b11d0947e0ef3cb9ac2688d,a8ae2c429d1c6259c55f05792e37233c2de209a9e528dc09d569be91739e266c,0,2
JKC,2025Q2,10,1,520,74665d5168f66258004bec69940f1a152c7df0eef37f4c57469ec98510a5be38,6832e84ec787bb1b9b0587e8cfde91de6beea69890cacd7e948dd0bead445a21,1,0
JKC,2025Q4,14,1,527,f650a8272645700d506a56cb4fdfed7d3ebe6a17cd166ad467e554d009f7db99,8ee4768ca710711739fe0eb1350f14ebdec2c21c30e21ae2e0e2adc52fbe7172,1,1
JKD,2025Q3,3,5,526,b6324bb89ef1b2bf3af21ab223ce69d0892a0b1f0d87f7bb78d373e430b13211,892a654606e226ecb92f6793eb218827d8dbe1eda86b6c66e90c2f0144211d3a,5,1
JKR,2025Q4,14,1,529,2ca39c61cd2c5ed7456b5f39e55b74a7da7b13a3435c575a046cd15cb77d4ff2,c5f1bdea4b936530e6d08a46848374a4e328fd17c67662f67ce7ed7f65217cef,1,0
JLW,2025Q1,975,2,502,93a5c534869d1b77c75dbd45a44e9546297e63d5c78ed5234f371b5bebb5a186,b78c55203b8126eb72d255af6878f8f75f1d47fb09f791de9ff9420a76d0ca7f,1,0
JMG,2024Q4,35,1,514,0add7fa5e75f2f48da952ea83e70e9d4b7435cc962cd1667444062ac3105e150,f871daf976560eb79e3ef5cb85b3d2d6a3d7697323456f5fb281da2a26de8a6d,1,0
JMG,2025Q1,36,1,513,aaab3c9120fad154ef70e9f125be04091a71060104c09851576f85f81b95e0fe,f624dcf018bd7117af2c0ef366f6025a434c1a89c33a122df101132ce5fe9074,0,1
JMM,2024Q2,3,1,518,b4f93a4ef31c779daf3fdb8a0a606f54dd54f67c48d7da90da0e76a52e80a930,c5f1bdea4b936530e6d08a46848374a4e328fd17c67662f67ce7ed7f65217cef,1,0
JOH,2024Q1,5716,4,345,4f65c2398d8e0005c13118fa9b2824d2561bcae1b2295ef2375ce9518fdd8429,77165608d7762b94c7f6890db3f167d459c0504586f76a286e33d0ec64135be4,1,0
JOH,2024Q2,5959,3,346,76fe112530561dce25df0fb58e453a07876f6090d43e5989f17f808d7dbdc14f,897c24f03cb22bb0e737a5fb584740ecbbd6d127aa91644e437430bc6dcc5bde,1,0
JOH,2024Q3,6263,3,343,4ff4b50e3205a6cbdb78ad768b964c0b4fec244fe7cc7e40aaea274eddb5e451,b46bbb2039796eaee86c9eaca26fba4bad293b4ce9ec3a3a938ce7121eda958a,1,1
JOH,2024Q4,6540,2,341,c8b80284e175ce12b6be458bdb05c2abb700b7a606dbf5e409185c0c7301856b,06fb0d1cb1bf687a83ad712e448c5f576b0e3bc7aa4c37d69281ae0f14c8f02b,1,0
JOH,2025Q1,6819,1,339,6d63f90980c71083d252d542542b5f94a5dfb4b61f0e7f66195aab26da552b9b,2010e567f94a181179e0179a332e12ee13a037ab198b6cc0fd2ffa92d5eba2a3,0,0
JOH,2025Q2,7156,4,340,79769e086dea782711052028c31bfd581c56f7e988888432cd0ff0167eda232d,d641ceffd46355b944331e7661a361f0194d599794d2669a669104c484f26455,0,0
JOH,2025Q4,7605,1,344,1178fe7db047d8c8f8bec33cedd8a2fc5bedc40b45900f100dafecfafd94818c,d782bb7473be55ba5c5459e0a7d1d0ef9c048810cc4660cb074bc8d1cbf0c771,1,0
JOJ,2024Q2,117,1,477,05b8e07845b259549bce8b028d6684f0395c88af8e88238398fa91960a37295f,20b55df4920ce2e4d50f52af88c9fb96254d96d058c414f391278206a37fa665,0,1
JOJ,2025Q2,133,1,479,277f2dd85d94b29969753e9f331f91a91d00c7e49cbe1c86bf3ba31d7be99d6c,a45a4d8ca8f3f66cfe922287ca79f1444322afd4d71aba862038704c11a2aa0a,0,0
JOJ,2025Q4,139,1,486,5e7d2f97c268eaf8d4faafc76532da835496f027f3394a1344a6247c3e07346a,c0ce6b17804c03aca92edcc5c606c2d17ca10b7ec73a76931630c292c27d9b97,0,0
JOL,2024Q2,1381,1,447,9cbf7a2bc3718fb16ee1befce0db02e9a205d10735e0b6f195a59a4701474250,06ffafe2347c3a89f0bf26e1657b8d45c014e9f95a710e5bf5b17ea7045b3deb,1,1
JOL,2024Q3,1433,1,446,397c73057b62edf35c48855af7b9789cae6e14751063219450541584f361d108,3ddbeef7ce1f51f1f2fc3eab964d6343c6608bff620d4eb49138e1a1bfaf81b0,1,0
JOL,2024Q4,1522,3,446,2108c84fc10f5e1f862e7c750b574ce1e872548a6d439fd43f0242a9963a4fea,2a261938826371c3e0b82ce0d87af11a6b69315e154a2c8328e9e2b08a8a27e3,1,2
JOL,2025Q2,1680,2,445,184ace1c709eaf4d57360730a4f07ef4adbb6673d3fefdced7badc1022bfd716,8e860fda5b156734826452657a4f37d6d05d4f68d4f4106b49dbfefdf03b5619,1,1
JOP,2025Q2,7,3,518,0b76f3db4870513efc5550b0826a2206dbd4c53a171621db92eb46dc4ddc3f7f,53df7dd1c9a61256876abe29a1400fee7c5be9916d84aabac8c85d36fe684122,1,1
JOQ,2024Q2,25,1,509,94f542fe4925c7b91396fc98579eaf26873a69d432cb8dad5a473af7e94c861f,1a799f91e80489f19f12e5f18a5b3fec090c14d22b5ff66251cf34f781101b7d,0,0
JOQ,2025Q2,31,2,511,85d30bcb3f2c7bc9b128a02f6adff6f92c3eb26bc57a8eb2d7176af9c4a93ad2,1c36e3b39048175ffe4b5939a4d2feb857bd6261218a91962f75c851bf35795c,0,0
JOQ,2025Q3,33,1,512,7e5d2004fb5fe729701f7ddb211f3c91f56e454bd41138df903829351bab98f7,f8b5a1f732d1fa106c665d1f896ee50369aa4f2a5fa606e80c4ab6f3fad43ec6,0,0
JOS,2025Q3,56,1,503,88152b750e530d44de5d1dad310b4f134e640f121eb65e8065058a8bc4530d75,221324166e41feb46e457f0490759eaa3aa9a12f6071baf143042e787b07d16c,0,1
JOW,2024Q2,272,1,462,08b2c31c5a87468c95865586ea29308e75bd99d2ca60c9ce4c6c8f9acaef1035,6e09471d01d382b76e1a78471c1cbdc849d6995b18bbf3a1d1031f289eb059eb,0,0
JOW,2024Q3,286,1,461,767940d6663064f466f4f50e0402c1342cb8f47db52d64c58f95e3b53e866d31,14106d8b6470256ec2dce3e232a3f560def6e98351d8ea55e687e644acff23bc,0,0
JOW,2025Q1,300,2,461,34e2c6bb9ba3ccbfca69af055096c25b23b2a230584519de90da93f80ed5f21f,a5b021744888a49d0adc3769f1e1dd8db54331a5b771fab069b48389a0cc60cb,0,0
JOW,2025Q4,315,1,469,4d2a286165281f771038801142f94c5b7a0d613f28d7996553913bb466ead97a,221324166e41feb46e457f0490759eaa3aa9a12f6071baf143042e787b07d16c,0,1
JOX,2024Q2,83,1,515,8b46ec4548cce53fa3d3db54608561d56e28e1dbfcf0ddbe9a6eec4589a80f28,ac7f1e728789774064460738975f157889c8ba1ae094065abf368853cff930b2,0,0
JOY,2024Q4,9,1,519,a81f3fea3a8caa98028b45c2e596d996da6bc841087bdfe03be926d779822da1,e545563b497023690c9b474b0e63e1a6ae16dc9d52f7ab31f156f6d4219b072d,1,1
JPA,2025Q2,78,4,496,568eb8ab40e4a2151988d0881c1b7bdeb7da965a0716fa46ec4cca14fb46830a,ba6b9d021f465d5e9454643eb39a8581c528e7f2aabae8c7b53b9ce843fc6d29,1,0
JPA,2025Q4,83,4,500,613b6a4cd8b3906ec8a1b4b9f7936ed4b00b1b97f060c48408a8516d163b97c7,71f0edafcc762f0478c924f85fca9d5cdddb3ed59e719fecd55b0ece161fdbec,1,0
JQB,2024Q4,1,1,522,27d943fef91f4a1f51d1b7cbbe16785b8bfa3fc055bfcf1f3abb20375887fa91,0ff25e7a663ac5de6078c298b325256a8c68a51b21eb3248d83748127cece7db,0,1
JQC,2024Q1,17,2,498,a291fcebfa7cbd4da11fb732053534be1631c498ac561ca929120a021cf8daae,13d044311164fb13102b04967ad641a318eab4064a596ad937cbe00c171c18f3,0,0
JQC,2025Q1,19,2,502,de46a00f9aa2ab2f91bce43478915af8abc24a3f71f8471d857984d4ca8e67d7,a150345b3aa3af9278cac86b0084d3b139c8f7341afa1b3e43478505d5942bd3,0,0
JQC,2025Q4,24,3,510,846728cebd33a8426634c7e34c0565aaef01383df49de15e2719685ef98fe49d,95455505d9c3fc27675897f6b5fd8d3518894ea3465bc04bf31675793a54aeb6,1,0
JQP,2024Q1,747,4,432,0f0220d9001da51c59e26cbe93dd95aece4d60eef6d60fb81358016d6641a688,a4d442e0b530ea6dc6be4026f171a41acc3e76bf969d3fadddef90e407f581e6,1,0
JQP,2024Q2,775,2,433,e841a87d6cf122f664fd9bb5562fe4a3da9e75f9a12417be7821b249f8433444,b8364f26f8cdc18e3e58e9996518769025af0149c5f589159b473b56734e0b0a,0,0
JQP,2024Q3,797,6,431,0d575aae18071663f409f887caf33750782caf3a87829ab349d5c3732cd2cffb,9a26ec01d58bb6d36afd1d92d7833f9eff80821a9d75a89607ab04ad3ec51e74,1,1
JQP,2024Q4,827,2,426,5f5afbb749296893ff0b9445c5716fd2aadc2c23b1989f362b4ebe34644e15a6,65b4104d2fb4f2b6f8d3b213936bbba73f6351b2c53ec3063bc09f49b0ee1bac,0,0
JQP,2025Q1,849,1,424,786c3d932883595c8d315488ed2ef8eb9e703c4c6afeb0d1349ac161b8b40d5c,ad7052ec84e1f757b5cab49a33ccb3272178401f45dd15fbc1d4d282a59355f8,0,0
JQP,2025Q2,865,2,425,2d4641a861036a1f9eaaedb96425a3dbab51a1568fe253c16c2e69956ce21c67,892df1d856b43ac52ae22046039119b42d2af35d599ddda27364e10d3e1b4aa9,0,0
JQP,2025Q4,938,1,431,79bb996562bdf4d2f4dc5b1230372463b7d9b8a1be5c4360abc1811123fb267c,6a2da80f70708e52257782c39714402cd55a59b1b96ef809e86c966be08d92f6,0,0
JQT,2024Q2,33,3,510,297eb86e68d162a2c036e5357f1eceaf5337963e63d7039dadbec70e2e8ffa69,49ac5e48bc444811d675276c031c034eb355d194ffe44aef530650876f87e31a,0,2
JQT,2025Q3,39,1,513,1a14158a1d3013a04cff54172fb80700333af0cb96f5c64b82ce0759608279ec,b51ab52cbc702a484f7aac2ddcd0f45adc99b7e502b2c475994cb7669837879b,0,0
JQW,2024Q3,142,1,507,3aa77d46a47dddd04c3e721a4deb911d49e2d0f02c99faf9810319417871d194,3d5b4c710d6c1ee6c24d7b1798abbf471196fca1ed5584de4f6f1d4fab26f02c,0,0
JQW,2025Q2,156,1,509,153f35b888530e26a785f8e07029616f2ee60212a27db928f22307980f738128,49a5a311460e9027f66da675a0f7b78589040cd1f44009a41a48f8842a4e794e,0,0
JQW,2025Q3,162,2,511,fcb538b405454efc4cd1a3029532a81e810423839425de2ef12c1d57f70d2dc8,84cd5ea4175f37e650ed66cb1870927102ec59d8e17600d538df88a2bbcb306d,1,1
JQW,2025Q4,165,1,514,e9e4487c909c64c301abd10829798e79095990282c97b8c47d19e33d313365a8,8d679bc0fcab565c28f10b0b96de772fe7ec45d7979c51b1ece80a984650f2b2,0,0
JRJ,2025Q2,2,2,520,acfc7487cbb7b10494b7b4077cda512130ed7fa94a52109c093d5b17e99b536a,23fc51b0fbc9566d09dff9e7a87cb94c1f27f716692e8dceffb90d9f6f3d3195,0,0
JSH,2024Q1,60,1,509,627f09e9e2e6bf831f07655efd48718ddb90ed8bb4ffe0d57e902c166d359597,c0ce6b17804c03aca92edcc5c606c2d17ca10b7ec73a76931630c292c27d9b97,0,0
JSM,2025Q2,299,2,477,2bc39e0f18184220fcb234adc3dea377005e423c3b8d3f2250358877c2a33b33,040a7383d7039ba562aa8e3f6ff036bc5d58a5ebabcac83b52673268320e50be,0,0
JSM,2025Q4,329,1,483,e2c2162cb4edf3635201181c37ccea6cb4bf423b140e66b0001c6c999ae98e8f,5fe5bd762629a8a9cb381c223e50c4a8e1fe61ff295966be187691694764725e,0,0
JSO,2025Q2,72,1,514,7eeafe80aebc141dfc337e9f70cb965257e15cb17d55c1850f86c76fac5ace51,df235a2a35d11ce8b44b487e0868f4ebc4beece51a61ab886ffa9c146b30d990,0,0
JTA,2025Q1,11,1,512,f9d9c41b4eb3c2a083393ba0ecbaefaf0cea28d4826d7ad2362a83f35c6a33bb,85f997ec1c27b1c1cdbd26a7656105a64492fc87e517026f64b1bddd6fb18518,0,0
JTC,2024Q3,158,1,502,d8c703c46624890d75ccaf18f715d4e06ef57ca0cbd52c6d33c94a8807436fc4,5a3d3cfc1bb437dd0d75b54956d2200f0b358170beea7d7c30e5184fbcf68213,0,0
JTO,2024Q3,45,1,516,39b283e2fd8698493a7b53ce6ef69cce752adafc5105d7c99a94c0ee726e4072,c5f1bdea4b936530e6d08a46848374a4e328fd17c67662f67ce7ed7f65217cef,0,0
JTQ,2025Q2,6,1,521,5b80d59cf0738e197e2c4539d255fc21c19f4324e14cb5a4ec69903ac06a3ca6,f871daf976560eb79e3ef5cb85b3d2d6a3d7697323456f5fb281da2a26de8a6d,0,0
JTS,2024Q2,115,1,506,4d7e3ae3d24c8aa6ac282298504b5201b4021d3b0b096c7a6aa7fc5b0a518c0b,0bb688aed515c2b6cd52e03e025db2798f43fdfc02a1d8a98e4a2f3c293ce710,0,0
JTS,2024Q3,119,1,505,4bf9bcd77674b83429bacae74fef776f9cb0ff9fc4c24524701127bee2328bfd,4ece17ec0e971a561225505099a22d0408b1dc0895bb9ca33bd4cf46544448f1,0,0
JTW,2024Q2,61,1,500,4563355769c97a00644d0101c947f847072da35faacc2ad7e38910c846582984,221324166e41feb46e457f0490759eaa3aa9a12f6071baf143042e787b07d16c,1,1
JTW,2025Q2,99,4,502,56fedd804c76d50216eaf245aebc4195aa41c4dde3fba87bf3acba9a767667fe,958886fd3a7dd597113b09220f92a4b175b76e8212a249c6cb85520a7359b38c,1,1
JTW,2025Q3,106,5,501,56ce69605f48348a1ebc5c69d4c382cffe38587e68074430fb70c46ed1082ed3,320a138ca674e3ec7b16bb161b86ae7503faf5137f5eea87984603726d7e480d,0,0
JTW,2025Q4,124,3,501,6b0f7d6096e805424e9eebbc80ed71ba4895d605677ad95551d332b5b4ca94fe,315fad600f28948ff9026d577c10463420f16a92e0ceddc8f524154ecb32763c,1,0
JWH,2024Q2,56485,1,356,fb77682d7455771cbc2f4388de8e46e458efdd4dda5e175dd781d87612c55851,a093845d5517acb7a88eff5230333e0f2dd8eb4e416de915230d8a22e2a3bd81,0,0
JWH,2025Q4,72355,2,366,3638346699031f4b98693b01c7b922ab84ac7b5cdfbc41f8825399321f47c5d7,00d453ffd7984be29571baf7a4496862fe9c53dfc0da089b52b19beb7e01db2f,0,0
JWI,2024Q3,5,2,518,638d05433c6d36392c50d0e6f8ab5f09e4147233f2635c5f6f02b9b7191d17bc,6db8abacb7bee439e879cbe26e128742ca73b4736a81bbd3c3db74689eb6860e,0,0
JWJ,2024Q1,260,1,488,7eafa0f262e25d2cf02d092bd9acebddce39370f26f2fd2795097d5bb73550e2,e510f67624be6d9dea806b0c95de75ae52b169ee40f216b47ba31236cecdba5f,0,0
JWJ,2024Q4,276,1,493,3c2026f3197f95015c5fcf1895180d79553865e63ac259fdc79911d0cb48d9f6,8ae249e9e86444b026ef96dd5f3eb4224403cdc633087e07aed5869f02d19551,1,0
JWY,2024Q4,91,1,517,032c8d6f9f20de9cfaad9866d884e8e5ff706f226b27591c738c39fa2d5d1b83,f624dcf018bd7117af2c0ef366f6025a434c1a89c33a122df101132ce5fe9074,0,0
JXE,2024Q4,1,1,522,901abd64ba82d0f8a130ccc8a09ae9cb7acd7b0d60cc1987ca6fade803dc7322,77370f9dc24dcb03504f600d0970d9161beb2b6c3c52f69cbf12623fe9f63570,0,0
JXE,2025Q4,2,1,531,5a556246b57eff67902062378fd68b1c8a793520c75c290e01312443471839fe,3659cacab05527b55657926c7f6335720a935c7202daf914d7562dc0342d2acb,0,1
JXG,2024Q1,6518,7,346,a5e34f5d7ac4177cd91b2ab31ba0503aa80d0cd100a3af6288c72ce4b7429d99,a19c780dbe9bdad9efd7ed268263d202a5dea7f221e566ed5e7de4e3ac3e653d,0,0
JXG,2024Q2,6782,3,344,09024d63a4345f4df11cc7f358582d36c77af3985d72c82c3eded778a2b3a7f3,bd0982fbd1d35f33e58cd635c17ff294bd828a2606f48a26a83451262ff4779b,0,0
JXG,2024Q3,7064,2,341,c8fc8cb7565bf0372bc589d39af13d2e1bc98e38d17b33fb64e52d93ce9b62b7,896ab6da04c4e07b621161557d72670180b6025a0929a5ade297c32ed3e25a99,1,1
JXG,2024Q4,7390,1,340,326ab8d5f38f5978f998d28abb3977d82ac26941eea5058eb92b06680f6d198e,9d719d1cdbc908ba883aa70ec59fbd8787a726e21be1af5f66db51fb99b155a5,0,0
JXG,2025Q1,7732,1,339,6c6326590c70d527104f97cbd0b3982f1397ab35c99bd462d8ce23a453e589c3,ee19a8a080f0b4d176b9761017b382532c6dfc2fcd780f14cd902186ff0027ac,0,0
JXG,2025Q2,7995,1,340,5c7ed11a7a6282b761e6a66f6cd64828d4d20f8d5d7584b8f737777fd5249b18,f7848ab76911cac9cc11e32e69e46a2c026eb3f848c91a2af9b7795ab56d794d,0,0
JXG,2025Q3,8322,3,342,08b6827fb201046079d2a79d6ec0e72aaf1f1b58f960902e1a280f21dc3cab25,f9ce9948378598bddaa0f100f36e1b47106284ce60d6d8d6f5cbd53dc0cc7f0f,0,0
JXG,2025Q4,8621,1,344,b666fcad37a7315f8edd6fe5ea2d9b16513bb02513fbf177ecbbae9ba38ef596,ddde9afa062c0f134f6ecb6b9f083ce8f6e77f9acab065a41094f525c04a5d59,0,0
JXI,2024Q2,43,1,511,3875ec69abb802be53fdc182e9d7d043bc94f7fd8563b5551672f4b2de979f39,06ffafe2347c3a89f0bf26e1657b8d45c014e9f95a710e5bf5b17ea7045b3deb,0,0
JXI,2025Q1,59,1,511,5e9572b676cdd1b9b3b42c2240838d0f1a7007ff2ef4b67070220196750424d5,b1ec777d60041e8c68e87d32b2d89816d9909e7bb1143b67cdda31cd5b2ff39e,0,0
JXM,2025Q1,15,1,517,3c704d411796fec7a5b22c14b96dd952917b1a56310eae3b2aec749b1818e8fc,e545563b497023690c9b474b0e63e1a6ae16dc9d52f7ab31f156f6d4219b072d,0,1
JYG,2024Q2,2,1,521,7f88dc75834bf205f70e3a69a155e5d6f5d17a115c317f5543818a7a705300b8,e545563b497023690c9b474b0e63e1a6ae16dc9d52f7ab31f156f6d4219b072d,1,1
JYL,2025Q1,1,1,522,318b615eea618f81af5fca8e2068b34a74b44bbebe3b8e5569b3795b1bc7ed0a,2021bfcf916adca8c3c724e44ef0de9873a3b8b8f9d00974868d55254e755982,1,1
JZF,2025Q4,22,2,528,06086b7eaaa3fa41618f7d5ca8679e2f6f7593696318770a4478db11166ab1a1,312ca8d31ae20273d1c8c9b81d19c50a8001555b1bb5695496d7edab6754efeb,0,0
JZO,2024Q2,138,3,512,9fd00b6c821188deaa6ab6d4fadae7da2179b3789205e08cfa1d85e221905d6c,aa8c20d27237b99313ab84c30020f650408c64cd8e841a30c4163ac28ea0b1bf,0,0
JZO,2024Q3,143,1,509,d4614fe1fa7fee6f5bc634f4b55a7af9d91dcdcbbaa3069332db67e82e32c758,9440742afe95147e80747a5ff678a7e232a2ea062722e458e39fa96da6c02257,0,0
JZO,2025Q1,162,1,509,78795b040baa8d3e9fa3b594c34051eb887b857f6983f37021d645950250066a,e48f9a2df6d08b5a1934e0431786f10a704f525ff73074014bc43770b396db33,0,0
JZO,2025Q4,182,1,518,fccb6c63821b2e7bb659828db030351c702e2451335e2aee65e11fd2779d2210,e23191cce8b013609a93fa6552ce263885ebb9abf128e2eab65b73c69de62b70,1,1
KAE,2024Q4,10,1,516,8cc4889f2c67db5170903b931e6e46608c393c9a099d49d25e9518475f7e4cc6,1327033d4f6449191dd6467613f54487d1f92c3c072ffec417ac0efe3c487ee8,0,0
KBD,2024Q3,1,1,521,cf016ad03e3217f8d3d45d34071bb74229740e32998d4614a1050ac6cbb0ed04,d0925ed7e7326fd1da0599f4480b6028be72c31955c5064207f11ff98d94efab,1,1
KBD,2025Q2,2,1,523,8ceaa0850d6e8507b89ce5a6b324bf88419fc05ef1170c93778a265d3e5aa77f,e397784c48b2128e957f45ef79f152203f0e86f32f8c2cdf8b1db70cd42496a6,0,0
KBN,2025Q1,5,1,518,0d657ea607e46f01f31d5d889424ee2aec01c612c069ea7ed3a843e1601988ce,80f7027d6c0b934a23f107e75772120bce88a283eb07f573081b1536419bf092,0,0
KBN,2025Q3,6,1,522,e620ca080561e07df5b00bf9ce4905550bd676d08c1144c397055d7f16bf334e,d7c2ad28f9a8d3c69320c4e3ef423a89de4b7d13ac1697d95e6130e0cb149e64,0,0
KCJ,2025Q2,22,2,515,f47befff036b3fc31f61c211daa805554fa6dbb4badf121f46647d070046c245,d68ce34e92c35f3f4a97d5e4f59106fd26a34828c4cedc6c0a92fcd6ac645e59,0,0
KCO,2025Q3,26,3,518,1a5a8dfbcf23f7066c27f0c5707728d510ee3cb63065c0195a57f9cc82de108e,8b31561d4b43aba99a82af10497a016c4d5dc35a28862ed35ef35cfa2f21120a,0,0
KCT,2024Q1,145,1,476,720093756917fe0e16a7827577e11ec64e900d2ed2c1a4c01ad0fd64466d03fa,cfb436f59fd90f48de462bd4c70a516b6bb39f081b5208a870583942b81826c5,0,0
KCT,2024Q2,149,1,480,357bac5b45094127da9333e4903d7d9e2b98bad15e6772e2108a6ff2560556e9,20b55df4920ce2e4d50f52af88c9fb96254d96d058c414f391278206a37fa665,0,0
KCT,2024Q4,157,1,480,868f919c02ccecc4515041fada9ea7fa6bb2ceb80a4d13ba8708e66f79b87d1d,ed64a5a5322ce493860dd99ed952f99c5cc4857da12ed346aea053ed4a0e00c9,0,1
KCT,2025Q2,176,1,481,30901eabc9eb5717b399eaabdcd9803d71a65a930674abe02845f8ecaed55a8a,38c09c12833d504dfcc0dbdbb3d4ce61b2e921adf0cf8cc9e741a7704f3daf14,0,1
KCT,2025Q3,198,2,483,42ea20cd6375d2ccbadc523f377f800d17259fb7f7aadd7325ea7226ae3e35b3,2e47d17d40625b8b20d7b57307db34d733fc8347a1dde4f13e62723e37b8c6c2,0,0
KCT,2025Q4,204,1,486,31e3e60cddd66e793df0a09b994ee4ca699513925f4b85ef1fb1372942c070e9,3ddbeef7ce1f51f1f2fc3eab964d6343c6608bff620d4eb49138e1a1bfaf81b0,0,0
KCY,2024Q2,830,1,445,9886f2a885311dbaa2b20b60c995f42fc7a6f1e65bce95469e9dc26c65a81450,ad7052ec84e1f757b5cab49a33ccb3272178401f45dd15fbc1d4d282a59355f8,0,0
KCY,2024Q3,867,1,444,5c3bc88f58d413c1315542279d55de77cce7d95f7ab12791888ce39a1b5a05a0,31f201bd0543b1c592c877a2226da8bad38ba2666f53a88fd941648541cb24cd,0,0
KCY,2024Q4,882,1,444,89637c349972c1070cb58ca6177f4b7867f3f2ad246696c2901196f418d5575a,f04a9b043ea63e419307d3c70b380b6564a71cdf899e31cca1ab50bbfa038b96,0,0
KCY,2025Q1,922,1,443,01ebd221036c2578cd4c96ddee85f5856d85f78f675adc94359f1e1dbb4f23be,639c0853fb0c447ea4ae2ccad50b169129c5b47c8755b913897dc9adc29c0497,0,0
KCY,2025Q2,976,2,444,f95c6b44a8fd0b7734962bf8db7792fb1238cd25b33261b9976db544a73334ed,20f44becccc12ce60ee0fc57b03568790e9b31b389286f9a1a05e480935e200b,0,0
KCY,2025Q3,1003,1,445,78894caa0c8e623b051869f4b7e173f546a27bb8906fe10ab038488fd92662c2,5fe5bd762629a8a9cb381c223e50c4a8e1fe61ff295966be187691694764725e,0,0
KCY,2025Q4,1035,2,449,cb0e96324f49c878ea99ca1eb3a3678bafaa76ea9c223ef24dc7c0d7f10d2b0a,cd5c76cfa0a5d9270c8e55ced23c227c7be4bef8523e8782bf21b2536dcfc4f4,0,1
KDC,2024Q1,65,1,496,a4839c8f5370ce24e01e03876b95d1d5f191721cb02605c4833b11289053724d,e23191cce8b013609a93fa6552ce263885ebb9abf128e2eab65b73c69de62b70,0,1
KDC,2025Q2,81,1,503,77d996a141487abee82c12cbf81ef402486df941a2824a3773d004f659ec419a,80f7027d6c0b934a23f107e75772120bce88a283eb07f573081b1536419bf092,0,0
KDC,2025Q3,82,1,505,6dd5cfc3cb72a90cccbb99d80e484d0b965a53b94d9a8b330972444835d0dc9a,bb24fbcfc1270f807def6102d75aad113a0012c3bcfcd588a899547f60cc53f3,0,0
KDD,2024Q1,184,2,467,35b010e7a1b5a38ce093cc42fdee556d9d4281eb8bb0391dd75c1d3cead22506,30498f554edd4dcadefe1f960a9adc5bdeda11409e56180b6e988139050ad0c2,0,0
KDD,2024Q2,210,1,470,b6f9b76e48ae572477f5cc92be98d2b15dc0080e7b79fd174f902a44c730f2c8,b20ee764f489d884be509f0ba55cd68810957330d112eeab8527a9893d9d46f6,0,0
KDD,2024Q4,227,2,470,1c2f90c8e4e4f326fc55d3ae24c17f5195061d181613aea450043eb4da21f34a,c8e621f8b847094e2694ae64e8c8aa7d229f0ed8f47bd1435858826fe5caf9a0,1,1
KDD,2025Q3,251,1,473,d2d95d3e4fe663dcc3f1c61940c95abfb7005c217251d80b7c89165035816ebd,69c9b47649ef5fd9ebd2d096cf6ac8a423c34daacb3af8b0455b7a4d46370e03,1,1
KDD,2025Q4,262,3,477,2e7ef526454d6df573f32bc0a3f2e0d3e4776263ec23816f3a0386a37ebeedc3,8d01d670325a4f0123aa7be52eb998082f9cc6093227545ec9549fe753e6661b,1,1
KDI,2024Q2,10684,1,341,1765088d91fcd769975387a541712c59be084001f45ca7c3cd8d1e81a7a9662d,8c55f82d9c02da77e272d88da5f36a55926c6ce7b6cb8ab782c1ce623b330c23,1,0
KDI,2024Q3,11306,2,340,5ccdfe1ed05ded770d7d9ecab1f22c3968ae1da35556e1f5d2fd235c25589a06,5c4c047ce2bcae7a76dc8c10d24534e152178051cfb7e93fcfc0c9c7a4c53a61,0,0
KDI,2024Q4,11924,1,339,e10929819040fc38753e58416609f9236d4b3b5f83c4bbafb03fcaed5f00948d,1327033d4f6449191dd6467613f54487d1f92c3c072ffec417ac0efe3c487ee8,0,0
KDI,2025Q2,13199,6,340,3b238dc7fa5414b69f1eafe97e5f7ebf629c0576528c6b59192fce4df7f1c892,a5caf8ded696d80a398245e74f7bd4cf85d70904fd7b8b074a53e7b0c6bc0f5e,1,2
KDI,2025Q3,13800,10,337,41e4fcb7816864b72d56ba8932497e590302e379a4353bbdfe36e45db1d4e409,5da3241d37460c07edb5d9b3b11d8b56bce6438ccb2327a54d2f0832a90c585a,1,1
KDI,2025Q4,14530,2,332,da7cb902a23f84e221823cc4674c62462421e6a0e3824dbc9d8dd90b16b7052b,dbfc3ef8de870bae8bf8267646af24b0ab80c529776e7c95a1c80f44865c3905,0,0
KDJ,2024Q1,14367,1,439,143903c442e5e3cd60797ee0c2826c30c99e71926d29bc0642a101d52992406e,6d2e0c91e4bb3d6d1e2bbe3f49f3cfc1452a45788aa0351f88ed4b188f28130b,0,0
KDJ,2024Q4,16573,1,444,37413775ead6b4844825f2a59ac226418d9e1dfb09b9a047ff4491ca46d35b3a,ac7f1e728789774064460738975f157889c8ba1ae094065abf368853cff930b2,0,0
KDJ,2025Q1,17480,1,443,fb8afd87604532bb2e6fa5481e6f2d3a7746e1726dff5b1ad0aeb85e5acca90a,f598941055cea62d14eb1ea53b5dd6061f43a6e5e8282c4696c3f713f1ae2740,0,0
KDJ,2025Q2,18212,1,444,80973b0c6615e3a9f35803d0faebab374d4be998332b0b5c12f5fd072be8c5fe,6aaac4c087a792d286d3515a44379ddb473cd0625f83dd380ac1bf9300202e68,1,1
KDJ,2025Q3,18905,1,446,b57170aff06722f16470215cb88835e24f9876661bfa2ce9c49c7d51abcb1c5f,39d570a31580b4b21f6a256d339894494e8f26e3e2725310c1087df6abecf1f5,0,0
KDL,2025Q1,3,1,520,15450a24cb51706a372bf97177cd98072b03ef3cc7a478ab8849c9f534f76273,e23191cce8b013609a93fa6552ce263885ebb9abf128e2eab65b73c69de62b70,1,0
KDN,2025Q4,14,4,528,47fddca07b6d27084c3990eb8f20beebf3879a12f2cf1979bed6e3bc0b53a57a,c51e3ba6db89811e035bed9e5bcbd3325f1f43137f5ac776a98017662390a417,0,1
KDP,2025Q1,7,2,517,c6ff6fc918ffa41d828e2cbd178e855fae8542895057f8e7a502180ac7037dfe,61c8b995f9bde0c0a4d38f6019c98449aa856b79a457d46857a6b50047a6f83a,0,0
KDP,2025Q3,9,3,520,d97483340f9c10795fe5713e735b04edaa8fa1b282c378d913fe0e8b7289d86b,6bd87d7e13952efc3ab71221b4dc027c58d7a53ed088c1201219c9f41d894926,0,0
KDQ,2024Q1,487,5,442,fa0ded6d6c3c8bb9521dbed497bdcd9ebedd7670502c3ea6618176c59e735b8a,f853654d11997acce573b4b202f73b7d12b13ed485af01016edd7558d89686b1,1,1
KDQ,2024Q2,553,1,442,98c01cfe5ad9ef53b7dd03e2bd4ad0e8b4eba829ed02396fd5a872f99a1bfcbd,911fa181170464646c59797937a13e6595d43c333f7baf3128ecb7ed62a02b03,0,0
KDQ,2024Q3,571,2,441,ae428e8944d29af7c8c96298b902165368c738b2fd4756a19e11e653d70fe82a,d43f7aa0ffb7fa6a370bfd3da06a543798734586c09e81e5f60c3894d122f5a4,1,0
KDQ,2024Q4,633,1,440,359bc5219d7d2f59f46ea095d401360694f8107447e226fed2a5ae5fd869c6d2,71798fa4b4cabca6ba9d14739146ec22200e76b774043e4b21c6f2898827461b,0,0
KDQ,2025Q1,659,1,439,8c7e49a73c600cb7674d6bee999352a1ae9c754a9b557ea3102e7b2c10541d2f,ba07166769a3e3452c50870ce5d5ac2227dee54068e4f1be8bc354c881ba382f,0,0
KDQ,2025Q2,699,4,440,a806889673bd4b2d86cf2aa4753b4497ef221cd79dd39f5408194ea785959edf,a68149ad1e4ad1fac0ae256de28503c592329226560d4920f8f42fff67fa46f6,1,1
KDQ,2025Q3,725,1,439,61bfb618265c0a479c9627c34c3ebc2a1fb753387064a1b465b55b1546a8db8a,5c99f954e394cf7d0fd311dab0fefcd2814e025df90594a7f7359a4772645b4b,0,0
KDT,2024Q3,165,1,487,0f37d3023663aebbaa78a57211f80e8bd86ab7794d9bf5fca2aee64c33861444,8cd3e7de608df5923373208c69af64501c7758519db06ea606bc8ae05d99be4e,0,0
KES,2024Q2,4,1,517,87056bda1e99ffe528871ee4e782ffac9c033130aeaad57670848014ccd784ae,e545563b497023690c9b474b0e63e1a6ae16dc9d52f7ab31f156f6d4219b072d,1,1
KEW,2024Q4,17,1,519,9c87d02fe2baa3d03a865c4f2d2838fc390f83a20c47b43fd20327862531ee89,e545563b497023690c9b474b0e63e1a6ae16dc9d52f7ab31f156f6d4219b072d,1,1
KEW,2025Q1,19,1,518,faea7cb3da6e38634f947b005c5a25a8935f1abdf619f45ca5dd4d338f4af144,598a368849023e0238de665cb5ad2506d41b4ec6497efa2fdb6b432b05bd9241,1,1
KFF,2025Q3,6,1,525,17a55dba002826a4312d76ea2c425ff91a661a70d518649c6c4b386665b6a22b,83032922b0a4e4a72f25138cb32888e92e34379360d8bac23225341e0df69cd5,1,0
KFM,2024Q2,1919,1,398,bab5aa50f3b94dcf64a33e6116f81fa992a64fa03a381baff97c5f38a3885256,69c9b47649ef5fd9ebd2d096cf6ac8a423c34daacb3af8b0455b7a4d46370e03,1,1
KFM,2024Q4,2059,1,398,2d81c5787d10ee58a89e1b76ac2839e6ee58336e73b313f5835438edf9b64026,8107037c0480a686a76710588f6f9147dd4b3142b9a06be3134dbdac277eeb50,0,0
KFM,2025Q2,2212,1,399,dc765588c69ae7ff21b4732f7ce5cc7bc88bbdbf111878ed53d7045c63fdf8ac,639c0853fb0c447ea4ae2ccad50b169129c5b47c8755b913897dc9adc29c0497,0,0
KFM,2025Q3,2259,2,401,ca2b91b124448c4835249d8bf83f93ba90ff05a739c40a1b62f67d31a90a9f75,d1223c531e6ca66ae545e2b1b8c790cc6d43b8cf8d92f5e75450626bf7009fbe,0,0
KFZ,2024Q1,151,1,484,cc5dd89da1991438d74217740be6737a9f17624c964c843a6010aa653758bc05,41cb6db6b4b81ec360579fad82e609926a78ade93b8600e1304acf0315616942,0,0
KFZ,2025Q3,175,1,494,40f0b662f4157ffd00b02dabdc002e3d7b09f5d89ca073fdf64db04ea9adbbd4,a882fec75e44bce5cdf8c7386ef1b398637f4a2814e9a701f6013dbcb950429b,0,0
KFZ,2025Q4,177,3,498,43588c3c3ca5e91db7b73ad60d4850acbc519e4a444d6b29d85d12591cf8bc13,9741f0f9ce04057064e20dccf0932ba4326c876540a652994a9bb5a6e9ec0bd5,0,0
KGC,2024Q2,375,2,469,bf489f02b0f337dd9c2f594f3642a2e90fe41430647906e90f26fdd5f844ec4c,8c2facc236a298155304e3725724b355dce9c63f6e108cfd471f858073c04894,1,1
KGC,2024Q3,386,1,467,559b2cc389f0bf92eaebcefb2162b2578d9fcffcbc176dc1386ff2109253fa2a,22d9d66ebc39a7263baf276b5cb64705d4faf13b49a11097f31eb82dd97bc4d4,0,0
KGC,2024Q4,404,1,467,12398ab8711aaa4a2feb363bcb041565bdb2118f5b720241bf40d45937cf82b8,7630b16496d2b4322edfd5e2d73fa6c8fb078371ccca4c05fce93049bf6271e5,0,1
KGC,2025Q4,538,1,476,ea2a454e63b606f380aa18f352ab51a46c30aef3f9f13fcda695c3616b9342ab,b04e32c1d1addbed2153b39a39f38688789ba9803ef6448e7e19a81ce776cd96,0,0
KGE,2024Q1,70,1,486,1971cce80a9a0cef202fb60bc0b196da510a8b1fa72790da9b80703e747d4354,639c0853fb0c447ea4ae2ccad50b169129c5b47c8755b913897dc9adc29c0497,0,0
KGE,2024Q3,72,1,490,c327afb081517d3d5457f40700ed657e29aadff0dab7dd9907e179c6a6fc1068,f64e3b1eee968d15f60f8aa57bbd5be24cd0832b1f2851fcc70737e4c3b6d350,0,0
KGE,2024Q4,74,1,490,0042e58039a937d9dbe0ebd77c1e3aed27334bdadd97c68a2b1c81ac57a33606,57dc770617ff6777df87b210b8bb9f2b9314ad58ea38f8ccb79809f0ae688261,0,0
KGE,2025Q2,80,2,491,dec4e255abc9844e2b79b92358d5006367353cb4fae3c9b17aaeaf5a097c20b4,2ba228126f783c8d43b026f4959b4ca5e280316319ce64a0e93190f83de716f3,1,1
KGE,2025Q3,81,1,492,68656b4382e3b920e4245497a3e65c5c5ab9e35a656dda5a9712a86bf4f0a16d,9559394944156fb2a0c90f41e331d152be56122dfcc492384b2e1292f0e74ae7,0,0
KGG,2024Q1,41,1,514,c6d7ff46db99ae0be1ed5f7dd011b69f09cb9bef2117423ee6c04b481120a91f,0e581c4815066a7ff423d513a2adc5f8e1d1163835a251048a3f89dca2383c4f,1,0
KGG,2025Q2,47,3,521,b85ee0d3da88c33b503088dff8644d7f316bf653d7c200d869e588b7c464608d,9b77c2719858f66ef20ee9989d8137794d6e2e73215237c1096bff0fef3d7750,1,1
KGG,2025Q3,53,1,521,442f4c88c607116eec018a796e5f3bcc8658c1761f016ce8ec83d91614b13e85,911fa181170464646c59797937a13e6595d43c333f7baf3128ecb7ed62a02b03,0,0
KGI,2024Q3,6,2,514,c038c51e19fbf5b4da7d2a258bfee332f2d72e35d64ff95a87363f749582ad15,5cfe9706e22383a7a86c7a46915ebeef76868cdca6ade4a9de90d1eb71c13aac,0,0
KGI,2025Q2,9,2,515,91a655825bbfae4275c5a9696e2a5dd6c0dc72e40f77e2d842d6fbbaa2ab8fd4,099b380378b6479ef494d1a0d8a695fa229b29d6e16769a0d6bc2dd02eaf7bea,0,0
KGI,2025Q4,10,4,521,7aaa123006dc5b632eceb1bb61896a65e52c4ef2fdfa992842910fa4f923330f,7c0e67c7a6034cfc014d2e114dec859033ce8c91dfa2ff97d8572c155d8569e9,2,2
KGN,2024Q1,76,1,500,e4a4004c6227ee3cb0ea4b2a40e6ea900f2654f512031ba9313f9ff5ab1501c9,84fd7a95f5415de561b15080617ec65d60ff3ce1263df7f0e3559d0d33b22326,0,0
KGN,2024Q4,89,2,505,5c7ec04625402ee73fab476d6aba7d0c4ccea7aeb2108907f4e3dd5ec72d0724,345a13a351b1a943c1038e4fd559cfeae0619ffcb9a63e2717b367ee65ca93aa,0,0
KGO,2024Q2,122,1,489,1af104c7de799af7d91f61d9fe39056a172b3c7fbd296ec956a106a59063b3e9,20b55df4920ce2e4d50f52af88c9fb96254d96d058c414f391278206a37fa665,0,0
KGO,2024Q4,133,1,489,3a659c3265b20aff607cee13b3ced1da64ee51c2cd0978a16996717afe926631,41cb6db6b4b81ec360579fad82e609926a78ade93b8600e1304acf0315616942,0,0
KGO,2025Q2,141,1,490,25de45e8420449b75ba681a646f902ddcc0134e404d6ef145912e65335eccd9a,fdaad9580dfcec1acfc41367e03d8b8c22a0addbc4921a87777990153f78028c,1,1
KGO,2025Q3,146,2,492,0d4f9cc94319fec7d332e6b3794ba1c9dbee4c8da4393ad6f95cfd2a7ae0cf7d,6ce2bfc5f13c977cf35b8982a7922402552337b33973d7c615e959771923a1cd,1,1
KGS,2024Q2,16,1,519,a736d1a8a17d7bc3c8fc5fdee5c6d52d5fa25eb5b463b3a17a01f554c07b94d2,c40b1c5676925657145ed816dfe78048de0e4e71d68b9535fc4da2f237454a0f,0,0
KGS,2025Q3,18,1,524,5da65370528344d6afd8d4b63d3eadd9d0089a4a02bc23ada1ad278e00fa2e5a,f04a9b043ea63e419307d3c70b380b6564a71cdf899e31cca1ab50bbfa038b96,0,0
KGW,2024Q2,60,1,509,076ce46344117d6e1e7ab59c5d4d3e8813570b08f8be6de394a838553e65d4f0,e23191cce8b013609a93fa6552ce263885ebb9abf128e2eab65b73c69de62b70,0,1
KGW,2024Q3,66,1,508,9fb271fca35f56ad5cef8fd212dff25c72e9624053b01b9acf605f6b3bc78f32,6d19f89a6b34d52be49fffb1dedeef8940de00db8969153058cce8f0e00a17e0,0,0
KGW,2025Q1,77,2,508,e6a987b6d1eab116e10c6210ca78655afaab300e90d543e00bf155c75c65a499,f9fe7dd64e9c652982ca42c26ee7c7fb9693c7fb00894e12f1955ed5798dc9ca,0,0
KGW,2025Q4,89,1,516,89066dcb29f9ccff73b2045e6862a5998bc5c1f266e3a9d79e860bf1986e06bc,bed1f5df1f0b3afec227efa00096f35c8cf99fc5ee207f4528fe2bbbfaf57154,0,0
KGX,2025Q2,3071,2,443,321e2612df971d10f953160a3c801c5a6fcca0723b65a9b2c27141282dd8be85,1011763e33e8e037d8f5dfebc97259afa6c1e998153b5778c661734fafe8e9bb,1,1
KGY,2024Q3,80,1,504,e74464cd7d39a6827eec6e19d10e229c44c01c268a83b4f7d162a6e3a2c13219,f001cd25e7732637e5fbce9737215618847b554a59a0590aa14afac115271abc,0,0
KGY,2025Q2,90,1,506,1ceaed5317c4981defe5be6fb2ee1f5128a041a8353c55c08f3dc7e3ff88f47b,221324166e41feb46e457f0490759eaa3aa9a12f6071baf143042e787b07d16c,1,1
KGY,2025Q3,94,1,508,73ba504f50a27c5e386906c195176b7d2cbd919bbb3923921f57f10803c31034,f01e905825ed2060e534525d0d7191a86e7cbecb247a3557af8166bdabacfdf7,0,0
KGZ,2024Q1,358,2,474,b987e61c83ad2ef962214ebbb7090ce27c344ebbb647e344c7d944263c416f1b,4b4c38fd1f71b374067e43840a0ceb672f056ef600a2c4c148c37f9bac1b04ac,0,1
KGZ,2024Q2,372,2,477,3664d3b092b456a73a5953c3724c7f7d5808c5f0804b03cdba58dca41cb4f773,4f8d36c6bc2aa967ae0078d0d7e0cf39cee4a86b00505eaf4cfdd1c6186113ed,0,0
KGZ,2025Q1,402,1,476,d903db561639bd73a4357dc4baa25dcbf447e608e259800a6df0e3229ddeb5ae,0e7ce2c55b01e28812e7fd0b7e7682c2f5cf97d5e220080ed0c6f04b26b18df1,1,1
KGZ,2025Q2,408,1,477,e7e6d80caf3249adbcd1cbcc1d826193a73f04721fb354a97620c2bc0cb7ccaa,20b55df4920ce2e4d50f52af88c9fb96254d96d058c414f391278206a37fa665,0,1
KGZ,2025Q4,427,1,484,9c60798e66f6a2ba383869315f4fb30bda4b79e0c654f9d6197785305fc63315,6e09471d01d382b76e1a78471c1cbdc849d6995b18bbf3a1d1031f289eb059eb,0,1
KHE,2025Q2,7,2,521,42686e61f13df4edc50c8747a24dc0ff0e0f2b77f9406d864cca567f20c7f0ab,b78c55203b8126eb72d255af6878f8f75f1d47fb09f791de9ff9420a76d0ca7f,0,0
KHE,2025Q3,8,1,522,f2f666560d8a2f2eaee29f0ccad3012953c66da4be2d96a4856e8b1739726c29,83032922b0a4e4a72f25138cb32888e92e34379360d8bac23225341e0df69cd5,0,0
KHG,2025Q3,1,1,528,f504ac10f4eecc846126174058dc4b07d41f646accba49f7d2c7422514695dd5,598a368849023e0238de665cb5ad2506d41b4ec6497efa2fdb6b432b05bd9241,1,1
KHJ,2025Q3,8,1,523,ece16088dd30779ab8312feb01577714479baeb3290ca6ab2d4f3ceb57f16185,e23191cce8b013609a93fa6552ce263885ebb9abf128e2eab65b73c69de62b70,1,0
KHO,2024Q2,1431,1,436,02ff88072eee849923a3b949baabe6f8af2e4f206099d2229c7d56fc04285db0,64c7ddc63f91e1fa823dfcfffe5fa460f0b9d770ee9b52c9be5ed3f71a26cd4e,0,0
KHP,2025Q3,48,1,521,1479cee6d3b6fed338f2b0b4bd53493c829c45169407996f162454685f5773a8,e23191cce8b013609a93fa6552ce263885ebb9abf128e2eab65b73c69de62b70,0,1
KIC,2024Q2,47,1,509,80dc572f7064ccf1948512395202a27d7dd5979869bbd050b272f14cafb6dfcf,4575eb8f865b22b846dd91f0e834a983cf29ae08ba67ddf65b2c5f52e5e7acd9,0,0
KIC,2025Q3,57,2,514,76778a2b791bc3248f65497c1b0d869170454dc47f253a01a0e7da776aa0c406,f3703f1b9e6a5ed33dde7348bc33c24601a69c3cdddf82993831a905c3f8c92e,2,2
KIC,2025Q4,61,3,517,d78e4cf172feae1f589182914c93df959391ab9124b5df255a4186dde04f6db0,ff2861860e53aaec4112cfe8980baf53d1c2a1e51f3cedad0626d7176987b6e5,1,1
KIF,2024Q1,35,1,503,f78a44a498cde2276267e7e4b4b66a0b7f2f2c85c9fd85687276f565f94ca521,a870dcb24a5decb006ff62fa84d61e196ae2ada80b26cb1f88676e14c29c6c22,0,0
KIF,2024Q4,42,1,508,fcc7b2acbc2f668a138a660f7e59bb59ddb52f3ef2ed26d5a0dd141eef5b44a9,14106d8b6470256ec2dce3e232a3f560def6e98351d8ea55e687e644acff23bc,0,0
KIF,2025Q1,45,2,507,3b9c722cba37da33f610d00e39033edb6ee247234e36262f84c2c12dda558491,7ff7e383933dc0f988e7e2f2d23d2ac2281e32400b484b3d4d7cd3bfe0506848,0,1
KIF,2025Q3,87,1,510,4eccfd7e3cc9feb850487c60fc3a5d6178a6c9b8c4a41daed868146878baa0d3,911fa181170464646c59797937a13e6595d43c333f7baf3128ecb7ed62a02b03,0,0
KIH,2024Q3,143,1,488,0b988300ded29d1c809c7f9555194ca84895e4b556951b0eb8f579377cc0ee24,ed64a5a5322ce493860dd99ed952f99c5cc4857da12ed346aea053ed4a0e00c9,1,1
KIH,2025Q1,158,2,488,6088a29dbc555f03df4c2967666b0b58f2f450ba2efa6617521afa47b1c299b8,ad675c363766ca4285dbc9411d607b536c3e28e2c465637fbb31398f530d04e8,1,1
KIH,2025Q2,166,3,488,65fe925ce564613a9a1bbc8a25688c5df9fab941135933582d72c96f1222abd6,8f45514ac6928ec19807ea203a4e548f47793f74c4f7e7de1057cf04b8567e1d,1,2
KIH,2025Q3,192,3,488,361b70a4a14b27a641a719846290a66fdc252c7c9621fb1b4ef1ec05fb3d1129,c53f4b1f446beff59ac094f70e548d65287543fb696d3b701bf7cb281ef60fd0,0,0
KIH,2025Q4,220,1,490,4e07d1ab1db886450a8a5abf2120afeb94c17aad9327580766efca5cc12774e1,0e91202d09fb12c9f3c93678b8b07b4f9b6508bb53fafb877c851effa966b76f,0,0
KIJ,2024Q3,16,1,515,a88ed962d65c59752f9bc0478edcedb76e465dbc8b4c142b2c224eda472a470f,4febbc3d54fa42cab28ad75da965d3b824b5252a22e5053a704ba1b0b2032cfa,0,0
KIJ,2024Q4,17,2,515,f400aa96eea435760a8404b5bbdb82f95014f209d539ad5e13e01c55e3da9ccf,019c699c81e164fba5b53cbb1f8efc4564a4448ffe88e8aefdfeb4d3dc534780,1,1
KIJ,2025Q3,22,2,518,3790405a7b8e3949479dd3a419ee84804252cae26d183ac87249bf21a24ced27,2830377f97b4bfbf10843fd274f1b94081820aa9c8bf2de770344072db2d290e,1,1
KIL,2024Q2,1,1,521,bfcaadb6a8cc6c052a9ef99b2b7d82579794e6752723f8db4f81e730a20a51de,0ac4f2a3fdf592a8a70bb0776a0305651761f12777248c2b67d116667d9cc46a,0,0
KIM,2025Q1,2,1,522,fe475d6a886ca661c68cb46f6d0cac576130702fadded63dd831028de9967158,e545563b497023690c9b474b0e63e1a6ae16dc9d52f7ab31f156f6d4219b072d,1,1
KJG,2025Q2,4,2,522,26423988dd32c9741bd429cc8b2fac25f4ee5b0c6ccf6f24eb559d34dc684af2,95c561dd456e2630aa40ea5d54729f24d2e32526cf28672ac8675def67ed2bb4,1,1
KJG,2025Q3,5,1,523,c519fb04646abe21c94405b8b8f6f5d43f3bb8a52f58e104fd093a6d57590674,99249405892de7687f34281cd2e00b38d3a7b0d4b394db13bd3a74597303eb5f,0,0
KJG,2025Q4,6,1,527,2a568dc57079f63c21927b7835653386472f862cafc3b2a34afb8c879650f816,2b61fa6fa80b23f93f33d5096c6fc24b0a3db533882824b85e992ef97b9232c6,0,0
KJJ,2025Q2,4,2,521,b0e13e83660c59068b5fbf746d06fa968f0466dea6fccf4896ed749fbdf46c10,73d328dd77a0d3d3644093b1de16cded73a89c6e6ededec1f0461bcf26172ad4,1,0
KKX,2025Q2,179,2,480,bce1c7ed5dfdbd0adfb460698ddac483f044b5e69acbdb84456e5c3f1c973189,38d71705ff0655e7ebb766613cf39f03c134612c27a77dc286dc26ed2fc58b34,1,2
KKX,2025Q3,183,3,481,3e9f60d35c07327f459b21a07bd84fc6c6df92c3bfcae65f38535bb8a6e8f678,13876f4018b0c356625106f6f7c7cd6c3e04dc4978ea84ab34b923ae67b382e0,1,1
KKY,2025Q1,50,2,506,a894f15550cb6bb4dab0dbbe2533702ff5d172ffd3dfe628ca42de32c5a6515f,f56a4b48aac183ef9f0cc3b172ab2875b4eeeb85b7ff343b98bccc8b95e537e0,1,1
KLE,2025Q4,60,1,522,f459d57e322538a41c4b20fd0bcaac74a7cd0e03b9b7278ea384c446e3a5e3f7,cbdd00c08fcd013e55e94815c31b8e42f822f7d7d47f2836753892256c8267f9,0,0
KLQ,2025Q3,2,1,526,da03ec59cb2dc3a9a1b62793990a04f17e8d059afddb1573abd3480d0f04098e,0ff25e7a663ac5de6078c298b325256a8c68a51b21eb3248d83748127cece7db,1,0
KLT,2025Q2,21,1,522,9d7ff1168a3321887566ec7f0c210177f46c36434f3eb733f8ff36d6594d16c6,6832e84ec787bb1b9b0587e8cfde91de6beea69890cacd7e948dd0bead445a21,1,0
KMA,2025Q2,11,1,517,0d8c2d1b577676a60cb86d1022e50e0f9a4ef091b47004a98c790417a0f80ba3,de4083f4e5c33620cfccaab77a0519ec09cf957e79b5f188e54363c02babcac3,1,0
KMA,2025Q3,12,1,519,6836d3216730e4cd81c2d7627102d114cb647e69608ef01897982b0a2e90f963,57fd50602e13fc9fe5d66ecefdc76063f904cc0ad6c6b1b400c94bb44ede2fa9,0,0
KMA,2025Q4,13,1,523,55768399c4951977e8fce147a5f33ede39d58cb6d0f44ce6bec88b5aa663c5b8,8ba4cd635f00b3bcf096007d75d2dee0e2f0cecb779985cc35a904df4656edee,0,0
KME,2025Q2,20,3,510,57a77041ed1b75dae701d779fea21ff87d275e3cefcdd3bd632783651773ba40,6178cee8b0cf90bccfcb58dcc0d73a6977fcafefd5493c705d108d2dd048a318,1,1
KMF,2025Q3,48,2,510,397173bca0f88f1b55bd35ae997aac45e13fc444019a4675ad593699b2b8313f,7cd2e3d8bb66eabb5c3e926a90c6aeea88b9095d8d6ee9f4867b4d7ee14161c6,0,0
KMF,2025Q4,51,3,513,7759a5a4a670872509f90cb65f39757fb431555c8d487e8e311fc8181fd5f4f2,145dba87964785a2dc485df3200d4155ff6dd10b843de8a54dce2c5295b95e6e,0,0
KMI,2024Q2,110,2,489,c9e2d0b530354989c609bd15480da52f72723391eef530ad47be01569d0449c4,4b5d204d1aae9ef07cf031a28730ecd0de5fbf578c3f7b882caf05eb9db049b8,1,1
KMI,2024Q3,121,2,487,679a02f09bb0ae0dd4bb1dc23eea667effff4fd789df67dcc40ba312d71e5e37,2dd1ca5371623b83636a76cedc32b2d18308a4ac9756df377d5dd1b826b7b4c1,0,0
KMI,2024Q4,149,3,486,745b8a240779a47c8d4615cbbed6be1cc851d0d6c322c15f32babf0cd310a70d,6d2725f6fddb68dcb33cda8a9225068c39aa8d5c833825befc654958d3b496cb,0,1
KMI,2025Q1,170,1,483,bc2928c2875df775b2ac84f33a88197286e837b1f9690b7ffd497e070676439f,44ab243512ccb50b7dfc401cca629083ea5983ded422860562c56f0d25bb3cd0,0,0
KMI,2025Q2,189,3,484,9baf5aed606eec84747f9e1443b7eed9bdf6065197254b370b6be53d80d9a758,368355dc91a34c787f8422ae4a153312f259a2d7c7816abc70827610f0d7dfe6,0,1
KMI,2025Q3,224,1,484,3f1bd3593a079c57d363bbfd79dd73f6675641a67ddbf010118a89332b6157af,439fd981edb3e2f2627282b1b655676cc4176970a4c243218b851672060095be,0,0
KMI,2025Q4,235,2,488,2b5dd4402c59b8ad30d5301cdacd81109332970900818ad6c164ea43f34f5de0,0844d88c5a5e6465f1aef0173ca434f692ff38fcf67e42f8d1516699021dffa1,1,0
KMJ,2024Q3,12,1,515,ddf5fa760340ddaf6def582005d03b3572efeb9378bb937c7c7db80fef658b03,0e91202d09fb12c9f3c93678b8b07b4f9b6508bb53fafb877c851effa966b76f,0,0
KMJ,2025Q2,14,1,517,8c4583aac8662dbc8e478cf4f554266879113b9b822f3cbddb3305fc5c01ebce,0bb688aed515c2b6cd52e03e025db2798f43fdfc02a1d8a98e4a2f3c293ce710,0,0
KMK,2024Q1,298,2,472,4d92b9b7715ab5870e00133d88e585f58be92ecbfdadd0ce451c23ab6c9aa95f,564b657b1dda93f4bf7ce038bf7ba1b8128c4b80008ecda900772b417d2bb08a,1,1
KMK,2024Q2,326,1,475,c810b3ae84cea71cec11011f07cb63a98eb66ad3fa6ae596ec6f4d1296343e63,06edbdfe6d728e3dfb5f9090d6e72a92e5b67383c0010e0df34534bed283ea16,0,0
KMK,2025Q3,423,6,480,135f4cca0b4fda9d71d904aa35dac68addb3f404ae6dc3e0546e80b0a3cd0bf2,b56dcef513cdff71aa35eb1aba5141e33af07b174864beb5d7ae7dad08df2630,3,2
KMK,2025Q4,452,1,479,b2ec8fd2249815cd725a9803a5be66a299743aa27dc1eaacdb1d52ba552b8f54,4eca1e6c29a9ef0ef18bac5338972a30a2024c93ab0e76c6f6a929055f950bef,0,0
KMN,2025Q4,18,1,525,b356d8be5bdb45f36017571a38eaa3658ccf6465c1d6baba712249db1738b30f,261efddb563af16eb9763793f4ef4a07ddf66db8bc9970df2550287de5d68413,1,1
KMW,2025Q3,201,2,508,88b4584ec72bea5e5db5b88cd6d480311857b23993d99928a3403ec9299fc2e4,9c4e8acd4f6a6fb8b3528cd585aa9e04dab06187902b5fa7719d2d16f4619ec3,0,1
KMY,2024Q2,104,2,513,460f03fac4cb99f93621a4e510fe285b3722b29886701b8d757f71d9def0e512,2a4e1938307317d522a1d26b2c90a9be263b9074677fc10a694b5e0b839400e4,0,0
KMY,2024Q4,182,8,512,b4d0c3b4f5c777fdf7d7737e011c3f99a55b88cad9d7c923392ea5567385c7de,8b0679ad1177480d1a4b461ce7163851c887bf166b4576d08eb7d8eeb89a9a5b,0,0
KMY,2025Q3,708,1,509,368b8afb1bd071754bb33270ec7bf347b700ffe8a491b286be877caff5eab187,0665286073e333e5db6139042804677761759e30ce18c4b18db623a293f37cb6,0,0
KNA,2025Q1,14,1,511,d4c0df2cc11942397cad1dd798c8f4b31263bea01ecc837255c291da3f923b80,439fd981edb3e2f2627282b1b655676cc4176970a4c243218b851672060095be,0,0
KNA,2025Q2,16,1,512,9795f1397ec956d58041a8d1fc9f5d56aab634fef460a0fa720cde38d31f6452,261efddb563af16eb9763793f4ef4a07ddf66db8bc9970df2550287de5d68413,1,1
KNC,2024Q1,199,1,495,c296edf7976f7907a8a925e591472f8be39d56193ab2f5322478f0fb8e24ee6e,c3156dcb5e24fc6884b10c1df34a7e86ae30c83319b0a7acc85dc99336696e27,0,0
KNC,2024Q4,233,1,500,b4365de1e6f58a9d2872b1ccb1a9240612c5d2ac226cddd341e9177bf735bd08,261efddb563af16eb9763793f4ef4a07ddf66db8bc9970df2550287de5d68413,1,1
KNC,2025Q1,270,1,499,e26ada15cd8c357053afa0265a6edd04dfc6f76f5b6b5c42af6ab48a1be7061d,8ba4cd635f00b3bcf096007d75d2dee0e2f0cecb779985cc35a904df4656edee,0,0
KNC,2025Q4,355,1,508,67c97e5027787881b3bfba85a4c20bc17546cbefcf5e0a0cc9e0a8fbb538b51a,a221944324d4dbab1046b19d5cad57619f9900d32cef7a6adb1b377a3a0ff59e,0,0
KNF,2024Q4,101,1,489,d026672b60fd03c2d3ebdd670d244e3d41965d777056121e1408dc3fd97894db,e635b3de8507805bab688843a47dd501ae92c947879cdd1a26bfa6ff5dcad62a,0,0
KNF,2025Q3,116,1,493,0e0270a41562e2d5e956713ed3feb171d6feb6dd4b28f210d26c0b4c094e0bb9,b20ee764f489d884be509f0ba55cd68810957330d112eeab8527a9893d9d46f6,0,0
KNF,2025Q4,190,2,497,1e2706a2c8abf6bb4b6eb8a9897a3f0137f1f97195928738c145572965a5a11a,6aaf7f56a0835720360d3caf5a72e853b3b3c883f2102b9c973f4669dcf9e579,1,0
KNG,2024Q2,6,1,517,0fffbf16d2a0dd2e240324c6dbd3708c5132b9d1a117744ec3f923b04e0d273f,93a393f116ae4ccc41180f1438005ec6480e5bdfb687d2d3db92ce23d9d78ea6,0,0
KNH,2025Q4,171,1,494,080feeb0af3d9aa99a1cea461014d4445def592a307f71fd9dddb00ef53bd9e0,8ee4768ca710711739fe0eb1350f14ebdec2c21c30e21ae2e0e2adc52fbe7172,0,1
KNK,2024Q2,7,1,518,ab3e90fd41c6e4e516d42a4c2a25c4943e3f94e417b38cbc056c0b88f308335a,c5f1bdea4b936530e6d08a46848374a4e328fd17c67662f67ce7ed7f65217cef,1,0
KNK,2024Q4,8,1,518,4f69e63ca05d64f08fed922ed9470753f283a58a87eeb048d6e2de4ad2b83d3b,f871daf976560eb79e3ef5cb85b3d2d6a3d7697323456f5fb281da2a26de8a6d,1,1
KNN,2024Q1,24,1,506,5dfd9c7dbdd4ccc0c375bb81980144c35fab53b83b6a78a278efe7986b1e605e,72eb03f8c3c4893a966a7680f8717fac061bf421324db4e6f595132cdc000a8a,0,0
KNN,2024Q2,25,1,510,3abca68d91c6d29dc925bb46c4ed65809540d932e136272d9e90ef60d032f668,7a2a05473476825de12af07ae117776e044f9050da35889a8d0dac5c70eba73f,0,0
KNN,2024Q4,27,1,510,86265d9e5e920303290437b821019f983d33718d6f5117e452be5559514c0726,261efddb563af16eb9763793f4ef4a07ddf66db8bc9970df2550287de5d68413,1,1
KNN,2025Q2,31,8,511,d04ebfdb77079cdd10e49c9280f82f08a8a57fa13a5179d1790d2935346b6814,1d3fa010a946b2773b26aa02c363a7c8efb317a9e2e94aa45bff6f93cbb8ef5a,0,0
KNN,2025Q3,35,3,506,68ed2adb699a78c2b2ab3194dcf436cc432e0b50bd20726a0828d497164fac53,3e396fecc4ced25be7c5008a1b1e9d4adab88553b759b4a3a59bacd42f079a8f,1,1
KNN,2025Q4,37,1,508,d11f1642e2b28a2075cb86e7dfb4cef2b08905ed7ec740e883f5abf775f2732d,586f1db6e208a8a5f825ec340ea7e33f4485d97dee1931e7f4189a193a36b870,0,0
KNO,2025Q1,4,5,520,e6e54ec922e0008d4de9a402628d429d576a79211b9501142f49beae1ce829a0,6d2079fc1816f443b0a16afe0f9be7b7d8932501f6de2cd22f986359994abd84,4,4
KNO,2025Q2,7,1,517,e88e27c2a9c63c3c0406d5a951ba8592955f6f70ca50318fad4245b042e5fea6,598a368849023e0238de665cb5ad2506d41b4ec6497efa2fdb6b432b05bd9241,1,1
KNO,2025Q3,8,2,519,69024fdc80da8f945dcba0010cebf3997d49b3df44b09e67c96ab883216bd654,c321bd5089e4fa332d34212f3fd81dad812edd2e0a639dc94ee77fc999f0387e,0,1
KNO,2025Q4,9,1,522,66e83efa40eb7e418a157a8d6dcf0463ddbc442096cd025a199bedd0875e011a,4c3c63706537489d0895a078d95681851dcb8b0c251a8f2081af4029ecaf0dce,0,0
KNP,2024Q3,40,1,510,9137c6068fd54d92a8396f730184881b25d2605a603fd7d16c8df3aad13122eb,a5b4864803fb4abf683e57d5f47cb371966044d4ab4e4bd93785848c339ba6f8,1,0
KNP,2024Q4,50,2,510,5f151307d69685a45f10a958294f70ded0efba3812f1c38d2c8ada0286d71469,e7e2c86bfe25b36f9323ccfc6ad8fb7133fee782578cb3d7e9010fea34a783cb,2,2
KNP,2025Q4,60,1,518,475c68eac44651347e797ef21c320da3409bd4b7574c859a25f9e19c0e33bf9d,8eb538505fe52b9ff2b97d0624a82d31240b10806b73e71a11fb1029912bda5a,0,0
KNQ,2024Q2,1788,1,454,597f4f07ba66a80577f8116edb98395bc602a7f39f51b0df9df58f5d0557c362,a870dcb24a5decb006ff62fa84d61e196ae2ada80b26cb1f88676e14c29c6c22,1,0
KNQ,2024Q3,1846,2,453,a58a5372ae6ce507ec61404f337ff68f124376097aab16394de5cd9e6ab44c83,228d110cf14693e91c7144c7b53278ef90fd82116353ac08d0e5cb4b9fa33b0b,0,0
KNQ,2025Q2,2017,2,454,c97569e52aa946f484dd42242d5f28d29c993d5b663d14e171710cfdc2ae44f0,489812374f5b1fdfa176718c3148316c08cbb8f271ba6584bc88207711745b0f,1,1
KNS,2024Q2,4722,1,408,4ce79228e7ca7153de2aa02432efba6c2a9724582081a6d99c8fea40a4d9c860,3ddbeef7ce1f51f1f2fc3eab964d6343c6608bff620d4eb49138e1a1bfaf81b0,0,0
KNS,2024Q3,5069,3,407,9e16d37a6843be01cd39f0a185760f05d7dfe546665f78eddb9112ba020a17a6,c7b7d041ea720c9fc9b3a081a50b674067f2fa52dd5220c000d37ff78dd266b7,0,0
KNS,2024Q4,5437,5,405,7295630ab3c7f88c3d8b8bfeb3993a6bc8923c2724c07a573d88995d75946203,793fab63db113b0f1a06578dfe046ae75328178db0232eb564fd6b9c820447e0,0,1
KNS,2025Q1,5809,5,400,592678bfc43781a22b98cccfc4908dffc4d01b652f8dc1d94029546f9947fedf,ab75dccb95ab50fdb1d612115993aa12ee5759a2fb11a88620511d40c0d57494,1,1
KNS,2025Q2,6070,11,397,151f41f5dc86dad3b25906fe795a136d87cdf0f31ec539d398f03ba7876e5d19,a01f1dac09d78eef209698b7d07cf8012be0ff0d07b8a25c6ae789be2e419f3a,2,3
KNS,2025Q3,6444,4,389,51c4920574ac73f4c46419e0ed177070a1a05ffa6f76c55b6d4de492bd714cf6,a036d731a2a02ce879847b910991d34ea94379edfedc8fd2c7f5f96f123d22ff,0,0
KNS,2025Q4,6904,2,390,db255fff8c9f14c706f6b6f4dd7f1bb92e13dbc47b1d30d294a01e79e31fd553,4c313fc0cb835a1ed999f3ad3cc42194c425df8961702d4c1e5763734936e48e,1,0
KNT,2024Q1,8647,4,347,0ce413d21ee12fbf1aecd7c5e4d6066786c5ef5c924584716d193fc85234f81a,54810eb0d0a4ef0419da7d2ffeb3218fdf86a4bd4a65e9aa50f64c242dbd4b6d,0,0
KNT,2024Q2,9064,1,348,881a1b175e4e0589e6c05821d8e10b5e23400c76e7538a1f8f9e735f1ca080db,3a0d2902e0066540daeaee58d179f3b1499b65a641946c73e7c81e8ecbf58268,0,0
KNT,2024Q3,9539,1,347,9c9286647ac53b6f14a07c299d1cd2c8dde3811956fccda56b8a48452a72736f,ee99b183e28f5d0b34b43e2dff93e0b0338d160cea822c857ab2b50666686fb1,0,0
KNT,2024Q4,9864,1,347,6a05b53a4375399c1d538261c4791e939538562b9e6abf22208d4e94646545a3,72eb03f8c3c4893a966a7680f8717fac061bf421324db4e6f595132cdc000a8a,0,0
KNT,2025Q2,10571,3,348,5bcbaa00ea5450afb7bfcb7a1bece58e1f5f13ae8c2343430520d2439c28fdbe,1f46af4b9eaa6b149928523841fb0c6fb82c64bb64533ea1babf0d747f9841c5,0,0
KNT,2025Q4,11307,1,352,c8795c9897b035d7a045e4e14a631ac93892396b0cbd9a4ff464a09a7640000d,e5255a1e84f9bbd8a08c6b7ca9a3ec4eddf2cb10e48270f9a1f069058b7144a3,0,0
KNW,2024Q1,11801,4,367,6741cf31ba4399ca869f3f1a083e11778f7391b7da183af432f3afb2a1ae62c0,c6f477c05c215af17abf16a404fd4b6de612a725dea33445784938280b386492,1,3
KNW,2024Q2,12120,1,368,f4f2f31402a1d99a2cb72d0cff6d7d97229f823f4734755dc23ccc41bc015ba4,cfb436f59fd90f48de462bd4c70a516b6bb39f081b5208a870583942b81826c5,0,0
KNW,2024Q3,12456,2,367,d5c383552ae2dda256a9eead721024bb1bfc6e4964f110e97b833b428482919f,4e0e3772d9dfa084c1c1a201d0d01762f946b5e68f01db0710698477be66cdbb,0,0
KNW,2024Q4,12830,4,366,fb72a7ee99157edc1458c4b6768901c49496e44875e4742051b702f1fee5d9ce,c64b4cf52d56268c682f73d4f32d373f88febabc791525f855a5e16bffd57aef,0,0
KNW,2025Q1,13084,2,362,74ba252b0ed75f4342041e89c1ed120f51a5d7aeb0748d670445cfff143aa48c,52b16475eeaef9bb81897fcf047f2861d4400351ce013c579c726db3a9fda0d7,0,0
KNW,2025Q2,13424,3,362,d416d29510c0a17a63f82588409036e87eb968659d5c20bd362e0f8d0a222e3a,e7dd8df7e41306403bb4ad8a9df323fc116bef1fb7aac0b536cffaf86e7318d0,0,0
KNW,2025Q3,13789,6,362,74df5402099676fcedda8cff479c132cbc035769e480fabdf7cc4d35e94cb5d6,6bf54f291dce1dcdce697d3c4385ee93eeaa457a4ca545ea9264e4f7130ca8c2,1,2
KNW,2025Q4,14289,3,361,a9074a4a89abf1fe455cff2717af3ceeab8e5bc15eee70d1315a5b56ea530671,28494085a680b47dbf280a927698d16940fbf6811c6acb1e285ff303643be8d4,1,1
KNX,2025Q3,1254,2,423,6632694a1795e87c4d812758e931ca5e8c0bcadc347b420cf1e715594cab55f0,40e104b1e4dfc8d801851ac0162892dff8444547d042440403a68a3ee171a466,1,0
KNX,2025Q4,1322,3,426,18abedca86aef9f91687af266656dcde54ce8a946a44720269cb55d4fafe73ca,61663422fed19c2943a641aa37c5ea1fc886b527f67481467cd807b6fce9ef95,1,1
KNY,2024Q1,104,1,499,d2487066107750723a1c630c736c6c874985c5a43ff28e838bb2ae8b1fbc08d7,8cd3e7de608df5923373208c69af64501c7758519db06ea606bc8ae05d99be4e,0,0
KNY,2024Q4,106,1,504,982b777dcb35813a15568441f4748c23cb8717cd56990f1a1e4502c9cbe63359,f624dcf018bd7117af2c0ef366f6025a434c1a89c33a122df101132ce5fe9074,0,1
KOA,2024Q3,9,1,516,41753fa2b6c2e0f453972fee2eaa4e683aa4348c120c146c23b57090dcbac8ba,fdaad9580dfcec1acfc41367e03d8b8c22a0addbc4921a87777990153f78028c,0,1
KOA,2025Q4,13,1,526,2b50c1eb3d0414af3d99fa48e736bff1e485b407e647d21016b70885165edb39,d0925ed7e7326fd1da0599f4480b6028be72c31955c5064207f11ff98d94efab,1,1
KOB,2024Q2,10,1,509,67e83c2cde9f13969fd2cbb891b9d529ba5125d5d1169dc358e283854acb3bd7,0e7ce2c55b01e28812e7fd0b7e7682c2f5cf97d5e220080ed0c6f04b26b18df1,0,0
KOC,2024Q1,151,1,494,25816291b835beac31a9c7834fba6bd2189805474980b47c73d9b93b97cb7775,06eb7fdea1bab6560dba4c8e62efa29adb2f6f8a63eee0f278154afb1acda5ba,0,0
KOD,2024Q2,6681,1,368,2f782de8c14f52005ad9ee5d0b443a3af7fe3330a6dd19c546850272de8f255a,b1aaeba3e13fd0f9982c21d9f72fc11cc917413556eb3f9b99545abdb115bbec,0,0
KOE,2024Q2,102,2,482,24ad8d7af313a33fa10b2672b9caa74bf4df0b508a10ace2433722df11564709,ce13a65f8074761a21881054ea400017cc4c22efc85910ae294bf56eca32b65d,1,1
KOE,2025Q4,125,1,491,90d4672dc60a1c6ea9d0f52a11af45d3d6c3c47ee1577d205c6b999347b6dda9,d7ec104e208aa981741ae1bc9bc2671e6c3a75f583887f14c33a0b2f8dc6c686,0,0
KOG,2024Q2,77,1,496,760ef00c818adca55516424bba00493908ff6b54ff425e1107dfe477b9635387,439fd981edb3e2f2627282b1b655676cc4176970a4c243218b851672060095be,1,0
KOG,2024Q3,78,1,495,e33a157f93c21d57092cca8b3a15e42f503f4547b2ebe799fb0bb209163b072a,fdaad9580dfcec1acfc41367e03d8b8c22a0addbc4921a87777990153f78028c,1,1
KOH,2025Q3,4,1,527,694ddeef0e08344a1ee47582172c4ec0c9c581e1af1c3f6e27caad54b0efd5ad,3659cacab05527b55657926c7f6335720a935c7202daf914d7562dc0342d2acb,1,1
KOH,2025Q4,5,1,531,9af7753bebb3e642cdb975affb18a3a5b61cf5921b1955cd3c68ea88c6a46388,2021bfcf916adca8c3c724e44ef0de9873a3b8b8f9d00974868d55254e755982,1,1
KOI,2024Q1,11,3,507,939bb66be4a4a3142f81597766c98b1b135d076aafa9f9793beb39e3ba92d8d1,88a7e374f160c63168549ec3f586838c9fd77a69985c741b38414ea84c6008b2,0,0
KOI,2024Q4,12,1,510,7f57d8f66eb31cf13fde7a5aabf712e97001384816bfcebd1569c41bc2e1cbcf,0e7ce2c55b01e28812e7fd0b7e7682c2f5cf97d5e220080ed0c6f04b26b18df1,0,0
KOI,2025Q4,13,6,519,6af5ca2909d6ab4957ceb688e3cd57565bb8af9615e66f58ce0e0006d69c3abf,c1e3d81181a5f7a1eb56bda391010cd26bf50d374be8c529ec05585655fbcf38,1,1
KOO,2024Q2,13,1,513,60a4d6f9de72b2b644d460aee8680813f18547efa353893f12161bbc8ae8eebd,38c09c12833d504dfcc0dbdbb3d4ce61b2e921adf0cf8cc9e741a7704f3daf14,0,0
KOT,2025Q3,369,2,516,043eca6b83bf9155c7d331100c6d28a6f2a40947f6c9f0961903b82aa838409a,0f566707bfe1c9893b1bcc3b88d65b5a7c966a34fd89291cf4812c169a629546,1,1
KPA,2024Q1,1071,1,440,065bf8257009da2041de09b6264cf69ead31aa174709198f3e6cfc203f95bcd2,f624dcf018bd7117af2c0ef366f6025a434c1a89c33a122df101132ce5fe9074,1,1
KPA,2024Q2,1091,1,444,925e6339b51c6e40635495b3f06be9dfe109e0efd35a689841a3702842ae7623,e510f67624be6d9dea806b0c95de75ae52b169ee40f216b47ba31236cecdba5f,0,0
KPA,2024Q3,1120,2,443,64d61523ab151578562fc0bce629dae7c72703099ae3d80fd69e84e3d2e2d4cb,a5a9726ae4f11ebe4eaf00a952c2dbec86b7af38af62745043f1cbc5e87bf2bc,1,0
KPA,2024Q4,1143,3,442,5d9e97c570c7273bd9dc67d285201cc36d69f980914eb88327308765f99514e1,0e03fe6a7ffbb5e39deedfb0af1190ba6f2004dfab13c6b38906cf601a1447d1,1,0
KPA,2025Q1,1170,2,439,d7ec15766e20eb55d8c8344675a18cc803839d75aae022886f01b06026824981,68fe4af5e00c2fce17aae24631e59dc46f4fe3234cceafd035dbaf0a5fcb6a17,0,0
KPA,2025Q2,1191,2,439,6d9587377199b5890ef87e4ae78ccc4902627d98ada96545dba00601f3ac1274,3645cadac85387fb9f6945e99a3fecbadd37ea98cc8c8a810c542c8b50f1ac0d,0,0
KPA,2025Q3,1212,1,440,315a4a652f7dd132dd615b960f8aca4031b7697c91a2ab25a8f1a3be61d770a8,b514795fcb021b5d26c110b7507d228de6666fc736bde58e16aca507b2ea3979,1,0
KPA,2025Q4,1217,2,444,55bb7117a517f6a3a8a91ceb6cc21fc03913342ff042df89f33e4e63c50b324f,bd4d6e55820f294871ae5e817d6f610cba2eaef8260e944b71f06ccecf2e343a,0,0
KPE,2024Q2,785,1,460,efc144f6ee52253db748ff4f17266cf416e43dbedf0fc5bf4aed770ba6e8f066,cee2fbb31d973fe5bc1cf5f4ebbb6b5126e1b492e2078948bd234028395af8a0,1,0
KPE,2024Q3,828,2,459,b2fa63e9d67173ef878a4411acdddf87dc50a781dfebdc93919af323f1efb974,62c7423859767b6918d9ecd4559b74db00fd937f6508178eb36a4bebca38c1e2,0,0
KPE,2024Q4,865,2,458,d6ef2433bfb0c0e1b55eb31152af571821d206631c7f1a4d95e515cde8bb4b5b,31b97b1baf68440da2c0e8c649b34e9c9c5016ee210b8eb15375e6afd7f80538,0,1
KPE,2025Q1,911,1,456,eb64b0de358b8a1773ffb9fb2551ed69dbdadfa638d05db9f17e536268f72ead,ddde9afa062c0f134f6ecb6b9f083ce8f6e77f9acab065a41094f525c04a5d59,0,0
KPE,2025Q2,1000,5,457,51babe0386d7923d92df71f409705dbb40657b97cb97a8e99cd2aaf960336bf4,56c40a8cf5c81c4e7b2024f5837c25439c52b42aefe42fe395281bbca8828288,2,3
KPM,2024Q2,3,2,519,784b751ff956f0d096c315dcb25df7c32ad6499843cb9f5c0510aac2e6449c2c,7e2e43c24737634b76a032972efc7414d8afb3a51d92ed659c31cd201604f160,2,2
KPM,2025Q3,7,1,523,c1fef80c367129c6abb2d5e6f176ba04b2719f707ab63418bea3e5b6cf49bd22,c70d5c156085ea935b746a559262c0c4fc76353db86058be7df0a2cb827d68c7,0,0
KPO,2024Q1,470,1,482,9b4cc409c6cca7bace948d5ef96eda4c5672eff8bf985ced762ae0f3f1e84181,e23191cce8b013609a93fa6552ce263885ebb9abf128e2eab65b73c69de62b70,0,1
KPO,2024Q4,715,1,487,cdd58bf24bf27898268aa654d37ff84b0c4dd456b3d096822b6ef7807b426fc4,639c0853fb0c447ea4ae2ccad50b169129c5b47c8755b913897dc9adc29c0497,0,0
KPO,2025Q3,806,1,491,816b0cf57181003fe776794c556ff23e4488ccc7d13616d5dd87ac41e94df463,e397784c48b2128e957f45ef79f152203f0e86f32f8c2cdf8b1db70cd42496a6,0,0
KPO,2025Q4,814,2,495,f6f31b9fd2c3b458a4e3a9f7a649bfbc6f0ef1d9e825636f3cd5a16c083ece5e,8f8d212985abbd22330fd98498fec00f240ec911255242d582b0b995e071d520,0,1
KPR,2024Q1,221,3,460,5cf04cb5ebf0da05019c1ff7c94b893a7691ae6f844c991763f8815ccdf2c2ae,0f8dfc7bcd456ee4989b643a9bb5814b1ed4e5134fa39c4f6b200edfbf96556d,0,0
KPR,2024Q2,237,1,462,e9aed45056ee9909a644b3591829d36e1c6c7ba746eae987d6c8be58492b892d,8891594f74b9cbbc02e7818fc9e2a5c538f57b26003debd82b38d053313caa7f,0,0
KPR,2024Q4,252,1,462,b5eff5e761c7534b5a6f58062b99390d41cf7eb3f2dad539c66ef1deeafb6204,f23c70e5d4285e245684941de63229389e9be898ac2244e9d7b2af4f691a510a,0,0
KPR,2025Q1,255,1,461,fa3bccf9d99d7dd0892518283ad37a9fda3743c231e7bc3c4a5e71b267502787,0e7ce2c55b01e28812e7fd0b7e7682c2f5cf97d5e220080ed0c6f04b26b18df1,0,1
KPR,2025Q2,267,3,462,597d2bc3a22d0a8aad9957fca23ff2ba848b5c90c5f16291ced11e576524a4cd,2c0ec95b469a4f36178e691cd93a69f59213f424eafbd99715d16c8bc16bf22d,1,1
KPR,2025Q4,287,1,467,633d68f5a75cde7a0e3dd709c906be238387660d200bdd1d59323b9ef62a85b3,e23191cce8b013609a93fa6552ce263885ebb9abf128e2eab65b73c69de62b70,1,1
KPS,2024Q4,192,1,476,00f4552e6ff33b4be3b95ad2540af6691c5bb81ecfe4ef890162d5bc19607601,ac7f1e728789774064460738975f157889c8ba1ae094065abf368853cff930b2,0,0
KPS,2025Q2,224,1,477,f3eed6bf792d81b16372cfb92b0af5f08e4a874eade8f00e51f2f103a0f31b21,c1ff6c3f31107763f9e4a48f48297d7ad25a00999a88fca2a76a90f77068b597,1,0
KPS,2025Q3,227,1,479,d0eda9868d11fe05e31312e1c534e57f25092db624b9901c421746daa38234d9,f871daf976560eb79e3ef5cb85b3d2d6a3d7697323456f5fb281da2a26de8a6d,0,0
KPS,2025Q4,228,3,483,f0df4f70c0b870f330a698e4a6c77b10af4ce8d409960dad19e0dd480592acca,bc627b401109123efb9bdf53eb98ac6aff26984ac074ae7eaaeeee26b3d86700,1,2
KQJ,2024Q3,2,1,520,570eb46c59d48f5334f207b3c41f2ee341739c4ae5f7f382631cdd389e518183,0ff25e7a663ac5de6078c298b325256a8c68a51b21eb3248d83748127cece7db,0,0
KQJ,2024Q4,3,1,520,a4dfec9bbeb2b04973b75cad84ce0cc44573a221cf2edf7bedcbcd0b265a296a,3659cacab05527b55657926c7f6335720a935c7202daf914d7562dc0342d2acb,1,1
KQM,2024Q1,50,4,495,5dc17edb8c427f421567428df5c00d06b58525380e7aebebdb4c96f4ef89f3db,8841d9097946c8addb2afb694e4845bf7ed3bcd8e258337bc5ee224f4e99264b,0,0
KQM,2024Q2,65,1,496,95657de620409c952e9c7c2804cb3d7e8b4619d0f72aa4a612e4fa4bbde7928c,a870dcb24a5decb006ff62fa84d61e196ae2ada80b26cb1f88676e14c29c6c22,0,0
KQM,2024Q3,68,1,495,f6f7b79c67f9f8e72c44cb2bc9334868d8623c702e495b68f3ea562a8b29a6b8,58e19a0efadc3bc3a17da69fb3588c5b1d53be82a6052c293aeb522c7e7b0334,0,0
KQM,2025Q2,79,3,497,423746051d69b9fa5bcb9f834be1fb28d3fab5d21dbc467d70539545fa1853fa,cc8dbb9f8ccf32932476a5b3e3f4dc901e62fde78e95f9852d59f8207a49f383,1,0
KQM,2025Q3,84,1,497,b1b742008dd043013010747944e90c8acfc2becd00caaebd7fdce1192068747a,69c9b47649ef5fd9ebd2d096cf6ac8a423c34daacb3af8b0455b7a4d46370e03,1,1
KQO,2025Q2,156,1,496,4e63f0aa747557023ade9f9af664fe8a9f209a88daf353e7501e684f56918b96,ac7f1e728789774064460738975f157889c8ba1ae094065abf368853cff930b2,0,0
KQO,2025Q4,160,1,503,5c315ba6f0ac0b9394db1acf0df57deaa3758604f61f758080b914a1ac0762fc,fac6b53cb1d57486f3d2ac065899bfd6887583840626edea76382ea21d4e03fe,1,0
KQT,2024Q1,43,2,492,f021d4ba230ab2ed6a6f95927b983e756574bc9d9a9f6471284b7a36e8a77a00,982621595fbbaf59ec4670fc69f85c691da2c42cffcbe0d64ad1b015d9555d0d,0,0
KQT,2025Q1,49,1,496,b97ce5fc3ec5b58ec1bf3bdbc6b61863db752293f02ebecd6acf38606404eeda,a45a4d8ca8f3f66cfe922287ca79f1444322afd4d71aba862038704c11a2aa0a,0,0
KQT,2025Q3,53,5,500,eabce69acb339a5df78c65fb75eb1bf15cc674d62e271ea0283d3628deaadc08,917362f4c785b000c3e889fd559644511a60118226a1c086bc2957d3997d635e,5,1
KQW,2025Q3,2,1,525,897f374c1ed846513e5674242d6daa6c88d89f09ff484db219a63c545f767ed0,2021bfcf916adca8c3c724e44ef0de9873a3b8b8f9d00974868d55254e755982,1,1
KQZ,2024Q2,14,3,514,bfb6d706ced8ef0cfb5321e5f60de876de49154df9b3f2e327017ecdff0e935f,7fe65cf61a2816d54e62ed1649d2658cb6383cdc2a6b96cc22a8c274c6bdaf60,1,1
KRA,2024Q1,2611,1,416,abe4f7b3135252901e8678faf81ee9122cb2a79ed8ba36c133f9829eb0945856,c9f2b8a642d68695102627d731d0431a95f5032fac9531979943825cb7593edb,0,0
KRA,2024Q2,2800,4,420,7012caac0ecaa74d1a1657deccbc28c83685363a398c4b0de39d890b3b8f3b2a,4a7f75f27360fba564d48eb2c5dc502cddb3774367686aba78a54df206563016,1,1
KRA,2024Q4,3259,1,417,a40fff93c0ae3311d5ae9f43e1d4580bf4e5a055c3ca40db19923bd8cf439a72,c50676334ed094b5baf7bd86428ee2bb9d4a49c7e13079f27ed7169257dac705,0,0
KRA,2025Q1,3556,3,416,599d3f8441eb184815c526a0255d44f5b91cc77eaa090a6fa9c927a5790bfdf0,39e2661c0a71278d01e6f7b653f31ce89d48d129714fdb2be0af635a6272d602,2,2
KRA,2025Q2,3910,3,415,15e0ee62ab1ec94da1cf86ef4ead5cbdd0ebf7a7c33cbfd6d9918195dbe138c7,f5bb530a23371a3c67fbc99122c71678764da87014d6ea02f08fad457d0be65c,0,0
KRA,2025Q3,4206,2,415,e6e37de31439cd4ccf3d4de493b598e9f64afcc3bbc61e7a08279fd655f7a2ba,2764f858e6b741ce869da36076d704b747227b959ab9d2461a077985fcaa3bb4,1,1
KRA,2025Q4,4384,3,418,8cca2599b1792ccb1d3b876a5aa2afcb02570700fff1a4934ef2bffa81b2d0e7,82fad67eea82f5df8183a41ade256f32c0d26e08db4d5273a6aab6ad79258346,0,1
KRB,2024Q1,98,2,497,bb97792508995f4e65c5c054264890491c030739c7f8b6dadb8f487f40f1e846,1c8fd735aa95505ce10e4f2a12c39c7ce23f8d3127940e862707c85c28354a4f,0,1
KRB,2024Q2,107,2,500,d2cebc37f9a4b842bf6be369d39e208afd8752e2e2a5e136121cba2b50ff1f70,846769180c32dc331f293a25248f1091bce36fe60913280822f58b954ea02609,2,2
KRB,2024Q3,117,1,498,1489e6e44a40eb6cc359ae343d0ad0cd8ae7d56cb8f1466e42b5e008b74d4169,191abb451fc1a7fd9475e2b550d1238aba07bb1bb20bbdb1f1add006625fb9be,0,0
KRB,2024Q4,128,2,498,a47bfa3c3fef08dc1dee0d9081770a4e5ad39e4bc1601d8b6212e28014eede95,58c5291b769a10c7a85206fc484fecaef605d22f011bb0a9e436963ddee7eac8,0,0
KRB,2025Q1,138,1,496,914a209003a96b3817398ac342ff8926879d7ee82c4fabd23e3e2e41256eed56,221324166e41feb46e457f0490759eaa3aa9a12f6071baf143042e787b07d16c,0,1
KRB,2025Q4,156,1,505,328f19c65e11d7ed55ff3d01a294af8ea38834602f791adbfd0b111557c43f03,ed64a5a5322ce493860dd99ed952f99c5cc4857da12ed346aea053ed4a0e00c9,0,1
KRD,2024Q1,6665,1,412,6e0aae83f933428d3ce265390be80886bf10bb9a6919af72a62419176716444c,e54588853307d1ee93faf839437a12dcf0969d3478f0af08fc2731b59c196e87,0,0
KRD,2024Q3,7472,2,416,79eb24f9a9819f05c4f93281a6b71d6b7e19e3fbcf2300fb99388501e0d3df87,fe79967855d3b953865b74a52cebf1c69933a176b141823f6ceb31b0327c6753,0,0
KRD,2024Q4,7817,1,415,6cc35652839e5727c16e3f526732dbbd136f474d8535d6c6e513aed4a3e4af64,cee2fbb31d973fe5bc1cf5f4ebbb6b5126e1b492e2078948bd234028395af8a0,0,0
KRD,2025Q2,8597,6,416,2bf15a4b3d5a15d65b2aa933a7505df7cf61542fbb29e6e84b525055f32560c3,471d39ef8f5b855227f5779a34ab8949dd26b90da7ddde217a7d7da764860c29,1,2
KRD,2025Q3,9004,1,413,3975cfd06a5b29e07b844934141704e99e6cb14c7261f54060f1b04f97ecd9a9,9559394944156fb2a0c90f41e331d152be56122dfcc492384b2e1292f0e74ae7,1,1
KRG,2024Q1,6991,1,398,9388537bda60ce57503e3a3df0f38e3f9890f3e7be082aea713ee0d871a3d17b,439fd981edb3e2f2627282b1b655676cc4176970a4c243218b851672060095be,0,0
KRG,2024Q2,7275,4,402,8bb2096e14ded7801cf19087aebf98b45c67a32ad2beb826bbf58be08fa7854d,bdeebaac156d3e42a2046f265f2c61969ccba8f4f349656642506237f91885d8,0,0
KRG,2024Q3,7476,11,398,365b8c9f3783e2c707703e6fcc77877b7e9b35ad1a81c4d5eadfc4a70b65c0bd,b8942cc0f5c32fd7b3ee9f883edf67150b76e76192a9fcf0d61a1e0654b1ca9b,1,0
KRG,2024Q4,8172,4,388,aee6bd8736e2f9270211a5f37eab04cf242ac80b930c585990dcfda3a2efbe1e,49bb16ded7d69d26a1da5d0a2907322c0a853c83823d9171e160d3834279f66e,1,0
KRG,2025Q1,8536,1,384,7a4e65d363dbf4f167a5d89f6486f32757d94ab9bc83b0b5eeef5904ac1ece2c,9eb3e3d68be8c1a965453cc0c64457d57a26b490d1a9daeec1d92454194bac30,0,0
KRG,2025Q2,8692,2,385,9d62e9219018b683341f5bee4f6e4cfd3d77b4f21da9197be0db49b785beea90,435844c24789cb62e2fd2c01614d0f40c8f200c535996419143ef1c6d2924d2a,0,0
KRG,2025Q3,8879,3,386,b8de090dad5283d90ad966776a6cbcfd7032e29e4078689af96962f6501d7a1c,eb7c0f58b9986f4de2ae52732d466fef1e2b4c3e9a3009eeb5dc2fa2060da9ae,0,0
KRG,2025Q4,9126,1,388,be9007cf49eeca78bf553aeaf3dc7eb36c7442db37345bbad57beb4d6b4520f8,9e75bf69254d8b404ffd8b80b234080c041ac1baf09ee4fd2dba2b6153117564,0,0
KRH,2024Q2,1920,1,460,c44e2195d13112ee12f84718ee56e50544427082a93e1abc1daf9824a9d61dcb,f624dcf018bd7117af2c0ef366f6025a434c1a89c33a122df101132ce5fe9074,0,1
KRH,2024Q3,1999,1,459,18788df5cb45fc303800e2550665e5ce686fbeaf0689e33b33442930ed6b4864,69c9b47649ef5fd9ebd2d096cf6ac8a423c34daacb3af8b0455b7a4d46370e03,0,1
KRL,2024Q4,44,1,511,b9b1b02e2e21f4db3506190194cef947f7f9911355dd506a75de303b0823e536,de4083f4e5c33620cfccaab77a0519ec09cf957e79b5f188e54363c02babcac3,0,0
KRO,2024Q3,4315,1,410,25fe5abb187e215318986aec44059281adea6edbca7f83b66051f2bfb3f123d7,3a1e5609b007ecd35a27f4b131c5322cedff44f76463cb75c2d67dc2b8143300,0,0
KRO,2024Q4,4511,1,410,c00aa929b520cc66272c6e92d414cdc800104d01343ba7ab421e7a6f11b2fead,e2aac888e338aad48a76af4e5a291166bb3fea817897380c6507fb1683dc8729,0,0
KRO,2025Q3,5104,2,414,02f60e678d0dec161aea592f884d63300640f51025de13b678be70a70015c75e,5db8f1538105ee8709207343a5bd6c8d1036122a591a5f24a06470645640c28c,1,0
KRO,2025Q4,5400,1,417,b7bc1cc22c7c173fa51e9a66e9196eda81ee55cd03fb29ccdbd40fe1154dee9d,4e9806520a6dcd53f7f4edf4e52d8e8c92333ff197cb93ec1019a6feaf3d3a79,0,0
KRP,2024Q4,1,1,521,0bcb08ac12a5c637297759af96943d9ad3ebefbfe437e9885c07ed163fbb66e9,0e7ce2c55b01e28812e7fd0b7e7682c2f5cf97d5e220080ed0c6f04b26b18df1,0,0
KRP,2025Q2,2,1,522,b95188e265f7bf40fd0a3a8c048d81814489baac11257a6bf53acc18f72a18b6,5a489744f0e6044951321d02f4b36bd22ee1bc9b699313c30d5078f30abffc57,0,0
KRP,2025Q4,3,1,529,f0f1745f43be74cbd19b8102bd159a3ec405d5e50c56d81eefc9c4d08a75cd75,2021bfcf916adca8c3c724e44ef0de9873a3b8b8f9d00974868d55254e755982,1,1
KRR,2024Q2,52,1,497,196ff2027f4f6db3561391f8b58b04d25a13cea13a92820baddf1884b0c7b9d8,191c83ef3b46c3098e66e64b58c90f27a6ad43e7d675c97e8e54a1581c102456,0,0
KRR,2025Q4,81,3,507,bfb7a82ec6fb774691b77efe56f232a6a851ee31265dce9c197e95f704c0663f,f1ec727b683297eb33d21b87343ac9e396d99fac3cc79b80223a0dd01d7f8309,1,1
KSF,2024Q1,14,1,511,3cc9da457152218b716295fbc83b332a434118335624c45613cd4a34072e56ec,57dc770617ff6777df87b210b8bb9f2b9314ad58ea38f8ccb79809f0ae688261,0,0
KSK,2025Q2,1,1,524,6caa3895ce30e58f11a6d15e0cae3513e760d89606057a540261f45cea7f8dd8,e545563b497023690c9b474b0e63e1a6ae16dc9d52f7ab31f156f6d4219b072d,0,1
KSR,2024Q1,78,1,495,c6617510d39459a5ef7252fcef4e07515480fe5c939cd3b80995ca69fd1e3df2,e23191cce8b013609a93fa6552ce263885ebb9abf128e2eab65b73c69de62b70,0,1
KSR,2024Q4,102,1,500,4bddf296e8d00ce323c5a3a10748b0dc3f16ea2af26b841f71835106ae273160,e397784c48b2128e957f45ef79f152203f0e86f32f8c2cdf8b1db70cd42496a6,0,0
KSS,2024Q4,15,1,513,0fb55cf330d23d64db18c53baae97f5ea800edf273cd2875db38d4c5ef078e46,83032922b0a4e4a72f25138cb32888e92e34379360d8bac23225341e0df69cd5,0,0
KSS,2025Q3,16,3,517,1c618a4f323f612ded0047bee47eaa57da883f9b016bee1d77f97f99aed11c6f,df644ab3b4ce09b16c8cf27b149aa73d7476699f8431d84f79433f1f714813c9,0,0
KST,2024Q2,19,1,512,6a84657c8dcfbe80e6b0e9d6581cd630058e66948019ccec329fd3a36c2e7374,e545563b497023690c9b474b0e63e1a6ae16dc9d52f7ab31f156f6d4219b072d,1,1
KST,2025Q1,21,1,512,12b7b960d48fc9e7ce27118e504b8cc78292c46d4a1e4d421d3c4d1772220ca1,598a368849023e0238de665cb5ad2506d41b4ec6497efa2fdb6b432b05bd9241,1,1
KSZ,2024Q1,678,1,466,46490eb88b81738875b860502cafea9e19b5409a6521b36799f58f5b705e9f61,e23191cce8b013609a93fa6552ce263885ebb9abf128e2eab65b73c69de62b70,1,1
KSZ,2024Q2,691,3,470,90aababc9f5243b766274498db6c47ad573eea750aae490a92c9ec897c4834cd,c1af34f2d0a35acbaacf686614094bc2d0f576a88f57ba647588233a54991dc7,0,0
KSZ,2024Q3,707,1,467,9c6154b06218040f5afd73dc7e993db89ee54abb323a85c0261ceb68ccf48c3e,e397784c48b2128e957f45ef79f152203f0e86f32f8c2cdf8b1db70cd42496a6,0,0
KSZ,2025Q1,744,1,467,252af92dc8e7d16a34b16b0caa0bc7dedc41d975aeed634a155abbab257e7ef0,fc0375fda03c007aabe32d6424d7d5b940e0e028a0aae370fa2ea307d49e50ce,0,0
KSZ,2025Q2,772,1,468,32d26576b4932687fdf99bc3fdf7049d1ef3ee01d670c27856c121f601fb265a,30731c20afe074feb0f071f38be137e66adcc48d75d7ffa215d0e88c81e89f91,0,0
KSZ,2025Q3,785,2,470,dcf2cd5affb2c86eb5ac4d701b4ecacfd36ee748ff11e836397671d2c35eefeb,4c6a93909fa0efa4a8809431dab259c7dd8d5b346f1b5e8cbfe37dda28a1d1e8,1,1
KSZ,2025Q4,799,1,473,2ada2b297461d2080955a3cefcfb17f2df947f3872489f36e7b943c22e1ac17a,4fd491a5b3473c27bdbd1aac56d72b92ee105e6bfbdcd62a3745993504314863,1,0
KTI,2024Q1,372,2,459,3ede332b7d4a95bcb8fade522be33d92f5e38f0716e7bb826193ff8a5d0c841f,7a043633f4af8cb14467753ecb5192daf95fe207cd2179de621830a588f35162,0,0
KTI,2024Q2,396,3,462,5207d2545fd8f668164373e1fbe05f8268c2506fb0ba42aa81f07d6ec651860e,0a77194ba3f865a2592a96bc83afd73fff661170044e234dcda1f43b06700ce9,0,0
KTI,2024Q3,457,2,459,9236e108be7f5514a5c09ae3a4743e5c224600b3f94048d75bc4dae90934f7bd,983c8169f99bca6a8d8c8d50e809f7d4dc8aaef3cdec89df89b439afeefdb60e,0,1
KTI,2024Q4,485,3,458,ba048d923708bffa8b5c30edd1e17411c6d7a13bc6f8b832da7dc0aceb9fd720,3efd75793ff32c34b29a51800243117c91442847a16b78d0cf2ee3a02d19510c,1,1
KTI,2025Q1,521,2,455,d46a56a096c836b090a65ae47e38d4d3c1af74e5ec5a51e1097487766ca59287,13dabda9b4a454ad91860d0adaf3ac1f7e16497f5dcda5840589859dd743f09b,0,0
KTI,2025Q2,552,4,455,fea8120c3bcdb644517674cd0fe16cdc84bb3968edb3914e72fc083de0e1b7dc,28efb57976efac33b05489bdd1e93be2cbce7fcc9d7cba10972ccba9ed5224d0,0,0
KTI,2025Q3,592,2,454,39c1523330b83751f30173b5971daf0aac68521e2e8bc941a2652e0b6d73b235,7cb7089ad94514f614aa3289555aca18c956fa1c199cc2c0dee552104ad59b0d,0,0
KTI,2025Q4,637,5,457,7d35b862519d6e47f2239bb2bb7d3d84819f5af8e47c8f1155c1c06eddd85ca4,b0ea99a3801ba9ef4d43c0221a60e5fa0f86f9b7af20773118f7d49ffcb4edee,0,1
KTN,2024Q2,4,1,519,f285939c06452bb55e14eee4dfec28fcc30e7b4f1d84eabada94923c59021e70,642afd0c4301a0fe639c483bc95e6532b9d55e8d36c16a0eed5187af4472e194,0,0
KTT,2024Q3,4153,2,429,c456c829afddfd9fee12839729f44274e0a70b1ac57f4dd2094a83c13de521dd,c5c3e21c1ba6156fb11399a13af6d4371863f30f30397777b7a0382640718cfd,0,0
KTT,2025Q1,4407,1,428,e2d832cbae1542b32eeae3ec32284ce2889785e1e0d93df523c37c45b175607c,4eca1e6c29a9ef0ef18bac5338972a30a2024c93ab0e76c6f6a929055f950bef,0,0
KTT,2025Q3,4836,1,432,9c97413400d3c2564fe5110fdd0f5dee1f05f5eda95c6ea09e7205301e7b70cb,71798fa4b4cabca6ba9d14739146ec22200e76b774043e4b21c6f2898827461b,0,0
KTT,2025Q4,4966,3,436,c087d0421e9eee7d62d79ad8e9cbabf19d7b4c91e585348aeafd0c41a4c41c44,e3b8f075183d9074aa3845758da24eb478294fffe072975a477ad3fe71bcce17,0,0
KTW,2024Q2,220,2,498,22c62300a4a54fb12e66b40cae051471168d334a9b983d3c14a7a8eaff690582,69d6ded3c07ee64006011917cdde3d193f48898904bf202dba69c939acb84a90,1,1
KTW,2024Q3,238,1,496,219a8803cb9d5ff83e9fa27f5059aa474a5d78b4b7633d4955ecded1d0489715,0ac4f2a3fdf592a8a70bb0776a0305651761f12777248c2b67d116667d9cc46a,0,0
KTW,2024Q4,258,1,496,fc9aa535a76a8b01b1ace213f02cc50a8e7e4921ae6a309f766f223f83c069b9,11f2bcbd883dd7ef71cd843cff4a195669d3445df7b9b171d5234359e78a8b9b,0,0
KTW,2025Q3,343,2,500,0bb63a94f1e60e94c5000e877639f72f466fce02dc680b52fc456abfdd64df5a,3e5d5f939269d84367ffcdb023af8de001aa1446c8bca4f5b218b9f7f290e70f,0,0
KTZ,2025Q2,8,1,521,823c7239af6ebc6b6b1bc60f8f6b8a43d79f218b417ba346d75f448aa0f5ec47,cfb436f59fd90f48de462bd4c70a516b6bb39f081b5208a870583942b81826c5,0,0
KWA,2024Q2,17618,1,418,ea1e097f81f70861b09be52e7297bff0f8c3b32bcafd8ebb242d8898e6cc6697,5a211cab6c2cb85172de0be3e8e3c0cc5110e23fa97e5d85113610a3b85a285b,0,0
KWA,2024Q3,17909,1,417,18d44e5da74dbd8c63b90562a2167cfb62d53b162a8685df96f1fd10e4e6aa0e,91fbbba68d1dc574e38e2504c6295d5ec4e351769b3b84903e42fb39f9ea99f0,0,0
KWA,2025Q1,18489,1,417,d85f1978b61888ebd1ab5a2cc9eb4921ac5840fe7d54517249a8420dd8d751de,118c3868357412e35adc0a781ba0d2850d1f6ee12b138466bd9c9988ed432606,0,0
KWA,2025Q2,18785,1,418,688bd6dd64579da1dacf31542d7593413c5beb79500ce74ab73ff839c5121cd6,72f69ee9e5cf9108f868966bfba9ee450cd827ef6e28e359bbd03f57fa808f18,0,0
KWB,2024Q2,23,1,508,612a0a03d845bd060c306d3803fa794949f51f20093be8f414254a0f79803517,558b3aec709916b18f2c9ef4fb2706ed970885fe7e23bf25c552afe141b331a9,0,0
KWD,2024Q4,66,6,504,c9a9c5da273aafccda854d8c64bf63d13d12d6cc7004a10c7a39fe3f7afb6bc6,94180db31d5b8dc9dd6338338f6d1177a947e7fc7792d0e02ddc4ed91300aa3e,2,1
KWD,2025Q2,196,1,500,1b6ba453dd0c504b91acdbef713b5ad8b26e67d7bcbbbbcde6f15bdf38d03543,3ae3d218a8eac87e03237fdc4a88f599903d51d06327066df9cbee60a7635f5b,1,0
KWD,2025Q4,200,1,507,6b4ff2b8a57a3009c7a7d6d11f7add6d8933a247a2d8da347556c22a6d7b7679,72f69ee9e5cf9108f868966bfba9ee450cd827ef6e28e359bbd03f57fa808f18,0,0
KWF,2025Q2,21,1,520,30b4c82a86e92d759788353a68bba08a25f20c0e76826d2fcef931ada9bd1a82,221324166e41feb46e457f0490759eaa3aa9a12f6071baf143042e787b07d16c,0,0
KWG,2024Q1,9,1,512,aafb5cbe8fd0c1b5d7e7311b90c215ff8900b7ab0b96e1dd029c5f46a1def230,cbdd00c08fcd013e55e94815c31b8e42f822f7d7d47f2836753892256c8267f9,0,0
KWH,2024Q2,39,1,506,b18416bdf4463a3c707ce041ef134487694f3dad2b892e2068b644b18c9e5df5,a882fec75e44bce5cdf8c7386ef1b398637f4a2814e9a701f6013dbcb950429b,0,0
KWH,2025Q4,48,1,516,d33f316ac0bdfcfa692e4bc05e19bfbabc3c75e82f05e8d623f3220800667beb,e545563b497023690c9b474b0e63e1a6ae16dc9d52f7ab31f156f6d4219b072d,1,1
KWI,2024Q3,573,2,485,1c27e3f2a98d12ee34329a8d19178df833d0f8936882e8ac3c2dd4618e37d8a4,ca4d871968be30ae90d994f6abee9c155f0caa50a17e349fe03f6bdbb025694f,0,0
KWI,2024Q4,607,1,484,8c6852d738f8bcd2febc201fbd3ba2b94a36dcb5e2f2af3c35d9bd0f480d009c,191c83ef3b46c3098e66e64b58c90f27a6ad43e7d675c97e8e54a1581c102456,1,0
KWI,2025Q1,621,2,483,e71760fd3b74817d7657c5f8eadbee6b07a134f0cef999cb290affa83fc1f671,04e591473ce82adbdb67d29fd582f4010e47036c1f3b6cf116a6d316f9013c9e,0,0
KWJ,2025Q4,10,1,529,f3c38614630303b89aaa3cedbff5bfe3c568ab59b3f5140226bf07f4e1e9fa1b,b23fb21c958172ae9e27d15b40bc540586987750dc4f9d32bdaf9269fe89fc8a,0,0
KWL,2024Q2,948,1,459,96a65504f3c87ab8134302efc7280ada70bd2687929dda5e3ff4831ba2819131,c5f9733f86bcf327c58fb4809a4af33ea40945a8a967a865885ecb3042d77e1a,0,0
KWL,2024Q4,1065,1,459,ba250bb79bfc4201e27737c09687447272035614994be0d7f4f73d5812056180,85f997ec1c27b1c1cdbd26a7656105a64492fc87e517026f64b1bddd6fb18518,0,0
KWL,2025Q2,1084,1,460,f69ad563389a3043d255f6074d507b6ea04e8d54c79e5716e99f4b23b3908441,6b0f3b31667aa0f2ccdd5aa7d49159d1336831bf28e225872c7d04de70e5d886,0,0
KWO,2025Q4,2,1,531,c6e34a8b7c884f70d85d44ff460ced32be87448b0e9723e9be2be0ce7bc5acda,0e7ce2c55b01e28812e7fd0b7e7682c2f5cf97d5e220080ed0c6f04b26b18df1,0,0
KWP,2024Q1,2506,1,439,52cbad13565092a80dd06b07d65931d1d7ecf65544dfd031aacf08e82a9372e3,cbdd00c08fcd013e55e94815c31b8e42f822f7d7d47f2836753892256c8267f9,0,0
KWP,2024Q4,2835,1,444,68a813ecf45cf1569184952a6bbfd7add129198326d4c02d3293dc29a0aca5de,93e87a7dd2a819a544c8710d3aa40c4f7019ea995f5b83b82c8e4bcf1e4217be,0,0
KWP,2025Q2,3116,2,445,fee30d9417a0f6f45c0914f2ffcaa7c8bb4133c777cac51fbacb600faffd57e3,0d88fce2c5ad7cca6555797da22035cbca6a49b0264badd904c19c965fbe362a,0,0
KWP,2025Q4,3327,2,451,f1bc1a7f6d18f5b847d0d98148a92f8034786fadbf5382f5287c1e9c512d9d2e,3fd0faf07e60692fa39a809b3a50a127ea9d0392731a62e3c82ab2b16d136aca,1,1
KWQ,2024Q1,2001,2,435,3f8e68835c5540544f3d68c998555912c3e9aeb098d9ca958a30c4daf95c22c7,f68a6d4099b32b18ff2be31d3e5e9af41ee9d66552be105c3359d992ccee0c52,1,0
KWQ,2024Q2,2127,1,438,5239a1fe689637205b5e77b0b77db681fa227d10291b962906bbe74c87d959fe,0e581c4815066a7ff423d513a2adc5f8e1d1163835a251048a3f89dca2383c4f,0,1
KWQ,2025Q2,2485,3,440,050fe56ff819da1113a97d08ffb212c265f409c4e6aa8f93faaa282293693245,10ab9e345de0ad606563067f5d4e4e19cb85bb4706ee63b9040019ddc5aeb8d6,1,0
KWQ,2025Q3,2549,3,440,0cac00240c7c9e38fbc322ca32a3842933a9d63f4c7a110dc2c7319d15d7800c,fd821b33de9d0c308219b297dde1c80c19f81fba73033d615e3b17dcc90fdc4a,0,1
KWR,2025Q2,2,1,524,bd1d19caf0c6bc887f36e93345dd28907c0b265a5ad4686d58aae5a23f41b58b,84fd7a95f5415de561b15080617ec65d60ff3ce1263df7f0e3559d0d33b22326,0,0
KWS,2024Q2,8239,2,411,32ba0d32a2a5797ed1731e527efd27d205bc974ad6797136767f860e893653d4,4ffa0b2b7daadbc06a4950a8b8ed40f066aa402abf38b3f84584b937e61475ec,1,1
KWS,2025Q1,9793,1,410,ee61f46b0d9d8cb165a1a5e020c0ed9f7e396e9e30b3b1378a17f1d9675c11ed,cdb53b428208876fe35ded219a4d33663bc897e15a55c595ac0719ead2487a8b,0,0
KWS,2025Q2,10398,2,411,0db61df7f8ff9db08b870d68e2a2e943312eb1f285c43fb32a48798cf0fbef8c,3d22369b88faf21d6c7c6554b0931f05372bf52f740865d89411cc7dd9b93ffa,0,0
KWT,2024Q1,1497,2,445,50118752170c84883243cc576ed2b371097709e013f2ca98015f5da904bb837b,77ae4b965b6d313cc72dbad0ba78a71f266fa4752ece8d597161049962ce2056,0,0
KWT,2024Q2,1607,3,448,bf81bc60a146abdefda6c5df582a2fc7c507efaf04a067ae0c0a3d19d6eeb1cb,4cbb5c4da6187e2251843f6d4daac50950c517a232483e688ae54b60daec0e0f,0,1
KWT,2024Q3,1755,3,445,18c066a4a9b3ad4df3d738e48cb8b4afd3187e1d18add1d2fe60730c2008ea22,6a4956169cced4594daaa3cd55b4b203658d0efa11d7cc4cf0b6dabe23e60761,1,1
KWT,2024Q4,1900,1,443,42b055ecbc7ef504cef7ba41e8bc556bf66298cbf31068edfca16356090df132,5a489744f0e6044951321d02f4b36bd22ee1bc9b699313c30d5078f30abffc57,0,0
KWT,2025Q1,2098,1,442,b48cb2a1728fd5ba333e3b4d8e8fe0840cb667f1835661eb1113eba416009384,5fe5bd762629a8a9cb381c223e50c4a8e1fe61ff295966be187691694764725e,0,0
KWT,2025Q2,2288,1,443,60ea4312ce8038c18d4cebf1a4a1025d396872f6c8addeeee356534510b4b2d6,639c0853fb0c447ea4ae2ccad50b169129c5b47c8755b913897dc9adc29c0497,0,0
KWT,2025Q3,2527,1,445,a2a5162580b0239db37fa4eb01f1115cb448db8fddf6aaca9b532a1e6f0f1901,99ecbcca20ee1d8e82bec093d10acfd8cee24a2b9f6e6e746e2c0e8bf2b4587a,0,0
KWT,2025Q4,2668,3,449,b3b260d37e612fd2ef7554c80ab714dc598b8cab1fb7df754f08efaa82a1c3ed,1f5cd19b5a05b07c73ac8bace100ec1ac526f5ffa86668f3214f45c1cbffd134,0,0
KWY,2024Q1,3451,1,435,cbfe4f645a0875f7e8e96671201c0ee97651afdc625175d1308e79e4f21c664e,95f8db617c747748c872ed565dbc1331043899d3517615b785e79038c1d1909e,0,0
KWY,2024Q3,3574,1,439,2020a731ffd057bcdaab1c4547365bd01625aa4492cbe808577d734e23a8b568,85f997ec1c27b1c1cdbd26a7656105a64492fc87e517026f64b1bddd6fb18518,0,0
KWY,2024Q4,3618,1,439,5c2778a4d99493ebaa543865c241b7168510987eabf60ba6c0bd1c0432ff5673,04f40a8c8305397da67f43059e7858044f792a000c56dfb6e91f783f8d059f94,0,0
KWY,2025Q3,3744,1,443,1969f38efc70ee92333d020d6b528df1d02e587385c1324fe36ba875045a55a6,38c09c12833d504dfcc0dbdbb3d4ce61b2e921adf0cf8cc9e741a7704f3daf14,1,1
KWY,2025Q4,3790,2,447,441727a59f25b5b82db33dd7c607714fe084e408a92effa20d5a4a0af44d7635,76bacfe9b0b34c77b5a9ad502dbe7b5c7523ce55ffcd47407b0d8755a92a9932,1,1
KWZ,2024Q1,1358,1,451,54519905bb01a2dfbd01bad2a196e705b636c9d855d3e1991eed589518b76f1f,e23191cce8b013609a93fa6552ce263885ebb9abf128e2eab65b73c69de62b70,1,1
KWZ,2024Q4,1468,1,456,a330ccb59ce5d0ca65b1a144703525fec8db6279bb40925593f7d595b8c4c35c,f624dcf018bd7117af2c0ef366f6025a434c1a89c33a122df101132ce5fe9074,1,1
KWZ,2025Q4,1642,1,465,b993730c89ae15422ae706f8cebef3d7a9bddbd41919fe4a7ffca1947984eb99,67a8d890ae35fecf506ba8c84d2766b477e3cd7e99254f911cffbfc4349f5bec,0,0
KXG,2025Q2,682,1,472,d9bcd5954e0558f5ad096359545adf83a0576ce1e78589636488a92c2a9a9aa5,f871daf976560eb79e3ef5cb85b3d2d6a3d7697323456f5fb281da2a26de8a6d,0,1
KXJ,2024Q1,77,1,497,786acf820a1c3432d0bf7759f51e35d098b54c6f91867090b9daa89cc0196004,261efddb563af16eb9763793f4ef4a07ddf66db8bc9970df2550287de5d68413,1,1
KXJ,2024Q2,79,4,501,12b303681553e4e2379f5dc21f2556a5304999586e5ec1e9113b7c41c1fa0dd9,8efc47372cbc9abe04491b0a9f5b381076c8bccec1ee80d3b588b9ec9ea6f124,0,0
KXJ,2025Q1,85,1,498,759f41371b69742d24c91cc0655eff15f239c94196de8086370f4219b44f7685,8107037c0480a686a76710588f6f9147dd4b3142b9a06be3134dbdac277eeb50,0,0
KXJ,2025Q2,87,1,499,6b8cc354efb7302ec89dbd4ce1707116a704f0e2bc3cc40600fc17467215b860,59b5b0ae7d1fc2a634132930f488576d94a386df805610c17e9247e6d22ff913,0,0
KXJ,2025Q4,91,1,506,650b6c37fb829fde0a21146c3cab210569b23521c5b017b8d828444a41daf118,06a5b2ea54f190eb0a7e4cb555d3eb01cec876b77cc9f21a5335921a87b1c5a3,0,0
KXK,2024Q1,122,2,480,2ecafa61b2f9cc647e16e88224be67432e1c5c76b4eb37246a2b7bdfc61387db,17bf3d1afabc7f56aca5f673b1a60f2da1e66c6c2dd5aca2e6d6dc34d8d8d69b,0,0
KXK,2024Q4,131,3,484,705dbbf11d1cb8aad73f45aa74cca5b3f3f5e332ff6df9e589e1de7cdd738539,b8968a745c67ff4e1a7f73950183e1ebca5c5907048326b6191742465519a619,0,0
KXQ,2024Q2,2,1,521,00f9644319e8e8e21ac8cc7930bae420e5c00a8a5a457014d9a0c09dc01113a9,e545563b497023690c9b474b0e63e1a6ae16dc9d52f7ab31f156f6d4219b072d,1,1
KXT,2024Q2,16,1,515,4625608d77edf4a38dd626205f6329afb692e6da060b600801dd4968f266ab8d,ed64a5a5322ce493860dd99ed952f99c5cc4857da12ed346aea053ed4a0e00c9,0,1
KYB,2024Q3,2221,1,415,415811c8834fa5e2108143d13ac755027807eabdd4f56a44e66619d7c586fcbf,0f5d536b84f69377976d95d4eca5500e7bee7661e6d767b044440e641534c267,0,0
KYB,2025Q3,2631,1,420,19a173f91391b6723d7c18d645ef6e157014ea936383f81081b671b8ab859109,7d024877397800750d78cb8b1e4b4334f93a06c8894887a04dd7d301b5d8ca74,0,0
KYB,2025Q4,2733,1,424,7df32bf77533e38df22227aa426dc250fe8d22c216d63b843d5f05c1f38ab78a,0e7ce2c55b01e28812e7fd0b7e7682c2f5cf97d5e220080ed0c6f04b26b18df1,1,1
KYF,2024Q1,1978,1,441,1f6d945bd656a2a85c3a044ebce71ffd9ef8ba180b73c4638df38bc5fb1ceb01,de4083f4e5c33620cfccaab77a0519ec09cf957e79b5f188e54363c02babcac3,1,1
KYF,2024Q2,2048,1,445,e8d7f31ef9ea91dbced4645cd5e7972c6f94632580994d07bdcc76bb9a55965f,8891594f74b9cbbc02e7818fc9e2a5c538f57b26003debd82b38d053313caa7f,0,0
KYF,2025Q1,2342,1,445,110e89b693e4f7fe7c44ac6f884ac7393e9bfd16e777527d56cd417d3185c133,77453da0e6e495ed261c758a596530379f3f73e88e1be3cb22c1eda40c5a3e20,0,0
KYG,2024Q1,83,6,492,a80a59036bc057bcee9ac06afde39e21513d7c78cf74ddd9fdd733b094983d32,9dca7ffa473b3e727ab09e5238ffdd65bc85772bb04e71f655050eb0cf101e76,1,1
KYG,2024Q2,103,1,491,188ec7e60a09be8643772f9543e98235a8a61f887ddc0b4959489b8694ea13d1,fdaad9580dfcec1acfc41367e03d8b8c22a0addbc4921a87777990153f78028c,1,1
KYG,2025Q2,191,2,493,70dadfa7d08a5903a4137c270bc38b1ae40052b35ebd2d8b049df10e38d0cb38,d7c66ac8b5752509532ea91297890bc7f568a43ccdce29a8ac654a7b16a02c54,0,1
KYG,2025Q3,210,1,494,f8b6e35043b318cbce3c2db63bd949e8f7fb419bae8e644b8eab9e8efc84378c,3505a09e641e891d63441edce657c8ffa3ca4fcfe450475d764e26edfe1c148d,0,0
KYG,2025Q4,224,1,498,b7fa5c221b851d5d3021330186ed3dac6a2c6a4c9f7965171439f3bd4f677aeb,cd2657cc3256dc34f01d24922f8b6d639e31483b83667c471c56829d6559d323,0,0
KYI,2024Q1,22,2,510,89c24d8cf0caf1c08de2bb5b272b259b5837f120ed63f6adf19d827fb37fa6b2,1c4f4b63042a3dc453470cbfd4ea57aec78965d6ed1f6a11f6779f35ac82f71b,0,0
KYJ,2024Q2,185,1,501,41789d507da2f634ced1f9e8b9c8cda340ed068d844c9ad4568582f82a0af9ce,e545563b497023690c9b474b0e63e1a6ae16dc9d52f7ab31f156f6d4219b072d,1,1
KYJ,2024Q4,200,2,501,8db10d660c33b087971847b8135d08795ad51149a701403b0f34d90f05771cb5,c8acb10f203507c6b359441e594997d4beeab777231bb87f5950a53e599dcbba,1,0
KYJ,2025Q2,217,1,501,0a43babdbac1b3ee86a6e67bb9c28b9893250a0c615d0ebfd090553ae16c49ac,0e7ce2c55b01e28812e7fd0b7e7682c2f5cf97d5e220080ed0c6f04b26b18df1,1,1
KYJ,2025Q3,224,1,503,90e9b2fe83c4242716d1023616b8a726001630ef3de48ec0da05fb6690a6f3ec,c40b1c5676925657145ed816dfe78048de0e4e71d68b9535fc4da2f237454a0f,0,0
KYJ,2025Q4,231,4,507,96efd04d8b618e4996d48c03e77676568bcbf4ebb163ad1d8810a073e133b039,b9ba0661f093eadc17163c7a83d955982dcb2f80a1225068a833a9228f6f14d3,0,2
KYS,2024Q3,7,2,518,8babd64c165924a9f506839ceab3945002742bb4c92938ef240b1537528a3afd,414755f002d0d60e2a7f291473a79d367ad8367e9678e1561b544ad966e480bf,1,1
KYW,2024Q1,131,1,484,614f54e2a34c116b093a52b9a565ab6039a7925da946579265f62bd7ab768478,99249405892de7687f34281cd2e00b38d3a7b0d4b394db13bd3a74597303eb5f,0,0
KYW,2024Q3,138,2,488,64a0208889ba487b337d8f21ede3af0c6fb9598138aeb1f33c6a763da1bc7fd1,6da216c16584195130018636bfc810fb68cde0b072b385cce62e84fb690c5aa5,0,0
KYW,2024Q4,142,1,487,f9c36766ba5e4957f375542b85412bb312526eac33242adc2de9f492714519ac,44ab243512ccb50b7dfc401cca629083ea5983ded422860562c56f0d25bb3cd0,0,0
KYX,2024Q1,99,2,479,eb9e594605b866d22650eaa03fe7d9a02a84a433285fed857fa24ae3d67ec913,bdc9404fdc1cfff4e316388997fdaa85b02a0e97f9d66d32447ab4bcb8d69b63,1,1
KYX,2025Q2,119,1,485,b8b266a0dd97fa1029c0c2e58c7f74b619c6bf1c7d4af4274a922b255e95a404,c5f1bdea4b936530e6d08a46848374a4e328fd17c67662f67ce7ed7f65217cef,0,0
KYX,2025Q4,123,4,492,7ba321a955d06807c85783edb86d6818ee43013d3001cb32e7ef9ba34892dc65,7c791f7540bce4d23d597d810ddc85bea92e16fe64db705bc113dba10c32aafd,2,1
KYZ,2024Q1,223,10,467,c5d3254efb79b50b1d70f9eec4e754bda265f7cb8ffebbf5abed7538e9ff99f3,5d40d0ba067f30a0a3ab61a0b099cad3650eb34a0e6e1ca5701faa99bb27ca5a,4,3
KYZ,2024Q2,300,2,462,b6a258989ffeb623667180ff347713daea44059a43367dcb8d3ef934bbbbd384,f28e68ea465ac44a327bdf553108b56a7de78956647fc7de9592dab593e7416e,0,2
KYZ,2024Q4,319,1,461,86cdd6db9f5e523f41f0396995e50d007bcf9aee939fe7bf5e663df695c74ad1,6e09471d01d382b76e1a78471c1cbdc849d6995b18bbf3a1d1031f289eb059eb,0,1
KYZ,2025Q3,344,1,465,755e986e02de751b8f77c3875bda6a60d85d8abf1b248fab7f9813679e848d87,cbf325e6ecad18ca0b0672d34493bb0bbee886262e72839f027a5e948118f013,0,0
KYZ,2025Q4,350,1,469,0603f59982467efe2ff4b34ab5ed71074e2c714ad6bb989e2cb3a49225686f4b,d7c2ad28f9a8d3c69320c4e3ef423a89de4b7d13ac1697d95e6130e0cb149e64,0,0
KZD,2024Q1,101,2,480,6d49db72a564a9218f99df7a5bc5d5f123c883e2f8b294791432ff8f666f66c3,49c8ea67ff3f32a6a98efaa2668cdc177b6377d8878921aae64b430c3fffa478,0,0
KZD,2024Q3,124,1,483,5199fc52094df642db367f10739a8dbc4ba6a337c79212881f5ada8b4c55c2ea,bd5ae63a29890d42f6512a1e7fe6f694176d700f8f76ec36212249be32b87292,0,0
KZD,2024Q4,131,2,483,1d7858eb8de3704fa24ba79b79f343ff3837839a0199d304bfcfb41e192c8cea,80eeeb9dc1c48ccd2686c7f44fbe3d554d5885c5ee6a7aa3df444ef3d468280d,0,0
KZD,2025Q1,144,3,481,260a9dce0bd52f13f16599717d7080b0127735c451bb84080dd884ac7f9f375f,c3b070a1bfe2ba592f08ec73f1d0a2fe17794b65c8e5849dfcac1509cb28eee8,0,2
KZD,2025Q2,158,1,480,7fbfb42db04eaed570e766508b9b260ab1d216ed25b5e8878c9c548a55e983b3,150f1f29c305fdcf42a6a9382756438c9884efc5aa870d4d8cebc342f9c5a4ef,0,0
KZD,2025Q3,165,2,482,b33b877ea91137078e9d14aaef01d2ff13ebe95dde666d5fd14bc390510c6c79,125b310daaf34bd1107e9d30d932c7b7063587f8703114b6577a815b72a8fda5,0,0
KZE,2024Q4,2,1,521,d14385afafe63a72de2e8e153fa7941b11a0fd4f8079f0010fd88b4ca4732e34,083821f12d7436845a7f874e2f134d5103a891c9516a746670881b21b9919c61,0,0
KZE,2025Q3,3,1,525,f6588d5d5401e5753d54a521d71321d111dadcf72874cf5bfad655a248f6c3d7,c50676334ed094b5baf7bd86428ee2bb9d4a49c7e13079f27ed7169257dac705,0,0
KZF,2024Q2,258,1,492,18a2e94017925a3153981031459de490323c0bd3105dbeed72d07e612c3b4529,a221944324d4dbab1046b19d5cad57619f9900d32cef7a6adb1b377a3a0ff59e,0,0
KZF,2024Q3,262,1,491,78cf66240a1b281355561f52d2b9ae834bebe2f35729eb8419a90480f28c6ac5,439fd981edb3e2f2627282b1b655676cc4176970a4c243218b851672060095be,0,0
KZH,2025Q2,467,2,465,3ea38bcf009d00bb3c0205c2b8fa49aa53005994e23bf02f444de49a918ef10c,a252d8f37f48b3bbe9bde59b5a052e96ff850e91c29f33df7d64d9bd397e5e39,0,1
KZH,2025Q3,469,2,466,37524658cea3ece709ee81fd8e59587d8c0ec6b6a1d95439516f9f31ee3a4503,640ea513262ce51721d42754ffb60917bd531957bf9b55c42404884ee38bc64f,0,0
KZH,2025Q4,471,1,469,cd4b212ad72635c9b9a63541d3b25e3ecdc2b4c5eb10f04e2f994983665f97de,69dd86f64a08232acded735e7334857c487cfa9769ea4444d703e11109018043,0,0
KZI,2025Q4,2829,2,527,dad37995b75828fa873b9654e3623c73a2a34aadd66003a094fc678805d7c814,0c0771b34d46824e4b1da11e664c88a67491a68c35adaca04d56362815547333,0,0
KZL,2024Q1,334,1,460,9ce5f79dd0c497938f3d41eb388df2202c420201878b937dba853b6712043ed5,85f997ec1c27b1c1cdbd26a7656105a64492fc87e517026f64b1bddd6fb18518,0,0
KZL,2024Q2,345,2,464,7f10efe733e9eecc8f716f9bc45b257709d4fc73d4c1379f74b019272738672f,e3773c236b6ed05f01a33bad192db6dcc831c4fa30adff316883bc55efcfad07,0,0
KZL,2024Q3,367,3,462,4897f10e0f296302d3e1aef733fcbd7eba99d7939cf5e13c8021125e94186597,56bc2ada1b211dce749c125cea6704b5dc77eaf08312b0d8e0f435949f4ebab7,1,0
KZL,2024Q4,382,3,460,21680654127c30633a0814b81c6f338bec874879d597e4a8c7017c6cd1c306b3,c354e18970a971c42569483050014a2540b2e56c996492cca32921b1c2721d81,0,0
KZL,2025Q1,391,8,457,edd814e1f51c834854ce9796c7f62b6e71b9dfa9903a0330e943110783c7294d,4c7d77c5a1c85c6a9cb9bedd33032f37ac8ba91c8eb7e7375f917f1eacca16f3,0,0
KZL,2025Q2,420,2,451,9c7a526228b247962c29ae3d7af0caf6317478ef3a47ad49717dd2c9c02a06d0,acdcf97ff8d6c18202c17786e1a5a3ce6872a0dbe07d7ac365e21ac884b9fe95,0,0
KZL,2025Q3,436,1,452,9c93154d2abc954c9bd6717ead3e722c56e78e1722fe4e144fcaf2437128c6b6,9a747d942ca2a9e4b9c780de67bee393e775fa215e0220d0ee8b53bab7f29573,1,0
LAO,2025Q2,1,2,523,ada19edf48bc4f7c528ab6e6d47075f168ed52a190ba42973480839763dc6d28,acaf24f72dc8c341e29a76777c7e01fd830801f86689fdd3db151a8c48ce628e,2,0
LBE,2024Q2,1,1,521,7f88dc75834bf205f70e3a69a155e5d6f5d17a115c317f5543818a7a705300b8,3659cacab05527b55657926c7f6335720a935c7202daf914d7562dc0342d2acb,1,1
LBE,2025Q1,2,2,521,a4c770869623bbb5f512433055cc438ecb21b5bdd31be991423656f9e10f24cc,075ff8670a44d866321b83ec4fb98be8d05f6e7928171624dc955a39c298066f,2,2
LBI,2024Q1,22,2,497,6bd02d4ed41dcf27074a18b4d2101aee6036ef5729c94bc5d602bad6e44ac7d7,6ea9216cae291fddab479ec33085e23c524834bb6dca5d3738c1f704e6e10760,0,0
LBI,2025Q3,29,1,506,d0a8ac630342a1843686dd39b9e2a55c7408fa95f42ec40f353fa10f4b8cfd56,4c3c63706537489d0895a078d95681851dcb8b0c251a8f2081af4029ecaf0dce,0,0
LBI,2025Q4,30,3,510,93748584a6d680f90933dfa4f417ba29791158c2811543c4868b56cf2ee079a5,2a3988945709fbedf587f76f18d69921059e7e3eb7145190d0d434a4c7142935,0,0
LBK,2025Q2,4,2,522,efd2d8eb60044fd9b3663acefc897d8712e2339fdf64c8573a0db46617b2fc1c,14775978c4325a2319976aeb364cb61031266f5f78cbd02b71b20019f36d3f89,1,0
LBP,2024Q1,2,1,515,f83416af351e2d2f193d334fc056761f55cd58e3c9369769757a9609e741e098,349d7a3692120d6879ef159d3b329934ef53f892808d184a3219f04edc97c4aa,0,0
LBP,2024Q3,4,1,519,b390ec3c36cff47f55c2f33003cd98b2d0e36016cc9a07e9201332112b9fd281,0e7ce2c55b01e28812e7fd0b7e7682c2f5cf97d5e220080ed0c6f04b26b18df1,0,0
LBP,2025Q3,5,1,524,0315fd18066cdf03dda8f789e74ab14d9388cca6200f3d939478bb3150ebfd49,8c55f82d9c02da77e272d88da5f36a55926c6ce7b6cb8ab782c1ce623b330c23,0,0
LBP,2025Q4,6,2,528,a5990992a6ee84abf3914d66231bd6953969de8b1b1fbf6db90bb999ec1b47b0,67f20d926eae7d8a52787b039bfb7340aecc0ac1bc143f3c1d203359954035b6,0,0
LBR,2024Q3,7,1,519,f43a505c6f2e6b79c28e3ce438e0a61c36929d4cbe401191694926b306fcd9de,f7848ab76911cac9cc11e32e69e46a2c026eb3f848c91a2af9b7795ab56d794d,0,0
LBR,2025Q1,8,1,519,e05d0b88bd56a572c3a0923668ade39bd40da8f7bb37255bc9b1ac066aacd2f5,5fd09d1b78591e13ebddc2a8e95189433e215d44d0347594d994d099496e9ac9,1,0
LBR,2025Q4,12,1,528,619ba5fbc5a019be7df9400bfde3e089067d81fca4d7f14b238f4e7682033392,f871daf976560eb79e3ef5cb85b3d2d6a3d7697323456f5fb281da2a26de8a6d,1,1
LBS,2024Q4,11,1,518,f0931c0816d60965efc2d8d8f827f1194580c4cbbe37bbb34123609c08d6ca31,f871daf976560eb79e3ef5cb85b3d2d6a3d7697323456f5fb281da2a26de8a6d,1,0
LCD,2024Q1,2,1,513,0fd82d5c2f99145ec9ccd137e91e355fbe90a010bfe0088ed582cccdcbd49082,f871daf976560eb79e3ef5cb85b3d2d6a3d7697323456f5fb281da2a26de8a6d,1,0
LCJ,2024Q1,2605,1,450,3c5971b5a21774a91e5a9613cad2c4ef3130243f1fce53796f43f321e119da8b,3908176d571f3d2b23037be73bf33da28ca1b689a71ebacf4d44459b7fe0f4e0,0,0
LCJ,2024Q2,2739,2,454,835693d6cb19bf7c9fa3f08fff7f94715fb5004ee4f92fe11ccf5cf8783072fb,17d743740053fbf5ccfd8be8bc7f455c0a345ac8f9e7f34152c5061027c06ff5,0,0
LCJ,2024Q3,2847,3,452,c4fd1a6fb6f32b159d8320efa16820f936bc9caec2a65f49ef10f8e0148c2779,042b1a622a6bcd166cae8f02eef910763408ca14a3b9a0de61a949421a6933b1,1,0
LCJ,2024Q4,2978,1,450,5d5daee85f3b624aa5cb90f75b6d64f8022a038c7218bc421d732cb6ce888102,06eb7fdea1bab6560dba4c8e62efa29adb2f6f8a63eee0f278154afb1acda5ba,0,0
LCJ,2025Q1,3093,2,449,127abeabc40564da12298b8234ef2314cf8fdcc9ce4c84c2badd80c8238049d5,db914f3f057eb0cbb9f7b0ab44fca0083e8f21fffbb8a382499df24da5550254,0,0
LCJ,2025Q2,3205,1,449,5702093af4397a9a16ddd21e70e1fe8960f417004dee3dcb13a1e5dbde95de3c,44ab243512ccb50b7dfc401cca629083ea5983ded422860562c56f0d25bb3cd0,0,0
LCJ,2025Q3,3321,1,451,04ca785d9274400ff868679d725b60de22ea343b5cbd882c08e83f9d3e6a537b,20b55df4920ce2e4d50f52af88c9fb96254d96d058c414f391278206a37fa665,0,1
LCJ,2025Q4,3458,2,455,ebf494d274a9147e5d575daef6e4719eaab3d1d6e4d6189d18ce8fcbfa51f495,4c57de0f9f2d39678c6406f7d34dd3652398654dab8b6ce36686f334e047c31d,0,0
LCO,2025Q1,7,1,519,f0843c0d51a5023207d6ba277bc55226d06b4c53f0355475ba0a35bb715aec01,e23191cce8b013609a93fa6552ce263885ebb9abf128e2eab65b73c69de62b70,1,1
LCO,2025Q2,13,1,520,32aa04875a807c5da009c679872771eb9d24274076aa996b084a7b018af994d9,261efddb563af16eb9763793f4ef4a07ddf66db8bc9970df2550287de5d68413,1,1
LCO,2025Q3,18,1,522,8209c2be360e9f8edec3ed1bf85e545336c212b40a86550ea3d6a4c5fe4b4a63,3697faf9942af42685fb3f815b16f9ce5d825777d0421210ec2e5cca8734bbdd,1,1
LCP,2024Q2,181,1,494,f3c71ad184a10263ce8d2bdf5765a17ba213bd4f5f7f2883c4406c0e190c7abf,5e800d40783d3edae9ddf1f0c212b347b2c6e2e9b641fe20f371488817be4eb3,0,0
LCP,2024Q3,192,1,493,8900516765991f7b4aa04946790694a5c9bc375a34fc6352424805e073adf4cd,f7848ab76911cac9cc11e32e69e46a2c026eb3f848c91a2af9b7795ab56d794d,0,0
LCP,2024Q4,198,2,493,22d37c248d319d7cbc40f85708c2ff20e5160d900da54d70ef006e14edee227b,15e6f0606a4c33e333eee3cfbd9a9f961cf3f469e2905495de549902da15676c,0,1
LCP,2025Q1,208,1,491,763d75002dfa911743f66a521570b0b367bad401b230e28a036338c31a7fc2a2,d63272431eae7b562fdd1c9746c32a6f1983b7d33ec698b71d3e71b5d8febae5,0,0
LCP,2025Q2,211,3,492,30b8627af78f4a3a2cea926412ba5193229b1a16fada74ee94a0c3e467199b62,f932a3653d6bf0a6b69a13a6fc57a69fcc54451ff95e427f4e0b2f9d98e0bf4c,1,0
LCP,2025Q4,226,1,497,c1056c8f1060f1b2eccdb8b143c7ce42b6cff2047c3bae6c42031d243ae109ac,38c09c12833d504dfcc0dbdbb3d4ce61b2e921adf0cf8cc9e741a7704f3daf14,0,1
LCX,2025Q2,32,1,515,adda0fc2d4dee1aa398d9654c8bd693ffbeafc448c3f1fc6aaf06f052e39b358,586f1db6e208a8a5f825ec340ea7e33f4485d97dee1931e7f4189a193a36b870,0,0
LDD,2024Q1,419,8,444,5b89a13655221fb31ec2df17dec0ba3d09fc5d5761534f69c3ba023a537b74aa,b0d18e32cd949a7d178de570588035cd608e0af91267c46c0faf8ce2a5593d2f,2,2
LDD,2024Q2,479,1,441,7eadbad1c640be4f32591a29b3517be1048008340c2c30eccbae0aff459690f9,f9fea6f007c6e5ae76939a236c5cc69b1c1b406a6cc62ce7b52c2c9977ba5228,0,0
LDD,2024Q3,511,2,440,e8735d3f10d0cdac9279f4546b6fdb51e51797c6b96700808d4388ee481d72a1,9df397fcc2f912878380a30408707d1b302ce3eb9c4e3ccfdfe3084fc66e159f,1,0
LDD,2024Q4,561,2,439,118395308c0c15330fd0d7c6ad326a9dd486baaa80ce6b2fe777ee165ded3a31,85c53a3c18a9765725af7bd963249b271039049a7607adb5df7ac96112e3a2e2,1,0
LDD,2025Q1,579,2,437,300d9d844ec91ee83c4d3fae5fdf876b16201f63969158de26083935dea3bec5,6c85db755f76cb17cb4d7ea8260452a48fe04ba59acf3683424526fca70ab654,0,0
LDD,2025Q2,606,3,437,edbb400e2e0c6332e5ef3ef82387681eff3016e4a3ca9f644766f09115ca9eb4,d8bd68aeecc71eb96281eac41c7f1c21744b144d19f547d3a8d1e130bfa6d908,0,1
LDD,2025Q3,621,3,437,73f8381bfbb5b41deb47755ee77554b99ca89c74a6921b64ba272f099dd879ac,15b2259750c5fc46d07707ad83aedabb6077f27aa1d066da0cfe8a5aefc6d23d,0,1
LDE,2025Q3,5,2,525,83efe08830fd8a8e59d480cfb98225c9185271b9babf93d9624361b90fd4842b,e3654cce45e3035e9454101bfb75167faf0fc12f98df0025110bdaf32b6108f0,0,0
LDE,2025Q4,6,1,528,df22e3dad3537193c6aebe7692aadc6c45160930430f1778e556513d4c1b2070,2021bfcf916adca8c3c724e44ef0de9873a3b8b8f9d00974868d55254e755982,1,1
LDF,2024Q1,667,2,417,385623914d4079ca24b8fa2623c20fcb03c762f801b67dc74e80c3f4f23458d7,248aa94aa381959e1254585dbf106914f1390749655d3b069f05182e629475cf,0,0
LDF,2024Q2,712,2,420,2e038a6c7ca724c0744ee6c11953b00b51d42afe8225404353ee1cfa29a948e5,9cca13b8b258e1d7b1fb0866e01c285c80ec3d6871a5f5d2e79a25ad9a551e27,1,1
LDF,2024Q3,761,4,418,4dedf66e1e91063be44fc772da2b857bc684221bc6e9ce00b5a72185357aebcd,7c2673032bee241d72cdf655203dcaa12823b8565b78e734fbf96ea67f0ee66d,0,2
LDF,2024Q4,819,2,415,524ca5c9e6ae904530336fd9fc0d6cef998a862fe14f50c9ef7008102c94dc2c,290264eb5a1ccc7d5e22b630bafb0ebe8f2b9509ab7d8ef5692d650a79a63e7f,0,0
LDF,2025Q2,909,3,415,3412f1f56249b17662ad22081a29b33ef6d8e18c42750fd5f4db397c30dd11bc,9ed24f617ffbfc1f8580501e6ee1d47d79adbc350b611e827d2a6a7c095062b8,0,0
LDF,2025Q3,937,2,415,391a16b214b96a94efe3bf45b8c2f223fcdd7de524b9306e59c5d2cc0e7b0f82,9f484f2039f58e2eea1580b1681239e03f712ec27d4cc2f605838eb80bb7ec18,0,0
LDF,2025Q4,963,3,418,c693a39a31252ebafdad76f607e2e3f00a3dd3c9471b7f0369664be7ca1620b4,7e15afcf9fe1ce83d48362e45e181fb7ed76127f33c7d7613becec57edb74ae4,0,1
LDP,2025Q2,4,2,524,cabe0a4cf3664f41f1128defda29aa84efc4b8f7444962508c3df2d004ca3083,e4fe434312f01e6da9d45cac5f2c2d97a370c08dab0d7c0e9fbfd0bcbd806f8c,2,2
LEA,2025Q4,3,1,532,7aa838ab643ac447375d4df1dd6348b19b64e82962031a45f428ee1e9b677f78,06ffafe2347c3a89f0bf26e1657b8d45c014e9f95a710e5bf5b17ea7045b3deb,0,0
LED,2025Q1,1,1,522,9a89631f3aa6e7986f95b7d92380f5115c480e8782fd29dac6ef36c78e2a62d6,f871daf976560eb79e3ef5cb85b3d2d6a3d7697323456f5fb281da2a26de8a6d,0,1
LEG,2025Q2,68,2,521,5c9ad29bb42ec01457c065a119d54a3d61ed5ddbc77045e928133ace340dec2a,809b2e7e1a0a4a7fb2587f14508eaf03187b2fdc4509f9a7e0a681c33848f7f6,1,0
LEG,2025Q4,72,1,527,5d934d9d439053cefb01a04a4b8dc7a5a4cfb82b2f4367b4baf9bbdaba45b06a,c5f1bdea4b936530e6d08a46848374a4e328fd17c67662f67ce7ed7f65217cef,1,0
LEJ,2024Q1,10,1,509,2e41697f5b946e9c62488ab76687894e9559d3eec0d9f6a646077fb15d995b62,e545563b497023690c9b474b0e63e1a6ae16dc9d52f7ab31f156f6d4219b072d,1,1
LEJ,2025Q4,12,1,524,b18f55742cb2e1a90a49617eface9abe0e5cb266228794790b51330bd2dd3f11,598a368849023e0238de665cb5ad2506d41b4ec6497efa2fdb6b432b05bd9241,1,1
LFD,2024Q2,132,1,515,b9dc2eae59d1c27c0a22ce47c9dd6a7f589fb47a1942fa7b248cff5321b861b0,598a368849023e0238de665cb5ad2506d41b4ec6497efa2fdb6b432b05bd9241,1,1
LFD,2025Q2,145,1,517,d2fef7157742c2524ffc831ab518b8906c88a9cb74f1d25befbf847c70e6d850,69c9b47649ef5fd9ebd2d096cf6ac8a423c34daacb3af8b0455b7a4d46370e03,1,1
LFD,2025Q3,151,1,519,83893cfbdefe5b173742261ad772d2b684a9c7538f6dc10a5fa3e1512b18a8b1,0e7ce2c55b01e28812e7fd0b7e7682c2f5cf97d5e220080ed0c6f04b26b18df1,1,1
LFD,2025Q4,153,1,523,5d91a0376c85fc9cac5bfb70b5280995f952ed05ed8fe0b1aa16cd1225eef7cd,ed64a5a5322ce493860dd99ed952f99c5cc4857da12ed346aea053ed4a0e00c9,1,1
LFG,2024Q2,1,2,521,dcb4eb273369d35d8be3cf97a4085412159db3f4e9eebb6114d6b6c63c779d07,6ea3fc17a817a751fa6e057cc03b9dd1006e75229ea7d721d5b91bcd136145d6,0,0
LFJ,2024Q1,203,1,469,e956ced1285c17b5e3c12f8741f7050df98a6e36f8323c510e95496dc325b3ce,261efddb563af16eb9763793f4ef4a07ddf66db8bc9970df2550287de5d68413,1,1
LFJ,2024Q3,234,3,473,c7546f8dc0d7732ebf3837071f5d319e3e45074bdcd7f9d4e766d5120c0bd784,a2b6c7500ee333c1e8b864ab6070a1e39b583543f41d714a8bafae1f7bc06a45,1,1
LFJ,2024Q4,241,1,471,f05e877edb97dbfa6d7b54afe109854ab62ad85f0233a7e01c0e44b7fe006feb,e5255a1e84f9bbd8a08c6b7ca9a3ec4eddf2cb10e48270f9a1f069058b7144a3,0,0
LFJ,2025Q1,251,1,470,d7cf04862568f3817e232cbb11410a42d5d377eb22589006601940baae7ba7c2,e510f67624be6d9dea806b0c95de75ae52b169ee40f216b47ba31236cecdba5f,0,0
LFL,2024Q2,18050,4,343,fa308b152c2e66f49829c9538c71200143bd1a63b7707af31d24facd4633ed93,855fa29b76db055d79f83b51525154c96115985890b57b6b2275ad587e581b8f,1,1
LFL,2024Q3,19025,3,339,c9e4612385433057093f15eaba74af821e506a219a6e629d9765bb98a78a695d,235a857a32b21be5942eb579f9f3b4e9767fc28a519a327ad3a552b6390c8c56,0,0
LFL,2024Q4,20055,4,337,3ed3ab31e348076586bced34a6657f5830db2c52d0c4c0b6a3f69b4b40f7c812,b79a33af482a0bf51034de90fe4e999097b9b90db86b2486187b239ba341db52,1,0
LFL,2025Q1,21030,2,333,1ea7a577c98051444adae414452b119b38d8bcf2d6c184536786238ab57092e4,8ac5eef0f7e8e919f40a44ac6670c0550de3b97cc1ba2a9ff7b43d18dd16a225,1,1
LFL,2025Q2,21951,3,333,96b15aa3880298aa00493c245ace77896fb3353bc54a3613487b83473a55aba2,82b23cd93c4e295f041bc4e84280425f6ca75ee0f3f84d0623f8e31a1f3791c1,0,1
LFL,2025Q3,22849,2,333,aeebf2de8a82cae5c1f7b9e1f61c5ac87cf3c5b56daffdf32bd434d6b5ce4249,1cf8cda2929d244cdb095cc3388fde540554e69758334ab1603ae2cd714e6afd,1,0
LFR,2024Q1,608,1,477,20f1d6ce6c4a068293039c00ba36cb94c87968335d4b09c7c07a198720c5e4fb,2d8c4bc8e0af8fb3a940663d66cc04bd1fdde2e8630bf01e151b2c811c7687b0,0,0
LFR,2024Q3,653,2,481,cc4584f888f4c746332b322d2b7abdf6049bb791e718529f77165b36adba83f9,5bc5fed953c4315f42ba71b73ac59062b49251b081d3c34245cfe1254db61cd5,0,0
LFR,2024Q4,677,1,480,fb29cb1bfe080c5f3d2cdbac95cdf38e6da786d24965ba87e935c93e44185afd,a734be963810eb6351f5a8eb0d3d0df59126743d0b0bf4336800098317af5b31,0,0
LFR,2025Q1,779,3,479,743d75991acffca9d5d60b44fd25b86c453ac047a16c5ac11b7eb0254ca29348,92deb543a60ef4d5d9d6265786748e5c59fb8edd175dd103b5956a68ebe146a0,1,0
LFR,2025Q2,1003,3,478,e96049527a60af2803c870fadee8d5f54236411b79505dadd8ea29d7959e0ef9,3f8fc2f7a208c9e765bd6530d3f957ba40724f99028377c08fe084370ad8aaf1,2,1
LFR,2025Q3,1211,1,478,5fa002a935a7e131a45ab8c190c2d9cb940fbb85dac26bb52d4f990dc5d31248,ed64a5a5322ce493860dd99ed952f99c5cc4857da12ed346aea053ed4a0e00c9,1,1
LFR,2025Q4,1407,2,482,6913cf79eef18b67d475ff0a3eb7134ea24e1d71b52159820d0e8d70fbc4e4bf,21fe902428a3bedbadbab35a66ea16e341c7cf8ba974168b9bf703298ebbc9b5,0,0
LFX,2024Q4,78,1,516,f54c64fbfbd88532e3e3cdd6186c9dd209c54517f963cd78a5bebcf2468be933,c5f1bdea4b936530e6d08a46848374a4e328fd17c67662f67ce7ed7f65217cef,1,0
LGH,2024Q2,2,2,520,15db57c5fe50d95b8257842d0296c570c1b43b4c7b73d6fa9b3b78656543717b,0e1919abed82aee797ef7ee11d443ed45e852d44f27fdedd49ed6ff451ad78e0,0,0
LGH,2025Q2,5,1,521,9434ac36f5cf5b03128eb20237c616b4ec2818b1eee48fe9256a1e72bbb14683,3659cacab05527b55657926c7f6335720a935c7202daf914d7562dc0342d2acb,1,1
LGH,2025Q3,6,2,523,afdff359a1c044f97acd298e692a04920c908554c61536e47d05cb788358f9ec,f3703f1b9e6a5ed33dde7348bc33c24601a69c3cdddf82993831a905c3f8c92e,1,1
LGW,2024Q1,139275,4,330,9ec55cb62d10b34706350849a4d03d8dda74c421bfeff0e248577837efb163da,c30a1db54267c21d156cff50359e88ebcace994e0e81798d9288096e83b80a13,0,0
LGW,2024Q2,150111,3,330,fa33fa38b13b95d2ab2535aad5446005809c7ad29dfa122f154bc210e13f0f78,25a6559998a2de861f983d47a206b0a551dde27ab5fea95b3d1f139020ba8c39,0,0
LGW,2024Q4,166307,3,328,a875289a0c8707614623bd378e83bb0dd8172fc9c0a163274577125c23e6ae9f,3d50958ec07dc16e1078541fe3d747e29ffb029dea3f5d069c0c305672b91cee,1,2
LGW,2025Q1,174351,2,325,e2e9ac3cfd4337cb53af073047f4498ea80fd857ce538d509ae1962559b3dea4,888847d307c361322f0b76cad444648aa59b198cf924b117189e436180840f6d,0,0
LGW,2025Q2,182008,2,325,dc6ec4c704250f8034664e89fae2e53885ce7405a6ecafc7c27278337e36283e,62905883099c95582796297949315b1e415e32a5271e84ae13e8872a5237f619,0,0
LGW,2025Q3,190162,4,326,5938b50bce3c5eeae40e6c1cc1789250e31d78472cdf6eca9c0c3cee37c3c091,1aef428e4c455fe433d6a9b3ac6984d5c8b4c0df82e32d5ba4e5a0055ca95f09,0,1
LGW,2025Q4,197789,1,327,55e46ae92faf31427ef3fb3727f694dbc748454e61714d97414848020fe1b6eb,75456d8def51e1389ed95052107e9efc6bc1add48859af82de3223345a0bae49,0,0
LGZ,2024Q1,5027,2,298,465064e5a07c6095bfea9d7b14c15f593463d4bb3dfd2b2c40e59457a6be7066,670c744fe196562507a9ad2209a5b284238caf9c00aa6ab3e96d0d2715d9ee40,0,0
LGZ,2024Q2,5302,2,301,4c4168b41c2ecd4bd8439f0c492a73587043cd3b70801471c1cbcfd72f455577,ff3ab2aa4c961c54964b8ce94f2424e64a99f0df9faefb776a00f90c9fe82df3,1,0
LGZ,2024Q3,5563,3,299,a78d63a72a9b1fb09efe4fff8059791dee897b61a3104d0d673684cd5409272a,227353bfbebd59afe907cf586bb93343211318fda2fef5ef870bfd959dda3399,0,0
LGZ,2024Q4,5710,1,297,f2ff9ac0525252e8489ca6199be79d9319d2e437e2f884f3cb9988ca3c779d5c,b1ec777d60041e8c68e87d32b2d89816d9909e7bb1143b67cdda31cd5b2ff39e,0,0
LGZ,2025Q2,6085,2,298,92e5d65210786410e88b3eabdf85f576e5f729a6bd1e7b523f9fc89e6f2fd9e4,4721e16368e9d777f3d6f7aa02c9594afd34ae986e583593c07f538740f13de9,1,1
LGZ,2025Q3,6197,1,299,1220d35bed47c059c580ef2eaf33bdbfc87dd5d397cd6032c4596bef255e4bdd,f4b072b56ce64641cba78c8da7f1b77d26c6204ab8e7db015e29f07416d91a49,0,0
LGZ,2025Q4,6238,3,303,e73360ef9a0bf69ffc115493d92a27b2eda6dbca176b917d70c90ed81c26733c,fc8d5685bac9f9817f6cf08d68761e6d44db0be9dc1ea5d7de7c9fade3396cec,0,0
LHC,2024Q4,22,1,513,f14b0fc32479a8c7008a277a1e922e1a6a6801623d70f034fc06aebdfee0924d,ee9189e403355ef9acc59c1a0a64ed23dbe7e7273b952f9cc09e9ca7d38bb483,0,0
LHC,2025Q1,23,1,512,4e211ff10ca1ce99edff0dc216c79bf70406d257ba7e7e1215ca077775f1cd66,de4083f4e5c33620cfccaab77a0519ec09cf957e79b5f188e54363c02babcac3,1,0
LHC,2025Q2,25,2,513,86a69b8794c64e308b5cb18c95e06b6d661b04d4db27b80ca741539ada0f0aa0,cbfeefb57cdcbc550aacd93fa84f27ddbbbe505c68087d1b3a11a880617d7cd0,1,0
LHC,2025Q3,27,3,514,f777ccaaa88b48562b210e243cb7ba8ae1f756cec0755e55405e1f480e12f9e1,e3c20beadbc2ead39778e225b8867747222ead3df1f35c9353a99cf35485f785,0,0
LHI,2024Q1,6619,1,373,b8044de76c253c38c6fd531c5774a59a65078a7cce18a42b179c97f37b9ef38b,39d570a31580b4b21f6a256d339894494e8f26e3e2725310c1087df6abecf1f5,0,0
LHI,2024Q4,7383,1,378,c051c522b43e30e8ca43c56e88e227e185f7a905e0b21a39d3b81c1b01a2f783,729fac211ba5c7f1000e7179711350e006a5d6d9f1132eeb92dc8570e00d6e5e,0,0
LHI,2025Q1,7889,2,377,c719b0db5e6368e11eef1ebee5e3d95549917f80d5723897d55a7c4d1d4b91fa,b0b1b1926251778d84c1e3815656144656d87ca52019266b6bc25a065b96627d,0,1
LHI,2025Q2,8202,2,377,1ba48ca1daec7d3426252629e1f3683616cf33b25773d444561067b2f1d3b680,ad31a629c9cf7130560313dc33dc867c0260e86a54ebe6de1cdd09c1f4c4ea18,0,1
LHI,2025Q3,8483,2,378,57f78a7edf6bfc5bd595ee1e24901d2fea34ddee5859b48448043a63c3785046,f5f7fd916dca579c4081253af755c4111b39ec4194d625714debfaa7658852ac,0,1
LHI,2025Q4,8770,2,381,e694fb155ae455c050a5178cc629a60b1558ac048c2bf124584e82cb98857540,f6724a4342039abeb947b4d02df8a291d45ebb55bf2a0abbaa241f8eacabc0c6,0,0
LHN,2024Q2,65,2,479,eacc6235a64cecd4c7b62f34a2796bce481c1ec1fd95df6099eae14f800ff895,f756a291409e378f69371bcbd7c1c74339451c49c1a486647670e4b83b423efa,0,0
LHN,2025Q1,66,2,478,1af852169ad6282cdd9c9631858b8405059ee369e8f8859bb950736e9b9ac023,61c3c2388126e3522869192a91774eeb5bb00a5f348cbf15e99145fe09bba087,0,0
LHN,2025Q4,69,3,486,dd9ba67cd04a3f01962e99142d021920953006b2f954231da8b01a0106b3c54a,4ed5f94830f703915256154bb32dedf2c671ae7b4e977899579263a49d53c7b3,1,1
LHQ,2025Q3,4,1,524,582684ef9a675e83a39532eb15dadf2c46b4fb038ae7b2f124111296a8455f7e,3697faf9942af42685fb3f815b16f9ce5d825777d0421210ec2e5cca8734bbdd,1,1
LIB,2025Q4,2,1,530,898f9e461f6b3c5324283d117549083c01d4b2ee4e4a7463eae0a7ca99bfca57,e545563b497023690c9b474b0e63e1a6ae16dc9d52f7ab31f156f6d4219b072d,1,1
LIH,2024Q3,2,1,521,f44d4fd93b1902785d167c0095af97c946a55bcbc80a36ba0b599d2912f20041,e545563b497023690c9b474b0e63e1a6ae16dc9d52f7ab31f156f6d4219b072d,1,1
LIO,2024Q4,24,1,512,7986f6978a4248d986166254d08c06dab9c7dbdff758319c5f08028ba3dc7e9f,3659cacab05527b55657926c7f6335720a935c7202daf914d7562dc0342d2acb,1,1
LIO,2025Q3,28,1,516,57b24e23c4cf5f67b5b2dbca43196e3def5b610f99b7853fb52295c548e6027b,d7c2ad28f9a8d3c69320c4e3ef423a89de4b7d13ac1697d95e6130e0cb149e64,0,0
LIO,2025Q4,29,1,520,632223b1e51f6091fa272088c22629b69fc9dabfebc5a31b0ba38715ffe7d6a5,fdaad9580dfcec1acfc41367e03d8b8c22a0addbc4921a87777990153f78028c,0,1
LIP,2024Q2,227,1,512,a42daeb771ddd0f52a957270d898bc40b03441160ffe9df1ff595c64fea3085d,6832e84ec787bb1b9b0587e8cfde91de6beea69890cacd7e948dd0bead445a21,0,0
LIP,2025Q1,292,1,512,c52865a1e8cd60f652ff540194f7940e4f8ad156b2607d57ecb33b7993135f38,c5f1bdea4b936530e6d08a46848374a4e328fd17c67662f67ce7ed7f65217cef,1,0
LIP,2025Q4,365,3,521,9e1a8d4496953cf5f4d8d763ddb97a8a880ab978dc81307f1e8cf8b89118101a,033872db23caca7c4bf2f2e28b73d854d433b74dc91983fe3811f934a28887da,0,0
LIT,2024Q1,11302,2,417,00b38b13f3557601cdb3cf1af5a3ec9f73c6fb6c903794c24c1e18cede6747a6,8c0389095dd20e8deaa21114b4811a6555ddc8ac23117b2b69aec2b49ff15194,1,0
LIT,2024Q2,11719,2,420,9f37d348b4d7aba1ba2888a795ba3cf9d3875a3d4f7eb61040268716b0c050db,0d90c62ccaa18da4c6ba149ea9f88b76ec056ca437778f80be9af11f96b0d42f,1,1
LIT,2024Q3,12199,2,418,fb57e3d80b82eb25a77152dba0d83ceb42be45d23e52d93b7f5aba553efef351,a33f7ef949f23e118de472c67c234c08f08e4bd7b3a64389bce05cfca8784885,1,0
LIT,2025Q1,13215,2,417,252e7b9bf7982624d689995416ed686571bda018f020cb4f0136b3a026f98497,592e8f11d87c1f2fc6b4827fb272acaa2ff982fb36f6237870363837edee4847,0,0
LIT,2025Q3,14168,1,420,77be79706dcb16e3db1df3071ae12beca19d1540fa261072f34d4371680e64be,70a501a27df42007d3cbbb785790596667a6af0f60dec2b204a9680f79e8e0c5,0,0
LIT,2025Q4,14743,2,424,14423207b736f042241ca51c00150e4f5c11f59a6f86fb1ff47b96487e73355f,9524aca6ac65572822f75dd7c586eee138bc1778d096658492962000950ce61a,0,0
LIX,2025Q2,20,1,513,c6914e5282ce62d2d15a3c2a3df11b70691e901ea89cdcf0f198d80bb20fad36,2021bfcf916adca8c3c724e44ef0de9873a3b8b8f9d00974868d55254e755982,1,1
LIX,2025Q3,21,3,515,04e395d2c122c2e2f963f5c633ac86c06f41a09f7db6e95c46eca53a9bfb44e1,891e7558a3244207bebdedfaee014208a79084e57080a0330a00c2fa2182b6fd,0,0
LIX,2025Q4,23,1,517,702b05afd5f54dd80aa31d8071ce90cc3831e85759714e53d649e6408d238d93,c5f1bdea4b936530e6d08a46848374a4e328fd17c67662f67ce7ed7f65217cef,0,0
LJE,2024Q1,339,2,455,c99822bd1f5c7e505106d0ae51057056a35e1edf9ad9105eb7960f40e84cd6df,484d41a0dd9ad157009b9b8a9d8b13533c7bef9adec1b6e981d985405a7015f6,0,0
LJE,2024Q2,348,2,458,d1b5471ba1856e4238a363a745f865214c52595774a3372cc4573e4efd3f9323,b391a76874c43b99f15cdf3493d4e924aa0c76066e6fc5ed3b33919fcd1c0fbf,1,1
LJE,2025Q2,398,5,459,c75dfdd898e46bf48f9edb44949221605d60da99d1f5eef4ea7deba3227e7f39,4b3f2a5a87f8409ecc777b326f8d84d62edeb8fc8f7e58cb8be841235b902772,1,1
LJE,2025Q3,421,1,457,499f3dbf09afeb0fc82963cba33e6a793fdfdcd58f25fb05d11c48d1da80079d,642afd0c4301a0fe639c483bc95e6532b9d55e8d36c16a0eed5187af4472e194,0,0
LJE,2025Q4,436,3,461,eabc1340e79e25a18f4f45955c9ace32846d06e4fc34451460e424e19b9ddc96,a67236b42e0ee5658bf939c8a129b6fe92dba0b0b553f9cfc3dea9f0deca8fe5,1,0
LJH,2024Q2,114,1,487,597a0d44789a6c36020e84c5b2fb6a627212d49167290c3c9c1590587dfeb4b8,5fe5bd762629a8a9cb381c223e50c4a8e1fe61ff295966be187691694764725e,1,0
LJH,2025Q1,122,2,487,1136ccd42fa70afe9cbab109b09ead34985932a359ef20638ac8dfaf6be67979,e0788e664d8142e97a15ae17030d2adcea522235a0ddedb3ef2d0eed4a34e327,1,0
LJH,2025Q2,130,1,487,0710923cd96a4473122c1ea3a0fc377ca2997ff3f0bae8a8be7c09283f6753f6,de4083f4e5c33620cfccaab77a0519ec09cf957e79b5f188e54363c02babcac3,1,0
LJH,2025Q3,137,2,489,32d89a1d258f90ef95c26e977addc145a0ff8a23d99682e124c3853210dc3a7c,811ee19674886ccd83db1ab62e31603b8f21e8a8e4a3f5f5e1467ea8e83daee7,0,0
LJL,2024Q3,2,1,520,044122aff94cb7367de1d0f335bde7568e9901b6ebf4e025bd6b8cf3008b0f67,3697faf9942af42685fb3f815b16f9ce5d825777d0421210ec2e5cca8734bbdd,1,1
LJS,2024Q3,15472,3,323,0973b5cf6e7748c77622d45e6ce2079f539029b63e07888fce12537435fd6532,9d42281b7c15f7d507b37892cf956f2697f47fcdbb12aa6777156be4824d154a,2,2
LJS,2025Q1,17973,1,321,e8a2d7b212386f3a0d49a97ee1be01581a9ee78b8df92e055cf0d9a4a2129915,3b5553a1355ec2865007ac59625590ef0d819f0369aa44a4045edb9aeac307d5,0,0
LJS,2025Q2,19284,2,322,af26eaf3225f0d9b59066ea8c3a8f4d359792cf815f506dce8a085687c4f2697,1a0d7bde0514d476fbc0ab65816b989759bc193e96c0fb7e94f052fd507a9550,1,1
LJS,2025Q3,20322,1,323,4b5a57cacd13808c493428b22f6e7e22ee6b56e5e9e5008eb7f4d5e622937ac4,2c24252556d6a711d61ebc5faa84dc21526426e0309d47f708ee8be7920b6848,0,0
LJT,2024Q1,5564,3,361,733ff4118575248fc8dd18ab4969a4b338e0e72050a97eecdc217b7b50a4fb5e,fc299a3146c0eff0900baeaf82dc9db9d723853bcce498ba0ecf53e23f604744,2,2
LJT,2024Q2,5928,1,363,747befc2bcb55d91435c8d0f92d598a0bea775b66ee76c9178242e617a493e01,2b61fa6fa80b23f93f33d5096c6fc24b0a3db533882824b85e992ef97b9232c6,0,0
LJT,2024Q4,6905,3,363,e423e54facd81dd9aed532b5b5e708439aa3ebe0298b06dd1ec9cbcde9180dcd,67afb9ac5253df12a5cd106c2b9d47c90fbd83952c1d0d4d9f97cbd654064498,0,0
LJT,2025Q2,8174,4,362,dd5c4b7cac43ddacec89ef2b2f480917643f6790ec8b591355a106af4637eb7e,64b04ccec6c7a7eb670721c4623c51304bbd21dc67306939ee076829a2555f50,1,0
LJT,2025Q3,9086,2,361,a9544844a52fd83dbefb457956f99161ba20ccb8f3bff4dde70d156f176ae49f,1d147fa3fe88f5f49de4f23aaf9e0c4edcc63676b15d900f202d7afca868da92,1,0
LJT,2025Q4,10433,1,364,b3dc6b797dd59018541153b176ba888e0192a630d50960d5ae8bc9ebfcf84276,2aa5dc23cbadb5cbf96e034f4721d43cb86e295816dfbbbfc44550480af3dd1f,0,0
LJX,2025Q1,9,2,519,817cc384135f8359d10c16129132e4a87ce6114efe173e7be2f897d6cb191742,0a38c0d0fc865cf87666a597c42f1567f1c70106aeb18c2be10d1129b68ea8b8,1,0
LJX,2025Q3,12,1,522,0de2a2b4e39564b71098e9a310d9dcd17ebea3868915174e796e5bd92be8b093,bd5ae63a29890d42f6512a1e7fe6f694176d700f8f76ec36212249be32b87292,0,0
LJX,2025Q4,13,2,526,72591cdbc7ded501dbfcb1cf7ed03d9d9f3b33b12741d9c31edbcdc3f551d2a8,ba39ee602830d1f586e09e2c7ee2e5b48cb71483053cca9a506eb3912f18a4e4,2,0
LKB,2025Q4,178,1,506,145f3c39768192cf9cef431a7ae93466724b74c7a31e52859aee24b25308f650,a882fec75e44bce5cdf8c7386ef1b398637f4a2814e9a701f6013dbcb950429b,0,0
LKD,2024Q1,12,3,509,83592d5bdc4b9275101e1aa470b7bdf72e4bbe30b87ad274cf6f3593978b561a,ff2a11bd718294ad55b7246128840659767881c8529f64e7796d09f456700208,0,0
LKD,2025Q4,14,1,522,2722693c98dd43c2c1a110e11236dcc050261e036c8c35e49452a2b64eb138de,c1ff6c3f31107763f9e4a48f48297d7ad25a00999a88fca2a76a90f77068b597,0,0
LKF,2025Q2,724,2,454,bc72ae43e9f6c286b076dec66ab0e3fe3228fa6f83d58cb856886dcf2fb73667,35c8beac8d4f8178b9771babbaa990d9cb4074550505f198a76ad904cec6b194,1,2
LKF,2025Q3,752,3,455,b74453b8b182e27cae8d87389c63bbabe77a415b740fe03b986b9340c5884b1a,7f3607401a8f8bdcff391348c8ebf2a32c61a78230bd2ae1dc2e373f7850d85b,0,0
LKG,2025Q2,42,4,514,d69ffef6cd7127efbf350f76384a1418e962280e396ef9c71c58124d5b1bf468,e8445e3f9f7d941c2a2f1a9dbfc2896b616cda38ab42a8269567b2c8762a747b,1,1
LKK,2024Q2,24922,1,389,905a4597e5fdc4fb695db283a8f02b64cdd0859580ce789b35c16f46ec6654b8,c7ca1bb14fd51ba8fd58aef005c843e2cd4ba79f86f16179c12ba3d85bd461f3,1,0
LKK,2024Q4,27303,1,389,a8cc266e0c533d9433c7c11cc508868acf8b96a1d21ef998911b0031c6bce35f,1bf978aedd39db05708c1940630a16aee4a98e976e3b2a30e7abd10561cf452d,0,0
LKK,2025Q1,28450,1,388,6119bf33543cfaf48866ec462a01093a535fac93bae0fdde606eb48c7aec2645,fd6733de78e0a4f5db655cf283fa7ae9c05060cb90d72f9cba4716e75f9a8784,0,0
LKK,2025Q2,29912,4,389,42689029b2a89f0539671b7343831941ab3ad2e53f2c0a69f92e4ea16991bcb6,5695afc63e995bef5971b6dec9a2c25aa5b44232695334f17f8e9fa67f315dfa,1,1
LKK,2025Q4,32849,3,393,ebd5dc22de0252f9e4dd969afc329c203c0eec241f72cbee17be64c2634afa2d,493d62a63c5b704c6c26d87724b646ee5d7e69fc59e9808c4991083f7b5ca9a5,0,0
LKN,2024Q1,444,2,451,d841fa90540e1c428344372061b30b1fdb040a50da089949eb9fb00004deb08c,ad68b5447f29d6e79b0a9fbc81a444924fe9a7b2ba889450a543d8ab997edabd,1,1
LKN,2025Q4,656,1,465,2c3205ca9d940d3c5541a511319cd854b24882b00ed538bd62a7ad43a176a980,26cf003c63d921055440ab26236e44982cf0d05a9106dbec56df5e72c168828a,0,0
LKV,2025Q2,1,2,524,d176d59c363aabf690a6d3ce07cd44e6971631097e9b704b7ee1dc70b302e6b9,66da732f2fbfe8be4377f28ac78825c637c0af88ca4ae6a8cb942c83caffb660,1,0
LLD,2024Q3,2,1,519,8d8ea799505ae72cacce32b3964fccda122bf61ad5b27761e2633a8411fde9d3,c1c6f5bd55943da910f24700c5cf1b150ee91163a2bb6e0bcd9fa4d5b1ae1ab7,0,0
LLI,2024Q2,152,1,479,a4343864b11e873c71b8c6eb5627610e15531796a71c29aa19482cb20c94c7fc,a8221b6f274cba3f647806d766eda4058b5029b9dd2123c6568ca97c3f4d7ba1,0,0
LLI,2024Q4,159,1,479,f045534c2c54850bc496f5bb0a6448fada76bf9112c74de7eb98c11ccb019ea2,a5b4864803fb4abf683e57d5f47cb371966044d4ab4e4bd93785848c339ba6f8,1,1
LLI,2025Q3,176,1,483,76294d51e79e8d2543eab250db5d26cee13726b9ab206866f5dbb5d9b0dd0c60,e2aac888e338aad48a76af4e5a291166bb3fea817897380c6507fb1683dc8729,0,0
LLI,2025Q4,187,2,487,b15f1208add6a9f37dbeb537b0d735560309368084692befb025060e8de7a028,94e71adf58c21bd1deb8877a9c20c6932f2be5513f9176e858b848f62459619a,0,0
LLZ,2024Q3,301,5,472,ea4f8ebf825b7dd1a9a30b9bca90de7cff00064249f5815a191d5f6fa146360f,2cc5e0d7bb0d61fa670bfe1944bdd83f57e539312be207bc71dfc8b436ca2031,1,0
LLZ,2025Q1,336,2,468,ac4b9b00ebf188473d1fcd380ce9057552e98a2ff6788eae2a39c82de116028b,03607c2b73df6bffe217662c9af8060a8037b2cb1954f399457ee03c9c8cb4c4,0,0
LLZ,2025Q2,357,4,468,5b718fd5118998e7865c49c259819fee5290ed9bcf46e92a7e0affbd39aa4738,2cd48cfa0a1e86d688bc269340c0ec1f01398e63de648417c37c95841d813936,0,1
LLZ,2025Q3,365,2,467,6b06538086335ee938b06acadd2611ec9c70ba3c4168b7fbb5c3325d809654d8,7e9c85d89372f74c50f7f1433f2c543e7e1a8a29e35638cfa10a2804e3534a17,0,0
LLZ,2025Q4,383,2,470,a8d56ceea08a584ff9265e3d6a76b36519281bc1f576459207f0a21d452239fa,7cc101d05c9db2f8b8104559156ceabc73be701f6407074c34e781e6eeec2051,0,0
LMB,2024Q1,38,1,499,97fc8bf049c1f1437e5be718302edc5d55984bf5c1bcbdb062f8de7e00652980,a6a0ebc661bdca78ef039a803c3c305d0bcf29af1f78f1fe07b6f7690d5a7573,1,0
LMB,2024Q2,39,2,503,50ce872cad0cd45e9b1b98e00413898ce89e17c9f3c0e7e5f3a7f3974470a76b,01c97bfd66604b69b5452834f619439a5a8f02e5590c5ace0e61ba976c17a3e8,0,0
LMB,2025Q2,51,1,504,f008186b3314fd721f547f7845c185d7fe3fe70b5d6a84b7c4d83c943026f46a,7630b16496d2b4322edfd5e2d73fa6c8fb078371ccca4c05fce93049bf6271e5,0,0
LMD,2024Q3,20,3,510,51805a4f3ec58f69cd3ff218ee2a96536d3197f09599e4a1133d1622253ed88d,914a77cd2766a799f6493cb9a92032a17fe61a51fa0770d6610dcd26a747635f,1,1
LMD,2024Q4,24,3,508,eb6feb751f2e9f8dd8ee2c2df457ab2393e855b3ed48a5044205f16431a69bd0,535b855821693e59706683b96ff2bc2a768866143615120345b626d91e757c9e,1,0
LMD,2025Q1,27,3,505,bdb55da1f2c2930727c00854e37725c957e21250bdd18644f80620da18db0368,ae3c661c3fedd7be2f701e5589a3999ceda2e55b29c36863d8c276c78e722836,2,1
LMD,2025Q2,32,2,504,140eaefcac82fe0d5bf69df4182596b58b76311308db0bca3913c649d1b903b4,343709f5dfb71eedd32f11db68af651554cb7d284e2e6bbe82dd249e4a80203c,1,1
LMD,2025Q3,36,2,505,112791282502cb029efcbeec0d247b1e846b9f0fe6f145bfc28ed17f5484a139,3a33654635bf68f80718ae589448ffe39016b4b692e1b0e877ee9c14ad4e25f2,1,0
LMD,2025Q4,40,2,508,32c2c640a514d131d48479de395eedaaf1b786a4904df07b7beca4555bfb169b,84fa7de445811657c1ef598b973d0401c024f5a5cc48cb308dabc13858d85796,1,0
LMF,2024Q1,722,1,467,00bc24085375a4e3f106a62ba1722e0bd968a110f1268349e67d26e406dcea29,fb2fdd0863739281b6ca7e0b298b286b357229afce0b4f37e530bd52ab21cff1,0,0
LMF,2024Q2,759,2,471,d8e0f1b1594f88e1af07949810568e736f0df2a78aef3faca5626e98cf97ccc1,6918fcb08a0b4e1bda8b336352e63d0293547dc1ec7e9a9de70646f8c8e9d0f3,0,0
LMF,2024Q3,800,1,469,f092bb918f1b9d6d308766ff0d78fb10498b44a67ae52f40a8856aef4a8709be,cbdd00c08fcd013e55e94815c31b8e42f822f7d7d47f2836753892256c8267f9,0,0
LMF,2024Q4,833,1,469,4fbc639a4ba79ef41658e8efcab314ea87f29b27f732d4f0851d9122cbe3c3cd,8d679bc0fcab565c28f10b0b96de772fe7ec45d7979c51b1ece80a984650f2b2,0,0
LMF,2025Q1,856,2,468,880cd7634984d1943cce9f2679c61cd700bb2bca34bcf4883c00e68fadde589d,67caa58d78dab60eedc2391039d16d687b2e43f9dba4a30011c0020c97083162,0,0
LMF,2025Q2,871,1,468,3360a9196cc69cddeb038551b3a3213be49d601f537001b25a2dda69fbaafc11,5a211cab6c2cb85172de0be3e8e3c0cc5110e23fa97e5d85113610a3b85a285b,0,0
LMF,2025Q4,928,3,475,6be5e8b4c03c2d2646492ea6dacae9413bb6bafe2d54bcea757776015f8cdda3,1162677a32405c8d3ecbc0bef02c5ad9cbdec5fc78901a74d9a9d677ff0d0d48,1,1
LMG,2024Q1,858,1,489,da43f6b1193aa22cb6bdc5b584b1339a68e8c64caf77bd15f0ff09c2288934a0,67a8d890ae35fecf506ba8c84d2766b477e3cd7e99254f911cffbfc4349f5bec,0,0
LMG,2024Q3,979,1,493,8fed399d66af9608623fb87c4876d516e22989b62119880349c5932b3d0dab7e,a45a4d8ca8f3f66cfe922287ca79f1444322afd4d71aba862038704c11a2aa0a,0,0
LMG,2024Q4,1035,3,493,9a9b3d66cf3b524cbbcb6a5e676c83726396c304c03b9e63634c951fa3122774,b6366cf2655738e3ce7f752cfd55d43c8abe12d494d19bc9a406f9f7b553a7fe,0,0
LMG,2025Q1,1091,1,490,91f5e0d030db7f3e0416869e364119e25ab8efc8dd34b1f8510487053341e065,4e9806520a6dcd53f7f4edf4e52d8e8c92333ff197cb93ec1019a6feaf3d3a79,0,0
LMG,2025Q3,1210,2,494,565338236901cc31d93d200b9d6569db546e104704fe405f2eb302bedaeee10a,36b2fa0c909a8de1a9920a069c83edacfd33e6ea10cc7827ee4d454a7b979509,1,0
LMG,2025Q4,1266,2,497,8d78f726b354fcf794daf21c38a3585d1b5accad61fcd3f011194857e0a21acd,709188dc68b5ee320c6e32621f17d51298777dcf1677b9ec9c9d5c5e47f0733e,0,0
LMH,2024Q3,7393,3,466,1f7bf2c9422c39a22770d9696f0b99a74816087abeb7d7ecb23941464260e79b,5421cecc20968a9d204f602be9c77f03f1736cdb53649e9843d123508be9366a,0,0
LMH,2024Q4,7721,1,464,c24e585f32750da0b25c3dd343451d6ae2195fa74bab53fa77449c5021aaebfe,9880a253b61286a26a53131449570f7625d985dd3a9843392b39eb35dc173081,0,0
LNH,2024Q2,665,1,439,a4e5404d30acb68824590524cd4b78a0e9d3e9c3a02befbbfc66ce879aac823c,3a0d2902e0066540daeaee58d179f3b1499b65a641946c73e7c81e8ecbf58268,0,0
LNH,2024Q3,704,7,438,c1a73dab2199c5b11d9aff4615be70efe1e243dc873ba34c1654e9f486d83f7c,2f4206a41c73f964f260bcf18c2c17afbdc6ab9dfb5b5aa63437e80ba569d9f9,0,0
LNH,2024Q4,763,3,432,800304efffe8c36075d88f7f4764810e770fe27a8ca269f8678074c47c822297,f3f288bf5719f47918c5975bc69fbe9f16749e5bd2e92bc09a934f6c460d7edf,0,0
LNH,2025Q1,918,1,429,4dab665b9cf36de338d512868baec7656b6f98d6453adf4048792765a6bea960,439fd981edb3e2f2627282b1b655676cc4176970a4c243218b851672060095be,0,1
LNH,2025Q2,1664,2,430,8280f0b9559f4430aaa78c4c47cc827b7766758329481c82de3a8cd286205206,e18255fe928280dfc7d3fe043b85d345369bf63bc3ef01fc6471a37c10f57c12,0,0
LNH,2025Q3,1876,2,431,86f0dea81924a04af81250be7473918bf51fb317ee07d73f2f5f23a06487cf55,54e41ba596f7e56491b7104fa9a6b6fb95d66f4e7fe2af27bc343ed23dd07589,0,0
LNH,2025Q4,2037,3,434,3109ec692bca585e9636c9dc3be7d47c5782bc947cfe1ea060333b5dc47e5b98,c927403adc225c9a2830ef1adbe59f7338256fae2b0ea9a696124d2172de5e92,0,1
LNI,2024Q2,3,1,520,044122aff94cb7367de1d0f335bde7568e9901b6ebf4e025bd6b8cf3008b0f67,3659cacab05527b55657926c7f6335720a935c7202daf914d7562dc0342d2acb,1,1
LNI,2025Q2,4,1,522,9fe8c1c053a1cc967f41e69b113882243fe027d04aa5a0e7c6ecf8d3b790f419,56555c92e2b587cb6c0d02c35616350f4812e39e7557c764ab7e800f3b8cc8d1,0,0
LNM,2024Q2,69,1,505,bb8e28741476a68d28f376918d1d136c9c75164c53ab8c98e1734df7ef2e5c5f,3ae3d218a8eac87e03237fdc4a88f599903d51d06327066df9cbee60a7635f5b,1,0
LNM,2024Q3,84,1,504,f9f887eaed5efcf812d3bed98cb5c255c71545ee9a9393a635c1c9fcc2674987,598a368849023e0238de665cb5ad2506d41b4ec6497efa2fdb6b432b05bd9241,1,1
LNM,2025Q1,125,1,504,4414c58e6a66c4de6d0859ead3b12cdc8a6781f4e2210c33e0d5b43216b6f35f,14106d8b6470256ec2dce3e232a3f560def6e98351d8ea55e687e644acff23bc,0,0
LNM,2025Q3,154,1,508,8b40189493b94b12a10470c625882f2a7721e91442586281bd3dced4e6785222,7986c188fb6f886fe49c10e0567f93476e028759a1df307f14027173ea371dde,0,0
LNQ,2024Q1,973,6,460,8bfe4a484515ee566a1f5252a118f84bff16069633b2d0c3a0f19e04c1e55630,869ef74b94c05bcdfeb61c1bd24ede6bd7bab37916ca5d0bdc7ffa183dcbe429,1,1
LNQ,2024Q2,1002,4,459,f549c2f1157e831fc7f54ca0719e16c6f98442c379737347f8940c4d662f750d,b11d99d29b8300e8f8852d6f4dd75755628618e08df94f5f6b72456a027f3a24,1,1
LNQ,2024Q3,1037,2,455,4013f5b96860fb78159580a518f0938723689e2220689c7d36442f5c8f0ea307,915f621e24555a6f379c73d89d3e36c82b2fc94dd00b0107637cf62a3264bab5,0,0
LNQ,2025Q2,1165,2,456,fb1ff989e331683cea950f5995d9f962249a6c2cdc9f533559c8fae25d055bd7,a9c788edd4a6b568a9596af99e78ca3d5931240bf246f21acc7bbf23df5522a0,0,1
LNQ,2025Q3,1213,1,457,622a91abce42fdd5d71ab7671443baf9734142dbde397276c30cb1b85e6f60d9,14106d8b6470256ec2dce3e232a3f560def6e98351d8ea55e687e644acff23bc,0,0
LNQ,2025Q4,1264,2,461,bdd1b7c7f50c3bab5cce39634c52d4c989affb5a131c7442b7da929cd262a3a6,c9d2cb8b59a7876625f6a5466fdb768292ceeca68ba5e3b69984261f4eaf7e33,1,1
LNR,2025Q2,778,2,477,ceef5e50c7c5efe6c0d2a9649ea034df1c7c983771482724ac5ce7f6517a8d9c,89e1045d46adab2d7311401bf13463a5eff98840c0d735ff445a41a44d3089fa,1,1
LNR,2025Q3,836,1,478,45816f2031176fc3bb7a5652ca274cb8ecdfd7b40cc60d8cb05fe91580e096d4,69c9b47649ef5fd9ebd2d096cf6ac8a423c34daacb3af8b0455b7a4d46370e03,1,1
LNS,2024Q3,315,1,495,79624d4838f77f221a121b6d2fed7e7021622927915fff951563e97a5302dc0a,f1642e8dac83bff4e60aa814968444ba936091290b15bc171a2aadc97b0f37c6,0,0
LNS,2025Q4,383,1,505,4a69319853290137aabc34f1f99f1aca4eb1c932929eca1899746594517ff8fd,49a5a311460e9027f66da675a0f7b78589040cd1f44009a41a48f8842a4e794e,0,0
LOD,2024Q1,5330,1,421,e3aca8c2517a680ac2e60c182146aebfa1639640777cb86aeac7f41284b3cdba,df235a2a35d11ce8b44b487e0868f4ebc4beece51a61ab886ffa9c146b30d990,0,0
LOD,2024Q2,5442,1,425,7fed540ee22eae9b61ec2f8383a66236dbfa7a547876a144196c1c01438800c4,80f7027d6c0b934a23f107e75772120bce88a283eb07f573081b1536419bf092,1,1
LOD,2025Q1,5822,1,425,1e4703cb69651021efcf30b763bd0f6dee176df65a06764038f00f93267aa658,96f20a6b740d6e8e0c476fc514865344c7626df25bde914c2efe571cc2c964b2,0,0
LOD,2025Q2,5898,2,426,a2e2a7c13a7c4418e8dcda0f6791659818d8375cd4d438c2f53515969d0dbc05,dbd7b015760ea3ff52bfbcfa79066af32c587f201c672708b50dd69aa30d1d7b,0,0
LOD,2025Q3,6016,1,427,ddb6ef3d2cff5464b47de36ba945b54f6a585dfb641a6cab0156ae78b50d7d16,409e212fb4bf98886b260e02291379b63e84fd6cb7ab067b968c4bc5205a31ac,0,0
LOD,2025Q4,6103,2,431,0e871c500ed51a53f7c301c2004fec069bd5f5b5b2ec3a46d566e0b0d74cb88a,e7a88f3c92cddf2b8460ef2144ebc21df7e85184adfb01db70cd5a3e8d13e06a,1,1
LOE,2025Q3,25,2,515,c459fd1495a26c95f4f126557bdb1852b000bf143c8b1965d0064cd74b3d8952,9938afe5e6b8eea115e735c4ecdfc719815749eaee52107a385c9fabd88f1635,2,0
LOE,2025Q4,27,1,518,fe4136663847ba0102593a81eebb003c38f33be6bf47a005041c37d13fe87b6d,8ee4768ca710711739fe0eb1350f14ebdec2c21c30e21ae2e0e2adc52fbe7172,1,0
LOF,2024Q2,789,1,501,4b203e2bfab2083aefc2e53dd3a5ff7ee13c77cd7a849f355d9df045486b94a1,fb4481df75db4e329d96ff90aafec1786f393397114701fe26b2d0f8894f3ab2,0,0
LOF,2024Q3,834,1,500,df1e89f8c6148d413ff4a364c24e6af0dfc12ca086971c94cb1854a10c9fe77a,b91931dbe41329fc5a43f6f404d40e8af39791bbc7d0371e509545aa5148e90f,0,0
LOF,2025Q4,1047,1,510,25712e1578f076b3ea178eed28873870e4677b6f2925cd0b37814c54b889dd29,56555c92e2b587cb6c0d02c35616350f4812e39e7557c764ab7e800f3b8cc8d1,0,0
LOJ,2024Q4,27,1,513,4b7997a9554834586bccbf1fb632ce499d36b2c03b84104770737a91aa21296e,e48f9a2df6d08b5a1934e0431786f10a704f525ff73074014bc43770b396db33,0,0
LOK,2025Q1,69,1,519,a6f5df8ced71ab47192156e3c750f2e585424fd3ad833ae6d1cbf10830e4148a,f871daf976560eb79e3ef5cb85b3d2d6a3d7697323456f5fb281da2a26de8a6d,1,0
LOL,2024Q4,238,1,513,43e9ad2e71e4baf1e3ff5c4b0219b0e21a82aa40a9af63cfa92b781859353013,c5f1bdea4b936530e6d08a46848374a4e328fd17c67662f67ce7ed7f65217cef,1,0
LOM,2024Q1,779,3,506,38833a8f35fdfbb696526b673847b123f9e32fcb91b9196297f5fc23d2fe92cb,365e44a55cffa6720452b7c7031a3b6cca2cc857eccdf6683d2d5bed1d3d256c,2,2
LOM,2024Q4,921,1,509,bf73c4d48aec0ba3ab78136be624c84df4a4ba219c145d8d51142eb06ac56f32,625f87222c209c641a47bedfc9aa2e722aa91a819a70aa10239c725518d6eb9b,0,0
LOM,2025Q2,1021,1,510,9552c369c31a4e0f322a720e99e1522e38f9a175557d212bbcb24fc03464d81f,8ee4768ca710711739fe0eb1350f14ebdec2c21c30e21ae2e0e2adc52fbe7172,1,0
LOM,2025Q3,1070,2,512,e87b42b6208ca5ccc12838eda15640e209eeb5505bec7ac20264f867bc79f1cb,db2b76920fee569aaadfe50c43542d111de5f96776cf174dab383975b897c547,0,0
LOM,2025Q4,1265,1,515,ee8e83eacdd1718ca12022cc93b57ea954a6f36934f034564937ff776ea42fc3,a3cc626d6f45bd504081cb7606f12a31d36ac10b26316fbb9e6451f581b26dd3,0,0
LON,2024Q4,1671,1,480,a0e22d862b44fee846616cd31aa632722397743e215dabc1d24243e48b8e490a,0bb688aed515c2b6cd52e03e025db2798f43fdfc02a1d8a98e4a2f3c293ce710,0,0
LON,2025Q2,1932,1,481,bd31928fbaa9a7e10806edcca100bd51676392390bf953893e02e2b5b414e78e,598a368849023e0238de665cb5ad2506d41b4ec6497efa2fdb6b432b05bd9241,1,1
LON,2025Q4,2407,2,488,5c30b2e2dcbebc7f6a00e36a932c2fc90d073ede4dc4f5b101fafce752ddd7f4,ccbd73dad4f7f10d5948fb2b7b25f728ca64f67a09312f39bdb396888167697a,1,1
LOS,2024Q2,2,1,521,e2d452a2e3473c68bdf0c4a6a87846edbe667a84286c70239564af16b3ebb7c2,b33cc2be20ef231d730c6ffe3bb2941c968b6e8f730a7ee1af31fca48e52c9b6,0,0
LOX,2024Q1,9349,2,431,c3334e617311ec7e4bca19a48399eaa7b961315e9552b530490c2874b0582249,5d5862bae1150d084b5da23b60327530a7a02265f108b96cc139c14f6f1d1798,0,0
LOX,2024Q4,10726,1,435,da3af61939401bc5be7a61d9b769ef72cabb4e4efd002356440e2b1fc99504be,7630b16496d2b4322edfd5e2d73fa6c8fb078371ccca4c05fce93049bf6271e5,1,1
LOX,2025Q4,12659,2,444,6534491dc1b43e5c9fed173dd179a57fd097eab28ceb13e7833d41593bec5747,4f1476e4d0a2fb01333660f5851d40d3e5672ca06efe0ce8dd7c21a9abb8b2f4,1,0
LOZ,2024Q1,1203,2,449,64e728a8026c4be7ef14defe81eb55b202302627ba21d003a0fc5428a317e798,f2e07e1903dd0b51f730e58674d3ffd153713ed0bff231c5e07cb99ec182f0c7,0,0
LOZ,2024Q2,1224,1,452,a4ce0cba72ba3462f11075943b66b294b066718e9ad07241ae335aa5780a59b4,c0a96f021be2b891bbb71643ab13928f1c30e4cf94f9498b4cae5f22f76816bc,1,0
LPB,2024Q1,6382,4,369,d7698d483365ea77a1b6abae4260d2d9ceba917925f44d65c611a0509939b947,163f5c900a6f1eb28c029de0dd4c2fb76a673a0e68ae45cdc8be9cf97f9a287b,1,0
LPB,2024Q2,6828,2,370,0e3e77256199b70c2c04d97ae0cd8dcf1079f78bea638d0852d218125dc27bd6,e657b50ba08d6fa1488e1979674c4e560aa4e522afdd0b4983ee37e81fbfc80c,0,0
LPB,2024Q3,7292,2,368,824a42d8fc0f7d89afcf666a4cf9f1af8bf127d7c3e884daca3df52b27a2dea8,5a04580e26854e2552676716c430add99b41ff278a0436079d155e435a12f970,1,0
LPB,2025Q1,8221,2,367,64ab4b603297674f2538b57dc885b87cd4e0339abe57aa73109f9365a7e5c55d,f2bf121cd100186f51506278e47d3e6c091ac6d640126c2b6cb80b6061d193ee,0,0
LPB,2025Q2,8569,1,367,304e5e87fda2636a16f3178b851ef36f872a75a7f6a7dc00a18b243864d55b16,c3156dcb5e24fc6884b10c1df34a7e86ae30c83319b0a7acc85dc99336696e27,0,0
LPB,2025Q4,9147,4,374,d5bddc100b80be7e8acb7b7f6f552fe91d15c5c9dff0f2a0a3b361472d200e4e,763452ac15d4d6ae2ac8f2eac781bd446bf46a58b997e624a0aad33978c2793b,0,1
LPC,2024Q1,71,1,495,fcc1c35789abed8fbcdb852ef4529adad32bad553f2d49d765a165809676aa0e,f4b072b56ce64641cba78c8da7f1b77d26c6204ab8e7db015e29f07416d91a49,0,0
LPC,2024Q3,76,1,499,36a1ed04c205436a78a6c7c0dea3057238160d72317c5d8c7f8e6fe0381a0ab2,69dd86f64a08232acded735e7334857c487cfa9769ea4444d703e11109018043,0,0
LPC,2024Q4,79,1,499,edde7b2193dbf53cfeac0d5b8aa55706276baeca54ee5a3781a392692fa1dfc5,06a5b2ea54f190eb0a7e4cb555d3eb01cec876b77cc9f21a5335921a87b1c5a3,0,0
LPC,2025Q1,83,1,498,ea08741c8401008827b90375da8ced2d1755c7f3b34307eb1d3d60e46db48261,57dc770617ff6777df87b210b8bb9f2b9314ad58ea38f8ccb79809f0ae688261,0,0
LPC,2025Q2,87,1,499,13637a5076c15756bb79932f08e4f030a95848988e13245f1e21f53306e198db,bed1f5df1f0b3afec227efa00096f35c8cf99fc5ee207f4528fe2bbbfaf57154,0,0
LPC,2025Q3,92,1,501,f32c002332231e6c876705975acd15d4787c3fd8fae370f49a9bb85e47143e17,586f1db6e208a8a5f825ec340ea7e33f4485d97dee1931e7f4189a193a36b870,0,0
LPC,2025Q4,94,2,505,25667379ae1844e020c50b08697ca1b2d7fe066f86f5e72f79c0283fbf61668e,1b99ea97a4bbc3a9aac77516d10c2195862ddfee49dbd393a405b3451d90568a,0,0
LPG,2024Q1,4,1,514,02d308afd964a9fbbb48a55f54489865a6fefc78b0efe998834e1f3ff88c1f82,06ffafe2347c3a89f0bf26e1657b8d45c014e9f95a710e5bf5b17ea7045b3deb,0,0
LPG,2025Q3,5,1,524,b811bf84f52dddf68f513811143a37f0c1d20122ee1e54ba8d2e56b08012effb,de4083f4e5c33620cfccaab77a0519ec09cf957e79b5f188e54363c02babcac3,1,0
LPH,2024Q4,33300,3,389,59d9498cba1a28b7a65e061d2596c17f00d7685e767a0f64ab594fa390c97a49,275de531ace75a759e7ce6b81879534f2502ddbd2596c39e257e18338417f789,0,0
LPH,2025Q1,34734,1,386,1c6dd75087242e0f1ea9be2a1e64d5cf9c665b9262c8f31cb946d069479442b9,12a6e199c2c6f77cd1b8dfbe7d507bd7f61a30f1f02b3954f4b12bc8c45e9782,0,1
LPH,2025Q4,39315,1,394,ed4a9f26efe9ddf459b59b12ec39911d3128ce0a7597bc92a896b772c0ff4bf6,be67ce850a1280e3a38282f4972f839942b9a010f553b03c7abdaa9fa0178cf5,0,0
LPK,2025Q1,1,1,521,5ef84b4f6ab0d6afc576025d2d8ed2ccdb88b1de94c249e11d6af2d13cd793f9,e23191cce8b013609a93fa6552ce263885ebb9abf128e2eab65b73c69de62b70,0,0
LPL,2024Q2,791,2,468,8a217793eeded26122e810ea7f3e82a74d63a790e7f481566b218881c7eb1ec4,8ab9b2ca2829be830162fbd509a5a467ab8886031aba6bdd9db42cb897b10890,0,0
LPL,2024Q3,863,3,466,4e74a23f98aa8bca2bde8f2705b903e10d040d151f46d5d2d63b0bbe6e2bec47,210f56622114025fa3429b5cd41271fc665356cc00baea3ffd8922ce0a7b0ad0,0,0
LPL,2025Q1,1033,2,464,70f241f6328627c29d18fbb954ef72e9ad9c665d19a167c377df43b47a5683ab,a4e9279985a89ceb2804bad67d15b1b24939e6ebe30ca2f7187dd2f2ea4bd0dd,0,0
LPL,2025Q2,1078,3,464,8ad45839cde9ddf0f283da002c8a96d0eb33aa9dfc6e70f8b0a96c8e104ec160,13bb7d2e5e71d3ec4005450f6ff6d37ba2c208ec2369f8471e54a9053a01f54f,1,0
LPL,2025Q3,1144,1,464,d8f475e3b6f488e13dcd7c7a80f1e1af620d82501ee7842a25e546b32497c4b7,a882fec75e44bce5cdf8c7386ef1b398637f4a2814e9a701f6013dbcb950429b,0,0
LPM,2024Q1,599,2,491,21ba4975742909ce27459a58b84bef30dbc26aa5168e7d093a55418a6ae94bdd,63c95728ce8d5108c483e0c3d5e25986c0c903fad9b31f5de892d3dbbc1b1a01,1,1
LPM,2024Q4,717,1,495,0d64be34d8932560b3624c01422ed40d951f9f889cfe1e3a3e1a237ce6dcdad4,221324166e41feb46e457f0490759eaa3aa9a12f6071baf143042e787b07d16c,1,1
LPM,2025Q1,762,2,494,4afd0acba347adc64ea3d14b78e3ce40b016e2e12dea45296fec558f845e37ec,e51d00f07422d3258b81e804e991bcbd6e667ff60d4282da165302763202c709,0,0
LPM,2025Q2,797,1,494,71bc99966fb7214ed6a12c1a6e6102191c9ed97c567cd6547a132ee4147d32f6,70a501a27df42007d3cbbb785790596667a6af0f60dec2b204a9680f79e8e0c5,0,0
LPM,2025Q4,853,2,501,365c4f8df9a4d725279d8904143f6047dc895c9204dd40d3827b9c18cc5b14be,09f9332b4008a141363b4cf9709430683ff1b51c4652b5bbe70820a979d7cae6,1,1
LPN,2024Q2,357,1,487,d08f49c8d6ee0b01eee65e2c02bdc1d6f9ea5f418181903380093ea929c033b7,11f2bcbd883dd7ef71cd843cff4a195669d3445df7b9b171d5234359e78a8b9b,0,0
LPN,2025Q3,434,1,492,903f6495dc5f3fb45d67223518dbb167c847d77fdd8ea67a4fb942581a88bd4f,70a501a27df42007d3cbbb785790596667a6af0f60dec2b204a9680f79e8e0c5,0,0
LPN,2025Q4,450,6,496,d1575be69b0b3f7ad179a529c7e3be231dbc690656e6a26d677926659417ff79,7c3234ce6fced1807b10d75811660ee35500a083f01c7012995d6f331b863e6b,2,2
LPO,2024Q2,188,1,499,cff1854fe182dbef22eb4a3cfe892f17973e86e81053652ca4016893507caad8,3492d94d9b2f444b120e05df067ba2d0d19f66916dfd5067865f195a94ddad46,0,0
LPO,2025Q4,234,1,509,251cfd2e2c8daaf080fc3a77f4ffaacedf698108abbae68d86efdd950155f7ce,3659cacab05527b55657926c7f6335720a935c7202daf914d7562dc0342d2acb,0,1
LPS,2024Q3,1,2,521,5251952737b78042be2e349617288a99d3cedaf9097707878751c9e839373220,3aeb168579b5070641e6d0dd1bd1da38170f781d255f34626767172bc4738fee,1,1
LPZ,2024Q4,24,1,518,dc96fcb8fc9192bbcb009fd4fe00f8aa6bbe340fd68eef4d3c2ec47ea507a710,de4083f4e5c33620cfccaab77a0519ec09cf957e79b5f188e54363c02babcac3,0,0
LPZ,2025Q4,25,1,527,80cb9f607ffd830dd4d14ac6196648ace1ce9312347d39c7c741b877a6ee4248,c40b1c5676925657145ed816dfe78048de0e4e71d68b9535fc4da2f237454a0f,0,0
LQC,2024Q1,868,2,480,e8790481f48936e62b9ac9b6da43d2718c78aa461a143291cfe0cdbfd764ef60,421a9fe271d6c8f3723a9c00943f703dbc19ca28441c7e10549231638996a386,1,1
LQC,2024Q2,960,4,483,bc282b863b6ef548d646d695918b80508dd38415d8982efafed94e86810d29f1,935ced4c60e93867afb5b3104633daa7701ee283ac1e0b1de4f6b8d52186b62a,1,1
LQC,2024Q3,1067,1,479,749a3570a7095666b77f3b5db6752e1def7336c250de6162ba1d2a18b506b95d,408011c658a01c6e5bb88892b71739eaa23afb185e98f01265dbc90d1ea458fb,0,0
LQC,2025Q2,1197,1,481,c9ea8dd19b4d2cfe5ab345a9e2248bb165c0bad4f1d00b38095a963cc2c4f0c7,2b61fa6fa80b23f93f33d5096c6fc24b0a3db533882824b85e992ef97b9232c6,0,0
LQC,2025Q3,1239,1,483,2e189ba0578ae4d4c4bc40fa0eb0e3c7b41ac8e93c7caf721472d564627a83c8,2bc6ff2b62203143f5128792627a505c3a78739ff6007e0ee8418b28b1173f3b,0,0
LQC,2025Q4,1271,1,487,9d0e41373d396c2f241017ea59ae4e0fd3a804e35d8443b3e10ecb0931bc7e5a,e23191cce8b013609a93fa6552ce263885ebb9abf128e2eab65b73c69de62b70,1,1
LQL,2025Q2,29,1,522,e7a4adbedaf11d5940df2c3bc1eee1eb82da79bc15179e0ccd0a6b2568aae568,c5f1bdea4b936530e6d08a46848374a4e328fd17c67662f67ce7ed7f65217cef,1,0
LQM,2024Q1,52,1,515,192f940ebe38af707b0da884c85b640b613f17bfb931c0e75465f7cb799ae5c3,5e800d40783d3edae9ddf1f0c212b347b2c6e2e9b641fe20f371488817be4eb3,0,0
LQR,2024Q2,289,1,481,10dc8539bcade08e5ab6df1a1dd778e97cc5d3e7d51de9d096171c0c848237cf,4575eb8f865b22b846dd91f0e834a983cf29ae08ba67ddf65b2c5f52e5e7acd9,0,0
LQR,2024Q3,302,1,480,4a11bf2522de34e65ff4ea4bc8f97da5b39dbd37fce310bb16c99a881fd6f239,71798fa4b4cabca6ba9d14739146ec22200e76b774043e4b21c6f2898827461b,0,0
LQR,2024Q4,323,1,480,c21c01f2ad260bc0cb4f16dc1105049cf9145aecfd73c8846275297cd61c2ad0,fb2fdd0863739281b6ca7e0b298b286b357229afce0b4f37e530bd52ab21cff1,0,0
LQR,2025Q2,358,1,481,668d6e95e0330f5988b5e101c4b5b77998b1bcd3bd5dfb5b0f61b428eaf56e6f,e3173dd3b267271ce8c0c426407a504bfe481afa16c303d4493143e7f5dc6f18,0,0
LQR,2025Q3,381,1,483,115efd79716f10f693ebd40d3213f439043e1ab93ce3032dcb0bf24c78653812,6dbdffd7ae59a216b79d8f81925e4847ae6a185509c9bb40b39456307fcd0988,0,0
LRC,2024Q1,101,1,485,cc106fe87c4ee1d0c7efb2a97d6e9b19d954e4745c1dbee4669b36fe0591fbd8,c7ca1bb14fd51ba8fd58aef005c843e2cd4ba79f86f16179c12ba3d85bd461f3,0,0
LRC,2024Q2,111,1,489,e54451add44733c3df793b34106e4aefc0776550e9772dee0b8c45b5d255cf66,fcd229da6cfbc892ce2cd4f9f3efd59ce90766369c9b87fb5768b4ae435f0855,0,0
LRC,2024Q4,142,2,489,a8853eedbeafb5a0ff8ddccd3da3a2f347f87284379228fd54c16758bb07406b,361e260da682559a0926be3cf726b6cec895feab02d43e92397c251619f71d37,0,0
LRC,2025Q2,170,1,489,e44478e287b754bb829e4fe654d726892f5d3c6ecb9c9f9db1f5129cfcaf54c3,221324166e41feb46e457f0490759eaa3aa9a12f6071baf143042e787b07d16c,1,1
LRC,2025Q3,180,1,491,0145e728f1df7979b06e4fd6471dd021cad420262a8af3f6d78b24e03284a2f5,e397784c48b2128e957f45ef79f152203f0e86f32f8c2cdf8b1db70cd42496a6,0,0
LRC,2025Q4,184,1,495,ad3dd2ce77ef7574ea06bbfce42e1784d309379ca50987849d71fb83e753de7e,bed1f5df1f0b3afec227efa00096f35c8cf99fc5ee207f4528fe2bbbfaf57154,0,0
LRG,2024Q4,4,1,520,aca3118f33f30840a411755d756ba1c4ceeeda33a7f9017b42c71fd8f69ae647,2347b5f9fc99fcb36264441f380dfa46acb748fa78699ca15936e1452d65ff8f,0,0
LRJ,2024Q2,894,1,462,78f99be333da0713aad45991826644ea3ff8b4c8d5edae3f3d9df72ba2bc44ba,9559394944156fb2a0c90f41e331d152be56122dfcc492384b2e1292f0e74ae7,0,0
LRJ,2025Q1,964,2,462,10b583dd1225cb9035b2aad0c337ab85a6f36b33e410113b7a9b5382bda946a6,4b4596533cbfc42b202a217c018ddb3280cf12ec93247bf76ed007b4905ffe1a,0,0
LRJ,2025Q2,1000,1,462,3560cb853d0f1764e810cca529a42fe12f2be72e5612295638b363bf2168ec39,39d570a31580b4b21f6a256d339894494e8f26e3e2725310c1087df6abecf1f5,0,0
LRJ,2025Q3,1011,2,464,3629d70b55e7d7e622737d1b5a64568cfa6c970c48986826e013f7ec50a57c04,fd5eb0a348ef0ac969919f39dc5c6dd330d2fd928571cf6cbf2f052b2ad0c5b9,0,0
LRK,2024Q2,229,2,498,864deefa2043d1da6a331f05956d6e0a0f5c783b727ff05cda498c071622000b,4cf9e6a3c4539efe4c8dcc7d8c3517efaa7d2aed0a485ec650ac94f798e45560,0,1
LRK,2024Q3,256,2,496,68c0bdac237010350fb72bbcdb3a78b9adbb3eca716480b8e9c33824473386b8,4b827e9a71f027d337d441589b3557a581a21800eda3e808a34315116064cb5d,1,1
LRK,2025Q2,487,2,497,7f3cda6dd77d4b666f8d9b491736101932afa2896a556abdcadc5fa6f98c2e4c,75d3854094d1484331c06e47cbeae93e09a0a2fb74c0a391cff8c074c7df6459,0,0
LRK,2025Q3,591,2,498,fc3da0847daf511c5d31cb692ff300c351be9cba507d430986c51a96947aec2a,b90753643d478d2c52ab9f92904b82db01a8378576b93bd5575993558116ab22,1,1
LRK,2025Q4,804,6,501,837fcde7a8c8b312d8b81a58eedff575560aca166272705be425f8ce78bf5c54,a8c44a9372102c8c4938cf780b31e7c16f128e1ee4d01f9db7548936a937c25b,0,1
LRN,2024Q2,534,1,487,d38880434c2c15d7e3377ea011c1d25c499b8829d923a7052e7dc37050ed3b59,9559394944156fb2a0c90f41e331d152be56122dfcc492384b2e1292f0e74ae7,0,0
LRO,2024Q1,5140,5,347,612a7100daff033736187f2505ddff6c3230ef198c0c3379a2b3abb81ead50dc,e9b2754fd05728814d35aafc7644448ce77120148f86a85a0c7caa5e713a84a5,0,1
LRO,2024Q2,5745,2,347,7fbcb9e76ea1d11e7efa742b360b7b65f2ac88e2239dd515add6cb41f3e5524d,afe4338ef4b9bc39a980145a123da502ca28c6e962195276df73910f22626873,0,0
LRO,2024Q3,6490,2,345,181b6185105455d817c6b8b93a55ebb42af68409afa5c44087d280ba2d61bfc4,17ce4cd81536d37a7285162ae0f14d6c9cecc00b95c40f1409bbd3cb2dafdb99,0,0
LRO,2024Q4,7244,6,344,5c65624c18d84e3f0bdec48d8579aa8515028341aa8dda184473e0506cdfc213,939b069d3204636aba99b5748509cceec613f83bba16db368a9acd30b955d2c9,1,1
LRO,2025Q1,8171,1,338,53dfe005c9d35f0b4918df93a07bdd838cbcbf49e1752f3369b0ee99b2538666,c957738e5282f1d8262f7bd397d53846b13aee1fc53cfea8b7876e506746b975,0,0
LRO,2025Q3,10131,3,342,c78f245e752f1c0dd64598a8c97521eb59f08d9270a527ebd17878c4305b247a,eab444b8af2ffe648697b05fbba7cb9e47d8c71047f9b29b4ae9a095a4065537,2,2
LRO,2025Q4,11692,3,344,451f81d94b1f59dff35d23af9151b33cb5f581a173ffad45e93bc4c3890ce41d,a9982dbed833e9eeaf49565612ad2cb7f4da890bb6df2f0917a52ad15864fe55,0,0
LRP,2024Q1,32,7,496,13eb7307275274632dcbaae89b45acdf5c513b7367579fd7bb1c14ead2f6e24d,126a9403a112e0405174acdac87f225090b175d3ba6ea105d15ad604b21e1b9e,0,1
LRP,2024Q3,43,1,494,1fb2139bb165a9c157650c970a6b6e33e2c8957bd4fb2c585121659c364fe33e,0e7ce2c55b01e28812e7fd0b7e7682c2f5cf97d5e220080ed0c6f04b26b18df1,1,1
LRP,2025Q2,54,2,496,39cb544647a3ac1baf60b4cede97eff2883ab9fd8ef875e539a5635879467baa,f6afd62f3ad8fdb472222cbdf094cc1273d78c434dfd704aeae62f8449ac6104,1,1
LRP,2025Q3,58,4,497,2ff872309f81d5968608783b4c46a92030ff50dc9ddbaab33a12ccb9b66146c4,27e8262c10aed1c6d1102a7d36d35a7073a0eedaac6b32fe895334e5c81617cd,1,1
LRQ,2024Q3,2,1,520,796c86f5ac2b7da6fc720c8a55fe162c1afeb9aadeecf11d767f7b53c6158cb6,598a368849023e0238de665cb5ad2506d41b4ec6497efa2fdb6b432b05bd9241,0,1
LRQ,2025Q3,3,2,525,fb61d8ee570b57476e3036fa772cb75abcd9677a93b02e382025a66ca0c56fa0,0a47260f6127beeafb61ff27d6f574fa411b45f290e642d6fa14a4f190f87027,0,0
LRR,2024Q2,2,1,521,f44d4fd93b1902785d167c0095af97c946a55bcbc80a36ba0b599d2912f20041,0e91202d09fb12c9f3c93678b8b07b4f9b6508bb53fafb877c851effa966b76f,0,0
LRR,2025Q2,3,2,523,d77faf2f0eaadbc566762c3e45e18f34900a1c226973a3757f5ffc57722adbc7,ef1219514df9169f74c2070e4dcd2dce0abb47094281948b5d781de348d331a2,0,0
LRS,2024Q2,69,1,488,5a89ad24dcd948eaa385a706bcee762d167c1c77ccc9e22ed0b796f438966ea8,cee2fbb31d973fe5bc1cf5f4ebbb6b5126e1b492e2078948bd234028395af8a0,0,0
LRS,2025Q2,90,4,490,ce494a3af1e8357fbecd4d33b6ed7a1976f9e430b116dcd6b667a3ceb70636c8,36f933efad7677e66cce24bb310402f873255d16677f6d04b697688d28c114cf,3,2
LRS,2025Q3,102,6,488,f3dd52414aedc758fc38f1fb059839d00bb82a9556a31479ffca54970c9df18c,5ac706c1facc36befbd18e95a66376bd76d73ced8e539a9cba9d16e2d743adaf,1,1
LRS,2025Q4,110,1,487,8ba69c120cd1292e3cbef7424242cad530fdf7324f2c91f862280e04c0cdd2aa,38c09c12833d504dfcc0dbdbb3d4ce61b2e921adf0cf8cc9e741a7704f3daf14,1,1
LRT,2025Q3,4,1,527,82bddccc67ae6fa8b4325d9f4134fabba23f0473158ab8d508bb5d464a86d636,98f1c238a31e109353c0882b5a6d7eefb6d99956068d1cc123233ca9077f8290,0,0
LRT,2025Q4,5,1,531,10d5e0567fffa906cfff8689bbea860c379a06d6ee63db66c546892cf5027664,6d19f89a6b34d52be49fffb1dedeef8940de00db8969153058cce8f0e00a17e0,0,0
LRW,2024Q4,115,1,497,4a93dc272976121485c79d4fcd89aa5c32cbeccc08180f80eb322e675a352c39,e545563b497023690c9b474b0e63e1a6ae16dc9d52f7ab31f156f6d4219b072d,1,1
LRW,2025Q1,118,1,496,9d56c22615fad7476be8799f0c5391d0720f2946ce38c355147f518260475427,f04a9b043ea63e419307d3c70b380b6564a71cdf899e31cca1ab50bbfa038b96,0,0
LRW,2025Q2,122,1,497,ccf0cc6de52337e165fadb0951a6677259bb3b8427b6e61427bfc27ac65dc79f,19685015ccc5f952d6265dc4bcb7e7a163dc7c4746cd284c379f330aabab1da1,0,0
LRW,2025Q3,126,1,499,9aecddd99bbea305b9c5db8794667396bb0af50edb1f3a47150941c081d169f7,b20ee764f489d884be509f0ba55cd68810957330d112eeab8527a9893d9d46f6,0,0
LRY,2024Q1,334,1,473,e2c381c76e5f152429d2ba3d9849dfdedd4f93ab4328f51c3dcac48e3b867bfe,9559394944156fb2a0c90f41e331d152be56122dfcc492384b2e1292f0e74ae7,1,0
LRY,2024Q2,345,2,477,26fe56e9ab5dd7aa6fdcb7a19dd0dfa3c60d441f968b6ea427a5801cebd4054a,08b154aeba594537bf8cf0d1ba4ecb5cda703182974910ac7c9794b8b576dffa,1,2
LRY,2025Q2,384,2,478,52879b1eb4ca12a3a82456abe31494220b7cd2cb52d92c8a5134f427036f71c5,685468bbc6f8f61db7304fa033d3f2397df17759ac4da5e76f62e76b6a0d1410,1,1
LSB,2025Q3,4,1,526,417367990757815d78c09b9be0c861dda755a43e235b2313c7db3a85bf4e86a1,e23191cce8b013609a93fa6552ce263885ebb9abf128e2eab65b73c69de62b70,0,0
LSL,2024Q3,55,1,506,eae5ae98fc5ca107b756e80c06f6ecc7c67d80cf87646c261a33eed62ef95c47,598a368849023e0238de665cb5ad2506d41b4ec6497efa2fdb6b432b05bd9241,1,1
LSL,2024Q4,58,1,506,5a1d8c4f0419c816b917962ac53c0bb1c9a7f08bef9f882f03295d141a528fa8,12a6e199c2c6f77cd1b8dfbe7d507bd7f61a30f1f02b3954f4b12bc8c45e9782,0,0
LSZ,2024Q1,872,9,433,5262b90c57609bce40b3f5fefb2884918b6c5f53202c2631fbd615cbcc00edcc,702f2ac678fb11e634b8bc0b357de0583d1ba24c881f7146e5f3374997420603,0,1
LSZ,2024Q2,926,3,429,010995c6e4f138a7ac64fb5c24fa0bded50f6e81d82748d0cad009c9b24ed2e3,411044b6bd67fdd4d0c90f88600bb5499f1601828d0dbcdfc9af43a93c1f08a6,0,0
LSZ,2024Q3,954,2,426,d94cbaec7aae0800e8429968f337e60b2a7ad47e46583713b4b4b13560a9a186,1588fd0e513ec2608d66307b0ae14f52104aa4cb8fa835ad2a52409ef92c97b8,0,0
LSZ,2025Q1,982,1,425,9df1c42d392f3ab878c11256f8d8932732f60362d42bc37034a51ff295e02a2c,f6ea20f4c59b44d31466efe57e6156625cde1b3bda9d22cbcf687086f2337bcd,0,0
LSZ,2025Q2,999,3,426,2e1adffe69d08c1815c0aab52b9dba2e769edc255be49cb54e382b20dd220afe,6299bf6d3d81ab53e35c811c3e4f5605c241409f9b5bef98d0449f75580450a4,1,0
LSZ,2025Q3,1014,1,426,11969e2c43d288bcf6d70f4d7350c1391d41053b7b94cc95dab01dab1de8b287,85f997ec1c27b1c1cdbd26a7656105a64492fc87e517026f64b1bddd6fb18518,0,0
LSZ,2025Q4,1034,2,430,a319b97c219ae317256d20a3aa3fd4ca84ab737016d6db8d37fe96400645e2a5,fd8554b96ebfd65f54f717e1a146c3a8179502224bed0b116f6b2a6d4f101a6a,1,0
LTI,2024Q1,2276,3,442,1ce497de1d7d6a5bf874f0b8c5253c24b0df2e1e44d9e4e8d997a4c509ad8c2b,57a3c896c183eb72ce984674718517c5b25633b5dcaef8bae5a487c44d37bdbc,1,0
LTI,2024Q3,2544,2,444,3c1e5d46f4496e2a26becdf2210e9d1eabbcc9b89dea4c0be8ce371b8226d918,482e4a74397d8e77dfe87650f6952098039e22084b322c2d4dcfcf2a04ed99f8,1,0
LTI,2025Q1,2727,1,443,ee58ef75e5a47608ac613f043a5f37752f2e6bf4b758c9edd24f2e7614f8313a,4acf9ed3962214b8a18e480121f2577f4d243363d21111d2e48a7a788dde23e8,0,0
LTI,2025Q2,2829,2,444,968582bb1c016bc36f19b5264a4a77f73321b0485a0a8d6551817d8296cb7e51,c5237526ad08263f9bd8cb997d6ee69a8b4201549a504289237246423e7fabe3,0,0
LTI,2025Q3,2897,2,445,815d90ffb9d74951bcbf3a2e41ace1cc8da3d42ff609b9a1a4f0b260d1d49698,771237d2eacd7eb2a768059c5c2f8a45f47f5d23079df90f6e55884b67a92677,2,0
LTI,2025Q4,2964,2,448,de02e12f2f6e47d980266e5b26ffee8c1c75f4f2318dc60a2326c8cf06a1e26b,1dc044b18105dca4401f68bdffc974b5a7451d068452ff14fddfa7c5b4f5246f,0,0
LTJ,2024Q2,51,1,515,f71781a4c4c781b57377a9c750b1ccb9896dade119c92ea8164529013d578770,80f7027d6c0b934a23f107e75772120bce88a283eb07f573081b1536419bf092,0,0
LTJ,2024Q3,57,1,514,d80ee3c85faf64ecddbfa2d768092c579849f910489f0f884bbafc5272ca1ac0,fa004cc648fbc48aa07924ff3e5b332da3f3c2d020ecc8908e765f1ca14d4cc0,0,0
LTO,2024Q1,30,1,512,bbbed0b39403b2af89f8546dda5befd4a6c5841c445c937769fabbe3519aced0,083821f12d7436845a7f874e2f134d5103a891c9516a746670881b21b9919c61,1,1
LWG,2025Q2,3,3,523,6ee819f1e591b7cb4b2143deed1059b5ea79f24275f87893aef5f57386423407,e55bce7a2b9d256b75d25cac71fd34c7d956ec97416ba1e22f530f815ec7a8a5,1,2
LWG,2025Q3,6,3,523,4109c9d3b2cd0c2b3a91d8d77631234e4080793b2d1110ec151c798c04513a47,f2bc3be31ad4b96122242f94cd9a3f00721977b9849711e18260175a45a3245f,2,2
LWH,2024Q1,214,1,496,6c371d2a44f821618c6db9456c4ff6985d6cf4f17d8072f7f70723b62ac809bc,e23191cce8b013609a93fa6552ce263885ebb9abf128e2eab65b73c69de62b70,1,1
LWH,2024Q3,233,1,500,690d73668834bdeb5de8fe8f0676be6ff786b7bc68279a79ad0f50a0a9708738,f624dcf018bd7117af2c0ef366f6025a434c1a89c33a122df101132ce5fe9074,0,1
LWH,2024Q4,245,1,500,966887bd150147b314a7404e29e9c4b6304aa56867eed0b817b372674d162a9e,e8998825e25117b5add3e736741679c2ac762b8653b276876102577639320655,0,0
LWH,2025Q1,251,2,499,35f914b5de360347a3ab904f39926f1f739d86b0f35c54bad892b67bec76302c,ad301db3962a19f5f62eeb387b9f7641154fd6e8ca9f86389de809332f818a96,0,0
LWH,2025Q2,260,1,499,d977e34d045deeb28650642ee9ba0e49624c220ebfc82f47f0b2658df0bc058e,828573666a89a8834070b013ac719044da35f3908bae814bd8c9f6e25be9d09a,0,0
LWH,2025Q3,270,3,501,e6a3dad81a419a04bf7000c6442e78c990fccac7c93d57a50c2ceca0eb3dd749,19ae19a58870f59a76883e5b153b92c43c367035cdd2ca14da3199db1c1e4ca8,2,1
LWH,2025Q4,278,1,503,991388bea9c297120ab8169135099607843f6d441b1fa1b1d067468219533dac,b514795fcb021b5d26c110b7507d228de6666fc736bde58e16aca507b2ea3979,0,0
LWJ,2024Q4,756,1,456,b02927ccb1a75894af01d97f3ab8add2a165d90e8f6b0291c844c2473f2aa19d,38808ac949eca13262bb87853dc93864bb63cb2bcf583c6b7b2a4c12d9463cdf,0,0
LWJ,2025Q4,810,1,465,21872574fcb3451ced2d89f82015028708b5a02b7ba43d332f7f99f32b033665,7630b16496d2b4322edfd5e2d73fa6c8fb078371ccca4c05fce93049bf6271e5,0,1
LWK,2025Q1,71,1,498,31fa4e1fc2d3dd4c309cc9aba265b356fc1052e41dc703a636b04aeffba1b675,0e91202d09fb12c9f3c93678b8b07b4f9b6508bb53fafb877c851effa966b76f,0,0
LWK,2025Q2,74,1,499,957c423328b45794196dcf89954b409809e0ce0997dbd3f1a1eaa5417a718607,1ad7da01ad9afedca3ca06eca6f98a05415dcb6066060971d68b6929efd66ddc,0,0
LWK,2025Q3,81,1,501,aace07c5088c1b710e5df2c35c14018e11b2954aeb372b86793489a6921d9129,3d0105d4b59fda1b993f890378edfb772cb1baf5545f823fc4877c3d16fc5a62,1,0
LWL,2024Q3,53,1,513,2cae8de192efe91dfbcb06e163af3d51fc57e5db20c7b229970431ac1fb851f2,f04a9b043ea63e419307d3c70b380b6564a71cdf899e31cca1ab50bbfa038b96,0,0
LWL,2024Q4,60,1,513,7eac15a9f5b98b3d7e7e839acc1412968dac251bbff854b5188823732f785fa6,57dc770617ff6777df87b210b8bb9f2b9314ad58ea38f8ccb79809f0ae688261,0,0
LWL,2025Q2,72,2,514,868c589f31da5987eb7ec67d05e27ef496b5dfc1b166cde090d1d5e325a4de56,980dc6f7e2cb3ef9c44b6985abb4498c065f9d5599f3747be106dbd22cadb3c1,1,0
LWO,2025Q2,65,1,492,ce73e84b0dab74357945597f74acb5565481c11daf83bf10290dfb2b935b71ff,06edbdfe6d728e3dfb5f9090d6e72a92e5b67383c0010e0df34534bed283ea16,0,0
LWO,2025Q4,69,1,499,f212ea8523225e20b13aaaa8c9f0e44f0c5da8530c9fb885292d1f129303fd37,f157aa487c2dccc4646bb293bc865d5dc4581e278440e31ec66fb4913e538297,0,0
LWP,2024Q2,57611,1,308,e665c04f37e61802a71fa4089713d9694868576ae89fa564a0cbfd753691092f,e635b3de8507805bab688843a47dd501ae92c947879cdd1a26bfa6ff5dcad62a,0,0
LWP,2025Q1,65404,2,308,2e46d082e22e5a863c805dd69a12bae06165737fa06df8fb29d6075b13d82881,406a19dc684317309ce33c1310513da456e4f9ded1faaff1224d3dbbc3d36851,0,0
LWP,2025Q3,70680,3,311,634377c646a7a748308329c6831d4049e81bed7963e55ce62cb7344d7d9844a5,bbbcd48bf9b29107fb378ef41054cbd05fd4002672f29f89e3a73ff53393a3bb,0,0
LWP,2025Q4,73231,3,313,aaff1a48d7262ac7a2147f692e844ba566bd24c493dfd541afca11cc422ceebe,c22be777eef8e06c41cd53eee51b037b6d06af67c2e9fa0610171aa4baea3210,0,1
LWQ,2024Q2,1850,4,452,f80d2ecdcf53c5a3f56658bbb80bea79809c45979755b98f04ca6aa7fb566e29,6bc42c4657f4ddc6387d2fb0b2a660023dedc6883efeff5d6dab540a4ee94de2,1,0
LWR,2024Q2,7902,3,402,58270c1c0033561f9b71ab43680ce91e4bb27525fe238601ce239e91fe188702,1c1bd90818daa17ca5f3b5ce35f96232d09390cbfeddc6ee5eb0d381e6a04345,0,1
LWR,2024Q3,8387,1,399,2b8f08c2ed2f371e12e30b112ed56135d4d7e7edfe9af58b9a5e603e77748b12,fd6733de78e0a4f5db655cf283fa7ae9c05060cb90d72f9cba4716e75f9a8784,0,0
LWR,2025Q2,9809,2,400,a47448378974bf50b9c49d3c6c573d0147529afd1788711fe86d24f4e4dca773,f7dbe23eff46d3a3c2824c51bfb8f6f5a11103e7dd797951395b9d6e9a55d204,2,1
LWR,2025Q3,10252,1,401,355ead54a1bc2edbe21e84951829a45e6339282ba6329d5a1692337f084b2f99,c40b1c5676925657145ed816dfe78048de0e4e71d68b9535fc4da2f237454a0f,1,1
LWR,2025Q4,10730,2,405,89a98bc5d7664e20a5de8edc944fd908acf5e6aec45b54598a8246e5b0ed4327,f743fd31ba96ea0a76f6718496399689ab5b2075113e0796d53448f5e1031d3a,0,0
LWS,2024Q1,104904,2,290,bffca64536716b378d9ae15da706f1e19e8157799f56fe069e1bd2881db7fbe4,2e4d44ca289aeaaac08654224bcb13bd87764ee75f867734f502982b4df799dc,0,0
LWS,2024Q2,111314,2,293,2077ea9f1facaebb1e8e861b7869973385c18a5b12ed7180c6caf76f0ab9d906,5e251f621ad556d2c6d2b8fcd583f1966ac7f6587d5972716c3e257f57eed1aa,0,0
LWS,2024Q3,117789,1,291,f0a22bf7015a6dfaa25a422897f65f3e3b0963a548dab254f6ee83f8f968cc1a,223b2e01f7bca8c80a1338f707a48174fbbbaec8e656137874f1cb96f775c670,0,0
LWS,2025Q1,130109,1,291,06df1292c2f3c182f7d485242e97a69019d8e17388e9ea4efc22b0bb742c3abf,e30f45278324c0be09044044a08af0fed27fb1d4756268d402c00b4824e888ac,0,0
LWS,2025Q2,135909,2,292,8017349d1f6751a43a73c8afc3aa0abb8d098e334534e7b4e9f3511e8a9ebffc,90a2dc143cf402123c39d2b03ad118fff5031f49403e89ded232be4ba4383ab1,0,0
LWS,2025Q3,141906,4,293,c11f8cff54585acc8ef7bd4ad112ddbe5fa4dbb9c05e51c00faff06d41d48492,571e6285eee95f67fe45f2aba4ffa2341b87f1d53fa22eadead0b0daaf02f602,0,0
LWS,2025Q4,148702,4,294,2abb06fa891a50bb53a02bdd0277f92fc7d8026752b0de8042d1d8d81d998797,2ea67aa25ca9d11d16d3d6852e10d987b6bdb684fdd086e5b45f4bd2fe95686a,0,1
LWW,2024Q2,11,1,512,e3dbb550f8dc5b3713c7d234f22ce401dbfa1960719d75f47974b14b8f87a4d4,4fd491a5b3473c27bdbd1aac56d72b92ee105e6bfbdcd62a3745993504314863,0,0
LXA,2025Q3,62,2,515,e81f1bce05b76e128d2703983e673d3b98a70a9cfc0f0136071ca0726e57f1e0,ccbd73dad4f7f10d5948fb2b7b25f728ca64f67a09312f39bdb396888167697a,0,0
LXA,2025Q4,72,2,518,bef495615d284b52003a38a6bd25eced0dbe6cab67b232c368fa2673b6b93f78,58d9d1d698be256a2bae1a605967014c9db8d789c1f442b0981c9ef6951edb50,1,2
LXB,2024Q4,2438,1,492,dae3cc970dae13537d60465e972ea841e4320049b150241501fd1704b66daaf5,06edbdfe6d728e3dfb5f9090d6e72a92e5b67383c0010e0df34534bed283ea16,1,0
LXB,2025Q1,2501,1,491,c3b4c000c56b56ec1cb71f200e4a30f441c64e8247df925c106832c8efe81450,bb24fbcfc1270f807def6102d75aad113a0012c3bcfcd588a899547f60cc53f3,0,0
LXB,2025Q3,2632,1,495,4a73c611959885c834ed42af21c49b75aa37ae1d0a8c8dde59b5ba920acf4f62,8d679bc0fcab565c28f10b0b96de772fe7ec45d7979c51b1ece80a984650f2b2,0,0
LXB,2025Q4,2707,1,499,352a0b77745a7300061e8fa82b724fc4aa6c2f6e603e568f3fcd5a4a164d4cc6,3908176d571f3d2b23037be73bf33da28ca1b689a71ebacf4d44459b7fe0f4e0,0,0
LXG,2024Q1,77,2,474,7df6ebe464a0f957525d0a24191ecba5691481dae4e059729fe66b451e86172c,324c9a97911484d82fd199cc9b17991267c987cf563d25d59195d2908b66c40b,0,0
LXG,2024Q2,83,1,477,f3774dc2f8afc6503ba25ea259efc11229c6abe43058bc00f44dd3d88aa07726,58e19a0efadc3bc3a17da69fb3588c5b1d53be82a6052c293aeb522c7e7b0334,0,0
LXG,2025Q4,1340,2,487,9fdf7d56565b45247493a3630449941fcd36c5e4e3f53ebc8f3b4a2b513d34b7,ac038c224db726f05a3b673e1e59a06088a7dcbe54e822914e4a0b5428ce5239,0,0
LXH,2024Q2,26223,8,333,5b5b51362e4835bdab9939969628b5162f549ba4a262e38d920b8558643052cb,f2572798300f23118e5c79856dec2ccb9cd3e9a4f587990958aa0aa05d67f92f,1,1
LXH,2024Q3,28354,1,325,5e818ef8eb4120a8ea26c22e71c7be9306157e52dbe1ea9b8516b43e99aeb587,4be456711aa1993110b2bbbe24949fd53f13ea70b3c57de714c0449c91b0ede0,0,0
LXH,2024Q4,29801,1,325,1c5f01b47a8786abe4c3adf08acc08f260457f9678cafff1554f19e1d2fa266d,a01e6f9b9bf67cd709995cb090f93f1191a77ae213b1a890e7eb66b3561deb36,0,0
LXH,2025Q3,34484,2,329,23a15971df015c0d6cc03387d38d8b2a47da8a52b943dc780b13b629d8da3e6a,49a502fb4e25e600f8903321de9ced7480c9609537cd4573e70d4e08dfb686c0,1,0
LXH,2025Q4,35785,1,332,d11193228c24a2c2705069e8df79d05024652b1103ca2ae6fe4bde349fc87ea7,6a2da80f70708e52257782c39714402cd55a59b1b96ef809e86c966be08d92f6,0,0
LXT,2024Q3,148,1,493,5ed9d20ce34be8e4385d532dec2f912c24e49f0d6cbad15d74e1aada8dcde5c9,d0925ed7e7326fd1da0599f4480b6028be72c31955c5064207f11ff98d94efab,1,1
LYA,2024Q2,59,1,501,dc00542bffd7f50ec43577a3fe10b1c69c05c427c3afd2fd5904ed519c5006eb,c40b1c5676925657145ed816dfe78048de0e4e71d68b9535fc4da2f237454a0f,0,0
LYA,2024Q3,60,1,500,3b43217ad696a61540d9c035d1f66bbe868d0ce8ae402b3caf61154e8ee0b57c,5fe5bd762629a8a9cb381c223e50c4a8e1fe61ff295966be187691694764725e,0,0
LYG,2025Q2,8,2,517,ab174494bb4141311eff0a8e4a6df2f784ec207e3c7fb5422cd9e2514a9eb7fa,12b3a5f6a27b14485b2cf136f914d8ac41bfdfa31b4d8f27da0d8a49f3315fe6,2,2
LYJ,2024Q4,10391,1,458,daba592daf475071dd0c1ef6efca6482d1c77c94720b2eb79a88244961cfd9fa,a882fec75e44bce5cdf8c7386ef1b398637f4a2814e9a701f6013dbcb950429b,0,0
LYJ,2025Q2,11108,3,459,55a357baf04f48a4f66bf40b7158f80a4f43bc987185adff11fd914c2e8b18bc,85f0e89b614f09e1fe264f964120d49dd7c30010505b663feeb5fd42e43eefef,0,0
LYJ,2025Q4,11848,2,464,cc4abf224885dc3284786d2268d786670f6ad3f3928c84151512edbd7e3ea832,ead7dbe9a570aa0fde2f6447e38a74c09b1579a6de65d9ce5b10303724e59d6f,1,0
LYS,2024Q1,880,1,496,a31129026869900d47d22a1e442e04acc569c30821289e55ad141a70b2c329e7,3697faf9942af42685fb3f815b16f9ce5d825777d0421210ec2e5cca8734bbdd,1,1
LYS,2024Q3,993,3,500,a7d7ed5279a2dc865fced2408b8010f1152b643ced8ac96ed9a19e30962698d1,786dbf00031e5047b626db8f2eb0c7d4fd519926f1d58acc46bd1ef9171f9a4f,1,1
LYS,2024Q4,1129,1,498,0bcb1e4343250a0d2ca46feea8d2439919aa65b2648cb39338ab8045e4177b6a,bddc178d9efe8081669441c1c1e6989f0021c26cbc24a3a7bd30446c98636bf9,0,0
LYS,2025Q3,1192,1,502,e8811b08fe325db41471f576fbd3d6d4adeb70db079d454bed5c857be4aba669,6b0f3b31667aa0f2ccdd5aa7d49159d1336831bf28e225872c7d04de70e5d886,0,0
LYT,2025Q4,1,1,531,93685edbeca50cdddd96f99eb40e135fae421e6a2aa121b5e7d60de8becc025f,84fd7a95f5415de561b15080617ec65d60ff3ce1263df7f0e3559d0d33b22326,0,0
LYU,2024Q2,16,1,511,eeec842ff89b2f1a0ff50f63d7cd848e05e7ef62d38aa2f2c5b63f14132f2fb3,f3dd231f5f28f1253f846ce65920bcf282bf67d785e15bc88d46a74d3b5f73ca,0,0
LYU,2024Q4,18,1,511,900c1c0b3dfeea37da9ecf20038dc302701ded1a83b1ae21ff63b3a6638cdbbe,59b5b0ae7d1fc2a634132930f488576d94a386df805610c17e9247e6d22ff913,0,0
LYU,2025Q1,19,1,510,76efba8c72cf2801486772df8c8297f78b31a80f5bbc8ce689c41803aaa64c59,ee19a8a080f0b4d176b9761017b382532c6dfc2fcd780f14cd902186ff0027ac,0,0
LYU,2025Q4,22,2,519,1ff304548f7787798c6fff920af360f5c8ce8df7462116b83a9892aa66bedd39,e0510500fbc22f4d45ed9a1ce5dae9b69a5be0fcad80310229205b2a27f80f2b,1,1
LYY,2024Q2,9,1,514,0b50afd16bd3d9f832ad1800019a13586ec46aea784825141f1a628f4409e2c9,f624dcf018bd7117af2c0ef366f6025a434c1a89c33a122df101132ce5fe9074,0,1
LYZ,2025Q1,12,1,514,de0d364c91a094a3d6d81c15acff4ced9ddf7d82480d9ab1210f53ca062f54c8,598a368849023e0238de665cb5ad2506d41b4ec6497efa2fdb6b432b05bd9241,1,1
LZA,2024Q2,95,2,489,52937bc3ec24412f469a3c1557860eb0a3f1ead5abe0df740c66c0785a89a1fa,26eb48744e56a7c0f9b849910d9d3945cce92a1813c8de4d92ea7f710f9275f4,2,2
LZA,2024Q3,115,1,487,bcfbc9c57912c2ffab089ccb340b6a2cb9781aef425b7508c7c7ab1a0134b22d,0e7ce2c55b01e28812e7fd0b7e7682c2f5cf97d5e220080ed0c6f04b26b18df1,0,1
LZA,2025Q3,200,4,492,f91180980401e803aa90d0670040914ea170e0cc011a9d1c1ef4bb875b33cc30,dc4924b9c4d735c4b94064d15e2b49ce75c75dc4d8cba0a2d04db976b1e62746,0,1
LZA,2025Q4,219,3,493,9153c9f50385f64892e973e5affaece754033f1f7dad8c2c90ee9fa540001b8e,441f01ca692eb225e020bcdf8b3e0b200ef814e253432b660f9629c0d1eacd5a,0,1
LZC,2024Q1,14,1,505,e59df8153208ab0a0357ba6d3509b92dde3a3df305443e56ecc58031ac574b72,261efddb563af16eb9763793f4ef4a07ddf66db8bc9970df2550287de5d68413,1,1
LZC,2024Q4,22,2,510,d39f72efcfbca5a7e258aaf248a43736c982c64718b26fdde277a8538ad0fe79,1805fa5f808b5e2004cca21330b89bc826695b6de22ef6df2807dfc8bebff21e,1,1
LZC,2025Q2,32,3,510,c7c5145003413f890309d1afa5a2bdca963c5fa2a929ac6cbfb0d9c522c7f725,20535768ec7fe7d4fcdb023ecb1a1347b1ef8921ec252b87ed828d528f619750,1,0
LZC,2025Q3,37,1,510,5e61ca8c84205d93ce37c7163a35a57a3fdce184aff9ed6e8e78bd1bf3f4cf7d,01f6a48e6f0b4e7c669299b5f4edfd85175208c46e67d96e8739233cc92876c2,0,0
LZD,2025Q1,1302,3,477,d4d8f10a0964cdba3df1d41cec80cfaaab345adaa10d8bd3e393d5b16364d927,e589a3dc1c12a602025417dbc9d6700f583d5a7314341f117e5ff44c21ac838b,0,0
LZD,2025Q2,1360,2,476,6e2d7f00b6d16aa493637769642d60dae7125dc0035a17ffa0e00b56b214869d,b5d4107d3ba46ec8677376351cdeeeae476b9b520b774ad5e5754f51ecafd0f1,1,1
LZG,2024Q2,147956,1,313,67e437d2362923e38782cb7d227cc2ada3ef1e080a69ff2c1bf3aac888edf207,06ffafe2347c3a89f0bf26e1657b8d45c014e9f95a710e5bf5b17ea7045b3deb,1,1
LZG,2024Q3,152340,1,312,65255728eb7f0d161c13ad2c05ef2c1a6737027c92700ee680339b5f716d0d3b,833fcfe9d7ae897e67df8e5f01a066d6f2aa0ad6a6eef6c4b9345fae9bf015d4,0,0
LZG,2024Q4,157644,2,312,c65576f79147cd31db74f0413073b1c1fd4b2535359c3548b95489e358b8b0a1,ebd036954240ca1b2972f6b4991e4d6721771807b66fd6bb8c29da1631f97e13,1,0
LZG,2025Q1,161562,3,310,bfc941b517634903b901a1e61ef026d18ebb7d93ddc34e2b8e9bad71f38dea62,c3b14f8a3ab3ed7f10cd4bd5d0278d1633bc7a19ca771f857bd32af8225b9343,1,1
LZG,2025Q2,164883,1,309,38fbdc241ff37b12aa0da55d8b85fea31e74131a8fce62e6ff78a831a190a06d,6a12e99824aea0d5feae2c12c8465437870d0dd31353dd3635102d45d7a6d9a0,0,1
LZG,2025Q3,167681,4,311,86ac575e98cd67a15fcc2b730043b3e7777a728239b9a0b095bbbbd259d2ceb7,d9fa9c85a6a481f9acb3fe96a1b858580b992f472966ce66a6a682a6f67125f1,1,0
LZH,2025Q1,4549,1,435,7869b1816fff4c0617b21542363aa831bff18a0f77504bf02d7282fdd41596b2,9f5364d82104dd8fe6a59f3ac01e610a6749aa04fcc21e02fe06e8681d73bda5,0,0
LZH,2025Q2,4681,5,436,bf550b64aa5f710baa8bef621d8f5718530f1c2ea1f02f473bc8234099650a5b,43f9d0caa018c730e62dc71dcb691dd584104d19a20ea5f4f6bf0c253439800f,2,0
LZH,2025Q3,4779,5,434,7a49f132e440089064a0895d7593be7fa35634f485c1cf534f2cb057ad6fa3ef,3a1f09382de7f73826f7ed7cd0787b87889925451d231adc66a372d75713748e,3,1
LZJ,2024Q1,14,1,512,b7dac94d480f67402791c07c3b54d2843dbba624ebaef381b0f33018712ad2b4,3d5b4c710d6c1ee6c24d7b1798abbf471196fca1ed5584de4f6f1d4fab26f02c,0,0
LZN,2024Q3,57,1,505,21c2bae16e2f2f6aaee6845dcccd080c0b8bea703affcb07394bbdbfb5bc1769,409e212fb4bf98886b260e02291379b63e84fd6cb7ab067b968c4bc5205a31ac,0,0
LZN,2024Q4,59,1,505,1987c10a544188e413f13cd30b2a10de9637b57098894a31a132b5181cc15f7e,558b3aec709916b18f2c9ef4fb2706ed970885fe7e23bf25c552afe141b331a9,0,0
LZO,2024Q3,12615,1,395,2abc4b8b99981e4fdd06abf935e2410756330b863a6d732a9d6144715210f50c,91fbbba68d1dc574e38e2504c6295d5ec4e351769b3b84903e42fb39f9ea99f0,0,0
LZO,2024Q4,13239,2,395,90bf116da25dde93984246e7f3d56cce30d8ae4412daa43643739a67f4a13386,4dbb4aad6b0d0c6f8dd04cf029cf65d5302219248e9cbec21fd0cadd5c456bf8,0,0
LZO,2025Q1,13863,1,393,319ff44c696036955bf9e68de2093e5953e0a882deffb00481d7505e5a3a82a0,cfb436f59fd90f48de462bd4c70a516b6bb39f081b5208a870583942b81826c5,0,0
LZO,2025Q2,14518,2,394,5344c9d92d1e87d6f068570d5c29bad6456be243e3a61cc92ba143fcbe671556,f3cddeb26d4cc7421a36bc01ab746bebd746c0f4a74074ee71a11e0df66d3bc7,1,0
LZO,2025Q3,15478,1,395,0b7b165d44a85a6c01d69dc5be0bbe35087c74667fce42afa114c0a39ec363ea,f01e905825ed2060e534525d0d7191a86e7cbecb247a3557af8166bdabacfdf7,1,0
LZO,2025Q4,16359,1,399,3ba9144c098b7353e776ae3b25ba24feffa10dd2584edac4d1195a0583310d32,06ffafe2347c3a89f0bf26e1657b8d45c014e9f95a710e5bf5b17ea7045b3deb,1,1
LZP,2024Q1,736,2,473,fbb35bc0ca0a8512f931667253307518e416c7323b453497e60bc7d6de4bc494,e335300e1939e4221128ccb7a10c8d580d9661dc17b009482ae9fab278f4904a,0,1
LZP,2024Q2,757,2,476,dc16f8472837d7daf1ebc9c877d8be2762c5cfd7bcf27ef4ae5862fe50f429fd,5ada6ae3f58bac2f21293f199ced7973e372d1297e53eba4eddea6770d4d8679,1,1
LZP,2024Q4,793,1,475,34193b3aa34cba4ab600a9d49b929dabf34b92164333b611431260037e714fa2,4ece17ec0e971a561225505099a22d0408b1dc0895bb9ca33bd4cf46544448f1,0,0
LZP,2025Q2,869,1,476,7d1353d49ff4f04983fae68503ef1486f82350a80c576c95d72163e38ae5f9c1,9a747d942ca2a9e4b9c780de67bee393e775fa215e0220d0ee8b53bab7f29573,0,0
LZP,2025Q4,910,2,483,d20aca3407cbb614efc03b724855f692600546e7e6aa63e8cee94661b6e46327,0d2bf4371bfa35c31d7ff39f361fd2d62d9df382e9a9799f5d60adf9135c1e77,1,1
LZS,2024Q1,2174,1,412,b17f85a67acba1eaeb12714519f804831e5397c505c45f80d27d7edac03d24aa,c9f2b8a642d68695102627d731d0431a95f5032fac9531979943825cb7593edb,0,0
LZS,2024Q4,2255,2,417,cb103f347569753e8f02dbf56ba9dadda52624892444bcf18f1a697bddd0ac47,8a900b4f51131447bc3334e9b3ea0bbf022bf4e8314cab53c1c1a64044759ec8,0,0
LZS,2025Q1,2283,1,415,f620a0bf931299d863fb65a0c08c32a251e1ab2ed2aac7edaf2e38f6623afabb,cdcece2f507718407efc5c773444b3c59fe1bd4cf15bedb5c272b578de949d4d,0,0
LZS,2025Q2,2366,1,416,9ba7ba1de12d8e711d2f3c7aad1f6eb90cefbffc68f0519d8c9e4d0e059bfb5d,221324166e41feb46e457f0490759eaa3aa9a12f6071baf143042e787b07d16c,0,1
LZS,2025Q4,2487,1,423,1aaede04768f2271f8b2ad85fbc68868b6e1db050afea20da2362db78f7d5a92,06ffafe2347c3a89f0bf26e1657b8d45c014e9f95a710e5bf5b17ea7045b3deb,0,0
LZU,2025Q2,9,1,521,ccdf87b0ae149f4147cb7b1bb545b8412bd4914a1d699dc156df566fb2a31e80,e016e65b0682f242ca891c7a2249c78d7a279d5e77494570d20b17658701e4c8,0,0
LZU,2025Q3,10,1,523,03449ab692c755d4395d6252c106d0cd58d3f620fb5518ea9f2fed25b2e127e1,e545563b497023690c9b474b0e63e1a6ae16dc9d52f7ab31f156f6d4219b072d,1,1
LZW,2025Q2,1,1,524,5857a34c126ee0c69af0bb88aa4933dd7968e082113af9729874d8e79492ed29,3659cacab05527b55657926c7f6335720a935c7202daf914d7562dc0342d2acb,1,1
LZY,2024Q3,378,2,509,8ebb72e6d552373f1e0a64521f7d02b74302feec00e325ba240953a0682643bd,fa08b5bec512d021ebab72f484450eeba8014a7db171bccc66f5d4d8d1add835,1,0
LZY,2025Q1,413,1,508,f41328885cf24a68b415f3ee613dfb89b92c72d15905114d37bdf32d5d32c78d,d0925ed7e7326fd1da0599f4480b6028be72c31955c5064207f11ff98d94efab,1,1
MAC,2025Q2,10,2,522,2dec5af293a31f8d493e3a20efc779c997dbea03ab7eb613c880d7df8b1239d6,eed13b6a09c9231ea4833a6f30e5a41d6d6f0f5a6b0f68e4e6554e8fddbb0443,0,0
MAE,2024Q3,508,1,479,fffffc1ea3c218a41a00f42709c58864d5ccc46b34e991afbd900d8d5849e375,8891594f74b9cbbc02e7818fc9e2a5c538f57b26003debd82b38d053313caa7f,0,0
MAE,2025Q1,562,3,479,f164be67e2849ac65229aff05c2cfe86a2cdb0d8e09e80b96084d5bd418cad8e,f7835dd8442771a0183eae36761b2e93afa617e5173f8a46e5c84a8e32542061,0,0
MAF,2024Q1,1807,1,453,1204a418ac3d63bcb4092f651574080852b210ad760d957b1a7c80346e4edf95,19685015ccc5f952d6265dc4bcb7e7a163dc7c4746cd284c379f330aabab1da1,0,0
MAF,2024Q3,1933,1,457,8d5fff2d387b8708f3c83deef07f76a2ab5b45999542e1167ffed7a5c12e53a0,39ae8f759350928495deda149e35bef91830fff8deb6d13a9316396daf34c3f2,0,0
MAF,2025Q1,2026,1,457,47108f06f2f661651a869ef81e133f437b8c81240ec05dc2a4dcad74ff79588b,cbf325e6ecad18ca0b0672d34493bb0bbee886262e72839f027a5e948118f013,0,0
MAF,2025Q3,2095,1,461,3e1e3bebbf7b0bd30377ed0d11079cec033447d6972fd6cf5cd6cedfb4fce0c4,d7c2ad28f9a8d3c69320c4e3ef423a89de4b7d13ac1697d95e6130e0cb149e64,0,0
MAH,2024Q1,3489,1,485,5f690c602438478e0c9c63c864f3f6fbffc6a759589351ebbfbd87d264e0afeb,69c9b47649ef5fd9ebd2d096cf6ac8a423c34daacb3af8b0455b7a4d46370e03,0,1
MAH,2024Q4,3938,1,490,d88b8ff2774af617cce2b89cab2d9e2789757cae5026c87a44b4b25354decd6a,22d9d66ebc39a7263baf276b5cb64705d4faf13b49a11097f31eb82dd97bc4d4,0,0
MAH,2025Q2,4254,1,491,84329739e6f0249d20cc4fd14222242f92d3531676265e0e6ac13b0b4dfc2fc8,221324166e41feb46e457f0490759eaa3aa9a12f6071baf143042e787b07d16c,0,1
MAI,2024Q1,6615,1,386,5d038675b05eac8d44bfcb2f18fa94742108ca47e2f6a4ed7d82e765876c9bb4,409e212fb4bf98886b260e02291379b63e84fd6cb7ab067b968c4bc5205a31ac,1,0
MAI,2024Q2,7118,4,390,e84ebef6fe5c9f8375e936acfd9c53b32a50a740592ad992ab435a4e1327d575,261c20789925ee5fe67d415da225918ee3733eb8d11c80e72269e6089b200119,1,1
MAI,2024Q3,7856,1,386,ac42b11cc6a68fc7f69f07af267657f84a72dd20660cde0e55506087bc5d4fd4,b20ee764f489d884be509f0ba55cd68810957330d112eeab8527a9893d9d46f6,0,0
MAI,2025Q1,8916,1,386,b16dd0e089bb96a4557e0d09d8ac9265406b7e4f914df60bc7f04c5f93612a40,cdcece2f507718407efc5c773444b3c59fe1bd4cf15bedb5c272b578de949d4d,0,0
MAJ,2025Q4,30,2,529,8dffaf08e45c9bd5d719e657bbbc7ba39bc427425b1b47735fac40c6306cc1f3,25637c4312ee07f99b6c77c76dc8330fa20219950c49411d0a8c3a8a6df805ae,1,1
MAL,2024Q2,123,1,496,a2f2395cd9f66c30a1395c398a23eae6b719c2efa67369ae184506d1bd8c89e1,0e581c4815066a7ff423d513a2adc5f8e1d1163835a251048a3f89dca2383c4f,0,0
MAL,2024Q3,126,1,495,949ee18b1dee3243a00a5f76e08f9ffff9271e05801f87e048bcd3991448477d,b20ee764f489d884be509f0ba55cd68810957330d112eeab8527a9893d9d46f6,0,0
MAL,2024Q4,131,1,495,ce4be2919b62cb06eab0f13a1efede8915aea0fe0b5076b5da60c199033369e0,04f40a8c8305397da67f43059e7858044f792a000c56dfb6e91f783f8d059f94,0,0
MAL,2025Q2,133,1,496,8fc8e32bc85edb97f66d72c48064dba9090db28c5f47e468971cca014e19a2e7,69c9b47649ef5fd9ebd2d096cf6ac8a423c34daacb3af8b0455b7a4d46370e03,1,1
MAL,2025Q3,148,1,498,af22b84949f6589440f9a52e86c1328ff0499a6b8fec3bc205fcb38d94ca4b24,8d679bc0fcab565c28f10b0b96de772fe7ec45d7979c51b1ece80a984650f2b2,0,0
MAL,2025Q4,159,1,502,0b8f29850d7cf82b3eb039942e8faf0b9a1bc271fd3a0ec74b2b41d2faa647dd,5fe5bd762629a8a9cb381c223e50c4a8e1fe61ff295966be187691694764725e,0,0
MAO,2025Q2,4,1,523,77863cdda366e496148cf8869ea488ad72ebecaadf7edad5f98f519334152bc3,83032922b0a4e4a72f25138cb32888e92e34379360d8bac23225341e0df69cd5,1,0
MAQ,2024Q4,101,2,514,8ead8a6fab9ac0f986e7669b56656f49bf564447b39e78696d98634ba246da32,d428f721b3bf1fea79d7e21d79d3fa70a0907ffbaffcb9c6cd73112fc03af516,1,1
MAQ,2025Q1,116,1,512,f719d42d1cc869c828020970d7bd07f0767f4a050186494edd801ca77dc97eed,fa004cc648fbc48aa07924ff3e5b332da3f3c2d020ecc8908e765f1ca14d4cc0,1,0
MAQ,2025Q3,150,1,516,db009676426b1da3f404ed455e83bff4ce75817395c87624d74c0530b735cbfa,e48f9a2df6d08b5a1934e0431786f10a704f525ff73074014bc43770b396db33,0,0
MAQ,2025Q4,161,2,520,4ae437195958ca14ea2babcd7c13b3c5cb8067419f00a0c3449959926ea89e9e,763a9f3cfb136839ed6a2948d383413194667e892ded4d8c3f6190f86c012f87,0,1
MAV,2024Q1,1143,1,466,90f20db0100a4be49bcb25a3d85535d74f3256b319063c0ce9561fa3d0df1101,3659cacab05527b55657926c7f6335720a935c7202daf914d7562dc0342d2acb,1,1
MAV,2025Q2,1578,1,473,3da5c19666cf5bed07b631d53da493cbd023088e6a5eeacc2fb6ad9b4e7619a9,e58fcd3f61ca112bec9d3396ad214db2c2ff35da9e78119768320bb5d5c17a2c,0,0
MAV,2025Q3,1589,3,475,f191046cff2130ee2eab6850674b43fd2b191f92c3657781d46b66b3ec3c119b,8f96e88e91de67f3e595931fcec18b2c2f0c05f27280ae25cc5cc50997a454a3,2,3
MAX,2024Q1,3155,3,421,f4bdb3b9539be81fd36416e05940698de30bb9beca10ea835785c19bb7632485,afd6db93a83583bb49faa357a1299a3837a1882a6a96efb33e70bb5c216e4084,0,0
MAX,2024Q2,3429,1,423,ffa4d2a28ba35ff0fd45ffcc8182a39dd00fd4d2e615099204337c0d880a95e8,0665286073e333e5db6139042804677761759e30ce18c4b18db623a293f37cb6,0,0
MAX,2025Q1,3884,3,423,9bc08cacc7b3d4bb4b773f776d9767f74b8d9aa759d0f741d75c63fbd32bf1f5,0cc525fd412372c4d4a57f124d223893cc256580228050098b4264aa7ae609b2,0,0
MAX,2025Q3,4365,2,425,9617b2ac949de2bfa59230bba47c5bdee805b619b1862476a744ccc6972276f3,b0691edef21a67774607fbf9589c05f0ae1993394c2d36b534df42be035e485d,0,0
MAX,2025Q4,4548,1,428,8f0798adcd7d9aae9e2d2837ceaa335121c7b3fca8cca5b4e10f446f1f98d821,6b0f3b31667aa0f2ccdd5aa7d49159d1336831bf28e225872c7d04de70e5d886,0,1
MAY,2025Q4,77,1,507,32b0ae99faa1ab36373bc07552de99b04f595796adb9f3a33f53aedad08e4956,f4aca0645ae9b53723543edf7a32e2ce8639b3bde004d46afd03e272e392ca8b,1,0
MBB,2024Q2,2114,1,455,1680abc5bc6043dbbb7572279ec38ed9dd05c343d5a27ecdd64374e71a202d13,df5e39abd233744eb5fa0c62cf6e0fe96bfd6ac6c1d70ad818c2ce959db12196,0,0
MBB,2025Q1,2270,1,455,9f42aebe1e83d6e3a20ce7bd8d34585162bced5181cddd74778feca75197776a,625f87222c209c641a47bedfc9aa2e722aa91a819a70aa10239c725518d6eb9b,0,0
MBB,2025Q2,2314,2,456,c2d5084ec039f4683b948cf2d16b7cd010eda419e3676360d72a9d5fd66f6723,fa6d8ecb68452702b4c2c10e2b511e34d76e27cb2a0a6854742890e84b816e6f,1,1
MBB,2025Q3,2363,1,457,c14af450ff96cb63e230efe71e9e472b4cbaf52913e02c7031a6f3f4aca03bd8,cbdd00c08fcd013e55e94815c31b8e42f822f7d7d47f2836753892256c8267f9,0,0
MBF,2024Q1,364,3,476,43956077d70905990512c4775ab65429ee947559213be3e3ac2e835131499a2d,c7a66b4371f8ae975c46632432935fad8cdb3fb692ca433afe900d89c7b0db96,0,0
MBF,2024Q3,447,1,478,7c5018131d2d97c4bc010578e35af30bfb2562bbb3fe1326716eb3ea88470a92,22d9d66ebc39a7263baf276b5cb64705d4faf13b49a11097f31eb82dd97bc4d4,1,0
MBF,2024Q4,488,1,478,368e63e1017244fb299e649f756da4bb9aab4fe55ff9764cc2b22f63e2e16122,9559394944156fb2a0c90f41e331d152be56122dfcc492384b2e1292f0e74ae7,1,0
MBF,2025Q1,528,1,477,8c05cc9f07758439ec8de87ca8fd6702a412126a3cb4776b4799d045f3f57fd8,4febbc3d54fa42cab28ad75da965d3b824b5252a22e5053a704ba1b0b2032cfa,0,0
MBF,2025Q2,572,1,478,4c8123f30b70d2256c6dd06b49d1b05c4d82f681f1559620e0aa5371e605abbe,80f7027d6c0b934a23f107e75772120bce88a283eb07f573081b1536419bf092,0,0
MBF,2025Q3,631,3,480,90c6e2347525bf9f59ad445405cf294fd129033c44cb15860118ef678a1d994d,1451a12468382cb796536c934fe733a4fa31d6b08e36c732c18671e5005a2e6a,1,1
MBF,2025Q4,689,1,482,09f2e90ddb4864a6c2fa4988f138ba47a37a062433b01439171273136e3b6085,8ae249e9e86444b026ef96dd5f3eb4224403cdc633087e07aed5869f02d19551,1,0
MBH,2024Q3,7325,2,415,f56ba455165936779a0dcd4c820f6ad2dbd7e651557269c9340092aa14692f5c,536d1c7fc9e4feabc3025e64fccb52ddcf588fc8cb31fb867bda1cdc5a58da07,1,0
MBH,2025Q1,8043,1,414,7c7e33e03d2b5eb7c2c7913a527142e891338fac88513a18dc0ff5c35d169080,72f69ee9e5cf9108f868966bfba9ee450cd827ef6e28e359bbd03f57fa808f18,0,0
MBH,2025Q3,8731,1,418,c2fccb26f8f8284d8f9c983ceff6dee00d4100afe7dc82a48798f465656fc26d,720facb0d750a5e657e1e117b3b86626f8f85c7381208762dcf3d4337659ff8e,1,0
MBH,2025Q4,9158,2,422,3e518589635bdd2e7d4542061b6e29b91d0849b849b7b2941168648a0ffdcf1b,add204770807ed356aa508ab6008c0db72225818fb5818fe077d8137e6211970,2,1
MBI,2024Q1,8741,1,391,e67cd5e30e73b8867754fdc48a20ed2b0f1ffe5edf75fadecac38f067a23c07a,ff8af3592f31e1333e0c4f138cd68e636e87799142596ba322b5f5f47785bb28,0,0
MBI,2024Q2,9545,6,395,70cc55d3281675a77ce931ed7d302a47582796d6e032ef63e547d4eaaf251433,f633d8425055e58eac6004f85cfe48bae3250a6f828da3b44d1b5bdea2338364,2,1
MBI,2024Q4,11723,2,390,6a1e60a4126021d6b39991317fca28597a101fa5669f36c5d2fe18eac37a50e3,be085f40d9cb2c4a6e96453a816849e390adaecd63504109da7044e6d4fdd15a,0,2
MBI,2025Q2,13335,2,390,3074dbf1d93ebe856a40d87d179c020e55019d31e35341c7d0983b084d90c6cb,c98c7809e9e4bf2d1b06feff2cc5643b4f8ee81dfd7d3416dba88e08bd1794bb,2,1
MBI,2025Q3,14374,3,391,b025d78efade136df874ccd160d66fdc4958027edb7c078ece5ac90b73ebec0b,7b820d1a7830f34916e755341fde6a9a3a12a1d8dec13ba3c5200331e56f7f7e,0,0
MBI,2025Q4,15368,2,393,005873f85c53b40c26e1424b05d051473ba07408d4d38df6f7942dcb81a4b78c,e73a91c80cbde092efcdbaed8f6b97f1e652f412e8e2f9f4b8ce3445c12b8f93,0,0
MBL,2025Q2,633,1,466,2b8fb7ccf85990f2cb3d1bcab1e76418f1b1be83096d3fe7621537aec5905a91,2010e567f94a181179e0179a332e12ee13a037ab198b6cc0fd2ffa92d5eba2a3,0,0
MBL,2025Q3,646,1,468,e51337291898b7ea7e6d9372a94d59dc23066da4215ffab28591674de8555ec5,4febbc3d54fa42cab28ad75da965d3b824b5252a22e5053a704ba1b0b2032cfa,0,0
MBP,2025Q4,23,1,519,398d4964abc43c2ffeff5cda86f2751a1276c82f9438993bbd9626e259083927,3d5b4c710d6c1ee6c24d7b1798abbf471196fca1ed5584de4f6f1d4fab26f02c,0,0
MBS,2024Q1,4,4,516,2d24d459b36ea40c3810324362ac1870f13630e8ef9c05159a212e8e47d5fc20,070e0feb8560c3d2b28ec531176a1283b361590c44ad59ff5b271824fc4f9b43,2,3
MBV,2024Q2,40,1,504,f2738a374c8bb50b628672ccc2468cd47f259e54424abf0421bf7a8542ccea2f,e510f67624be6d9dea806b0c95de75ae52b169ee40f216b47ba31236cecdba5f,0,0
MBX,2024Q1,192,3,472,e1ba7e606d495b6660ac214606544839d56ad83265f2965a7f814bede2cfd24b,409ecf7df10c04ead049000cd3cb2a46059059ce40d699957638873046309767,0,1
MBX,2024Q3,224,2,474,40e2849054b56d7f2edf25e1ddb710aa414c6741a36b5dd4230008f432da9a04,0c4a7ed98f6c7f66ef3cf2b7ec4ee5e5fc8df754507b1d05c741936619884a53,1,0
MBX,2024Q4,246,1,473,f423e4a7979f23063353d3f094fcb78773422a8885af31b9094a22656f811619,53c01e2508e1e4f37060aa3a69a63f5cb3a3d2d6c98ed3bb78b78ca3bf0d9437,0,0
MBX,2025Q1,265,1,472,b76a11259b05e700f5d01843f6e183514a941ae69f35e367e20598b2f7ec3220,0f5d536b84f69377976d95d4eca5500e7bee7661e6d767b044440e641534c267,0,0
MBX,2025Q2,292,1,473,bfb25afb7fbb084d2feebad88c0730173e0c69488a38565a69f92702a2e2e6ff,99ecbcca20ee1d8e82bec093d10acfd8cee24a2b9f6e6e746e2c0e8bf2b4587a,0,0
MBX,2025Q4,325,3,480,baef4e94f22e3ddbbb220f918ed826feb4b8ef707eda0f84242dbea7d216b091,49a77d01314923008281bebfed8a0dae55090f3a0cb327aaf3c37d76c9b30647,0,0
MCM,2024Q1,24297,1,373,59b77e36143f249d42a0063dead099370697f9998f4287a45b7bf55d4b0921d4,80f7027d6c0b934a23f107e75772120bce88a283eb07f573081b1536419bf092,0,1
MCM,2024Q3,27183,1,377,1046e3f66bdb6a9b83f9cd690d927f9a3f38fc4bb9b869afbecfa13d6011b2e5,d9aa8082da5a49163d63cd18a101f6a91d4c912597ec3d726761e3b02e07acad,0,0
MCM,2024Q4,28566,4,377,b8cf7d159f7bfe0f11d4f29e2476032172cecc7a25e123d486ef8138fef7ccef,c8bca3f32ece2a5917f89ea8b590ce49779047f7e79626689d33dcfac8f6c0aa,1,1
MCM,2025Q1,29900,1,373,c6fbcfae13dd5bc9fe4cd6e36fa7b20bf4fe119b2d8e6ef86f5d4331c53a63f8,854bf78383a68f341a1a3fa8cc0a3167f9ade1b72294ad891b2456803107a7bd,0,0
MCM,2025Q2,31262,2,374,451b3ab994825a116e96aca5fc95363a8dbb65d2d4965b30f0a83fbb36e3ded0,bf23035150747208ebb8561eb3640fe0db6383f1f0c6ab5e2772d4a72003ded5,0,1
MCM,2025Q3,32661,3,375,62616a1ea7700ce6211f7aca876b3e0e029d9c4afe7013c044ee9cfcf2f3c28b,3afe337df81e6b655c4102fae474c6a956616d233df2b858156f296b1c2194ac,0,0
MCM,2025Q4,33969,3,377,bb5900f623b96a6816b17a78464cd51689e095b8c90d9d017e238237907ba493,2d9c996402c46b5777a69b46155266ea5e5c57517c8513cecc1fe3fd000929ec,0,1
MCN,2024Q1,239,1,492,243753c7cf7a262f8e79840c3ec8b57f8cdf3f5b0afd8567f1efe824e9fb31fc,f04a9b043ea63e419307d3c70b380b6564a71cdf899e31cca1ab50bbfa038b96,0,0
MCN,2025Q2,283,1,499,557818c840073148918334bf459eb85c656484aa92d7aef5ca17f4550b1c6fb6,57dc770617ff6777df87b210b8bb9f2b9314ad58ea38f8ccb79809f0ae688261,0,0
MCN,2025Q3,292,1,501,7104809dba00f718ebd7c3f284d2132fb6d8d4c2a77853c746ac854af375413d,3908176d571f3d2b23037be73bf33da28ca1b689a71ebacf4d44459b7fe0f4e0,0,0
MCW,2024Q3,3458,2,340,2ace5b303ac8dad77af2982601c08551f3adf366cfaf47373d0ee1eb75b5c9c7,64800357faa4837a12fbd36d43014a969998434524c141e9f3568722a5a122a1,0,0
MCW,2025Q2,3946,2,341,dde5659129f5448e41159e3b670f7fd4fdfd9e927d2e518c201dc0acc1c1b41a,9887ae3a0c9e0678aaf982c3ef438b0952f62286708b0ad783c5c22c2d30c981,0,0
MCX,2024Q2,4128,1,406,f56365c8629928faee681c44566b8c0796a198c3d1e4133a750ad412232af159,39ae8f759350928495deda149e35bef91830fff8deb6d13a9316396daf34c3f2,0,0
MCX,2024Q3,4335,2,405,7d28ae2e589bffba5b6818c6f10c52fe6c4ac7a65e3b53f13269750e1dc1bbd4,0d7d68c50912720b5779c21f4f1902625108b742ea5cf87e08e2c781f1314e56,0,0
MCX,2024Q4,4553,1,404,941a1b0ef5ca9a03780af091dc8b67e99bb94acfac2a6bbb306bfc2c477525c3,a45a4d8ca8f3f66cfe922287ca79f1444322afd4d71aba862038704c11a2aa0a,1,1
MCX,2025Q1,4735,1,403,31f1aa03e9e0ae9f1043b52b7df0f8d1ff751a43d07ff2ed64bd96663c74db7d,0d4c8b5578f83ca6988bee7c30383f7f7d06f1a6b0d1684547f5e65a5c14b044,0,0
MCX,2025Q2,4893,4,404,a95a60727de0251ac1f1cc05bb77009f0ce35d6a601dbafa1cd6257f05d2476d,6b6889fb9e6204aa3c94452038dd44de958bd163a7443ece5eb1c838feeb9720,0,0
MCX,2025Q3,5098,2,403,8fc46442b3785995a4b9610a8cd4c3cb518abdc4cd783b57841b0397a4fd2327,25186bb7fbd54c95af02c1529f570338254269e221fad16d37c4c04ed7acf03a,2,2
MCX,2025Q4,5336,3,406,562c939b2a5d34a5c8d7d5c12281d72c0e586c4723516bcb4e7484450a9fb46e,0527bde1e08e0abfc5e18f1bb45580720144cc5dd234034a9f10edaf938bbdb0,1,1
MCY,2024Q1,13,3,508,1840ba1c3fd6e36a2a6a4db1f7f96a96d81a3f145fe6baf1150467aa7248a18f,de489e31f6e1a66db7cb74db5bd0f6e297b7e4f25c289d861eddfa05fd90ad9d,1,1
MCY,2024Q4,20,1,511,cb5d2d59d22d47ffee36eec99d4fb4af7b47c04d1d8b1c6fced1a3e8b2acee62,f624dcf018bd7117af2c0ef366f6025a434c1a89c33a122df101132ce5fe9074,0,1
MCY,2025Q2,23,1,512,ddbdb668d9785fe17cd00e80906e1e5893a9455f5e355c78cd62e33deda6b8de,3505a09e641e891d63441edce657c8ffa3ca4fcfe450475d764e26edfe1c148d,0,0
MDB,2024Q1,3243,3,464,e8db192161b43f69b8dd92ab6f008304068c352c6d467813de95a96da7fd6c2f,0885b7ead0aba75e66548f356c86995758fed8b8dcf4cf47fb137cc92cd04f34,0,0
MDB,2024Q2,3346,1,466,0ade237253c909874197c9ec9b01f446354c8d86c0a1b17f92fde6656dc934b6,38c09c12833d504dfcc0dbdbb3d4ce61b2e921adf0cf8cc9e741a7704f3daf14,1,0
MDB,2024Q3,3438,1,465,68368cdbcdcb5f938de695899d6466d6b6307f691d7ba9cf0229536211fb30d8,6b0f3b31667aa0f2ccdd5aa7d49159d1336831bf28e225872c7d04de70e5d886,0,0
MDB,2025Q3,3907,3,470,d57557eb0b4563d608e886d16e4fa349b1c188e2c5a80c49ebee0b7335803f25,0a8c2a8f6ee287a6402fe52f70cb7dc209655a1e5c65fdbc7e71931432bbdcb3,1,0
MDB,2025Q4,5497,1,472,e6539e8ac09ecab12e72cc5ed4104d8aeedc381a3887c3ec078374127775f1f1,e447034e34165ec0b40cbb0d007119e73d7e5f445f3399325634902c2bac8563,0,0
MDD,2024Q2,100,1,510,84c8f01c7f127d477d98e73103fa753a3d80f3fd004efe9b79ad5dd96e3eac7d,14106d8b6470256ec2dce3e232a3f560def6e98351d8ea55e687e644acff23bc,0,0
MDD,2025Q1,110,1,510,960fbcddc80ce288cc6b9f7d04fc8883f101b38ea8acbb52a889a40f76f29e9d,1ad7da01ad9afedca3ca06eca6f98a05415dcb6066060971d68b6929efd66ddc,1,0
MDI,2024Q2,265,1,507,f6de89dc072fd91bf687cfdb6e2d4b3a1d116c035941f3fb55d9cc57b3cbbf76,e545563b497023690c9b474b0e63e1a6ae16dc9d52f7ab31f156f6d4219b072d,1,1
MDI,2025Q4,285,1,517,a501c2c8a7fdc0cb899793667ca89b5555126f63897ed93c59732e06174dd1be,083821f12d7436845a7f874e2f134d5103a891c9516a746670881b21b9919c61,1,1
MDM,2024Q1,1144,2,426,4db612a2b984e6c8d1f81bc95edb101910f878db8673ce083c6aec92a5b77155,a365959edd48644724f2d5d09481f85c5e2c5486ba8335c6e79be41db33fa539,0,0
MDM,2024Q2,1224,12,429,2ee0a769acb0759ca1f89c1d8d77d8ac209915b9ce8d6dbc2768972172f1c77f,b5e5d6bf1222b8685037b6af2330eea62bb7b5bdf62abe31041d68cf601faef7,0,0
MDM,2025Q2,1714,1,420,d2b1a946ae21741922363dae9701762782fcea683d712450f27769e494a1b111,de4083f4e5c33620cfccaab77a0519ec09cf957e79b5f188e54363c02babcac3,1,1
MDM,2025Q3,1790,1,422,cde804bcd8bd98f13cc37f4e43bf40ca7f4166b5422b3f87918101d93180f611,b20ee764f489d884be509f0ba55cd68810957330d112eeab8527a9893d9d46f6,0,0
MDM,2025Q4,1868,1,426,9350d1bb0d1bab4a5c5d3acbb44ee3278d398588465ba8f6e8eeef4941c1fb5f,9cbcd81794b78f1d171cab359febebf7209e5fe03b55475bb8775ff460e245fe,0,0
MDP,2024Q1,55,2,504,3e34d31af20282bc9d6610cc1262e3efe767c6841e05170b4219947ffa3a6e20,ffb77c177c44a08deb75b3fe67d7c1048756f95a1b5339e76fdf30840b063a55,1,1
MDP,2024Q3,75,1,507,80064147791bea07cfa3ef53e43874ee238a8179b4809b0130fad25dfea16f52,439fd981edb3e2f2627282b1b655676cc4176970a4c243218b851672060095be,1,0
MDP,2025Q2,99,1,509,d532069a30e19a52644a7a1bda574f7d8b0f8bb376fa61fa3bec1ec424f78f3c,4e9806520a6dcd53f7f4edf4e52d8e8c92333ff197cb93ec1019a6feaf3d3a79,0,0
MDP,2025Q3,109,4,511,6f9818508916251c7b8e83653f6ff0f6d34884607c2e48db54d8f7273809e284,50fb46f13b2ebcd0ddacf1623799459316d0a6de92612b8d72d552a2620569ff,1,0
MDS,2024Q1,28105,1,377,b9de0b395db183393c2a0bbbabf79841a853d500d9ad0204e9525be5ecade711,c40b1c5676925657145ed816dfe78048de0e4e71d68b9535fc4da2f237454a0f,0,0
MEA,2024Q1,16666,4,348,8b4b678a9941aeeb3e62f5b9b687377b6f45116b51e99c08868ee7e4dc5160c5,f4a34b8cac5c34608385406247a068cfac25cc4b1dc5b93b845246d20d5d7bd5,1,1
MEA,2024Q2,17406,10,349,8c047ecf43106fd495db45fd0507fb46e9d7d8b16895c9bfb462ff8adb7bc17b,8106a81f927b4f951252d3f3049c3288eb4c1c443b349c022294941a5fef57a2,1,1
MEA,2024Q3,18505,22,339,b0b22eefd247d30ad26fa05a41156d7dc9173917c182b3dd16ceb9ca3712fd37,59e8ebfeef775960657211b776c523a3102c1574b426b10584c521c3583aa92f,2,2
MEA,2024Q4,19742,11,318,4c118ec1b5952d32c57c4c57dd1d19d05629e0daa8b9e8ea3bb4803865df40b1,0f741f503ff3ec5a27101a3df1efa63a048cd263affee1fdf27746875d076386,1,1
MEA,2025Q1,21226,6,307,31fc9de6416af463a966b15c2a0e7277659a45fdb412800f8c21bcda80b00018,de7369ec7c771df14f5815f85814e2e0bb6f84b05a7425fe76d2557a69ade2c4,1,1
MEA,2025Q2,22160,8,303,2402670cad5e5b1f3fb71b0f914675b9113962de7da8727bbe2b0e09bf165de3,8cab20227d8612a16f7ec44efbd0ec2e0e8a9597ebce5e16702924fb7ea0b7d0,3,2
MEA,2025Q3,23131,3,298,3caa318d42f3042b8e46a740bf1d796a2c02c6966328fe68634d1d31a9762c68,6e6415e034b83143bf5de53864b0039df750c62a4b69d8a7d3a016b4213ee088,1,0
MEA,2025Q4,23939,2,300,c6ce753d5e5d2c4dbd55ee5debf0692763bf03613bdba4268c8d2eaf898d40b2,fdb27a238dc8701318077948353742a4199403ec9496d97a769f103b5c1f7b20,0,0
MEB,2024Q1,8044,2,427,371d63201c9b9c812bc53efb1da8aceda6955b6ab22d3468ae0b0f5054e5b5c8,d7c6a6dc802162a3797325d42f53f8c6fcbbf175d26871238c0586da2318066b,0,0
MEB,2024Q3,8825,4,430,8c397c05b4fae2c1e695dae91f16c530933455e676161d1480a7ff520beabf8d,3e777e9c604a2164b27a59afae57fb3a8f82f6768f61dfdc81ab02c1c7e60c14,1,1
MEB,2024Q4,9123,2,427,bb24d771e34a901b8ca0878404477de3f237ef6fc6bd9bb3eac8e3532c9de5ed,5f9087e5295e24ad675bd13fdeab89ccf6828095ad6d79c6d69ddfcd75b261cc,1,0
MEB,2025Q2,9844,1,427,9ab9f09cbec620554fda7c02b130c644d9025faafded39793db05c09fe1aea90,9880a253b61286a26a53131449570f7625d985dd3a9843392b39eb35dc173081,0,0
MEB,2025Q3,10230,3,429,a4add5b6a28aa4121b5f941db50d1880930f488e498834e6b4cf6bf3d14649bc,53868698f68dae06c7f8278eb1889c99c8ff08663ba6eefa745e2cbbc694aa59,0,0
MEB,2025Q4,10541,1,431,6df081a356048a264237df94e487918611cf7208c1e1c5542169c53678620800,a3aee863cd342116bddc94627d6a5940f1f8fee9dc6e40c13dfe4e30430d6de8,0,0
MEC,2024Q1,415,1,438,798c31aa103b9abb5ab0ab44b99fdb6ba2e69225e00f537b9f659ddaa0788e71,150f1f29c305fdcf42a6a9382756438c9884efc5aa870d4d8cebc342f9c5a4ef,0,0
MEC,2024Q3,456,2,442,659fc5d6e1fa628e9f7822685b50d19c42b7f4ee0aa414f964056ae986b31e81,9698ddbc3b8ea649d5d6181ff9cfd5e174ef5c77c221f6415893b50601903456,0,0
MEC,2025Q4,546,3,451,4a5fe861fdcb059055416f3d5d87f05d26023e4ce7f0a72bdeca76fd8a4b3a46,db28da7e1c3c810dbef27081cd4218a9c5f9855a4a326768a81f916b7b1f9ac7,1,1
MED,2024Q1,123,1,486,78f023b59bdba2c3ef6518f1dd75aefbec2c3ef13760199be428432bdf2a73c2,e23191cce8b013609a93fa6552ce263885ebb9abf128e2eab65b73c69de62b70,0,1
MED,2024Q4,127,2,491,571664b949f6c59157c69584290bff9f9570f0dd73cc5b52ef8df3b5e9a09ac2,44016dfba677426a51434cfbc05b5bdc060f9ba610be32cf82190e1c82fbf420,1,1
MED,2025Q1,131,1,489,d5981279469a998e6a5620a2679f228168c3a079d756749c8cb18fb8c0cd9f77,06a5b2ea54f190eb0a7e4cb555d3eb01cec876b77cc9f21a5335921a87b1c5a3,0,0
MEG,2024Q3,1720,1,411,566ea787f4ea4993a439e678a7c3852193debc0715c86a4257caed6bfdb6b5ee,a870dcb24a5decb006ff62fa84d61e196ae2ada80b26cb1f88676e14c29c6c22,0,0
MEG,2025Q2,1817,4,413,5d8ed5d94a1b54cd456cd6131821b8cb90d8be8d01841e123c3c103ba9649de3,66cfbc1df7770ffe0d516512cd8261879828c7e87add4441a0be981756e1e561,1,1
MEH,2025Q1,2047,1,444,76f197515064b9736ddd1cbb28f03a72c4c5c047c0f5128d32c48d394e0c5453,2619ebf09f49024bce8a9f390a2646ea021dc3e54527aa1d3caa8d00c428bf3b,1,0
MEH,2025Q2,2209,2,445,353f92edd8f956ec25c656c308e8db5d7c23b72d14c6a3dda000b431f4b318e7,48c3d020a78c7dc765b08a48b768c056ff06824f355f1cc1803576aafcaf4661,1,0
MEH,2025Q3,2302,1,446,0e899ef879a7b018f46df1dc187a396f9eff548b640c0eeab105e092dc55c847,c849a1040b95a6faa45f13604f00877f36ff022fd3d9012fe0b5761ebb135740,0,0
MEH,2025Q4,2440,3,450,e3e8d7d898e85e342f922afedc1433d4211f7051cee4e81c384f8b119a30de48,e1372df3a189d7770715c96b2a74a5de41261f7725f2d57a3e26db54ad53b204,1,1
MFA,2024Q1,341,1,501,b9c81d62f792e6935eb33b75afb6744daf030d916274a24e090e009ac03ea5c7,69dd86f64a08232acded735e7334857c487cfa9769ea4444d703e11109018043,0,0
MFE,2024Q1,1002,4,478,f6a8830d36c3b81f3448bb965ef878aba4225c29ac91b92e559eec2963cb8bad,93cbad9f39f5db53f937988c1b6c35873712d4d8cac6e748a72708b6ebc87483,0,0
MFE,2024Q3,1060,2,479,a7e2449b9ac470bc225f33411ebd3de1c60aa86613f29aac4d06a6a594c6e4b2,22490b87baa33ebb4a7dcd4fc1a6d34968be725d875c9a945d4ad183ad745246,1,0
MFE,2024Q4,1114,2,478,a631acad0ab60ecd2e6b1191bdf9d0eb85025a3765080cc998d6139312bf1b38,29cc5b5945427a708e83f1420663dbe6f763478191cefeb7b1f30cacbea2b097,1,1
MFE,2025Q1,1250,1,476,cb94d6457991ca1cf8cc7c678dfb152ff90878392db163839655afb8c48821e3,f624dcf018bd7117af2c0ef366f6025a434c1a89c33a122df101132ce5fe9074,1,1
MFE,2025Q3,1319,2,480,a5c4f83291723531dceb73a9ce370d4228e323521c6fea41d6699ae541cda690,06b8ff7b22ca1b6f3943a53b723879a877aa2dc82a73a7fecda30f54deffcf8c,1,1
MFE,2025Q4,1392,3,483,7e2911ab04c04760907526bfd2fa9e10a5c5dcc5e5e6f8104682b41fcfd40486,169daecfb1c6824c85ce8516bfcde8db0f6191afd845d91f3da6ec79d9fd2c5a,0,0
MFK,2024Q3,5607,1,423,6bfca0f643891948f919e866282a72cbaff483c39c9c81601b32dd84734aea42,6dbdffd7ae59a216b79d8f81925e4847ae6a185509c9bb40b39456307fcd0988,0,0
MFK,2024Q4,5926,1,423,81fc1fcc66de3bd40664a30cab60ea6ead79cbee7349733275077ec8fac708c6,ea55a2cb9f8bae3d4b3ffbae2fef3e2161f3f9786f5a96bee6a29ed99716b604,0,0
MFK,2025Q1,6207,2,422,2103d083ac47507ecd3049f200dfc5bbb218cc51e5f56d4f55ac48d68dcc1424,e3cce2e5094c27f31cf953a61b90d4fbc1174cd9024d7bf55ba7fb91c62c0b66,1,1
MFK,2025Q2,6501,2,422,c0751e30b6821137b0ad1f14f468fe55f9e7b6d98f182c556e32ee3f43c5904a,53546a4cd949c8b4bf2a1e981267c22d006f20c06894dcf8b38656140d040476,1,1
MFR,2025Q2,18,1,511,f92ec71f2ef759305d413005b0af4b3160df5f308bf0c2dfed25de8fbff0e04e,3659cacab05527b55657926c7f6335720a935c7202daf914d7562dc0342d2acb,1,1
MGB,2024Q2,46238,2,378,0671ee4a30c91762a91afd96bf35a4a13c9482b1354c9a083a798d7bcc5e8bb4,3b0e6f65d2afe59c56d7041a550674f385d9f9fa727887a9d3284a1094fa3888,1,1
MGB,2024Q3,49714,1,376,06a82c04993fa6f781d58df77c54ce0f8462bffd5a31659baa48a751da96aeef,a882fec75e44bce5cdf8c7386ef1b398637f4a2814e9a701f6013dbcb950429b,1,1
MGB,2024Q4,52903,1,376,8684a59c223c74594713217361f55f031e2ed617c1313640ba0c1de238e54da4,75456d8def51e1389ed95052107e9efc6bc1add48859af82de3223345a0bae49,0,0
MGB,2025Q2,59896,4,377,dc875fc27ebe27750fa75c77837b70dabe5c10476ea31c836761e393682d4021,ed71e500472a15415367c4c3058649c1adf03b8800e36ba1bd8f239c77d858b0,2,0
MGB,2025Q3,63456,4,376,5fec974a38a37b807fa70086a2b189f43a5fab6590dfd333d3c23748f4227994,28386dc9d0fb9e8c81f2a8b4b85dd265b163356fbcb8611ee4aef85aea388dbf,1,1
MGB,2025Q4,67361,1,377,6f54516405f7e359da1d6bff771ddf2b224a199e72410ccd0b768a319e8b39b6,91fbbba68d1dc574e38e2504c6295d5ec4e351769b3b84903e42fb39f9ea99f0,0,0
MGQ,2024Q2,17,1,518,deb62991b06ce42e2ce1de5bc5cec66a1163844f6ecc10dfebba033049690100,598a368849023e0238de665cb5ad2506d41b4ec6497efa2fdb6b432b05bd9241,1,1
MGZ,2024Q3,64,1,504,54a85603948bc15bd127d89d0857a007550c3d6cd8528433ce502dddafb1732c,408011c658a01c6e5bb88892b71739eaa23afb185e98f01265dbc90d1ea458fb,0,0
MGZ,2025Q3,69,2,509,38138e9c6380fdcb31dbcefa61d311ad20892a2a0e5b714ef1359874738d6200,a5b310667823d2e79900e79c3ffef0fc9611c5271b5b2d960d8f6693512f586c,0,0
MGZ,2025Q4,72,1,512,a20eac41a05d40a19c8fef779f36b8c286d91aa365cb309157e8432a1642f1d4,d0925ed7e7326fd1da0599f4480b6028be72c31955c5064207f11ff98d94efab,1,1
MHE,2024Q4,45,1,518,4fff7378deb2ff3806ab18c2ac37a21d407df0f3072729336aef074225571148,1ad7da01ad9afedca3ca06eca6f98a05415dcb6066060971d68b6929efd66ddc,0,0
MHE,2025Q2,48,1,519,b61a01f8c45c85eb86cb226492b56e6de9f578bb4783c148a11932c0fa0666c1,e016e65b0682f242ca891c7a2249c78d7a279d5e77494570d20b17658701e4c8,0,0
MHE,2025Q3,50,4,521,1f6f76ab0a9cd241a235d7c923432ace428c2a20bdac4959ab342db8bb634d96,10391fe7216501d0ece7b1b76a337f88adf9a8ca0e9b9022ea8f0342167729a2,0,0
MHW,2024Q2,5,1,518,cbce31334710b0ae370f4e15e73d1f5768f04f1e8d118522292fe6f1e1963660,3659cacab05527b55657926c7f6335720a935c7202daf914d7562dc0342d2acb,1,1
MHX,2024Q1,9323,2,298,6fdbfd30be1e7f8661388cf6ae4087b05181f3e5b84c5431d0d5575aa7875e78,d53e37c692f5616861bcf7776cdd5654fae367d412a6fb0f141fab9ef7dec7be,0,0
MHX,2024Q2,9998,3,301,2839587b25d1087e6e4cba64a6f594ad5d1e3f89a48aa18fbccbb36d068b63cc,6a2ef4b16155812ea502ef43ca58f2bdd59648cfcea1b695b3d908f2fc6ab225,0,0
MHX,2024Q3,10725,2,298,b351b1f1307566ff37223b5b9e111c6502589c6ae63fe3e546ad07c684216394,dcd6e14ce269261566736c2d9e0bdffadcca8c0f3949878fc3058ec64a8929fa,0,0
MHX,2024Q4,11355,2,297,fb98a79d036ae005d585d90aa092d725859c3ad77b7d4d793c5141f70c2093f5,04ab2bdf81323809d8e9521c8036cde770acf21f6340b6d576c292a1cb408efb,1,0
MHX,2025Q1,12137,4,295,42060a8f92b973c733068f98d7a2834d42942e697ba3dc7d3183cf5a97c9061e,43efbe501df6d6b1ee3a2edec17d2855c8b6742dda83f4bde618f5531ec0b067,0,0
MHX,2025Q2,12885,3,293,be69719be8366769a672107fb08b57d99de792050debfd1b1cd31b076b458c45,7357f030e3340def3df91f807a1020b435ac76ce5dcafad375b4a8d2e07ae141,0,0
MHX,2025Q3,13720,3,293,e8427cdbcd8b2e5b71e90e553065815df2780d71639b68657d3699e031c6b085,a236b4109077fada87fd8049c1efc81183c3c34fa32748e11de0f36aab9a9866,1,0
MHX,2025Q4,14759,4,295,f3a29c9cd7fcf7d8e9fdafe97ee083b4b8d7020758cb9f6e2d4a2652c31e8460,711f81ec906bc54d4b721cf1df5c5215ae5f02bcfbe50830d4460a468f8ec711,1,1
MHY,2024Q1,13663,3,396,3a047148fa6bed73a06de7515c5c87736121a69bf5d33bce8fc9a3c6fc3359ce,e9f0dfe373fdff8ae18cc779d424a0c7facdfef322595ba2a51ba5c0d393512d,1,0
MHY,2024Q2,15465,4,398,0ca6562c5968ce73825685428afc33478225d077f8dcbeddfbab4ffb9014f7bc,790b0307dd848a0a70a55edf523b00dbc16f0b1befbf504131dcb4bc5b298769,0,1
MHY,2024Q3,16324,2,394,3fa4799022a7731173166f6b16fd1804df1597e03c218e126362ff3c15203f5b,a316a57d88cb4ef900cd767bae7bb2352bbd204b68f1f6b11c4d6f7feb5b10e0,0,0
MHY,2025Q1,18043,2,393,91e877b33a35cd634d8b209029ce933cddf3cc262f1ceff1dfd5daa5475005a1,d89ad305e0911fab2627de024c757a102d2855cdcd38483dfa5d9c2bc584aa14,0,0
MHY,2025Q2,18912,1,393,b788cc644343e680c3ea883d565cca8572acfcc234e4c771218465f367516ad7,86daca3065e34a338f076ca3028252428f4d4d05c7236baf45bd8e40c11efe88,0,0
MHY,2025Q4,20595,1,400,c6c99a4c4627d864cf489228fc0f7cf8a5eb49b4e8410c7987db6db3f61b8d05,39d570a31580b4b21f6a256d339894494e8f26e3e2725310c1087df6abecf1f5,0,0
MIA,2024Q1,49,4,495,1ea8e3efa0bef4225aad493a5f1001b359f54fb8d892c231c58915365c82cb62,d218fb851fedabf4b43e7f04448440d0118178445e58a7e990442429661bb2fd,2,2
MIA,2025Q2,73,1,499,8222f8d6c2a75586f5482955c3049c3fcdeaa80f52878640d22d1941452ac7c5,b514795fcb021b5d26c110b7507d228de6666fc736bde58e16aca507b2ea3979,0,0
MIB,2024Q1,102,1,497,a0ac0f8fdddc01aaf5b17c472be170aa653d5d1e70275198698aa5244f7d7589,26cf003c63d921055440ab26236e44982cf0d05a9106dbec56df5e72c168828a,0,0
MIB,2024Q3,108,1,501,4557ed40832186fa881cdaa364028d38217d5cc5310874a46dc1af689100a552,083821f12d7436845a7f874e2f134d5103a891c9516a746670881b21b9919c61,1,1
MIB,2024Q4,110,1,501,a670d53cae26e43986a973847fdf39c2eebfeeceedc6949411890c0d6980ae5c,d0925ed7e7326fd1da0599f4480b6028be72c31955c5064207f11ff98d94efab,1,1
MIB,2025Q1,134,2,500,67e0a10a1a9126cff9521f20decd942dc963e3266eda4dcda3a6f008bd260e13,0188aa6b14d0fceea016dde865e6030b5a802a16cbf131dc785a61939d210129,0,0
MIB,2025Q4,145,2,508,663246ef652cc4257c6487c82b094413754582c0337af7cea586e7383397b516,9956ad6ce4716d085bf4592dfd9a790e7e41efbae406d13f8546860c46509197,1,1
MIC,2024Q2,6,3,514,0e994eef98b3c0de41ec162bb873c9d51b5b836a9ca731df2be2cdececc164c5,fb8477f930346d6f236cfcfcad2cc8e3a0e7fa13984152be43361bdd648995c5,1,2
MIH,2024Q2,18116,2,364,e065a63da7ef5ec977bed407182b3f6ef6cd3fc01e184510994a3cc5350b0f6c,34162e45ee1817dfc643375635f4fd4449858c355d09accaabe87a1aeb3049d2,1,1
MIH,2024Q3,18996,1,362,e90c305bf0a3d7a527d4727737231b0a1e4c702ec15d185ea5ea3b7ad8227b54,b514795fcb021b5d26c110b7507d228de6666fc736bde58e16aca507b2ea3979,0,1
MIH,2025Q2,21504,1,364,91a1b20625769a224555b982355612661cb021630bbca8815bf78f65b81741f1,6dbdffd7ae59a216b79d8f81925e4847ae6a185509c9bb40b39456307fcd0988,0,0
MIH,2025Q4,23170,1,371,55c9272acd2cef006c65455bfdac7f94bfbc27ad1bcafd595ae0880bc6e14394,06dfaddc2baf64285e44a89644c3767ba922b3106dcd1505f299920714a743ff,0,0
MIJ,2024Q3,17,1,515,ea187258b960dffb78725bd03a9cc0d8b68fe5260c2d6b771c1c433fe4b7efec,22d9d66ebc39a7263baf276b5cb64705d4faf13b49a11097f31eb82dd97bc4d4,0,0
MIR,2024Q1,101,1,480,2a3f09fe4b11dce52757babffe7161fa0ca923f209ff7e43fbb16ede85316156,77453da0e6e495ed261c758a596530379f3f73e88e1be3cb22c1eda40c5a3e20,0,0
MIR,2024Q4,123,1,485,1f0bf793823d0d0ec35857fb9132b2e3fc6d937637918a6d7e552b1ad86c2bf8,85f997ec1c27b1c1cdbd26a7656105a64492fc87e517026f64b1bddd6fb18518,0,0
MIR,2025Q1,141,2,484,17ea5697ae926cfa26b41295264966706b9d8819f3a443e4935cd1164eaadb85,30f55738b1f420cd0dd151c51010cf9a6d6972b18a8dac1500446d0a39051a38,0,0
MIR,2025Q3,150,3,487,befde5acac07fe475e44c88637b95d99e5453cb81aa500b45807ddb6f1805158,2952ff1c9df5ba70a9a87cf65d70d6a595b2375fd1a1cef9b559ce4784bc5c55,0,0
MJC,2024Q2,8308,1,376,3777d751404758dcd51e21b235b65b99ff2f9bd2d35c947199c8b929be2b186e,e510f67624be6d9dea806b0c95de75ae52b169ee40f216b47ba31236cecdba5f,0,0
MJC,2024Q3,8734,1,375,f83f88a07666d2facca3032e14b4ea0c0a37a940b6654d4cdd1d440b7cf6991a,f885143ba0762716c32b6bd040582c044dbe062280770a8d430846d040329d1c,0,0
MJC,2025Q2,10575,4,377,28518bd239d775052801852e4c5eab7eadd6087a23818f688d40c66a08c349b1,9506fe4efb6d933d609970f54364633bba4d329b7a56bb8ef5f01455d1ec81d3,1,1
MJG,2024Q1,18,1,506,f2f8678b4234251e1b1b347db761bd1f6f5b4a00afcde17f6e547b03d7b575a3,bed1f5df1f0b3afec227efa00096f35c8cf99fc5ee207f4528fe2bbbfaf57154,0,0
MJG,2024Q3,22,1,510,a4c5d1445d566838f5b5d2f76731ab479e3f68751f793421e798f9dc1b3d655c,ed64a5a5322ce493860dd99ed952f99c5cc4857da12ed346aea053ed4a0e00c9,0,1
MJH,2025Q1,3,1,521,52081142b7dbaa4c6aebac14fed1748a7f076c219ac4f9523cc99bd561b42c9a,6832e84ec787bb1b9b0587e8cfde91de6beea69890cacd7e948dd0bead445a21,1,0
MJK,2024Q3,8,1,517,0ba665ea65896cb2115d5844b99de5922ca389d11f49d420747befa68c6d85ee,598a368849023e0238de665cb5ad2506d41b4ec6497efa2fdb6b432b05bd9241,0,1
MJK,2025Q1,10,1,517,b3860fd61d7ed0737f576108f244d80137a19bffa930b1b9ef5ca81a8d9a7bed,cdb53b428208876fe35ded219a4d33663bc897e15a55c595ac0719ead2487a8b,0,0
MJN,2024Q1,783,4,443,149ebc943843428378aa099b5059bb1bb8a200ad88b18eaefa5f01785a89731b,54b569c8afade56f4066b51606321b20ca6f1bc5cdc69e37ddcd7dea627a6faa,2,2
MJN,2024Q4,946,2,445,c15d008def8a71b7dc08c47730e271f70aa351afa5210813e5be26a4a42ddeb4,8f357378448796d9a379bd096afd76af23911dcf450931137eb13d2c28b497c2,0,0
MJN,2025Q2,1043,1,445,5934c85faeab43c222a35cd466605808b71a60e1de7deac7cf818f1881599d93,f04a9b043ea63e419307d3c70b380b6564a71cdf899e31cca1ab50bbfa038b96,1,1
MJN,2025Q3,1092,1,447,cc119db920185b96cc580d3f8d8e394c7dac7c6c4438d06e44369d47ce695b11,5a26ae85287c88ccee48421f4a31e95432cb9a6110e5942b0cbd4546f0d0850b,0,0
MJO,2024Q1,1574,3,436,ba4b96fe3ec0a27aa6faa998037469000ebf5a958a909fe2f407f0fbaf06d0bc,78b12b70bc4229add6891f117e696e752fb11778ec92adf20966c7eda60abe6e,0,1
MJO,2024Q3,1749,4,438,3c4aef7d97eb577dbee96ee31d69d7d9f0b4cacbe3b496aa21b4a33649a6aa43,b1ee8f73919b06484ae5b4e7be7199a99e038425958cd60deb2a24ca3de450f8,1,0
MJO,2025Q1,1889,2,435,6fbc94e54d14965fb3d5b902d2d4afcd02c64922e202f4dc2a42597318423878,f1235cd1fe3f424b906121b805f5b27aad78edb9714e6f90e115b2b5a03123a2,0,0
MJP,2024Q2,2374,1,430,5dc0de53ac4c6e934bacc8eab606ee115d1304362a64f183a6949314eac95120,ac7f1e728789774064460738975f157889c8ba1ae094065abf368853cff930b2,0,0
MJP,2024Q3,2642,1,429,7a3ef013de360e21022bfc50d7eb3a399374cbaa6405f1fe7b09ccf8eac7f5ef,38c09c12833d504dfcc0dbdbb3d4ce61b2e921adf0cf8cc9e741a7704f3daf14,1,1
MJP,2024Q4,2928,2,429,c68a6d3e09fa922f24f536a85fc6d5e351e6340a8cfa0f052d69989e3ac1dfd0,8f401dafe27995519dceafabfc4829cfbdf47e0b6fe1c3a0eb4534cb91cfd32a,0,0
MJP,2025Q1,3294,1,427,411e506052ea8761c9e5a15748a6be17815bc69f095f1002b77d4ca234b39078,9e75bf69254d8b404ffd8b80b234080c041ac1baf09ee4fd2dba2b6153117564,0,0
MJP,2025Q2,3635,1,428,da47309a5f17eec16cd092bd7dd07fdac74f74c0dc5227d7f3a2eca22d97ec54,118c3868357412e35adc0a781ba0d2850d1f6ee12b138466bd9c9988ed432606,0,0
MJP,2025Q3,4240,2,430,bbdae93e65b2dd0587732dda808bdcef9fa0d66386540accb8569b46bf32e7a7,ccbd73dad4f7f10d5948fb2b7b25f728ca64f67a09312f39bdb396888167697a,1,2
MKJ,2024Q2,81563,1,200,77f2e177a0a437a80fb8f9c70901a42112260db030e94ebad102f2fa7e458bf3,91fbbba68d1dc574e38e2504c6295d5ec4e351769b3b84903e42fb39f9ea99f0,0,0
MKJ,2024Q3,85855,1,199,5993401c95bfc39671c265532ad1ff771f5883a32fb4912983aa8ce0c770274a,558b3aec709916b18f2c9ef4fb2706ed970885fe7e23bf25c552afe141b331a9,0,0
MKJ,2024Q4,89546,5,199,6c2dc6a8638126c71c2335c43e692ffe15ecccbf12b876ca7e7c66feb854a619,8c2d39d218f876d99be4778e33ee1b2bbe3c61a1d12dca904d4e276cd6c10d78,1,1
MKQ,2025Q2,182,1,506,d8921132bee46850735d1b8a83277ac0962e7c732bddea29a232bded8be89890,f23c70e5d4285e245684941de63229389e9be898ac2244e9d7b2af4f691a510a,0,0
MKQ,2025Q3,186,1,508,2cf9aa05e87af64b5bbb5d3205498ce4e74ab481a7930dcc62facbd62b15674a,12a6e199c2c6f77cd1b8dfbe7d507bd7f61a30f1f02b3954f4b12bc8c45e9782,0,0
MKQ,2025Q4,209,1,512,566c7f65cc708a043af3e7fc6d977d73fc3ea26441bdb1a6d91cfd22f37c63b6,e635b3de8507805bab688843a47dd501ae92c947879cdd1a26bfa6ff5dcad62a,0,0
MKT,2024Q4,5,1,519,8c9be1e21d273e8cd1a9e8c2743e78531046e8100a3a4436626cb85582526272,0ff25e7a663ac5de6078c298b325256a8c68a51b21eb3248d83748127cece7db,1,0
MKW,2024Q4,28,1,521,8537ed776b0b9fe4c62f1875cbf2c0f080bcb9996bfe0aad3a4d1d76f31e16e0,f871daf976560eb79e3ef5cb85b3d2d6a3d7697323456f5fb281da2a26de8a6d,1,1
MLM,2025Q1,151,1,516,b0b0a80b2023aab8517c915b8245f646cb57f116def28ab79efeee4ec692c0b8,8ee4768ca710711739fe0eb1350f14ebdec2c21c30e21ae2e0e2adc52fbe7172,0,0
MLO,2025Q2,7,1,519,abc0eb0235322c5520f40a0bd0497623ed51dbf0334e746496cfae6e747571f5,f4aca0645ae9b53723543edf7a32e2ce8639b3bde004d46afd03e272e392ca8b,0,0
MLO,2025Q3,8,1,521,f1dd80a6a8a36e7ad110967553c23ca2b736efa3753cf80cab65284312a949df,0e7ce2c55b01e28812e7fd0b7e7682c2f5cf97d5e220080ed0c6f04b26b18df1,0,0
MLO,2025Q4,9,1,525,68789431aee9907b58ce530b317525dc68f3e8b47f97ae37003d83ce926a2c01,10660adffc097cdbe50eb0ff2a86476029e12b2b1665e45428c444244bc7da02,0,0
MLR,2024Q1,926,1,479,84d1f6e3aa8d3c688653fb966691077c40a08b5f81737e30091ccc916a2a4492,3505a09e641e891d63441edce657c8ffa3ca4fcfe450475d764e26edfe1c148d,0,0
MLR,2024Q2,934,1,483,62828a3e7ad92b0e5e69cd29782e4826f5e5d2cc2885c90b7095f66563b8c842,a221944324d4dbab1046b19d5cad57619f9900d32cef7a6adb1b377a3a0ff59e,0,0
MLR,2024Q3,942,1,482,fa3b0913b08020ef7f3a0d11a7293f0b40ce1bab9d4e572a449c8eb685501cc9,2a1a0bcbfccf254ddf08b70740e0ce9508d9976140981f5ce30192183d87dd8f,0,0
MLR,2025Q1,970,1,482,d391fe68f6f1abf701cc9d66c16ae0ff0de983abf702db01f2bd86a7efcd1ff8,ed64a5a5322ce493860dd99ed952f99c5cc4857da12ed346aea053ed4a0e00c9,1,1
MLR,2025Q2,981,1,483,8b6730a3fff87d57122484d26ba5cb66fa56934fd03b881e4da70c79c97dc71c,7630b16496d2b4322edfd5e2d73fa6c8fb078371ccca4c05fce93049bf6271e5,1,1
MLR,2025Q3,997,1,485,f8c110bdf3b81603cfa621bd204080d07228550cc1a9afcd988e40b477226db7,d0925ed7e7326fd1da0599f4480b6028be72c31955c5064207f11ff98d94efab,1,1
MLS,2024Q1,20,1,507,688c3b1a4ad03a3b70a7c3596e64887be359c80a96150208d35abef514394dde,ed64a5a5322ce493860dd99ed952f99c5cc4857da12ed346aea053ed4a0e00c9,0,1
MLS,2024Q2,25,2,511,36c2f71321724f1320b0068c02b5eccaa09b3babebe28c5404711b45ce4cdaad,081cdd948166f786d68df967529aac3ac1cde375723bf0e964ead3da58d3195a,0,2
MLS,2025Q1,34,1,510,a2c08759a6bcf6193ad234366fe6cff78a91fafa0a59cdf39ab995c7c10c4f0d,d7ced7469b89f9f3cc125405d49139095c136e8f3a5966fe6b997aa2414e1364,0,0
MLS,2025Q3,36,3,514,b860104d9eb42b25bae6f5b6f8d6dbed3319ab9ba91dc72ba9d48dea9d0a7fdd,726de58f73bd5461041409314f926705a9a44470fcfbd2d2730d54466a5f9845,1,1
MLV,2024Q1,2476,1,438,afcd0ed5a5a5ea9ff877ef32e560b0540e5f22c062abf0c64a9cdb4c2e38c1ee,9a747d942ca2a9e4b9c780de67bee393e775fa215e0220d0ee8b53bab7f29573,0,0
MLV,2024Q3,2870,3,442,98c4f1f002f9c9db8db271a13791f9a5716553cb704faa288171e793bd962788,8b79ddef201631c36b6c958052f1b9e85906dd0a3a66d1e0e2ece6fa7e982bce,1,1
MLV,2025Q3,3681,3,445,feaba1b8788191fe1c90c412c8db4de00784b8fa8ca2db2d29a5ff359e6d694d,f9f510eeb1d9ca0d8eb15c23110ae66df48abb4a305a462449f98deab705344d,0,1
MLW,2025Q4,1,1,532,b603da1a5c120335d09922db7c8e300ffd65c4aa9290b6242a4cbfb2e0786e69,3492d94d9b2f444b120e05df067ba2d0d19f66916dfd5067865f195a94ddad46,0,0
MLY,2025Q2,5,1,522,fe9ea0158253cf42b9bcba9280da2a109aac74273bfb2e165dfbbbab6a395e1a,0e7ce2c55b01e28812e7fd0b7e7682c2f5cf97d5e220080ed0c6f04b26b18df1,1,0
MLY,2025Q3,6,1,524,c4e4722ee0c29996524f283d1ae49ea3a160c444573f0b34583f27b59443f47e,e545563b497023690c9b474b0e63e1a6ae16dc9d52f7ab31f156f6d4219b072d,1,1
MLZ,2024Q2,279,2,486,a439b710c65a4d2c96e20692a816e73229be20374dff7987f0421bb03d8107fc,f29348021417c4a9f36662b93d23a0d1861cbee95bc06212d169f1ad3855cc70,2,1
MLZ,2024Q4,374,1,485,4734e2018a66b2e71cdd82fac5d08e8d8cc323f7fde60b35a5b3082ac5b1f9f9,8891594f74b9cbbc02e7818fc9e2a5c538f57b26003debd82b38d053313caa7f,0,0
MLZ,2025Q1,420,1,484,932c6b6c96dd96d6e04d9d89bb9df0d75c8503287ef24d2b742c05f9e354c752,7630b16496d2b4322edfd5e2d73fa6c8fb078371ccca4c05fce93049bf6271e5,1,0
MLZ,2025Q2,475,2,485,dfed12c0faf3f0feebbac6ef76346905d0f0809eba4f7e43d7313f094b343805,40abfa52898f433a0ce0955dcefbda535e859ae9d8e93b9ec524511f70ab4fb1,0,0
MLZ,2025Q3,531,4,486,b6ad95fc033a73725502453743dbbff4d61629e5df4f26e5993ae13d51176952,ce9bfe8e0c6060b7608d1d98bbafc6c5ea134e9e92c97d6e999d4b7c7d1362d2,0,1
MMH,2024Q2,36,1,499,2ffdc8dd303e82d8fd60d1dd7c7f7370717c1b74d6f4721f9f4993a2e742f8fc,83032922b0a4e4a72f25138cb32888e92e34379360d8bac23225341e0df69cd5,0,0
MMH,2024Q3,37,2,498,0cab307fca3c4336794eae429a2428fdb4eb272e6937386939f63e31b9737ae7,cea48cb4c0d276781b856c367bc504b761fea826f7d0c3704ef23d317cd422ca,0,0
MMH,2024Q4,39,2,497,9a4c3d0f09451c379d4853eac4f00cc7d71afc95c6acdf4a88b3ca3ae99cf262,0ce4f60ec00dd1e553a1d3ad1a3f83ccf293d250cfa30fc04f1e258087ef09bf,1,1
MMH,2025Q2,47,1,497,7941823a8cf05a77a80caaabd3f635525e126660d9ff7fdd09d93b7ab3dfa996,c5f9733f86bcf327c58fb4809a4af33ea40945a8a967a865885ecb3042d77e1a,0,0
MMH,2025Q4,52,2,504,4fd4985691f4cb7424e10b7439a29f00c171ebe2082885c834096da86f1faf83,d9c74e9e1d87c2055a94404657554164d6f21da273cd27d270960568a0b08bb2,1,0
MMI,2024Q2,2917,1,491,59a3518848fa78d48a499fcc6cbba602ae8f329beca0c5858d330e221e75b36e,9a6a45463e157674e04c3b6a2b52396b512719b3b7769ab43cd964729525051f,0,0
MMI,2024Q4,3273,2,491,7756eac4110844fb4db0821be9393a539956c8f4ef6b8f30aac72486db662849,5cef539ab3f9046d5b12fb373f08ea6f328f582bacd2f87a9f029ae008affb74,0,0
MMI,2025Q2,3601,2,491,6e8e20eb4f35899a570f88c82ed09dc34f80d8da5b4d82da5cd3e3752a39e11f,88970aa397d431656463e48c085295605e4de82d38337dba88b0d9049c1c789f,0,0
MMI,2025Q3,3826,2,492,ec09f092355530c2e34a0c73d95f6ccec2ba32216f27f1d69a427dd0c399077b,7b627a070cce91c65bc414ad2ca4dc44aabad7ce5ba8d19d28ca7f6222158cbb,0,1
MMK,2024Q1,275,1,481,983ee6981bbae5eb241368ee7347bab9bc9f63f19fa22fb5f160f772b1c23e05,5fe5bd762629a8a9cb381c223e50c4a8e1fe61ff295966be187691694764725e,0,0
MMK,2025Q2,291,1,488,c5d468f9caa9371df153ef99de4f52ef9f61813d97f086a14d3d18a6c43369cd,ad7052ec84e1f757b5cab49a33ccb3272178401f45dd15fbc1d4d282a59355f8,0,0
MMP,2024Q3,7,3,514,435799f74ccebc88b2c5e4f02e85fa4abbf6c1feb17ba563047d84d16ab2078f,c9f1dd517acf380e32e3eef74608bbe8388be6f53f0ed43b6f4c49e77e17e043,0,1
MMP,2025Q2,8,1,514,77929d86f191e37815ffd33cdc84cc3ac3f0d7ae6451f336b44c89666c9b48f1,439fd981edb3e2f2627282b1b655676cc4176970a4c243218b851672060095be,0,0
MMX,2024Q2,136,1,477,c11950e381bcdcfb487b231c791b3ed1890482c08f4eea7030eb5bce8b66f9a9,b514795fcb021b5d26c110b7507d228de6666fc736bde58e16aca507b2ea3979,0,0
MMX,2024Q3,145,2,476,e7fa5b6d4b7c06a48cdcde3f4bcbaeca7ad9ce212e8f1b11b61b0642afb0546e,843b12bd6fdff6f33f2657a55462a3eda0229b4d1e1163eca48f55fe563cc94f,0,0
MMX,2025Q2,165,3,477,5dd0eb087bba08a601aaf20b2aacc3ea7bc02b0c984ef3123e90205375937a63,9d3438ebe1585db58fc8914c257f3f02f7f36f2ddf6c49ef212f936729a63f9a,0,0
MMX,2025Q3,177,1,477,8f2cda098db9ea7ca0169a77bb268b555943a2f5725e180dbfbc21eb39ee2b84,0e7ce2c55b01e28812e7fd0b7e7682c2f5cf97d5e220080ed0c6f04b26b18df1,1,1
MMY,2025Q2,6,1,523,33b1f7e8b3e92ac71c86358f8ea6480830432aa7ea2b7ea4d3f4fbc9d00c798a,f4aca0645ae9b53723543edf7a32e2ce8639b3bde004d46afd03e272e392ca8b,0,0
MMZ,2025Q4,5,1,529,26fbf8e4e3c1ed9fa81b417ecc7bbeeb5a34adfecf4101d232646cc02c7ba5a6,c5f1bdea4b936530e6d08a46848374a4e328fd17c67662f67ce7ed7f65217cef,0,0
MNB,2024Q2,1136,5,435,ca961d713f17052d12fb0b9fad413848d4eeb81442f3a8ce7e23be92755321cd,e3434ac977f60b1f8b940aee0d07ab00b97af12c581c88b8539c1e47ce2f0d1a,0,0
MNB,2024Q4,1233,1,431,7eb5d5cddeaa1ab3ab0eb7aae364170dcf07b6d7334a6fcac08c5c150a3704af,1327033d4f6449191dd6467613f54487d1f92c3c072ffec417ac0efe3c487ee8,0,0
MNB,2025Q2,1345,5,432,18aac1d5b03d216cee462bcf5e6248c0ceb69bcb7b75c36997395cd2504acecf,acce28d16333697dc3d89faee37327906f8b488679874a946874eee080cb2593,0,0
MNB,2025Q3,1420,3,430,aee7f433826a10837d6bb29456846e5657827c5499e3e128c593b0ec9700aef1,4d16cc5398eda33bc3c0da2e8f047195596e14cc8e62f2896beb8314b6224016,0,0
MNB,2025Q4,1486,1,432,48c434b687984d286c419885a3737de526c403953552946462879244fc9a3df3,223b2e01f7bca8c80a1338f707a48174fbbbaec8e656137874f1cb96f775c670,0,0
MND,2024Q1,2810,5,452,d6522e088109683e537afc7f6e3f4d4ab9e9b4877fae6b4d02479002cb487124,d44a0ea77bbde3c8c42130ecbe6693f160deb8886a39fd230ca9d975c5b8ae2f,2,2
MND,2024Q2,3034,1,452,d433d5b11466358d899b4bef43289d31b2b165aa2df2e647924ab1b803d4f6a1,720facb0d750a5e657e1e117b3b86626f8f85c7381208762dcf3d4337659ff8e,1,0
MND,2024Q3,3254,2,451,838dc6826c8945864d29140a0bb7dbb508ed882fd5469173396e89a07167d404,f3df6d316bec6d9d6e29f4b931b87355f47728a48d90769b4b94c225c4b00fae,0,0
MND,2024Q4,3484,1,450,206ffe309acb1fc845dfcd7ed5f61d33aeb702d0a630f49021581f0c99d684ce,2bc6ff2b62203143f5128792627a505c3a78739ff6007e0ee8418b28b1173f3b,0,0
MND,2025Q1,3731,3,449,7c69a18fafdce0d5949f475fea7cc178d8d113682ad78dfd2f5ace036e3df9f0,43eae1582060cd03fffc556d90316cf48155af2a0f819a0a00946c3dcbb57461,0,0
MND,2025Q2,3957,4,448,cec5039fc4cf61c0514a4335222ebcb7a27529896c73528b6394fe17943fab38,b5c4d2cf5d6678be728a3e94e3f2876dd1d5b160676b6e2bd13f69a1ba129a0b,0,0
MND,2025Q3,4233,3,447,0ed2a7246d55943ae09c98ecf12845c57310575bff106b827442a513a1b49f6e,6fa03261acba77577c343f0f7724f67873d20062d85ac8f571266869493ec345,0,0
MND,2025Q4,4567,1,449,4ca911b0b525fa27f4aa82888eeab878576c9d94478a9c8c527dd4027b712433,d7ec104e208aa981741ae1bc9bc2671e6c3a75f583887f14c33a0b2f8dc6c686,0,0
MNH,2024Q1,1752,9,461,88634766ab9aa6bddd1bf3bca8de29014e34d44609a5c842882595b744b68479,c8e28e52633516f594a7fe80e44c87f397f4311dd26fe49bfc7671498da92e6b,3,2
MNH,2025Q1,2054,1,458,861e30f90474cde8b4249f86e39b401429fd889c6c0aa085e31faec7c52f1216,7a2a05473476825de12af07ae117776e044f9050da35889a8d0dac5c70eba73f,0,0
MNI,2024Q4,1013,1,468,a5e79c7a129f48d7690bf906a4041de98d23633c44eea94f2a3ea15fb5919bfc,cbdd00c08fcd013e55e94815c31b8e42f822f7d7d47f2836753892256c8267f9,0,0
MNI,2025Q1,1023,1,467,57068f0b230b7fd41841ca1c612815f56a3e731842e7599270c031b789b231fc,93e87a7dd2a819a544c8710d3aa40c4f7019ea995f5b83b82c8e4bcf1e4217be,0,0
MNI,2025Q3,1048,1,471,b1ea8bf82e38cec7fc367c2753452705a1027af73a4957f19dc0f112d39ede2d,91fbbba68d1dc574e38e2504c6295d5ec4e351769b3b84903e42fb39f9ea99f0,0,0
MNI,2025Q4,1081,1,475,35ffb487ceae9108243de8f9b4286e1eda2a6afd598ee2e0429ae68dd22c32ed,85f997ec1c27b1c1cdbd26a7656105a64492fc87e517026f64b1bddd6fb18518,0,0
MNK,2024Q1,59,1,496,efa635d91a87fc8e2a24fcbea5d100bf8aa907017d1af8b07cfcc36d260b365a,45c6b4b088a7c045e20d2c57503e94a33e38f280dc63eaefcde2341e97894304,0,0
MNK,2024Q3,67,3,500,bd524cf5f9a4cc4e71971190ae460c20e3008b0ffcb2b14c84b0ccab53d06fc9,f97bb73c9450ed9867b1c245637609c6bbee94ad9238bc8742180a2b5b805671,1,1
MNK,2025Q2,83,8,500,933d049c08d646313a4897dd03802415baaa4ea1c22b8350747ea55a3c61092a,44b232d7fd358c142b65ade45fcf3c4325cf103e74d445e7ed62cfe26254c404,1,1
MNK,2025Q3,111,2,495,dd4da6471e118851d939805e59edc6d6040997e47fd265d5e36e3b657b17c305,44cee87691673de5f099b83002f46155eb5545d9db2621891111dfa9b3750220,0,0
MNL,2024Q2,282,2,477,a3995f561be5adf29e33ff52d733fa1ea29f18229a4aca3c4f1fd8fc88b33c2f,def10178273203f186d1b23c1d4f9372daf4cbdd3970aaf8db3b1697980c92c6,0,0
MNL,2024Q3,305,1,475,f7335ee086781c5055c3dcc098c29c6ec22b43d9b40c938a654df9e07ad6b51e,38c09c12833d504dfcc0dbdbb3d4ce61b2e921adf0cf8cc9e741a7704f3daf14,0,1
MNL,2024Q4,318,1,475,20da0080b72f34ebf19726f4dcc6fb2fb27ca77ba13adfc5c42c0833ce829b3c,39d570a31580b4b21f6a256d339894494e8f26e3e2725310c1087df6abecf1f5,0,0
MNL,2025Q1,334,2,474,58b87bb175cba300dbdc94875eb7e64e2d41daa8e10768e6d6b748b36cc54f11,03ee9f0cba9f58aa0aec13a2ed6f709222cd5310f5539af752b42860456af308,0,1
MNL,2025Q3,415,1,477,4a36f5be5d93b620a81ad040cab4d8a8f5f01eff016a5aaefc274e7fb3e40a16,c40b1c5676925657145ed816dfe78048de0e4e71d68b9535fc4da2f237454a0f,0,0
MNL,2025Q4,440,1,481,99933e2e10982efceb570e64c51364518611edb1703064ae275418cf72d22dce,221324166e41feb46e457f0490759eaa3aa9a12f6071baf143042e787b07d16c,1,1
MNQ,2024Q4,1625,4,482,5d1674de9ecaf518a9f10c84c45c7faab4fc36561a846ddb3c6ae7ae978515d8,c0ef599d7454c00809938e28c3dfd8047d8c354acd51dbbfde83d637ce3f8e54,1,1
MNQ,2025Q2,2025,6,480,4c9427f512509b13efda012cf06dcc2409d197de29f0703c867e6172e400594b,39d8139b151a7819f3bf4360a2bfb8d70e82753e4a52078a51aaedd73b5f78a8,1,0
MNQ,2025Q3,2301,5,477,4b075389bbddbaad207ac6714080bdef4b51bb327a9f18d488dc1363d31f55d4,7f476502c1bcd8314da05db9d653de0714a944dae49d21aef7c29b3d54051c72,3,0
MNQ,2025Q4,2534,8,477,52f71db04d8583947454a4e022e41e45295a1268d6d044f378b2b660f22253eb,ffbae3196d7becd550cf8374fd5e32900753a98dd55ce91250a5f1060f92132a,1,2
MNR,2024Q1,30,1,498,5d608c9c6fdea94d5b040f6f2e2ef76693ef49e81aa80fe495a9d8617dc7f560,b91931dbe41329fc5a43f6f404d40e8af39791bbc7d0371e509545aa5148e90f,0,0
MNR,2025Q1,41,2,503,464d109fd9d5da89a5732bd5ef71ac48c4a18f6b277222435f3c62c4fba35efb,6fd6e1673007782ed5da24a7114d55da02e79027a5029001e1da7dc723cca01e,1,1
MNR,2025Q2,49,3,503,5b5f697b4c91f62d0c61379901338baedc1a4e46ce671cc4b0d3c988c8ff5497,6d27219b6e65f31c11db8c04e5da4e2fd50e98206ef3472ac761fdb4f262a258,1,2
MNR,2025Q3,56,3,503,f5d7d0a28e7924072a421edf27dfe214154467ca710b6f8c505644d43f04d297,3f287276d12a15a912a33f2cf7acc995c158618a744cf52e864e9e19e1589a71,1,0
MNR,2025Q4,64,6,505,6b7eb57a2e21f3c6ae0f7c21d268809c8db81b5050c431f7422160944b8a1334,ca6de095a7ba5ab83974bd725004a130ce015675efe778b6a45eb2b959c3b797,1,1
MNS,2024Q1,4429,4,393,98d6e75c585f25940c3b6df284dd33490a0ccba6dcb81a9c8855a86e2a185c17,ec47a7da4fe12ae87946fb1fbb1cde9961041fe9ab6225332b533aaf36295875,1,1
MNS,2024Q2,4656,1,394,2bd3804e5de6f446f824fe4e4ee95b7685ac760017df4e89107fef4d4967fa0e,59b5b0ae7d1fc2a634132930f488576d94a386df805610c17e9247e6d22ff913,1,0
MNS,2024Q3,5054,3,393,5d73df58f1a0260fe32a52de0ab965770c64ff6ad0d44e14aa358f507dcb7a20,e7e636e33e3d8e5a476dfed0646ab911229437f5ba28864486f428918c860a9f,1,0
MNS,2024Q4,5546,2,391,1646e724b3711db5205659ea54fa57a97b8e1263d8d9fafa954d3b3313ba38b6,d35d22342e2f1c9d6287070668b1053f8e4910d77e449865c2175d7c1aa9bb49,1,1
MNS,2025Q2,6874,3,391,78373e948f2304345c16687474ba883e23156e1bf314c0b72da27cce42479890,6070e5fcb2366e77b0a86792101bbeaddf0c2c1504faa476264773a7b58b0dc7,1,0
MNS,2025Q3,7177,2,391,4a27b10614e7fafbc1d42092d6847eeff909c66990d5f610dbdd036ee1a6f1c0,6e8032d592bb9839ed3ae42bfac6cb3bb9d16f7b93316af2ae6d43a2a277f116,0,0
MNT,2024Q1,25152,3,266,191300e7e1b36e2926c4f165ea668c6826481e53c1bc46760edefc16a53ba430,02c3353e423356f9654d8d19dd07c20df99fe1883ffdef48e9955b667ba98fae,2,0
MNT,2024Q2,26293,1,268,e998ca70d74998c96e39bd253f9d80aabd0032e205f39ac574f33a425b315422,91fbbba68d1dc574e38e2504c6295d5ec4e351769b3b84903e42fb39f9ea99f0,0,0
MNT,2024Q3,27180,1,267,9521384965ab5c9cc3aa888bbe4e462b755d9b34a4b1878957f3f4ff2213a956,8d679bc0fcab565c28f10b0b96de772fe7ec45d7979c51b1ece80a984650f2b2,1,1
MNT,2024Q4,28284,1,267,136d94a89eb157867bbd01d06c86d529b167ab4592428b21a7376d2fd7323d1c,a8a38c4973c96a15499dc007bc5eb994eb42b763d679ab01a95dfbe0f1b3f547,0,0
MNT,2025Q1,29960,3,266,16e378739e3f385ec45cbca6289acccb3831c63ba34f6f49c07bc31dc9e050e0,692ee85d64074c2df505d2d868b45a92008574d3c11bfdcee7427270a5e701fe,0,0
MNW,2024Q1,43,1,500,0397fa07014ced7ea91c7c0cd4ea766031c66e90d7a21b2cdfcd973a11b80d58,44ab243512ccb50b7dfc401cca629083ea5983ded422860562c56f0d25bb3cd0,0,0
MOF,2024Q1,252,1,497,e8bc053ce7289be7a6140a084bd33793d5cfc27c4ed3cec3bfaf5c7924cd3840,06ffafe2347c3a89f0bf26e1657b8d45c014e9f95a710e5bf5b17ea7045b3deb,0,0
MOF,2024Q2,271,1,501,d8aa90c90ed377912759d9c7a2a867e0deac0bff8239d0e47c8a8e80763045d2,f624dcf018bd7117af2c0ef366f6025a434c1a89c33a122df101132ce5fe9074,0,1
MOF,2024Q3,292,1,500,8b51a0b5c66d0a74161473c16743465ce7fb223bf0150fea48448c7a00b44221,67a8d890ae35fecf506ba8c84d2766b477e3cd7e99254f911cffbfc4349f5bec,0,0
MOF,2024Q4,324,2,500,210fe4365c0f4b5413e9ac83dbe12cb3a6ae95b7e5ba358771c693e0c9fd70f2,1ad127d3c428a8a801192f3acfadad6aa5344f9cfb1f48727860276edc5d1c98,0,1
MOF,2025Q2,381,1,500,0289b99e7030e1929ced869b1565b61af0432c0ee49464c207af0527e330a2df,8cd3e7de608df5923373208c69af64501c7758519db06ea606bc8ae05d99be4e,1,0
MOF,2025Q3,406,2,502,06c3a4da01b60383a8942b6be196bd677d1259c6c0fe64bdcf0a3252b7bc76ef,7497c5266f82dbf9bd23e33ee9a5449e1cb790873c5a295949837d08fb08a0ae,0,0
MOF,2025Q4,447,1,505,c2e3b2a89513c4426ad37d237601096a384ed0b68423eb22c510663ea7b49fe9,bed1f5df1f0b3afec227efa00096f35c8cf99fc5ee207f4528fe2bbbfaf57154,1,0
MOL,2025Q2,7,4,521,fab3c99e8ccc39e5c781b33ea0ecc0b39d2fa0af3ef30ddbb86733c232a4f9bf,17c357b99e819041503931653032cd918698a3f05d1ec146d0d8b2b55d1684cc,1,1
MOM,2024Q2,5161,3,435,0e04ac874b4adb9f1f30b2fbaf86b5c19e19edb28cfd4c23f2901b6dc4257cc0,42dd24a57469cd332cc8a57109216e38b17fe051fafcabea8c82d42deb5c95e4,0,0
MOM,2024Q3,5563,3,432,2c56dbbde0679b533fecd85b0cdc724d44ff44b10b2a016a91e6a00d54659cc8,c1c827121d1232b67b609a5763abbc4bdb207b84a80213274bea69c47c1dcef5,0,0
MOM,2024Q4,5965,1,430,4a26f070887c8837a2ba8213b29784ab05816b17f3e9f74a3cbcb07f09ce6c42,7630b16496d2b4322edfd5e2d73fa6c8fb078371ccca4c05fce93049bf6271e5,0,1
MOM,2025Q2,7168,2,431,4812a0d1823c250869c212d0fba2e9715ce02820ef4391408339f1c545ab8be3,91a7e00780f0225a21af0e4ee9f1f81f991709eb5b0f3c0f742caba18090f338,1,1
MOM,2025Q3,7845,5,432,0b4571180c629cdf2c4daf3e96e29d687dcb3ce563819844e7c4b70a1cdfbc50,dccb907d629b3081f6411e4bd16488ad4ed16ced57f21bc8353b104c07025400,0,1
MOM,2025Q4,8359,5,432,c0400527a7f54372aa801929d6a90481efb52f5289a27cac638836bca4d5b0cd,ae084af496bb1595295128fcbb97b8866673d385c317e4ac740d73a9e4f36042,1,1
MON,2025Q2,55,1,519,882ed3ae7cb5f4c61010a1a2cf3b0215b76d2ca5e23d716c5674745330742798,6d19f89a6b34d52be49fffb1dedeef8940de00db8969153058cce8f0e00a17e0,0,0
MOQ,2024Q1,1306,2,461,1ab276ec9245218d5f91dd1959365684be94649b8f4118963673c83d0d1f173f,f136f380fd39039703cd2f8dd9a3ae5d82218a4444037754b9307e4e98d8cfab,0,0
MOQ,2024Q2,1385,1,464,fde71638d683085d94942c55a774397d7bac8304df9ac65d30a6cad20428dc26,b91931dbe41329fc5a43f6f404d40e8af39791bbc7d0371e509545aa5148e90f,0,0
MOQ,2024Q3,1422,2,463,90fb990ca3e13cb4927e39adcf93cda28b9523c4d022a8947eb2b30660188055,cd4be0bd18fabd529246d921da8dadfd0a809589d448defa773cd13f51a7bbd0,0,0
MOQ,2024Q4,1449,1,462,383d2f0516825f941ae31a5a7fa567d631e2c79e20185d70768b886d3ecc5b99,fdaad9580dfcec1acfc41367e03d8b8c22a0addbc4921a87777990153f78028c,1,1
MOQ,2025Q3,1583,5,466,f0e2be95399c01f33debc0b64e2d7e810a833a2800478ce97152789b29900983,d6e13c55adac969b5150e0a0c9e3f05d6fb49b54a631f97a74dcd1ede07a2a00,0,1
MOQ,2025Q4,1646,3,466,210ad6000f2356fe1260a17ea6a5dd69ac5625317400ed5d1172058351804d8f,d5f9f5d40dec2888e83d9ccb12077e34d8cfc7e78bc02f854e30f27fff47b1f3,0,1
MOS,2024Q4,25,3,507,6eb2446a9c7e996893b4a135155d45c5686b05da67e3bd8643fef25e8222c0cd,c47ed9243d6e2ddd070cda2744f2782caf9b2c8dfec48cc89d44daac7ee7e505,1,1
MOS,2025Q2,30,1,506,60d20f4c4337e2677a26359a6d2c0d970543361ac948901b45fb155cfa96df1c,e23191cce8b013609a93fa6552ce263885ebb9abf128e2eab65b73c69de62b70,1,1
MOV,2024Q1,4,1,514,9c945486c016ff95ad46b1fa3e2854d0a6dd12173ddc80bf58a3edff864db330,639c0853fb0c447ea4ae2ccad50b169129c5b47c8755b913897dc9adc29c0497,0,0
MOV,2024Q4,6,1,519,715ecf5ef83b1cae5805e706d11d012c81240a938cb317725e9ef32894021fb9,86daca3065e34a338f076ca3028252428f4d4d05c7236baf45bd8e40c11efe88,0,0
MOZ,2024Q1,2158,1,464,37643c5723de2f885a1a3ce8d61c3ae2ffe74a379a8434347df87b1c840a90f6,8d679bc0fcab565c28f10b0b96de772fe7ec45d7979c51b1ece80a984650f2b2,0,0
MOZ,2024Q4,2376,1,469,e37090c6c998994e97b5a0a77a04bd69c7f275e26d865b8fc59f0de44eec9ea5,7630b16496d2b4322edfd5e2d73fa6c8fb078371ccca4c05fce93049bf6271e5,0,1
MOZ,2025Q1,2450,1,468,863ccfbd85fdf03cd42ea4fa9824f0c64348af2b3bb342f7e8b2d71fad5e1a94,f624dcf018bd7117af2c0ef366f6025a434c1a89c33a122df101132ce5fe9074,1,1
MOZ,2025Q2,2503,4,469,ff5773ecc2eef53d23892711256278d8d1f1dc635b3c459dc81691452e5cf305,4cc298eecfcd4f850bc40c3b770aeef0b2724f46b2a802b0b1624e5910470554,0,0
MOZ,2025Q3,2567,1,468,e0f27082a67cf31faa2ed290479a293ff4fda052853039fa84e86ef602f8e58a,44ab243512ccb50b7dfc401cca629083ea5983ded422860562c56f0d25bb3cd0,0,0
MOZ,2025Q4,2602,2,472,7048e6b80b9fb38f8b9d6b3b789fd1786840e50b2ac5894be7e56f7ce541e223,0179086845d06e156b5c94cd729aac2aad42a0fcb0ea8f8035b955b89c180a4f,1,0
MPA,2024Q2,11,4,516,c587db33ef55cdb93d31dca287e065e29e5d58c03423d5062a99af4f8c4a51d8,2ab33d029d12b0781e4515ce52458b772df20aecdcadf54c91694275ae14d1ea,1,1
MPA,2024Q3,24,2,512,c43ff0cecad308e86209c5712eef8857d7b87da1309023d20074dc83b57152e7,4b813d77ca4bfaf5a13dee4486aa9d8f9aef349680e58341ec5e2db0395e77d8,1,1
MPA,2025Q1,73,1,511,779d6de2b3ba6128940b8aa1f1d715eec60deaa976f4f92d824b85c490e47808,a8221b6f274cba3f647806d766eda4058b5029b9dd2123c6568ca97c3f4d7ba1,0,0
MPA,2025Q2,80,1,512,f4139a7449ad8d231b802b07c60c1ddb7411b8e74de1e1348aa59889cf312bf1,57dc770617ff6777df87b210b8bb9f2b9314ad58ea38f8ccb79809f0ae688261,0,0
MPA,2025Q3,83,1,514,be68e9ec57934ed64758f44f3d5dc859ebf893c8701d0270a8565f7bcfa1bd7d,8ee4768ca710711739fe0eb1350f14ebdec2c21c30e21ae2e0e2adc52fbe7172,1,0
MPB,2024Q2,908,3,441,0b57accc50cf184b4365d404412df93c464c2695111afe85409d3c0e72ce85a2,fdeeaf8f34f2e683f73edcd210d8ed303810747a27bdcf332f51860abc816d6b,1,1
MPB,2024Q3,956,2,438,c73a46f24ffb4dfe3f85c43da65e0ba2997f390058aef6d163e5710a10487dd9,00e03629b315e7a1c1feeb0a58e4caf62e1e795089606300da7620e8ae829855,0,0
MPB,2024Q4,1004,1,437,28ad87e877944930ba1b378688ca53a810c319a17fb1d9f96982f89304dd5802,8ee4768ca710711739fe0eb1350f14ebdec2c21c30e21ae2e0e2adc52fbe7172,0,1
MPB,2025Q2,1095,1,438,7f068f6ee08a3527606c4a34785708cafdd31517a5d9a0515877782014ba1554,54b87786303020e8b163b1b3b4c42b197266d3f30dab015b5ca261d07112b313,0,0
MPB,2025Q3,1154,3,440,a65a45b39f50f010643045bd74f77d9e5d8d7cc04a8ac878cdd85f1f68028e85,4e76a7c841c420a89b190f506e36ed001f354352251916ac94a59c0d10e090c4,1,1
MPD,2025Q4,9,1,530,de7998284f106b2779fab0fc2ea4c40f4066552931905d4bbb8af8cb09faf8da,c50676334ed094b5baf7bd86428ee2bb9d4a49c7e13079f27ed7169257dac705,0,0
MPK,2024Q4,51,1,512,a3d38c286300bd584546984b370b0b3046daa925f4811ebcaf2ad903c7e51df6,4c3c63706537489d0895a078d95681851dcb8b0c251a8f2081af4029ecaf0dce,0,0
MPK,2025Q2,54,1,513,609e7b77e8dead0238d8a81e5721aac166936b37704d4672d2f1d698d45c455d,0e7ce2c55b01e28812e7fd0b7e7682c2f5cf97d5e220080ed0c6f04b26b18df1,1,0
MPN,2024Q3,1196,1,469,cd48fff25e16887218e415acf4639e35dbc3caa3d61de2f07d0ad78278436aa3,14106d8b6470256ec2dce3e232a3f560def6e98351d8ea55e687e644acff23bc,0,0
MPN,2025Q1,1324,1,469,418454e66ef1ae7647535bf2b86b99d7a03459f73c751aa9f8c93911fa27f98e,3d0105d4b59fda1b993f890378edfb772cb1baf5545f823fc4877c3d16fc5a62,0,1
MPN,2025Q4,1506,1,478,1150ac57cdf0d4e4223024209b060fad633087caa9318f7b4fb39cb028fe52c8,5338543772ade0aa7a3069871ceae2352c232ad0bb9be2de182b283eea63c1b1,0,0
MPO,2024Q3,231,1,500,3b43376a73e32e174454777e237c3358c3188d3adae8371fe4b0e02e3cb8b4cb,e545563b497023690c9b474b0e63e1a6ae16dc9d52f7ab31f156f6d4219b072d,0,1
MPO,2025Q3,243,4,505,932dc29ed6581774efe236c5049858a59736f496b99904029d320bcefd9555d0,487f1a8092a4e3ceb7dd2df799e1f2b75457d299d96841150eb3d53b8f2c9d4d,2,1
MPQ,2025Q3,2,1,526,7904cae42c8243c3183f4e7472e75c04d3332219717be6625a1e8d8e43a21d19,80f7027d6c0b934a23f107e75772120bce88a283eb07f573081b1536419bf092,0,0
MPV,2024Q1,283,2,503,a809872286297786a21edee3c537b0a5d4cd4f36f4a8a83ad1361370b9ff8a83,190d267f261985be1c9b1218cfe01c3908755563bfe3a3d28728a04c355c4889,1,1
MPV,2024Q2,299,1,506,0a454ed4b07a5dbd7dac2dde2365de0f32743343a56589d240c8971cd96065c1,ddde9afa062c0f134f6ecb6b9f083ce8f6e77f9acab065a41094f525c04a5d59,0,0
MPV,2024Q4,341,1,506,aa20a2d9377514d2a02164cd9143d1ac07099369cd245af5766c6521c350dc00,39d570a31580b4b21f6a256d339894494e8f26e3e2725310c1087df6abecf1f5,0,0
MQB,2024Q1,144,4,475,65fbd730038920bf6f58d8e3a8e3e7d963a91b260a7e54daca20bd43853859d3,7b90950cb46741a1eaca40b0c8bbb353058257fa319ab484b980b685198040f1,1,1
MQB,2024Q3,168,3,476,80c97235b09e2be26bc7bf0a6bec4bab6deea6ccbbb8fdd8b3f7b3ede0b8d52b,230fcdb008a4b5b9c2a3ba8c90c3ad4bf7f176088b9a41d7dd8f9573f442664c,0,0
MQB,2025Q1,235,3,474,34056448aff0207bd05045259003f7d9b3f2f3cf5d48b3136c3179b9e42c8f2d,d5b78b891d0827fa6c74734b2e5ea6daca20f511e29051991dde0dd1bf93bc1d,1,0
MQB,2025Q2,275,1,473,2c093974dab278dacda56e83d87db03e9ef656502f5d0d3c8c9c3f2668e66d18,e545563b497023690c9b474b0e63e1a6ae16dc9d52f7ab31f156f6d4219b072d,1,1
MQB,2025Q4,338,2,480,d14f2336d834784e809e12a8a73e09bc74e9b4fc2a956b8c42acaf1434d4d1c0,f3a72ec3fad06d36bf38ac328e8af138542b6fec33b07b49962df9447c4d60c7,1,0
MQC,2024Q4,422,1,514,709467dcf0883ca5ac3ee08d3b1ae2ae5a1066de1d90d1e3985c985dc277afa8,0e7ce2c55b01e28812e7fd0b7e7682c2f5cf97d5e220080ed0c6f04b26b18df1,1,0
MQC,2025Q4,428,1,523,55eb2d0e221bb27853f209126fa20da3777eeac7efb27171ca829f7b7ac7b396,06ffafe2347c3a89f0bf26e1657b8d45c014e9f95a710e5bf5b17ea7045b3deb,0,0
MQE,2024Q3,53,2,511,5b185e24bb16283d5ea6e9025f7d6f79f55d8b003d53bbc78f4703c888a763ae,446de3e1979cb633ce715949f778d2fbc7b844a63af99f776595f08bd6dfb8c7,0,0
MQE,2024Q4,59,3,510,8dc5343006fd490bcbc9e27fd3ffe75a3e48a4db99098754167d8b900eca686c,841e63e02d0c67a436e11fa725669f40b01a6c65ac1f61b40abaf1b81b1966e6,2,1
MQE,2025Q2,69,1,509,b60dcc80933e81ca5d3046707016f4b402d773749a9c595ffdb6c8580bc4d8c4,9559394944156fb2a0c90f41e331d152be56122dfcc492384b2e1292f0e74ae7,0,0
MQE,2025Q3,87,2,511,6afddafa68159d1a90c745d8f57009a3c52c3cadab10156df5a12b359e659980,eed13b6a09c9231ea4833a6f30e5a41d6d6f0f5a6b0f68e4e6554e8fddbb0443,0,0
MQF,2024Q3,76,2,506,a25046888923ba8f969f0b066a0a31164d5a761890317e242ce3ba89e59767ab,4197894227f985c914bdfaceeac386861c7677b25c3dc88797bafe968a51599f,1,0
MQF,2025Q2,86,2,507,538767a8ad651a2eb1faa3d012bb161e0b5647f7aada4e2405b842a8c006a49a,bf0ef702568e4450a291c09d622b569fb191d3204c39efec9fef8b25c536764b,0,1
MQG,2024Q3,8,2,515,8de530a3fdc8b8a67aad95103a4bab2efc78da2036458f20361a4ee7de86e710,c44e1be3a79d8f721a57f55a6d80f5a67a499cf223964690d1ad6500a4412b76,0,0
MQG,2025Q2,9,1,516,283e677126d91b1cfab4d5b5dbb65513114963cb6f2630d4040df53eb30af4e2,8ba4cd635f00b3bcf096007d75d2dee0e2f0cecb779985cc35a904df4656edee,0,0
MQL,2024Q1,1,1,516,9f68dc12be60240d7c584c55428cb55f8f7a6d6601b9538752e1c328ab2e03a9,f7848ab76911cac9cc11e32e69e46a2c026eb3f848c91a2af9b7795ab56d794d,0,0
MQL,2025Q3,6,2,526,d99684aa2f0e75fb8cfd7059c6889208f7bb9f98c2e689beebc8e6442f40afdb,d0537ac5866e5e675dfd0204085e85aad9b17ccc03726f473072dd444ff5af22,0,0
MQL,2025Q4,7,2,529,a3c963b0cc30b9d7fd44fa15ff3ce37c5f48044fee8421ea1489117332ea7d8a,cf11fc4919e4ccc550685c8b8a46a11c3df839f32f22117ee58c8a886df309b0,0,1
MQM,2024Q4,36,1,511,4b0b0e6f7c102810e3b0179cb28d97c5d809baa66fc4bb89d1e984d3de8eb434,c5f1bdea4b936530e6d08a46848374a4e328fd17c67662f67ce7ed7f65217cef,1,0
MQN,2025Q1,469,1,488,83983ff642d8495fe086f10050c53e8970fece9b9ecf3426f8c5c74a84c4869d,fdaad9580dfcec1acfc41367e03d8b8c22a0addbc4921a87777990153f78028c,0,1
MQN,2025Q2,477,1,489,9bfa147937c5ecd5a6c67b019984dd5da2f1eb35f0185c9cabd6614cbaecbb36,2619ebf09f49024bce8a9f390a2646ea021dc3e54527aa1d3caa8d00c428bf3b,0,0
MQP,2024Q1,689,3,456,cd0f996d7d05fa0866a861728157831126d6629fc2e6f1ba481999e350cbd347,1aa2b41719189309fb197d74a9df692500e39fc664699b37421c685e204fed25,2,1
MQP,2025Q3,891,2,464,8f24d43f8254b41503f01eabc0bff3a9dd326df9424080d393e066ba031fd623,eb5573d0fe7872a3ccdc5ec2854b1ac1431ba26f2ce42800a0e4a5861491ced1,0,0
MQR,2024Q3,261,1,486,2e96b1333e6ace82c3edcd29d71ecefad39720ceed878995a6036c2cb3fdb238,69c9b47649ef5fd9ebd2d096cf6ac8a423c34daacb3af8b0455b7a4d46370e03,1,1
MQR,2024Q4,278,1,486,37226e53de2a79fee00503117f1b3e7a33dea0a74ab4dc721cfd2398d09289c2,e28297885b64679babcc19f0b379bffb8751fdec2656c6a67798971b0bd5a2fe,0,0
MQR,2025Q1,287,1,485,10311ce59985163be815165980b5ee294cbbf5376d0c858fc0cf7b9bd17054e3,408011c658a01c6e5bb88892b71739eaa23afb185e98f01265dbc90d1ea458fb,0,0
MQV,2024Q2,476,2,471,cf6aa7156d38fb71f3bae37f660ba12d79459dac7ae628877294b2d5b5c0755e,2ce017d85e15c6fd3ea32d4d1a7f0372882c6e522944159132a5d02ca9669878,0,0
MQV,2025Q2,531,3,472,927b88686fd5a1ffd133ef779d9d379a48b822f8d5a678caca07235cc592e2b3,476f8d7e61f4000a35ba4568dfbb8881aa5fad2da9555de19a7bd73269a10bca,1,0
MQV,2025Q3,549,3,472,46197e2398e2c3721ea15e47f516110924668e7e57db46f58fa298b9cd077d12,413c5e55ff7ea7e2c3a8ad624da4a5d045699b466a54ef911a720a2d0a1eb458,1,0
MQX,2025Q1,2,1,523,da05501a9f8d00eb60ca34545be6592be626de420ed911bce4ae4bfd596a4920,e545563b497023690c9b474b0e63e1a6ae16dc9d52f7ab31f156f6d4219b072d,1,1
MRA,2024Q3,1400,2,458,ac3b8906295e84b4326f0d45336ffa56db959467588e898ea6ae8b89bc9fa2bc,84de22a84979a5fb9d0b32cfcc4533a761820b3fab44a3e5ce03eb1ad975e0e6,0,0
MRA,2024Q4,1423,1,457,b1b95b40cd6e1e3f618fca2844fab063d002aefd80e1867dcfc354659174caf5,06eb7fdea1bab6560dba4c8e62efa29adb2f6f8a63eee0f278154afb1acda5ba,0,0
MRC,2024Q4,11,1,515,dbe1d8ccbbb419085d91a9f213bc44b5ce7de9fb722d56f829c3cea78f2ea7ff,39d570a31580b4b21f6a256d339894494e8f26e3e2725310c1087df6abecf1f5,0,0
MRC,2025Q2,13,11,516,ec6f4655e721ea88ccc42757cfbcb38397ff128e32bdfd7a69926ef142a22dd0,ea4d8ec7324760c8afa6cfdae179edee89db85a0f623c6af5c634a4aeb63abf1,4,2
MRC,2025Q3,56,2,507,419f01b6290bf6f095ec9fdab10e212344892f3514036529d61cc954f375e3fa,49a63748b0f84c78241b8a690fe899038500d9a2e724cc18b9512ead25aede70,0,0
MRD,2024Q1,106,3,486,06e483891a7286a170af61f837c7665b74c69773d281d90c4486b6ed07924aec,6e54fb1c39d6d64603c20cc9d31dc17d61ba66e05fa86424e457eb6e6fa61ef0,0,1
MRD,2024Q2,114,1,488,70ad2e05ad7f29c7524d6414ace29e3d472d82566dba1bfeeb21749ec46205e0,06eb7fdea1bab6560dba4c8e62efa29adb2f6f8a63eee0f278154afb1acda5ba,0,0
MRD,2025Q4,173,1,498,762ec6900d80bd65f50b132db503d053415b10fdec7a964438283562e5f72ad5,44ab243512ccb50b7dfc401cca629083ea5983ded422860562c56f0d25bb3cd0,0,0
MRG,2024Q1,98,2,504,14465ff6db1b93f82ed6969d49a704ecd357de7391fc17b6757b905a947899ad,10545c3d24c96a5c98221e3ebad2341d695cc1046d82f0a74b36e09030b964bd,1,1
MRG,2024Q3,117,1,507,c3a95732bcd2734eda70154c51eb4175ea8bab4982b8e71d907aa5a88f394bca,2a1a0bcbfccf254ddf08b70740e0ce9508d9976140981f5ce30192183d87dd8f,0,0
MRG,2025Q1,130,1,507,acc26b3b8ddc4112ffe02cf20cd99ad9364a0d699ec424dbe8e1e255b60eebfa,e48f9a2df6d08b5a1934e0431786f10a704f525ff73074014bc43770b396db33,0,0
MRG,2025Q4,149,2,516,c3e95d44b2227f16e6925cc79258e1f30500672b78d90c08c86869e92f73c757,7ae15831ef7fec186ea5360b13427cac5fc21816b022c7a08e370179a27e0bb3,0,0
MRH,2024Q2,63,2,510,04bd03180b33ed3188c91b9b5166735c3b6e892729d65cf5ddd44615260c1218,a7725c6252ab375763448b5ad016255aacb9ad563f31eeab50562a603ee3de12,1,1
MRH,2024Q3,67,1,508,cfbccf3574e81b2a4ea8064861dc40977d0c3705cb60f565ac94dac4f6d5ea0a,bbc61898f610a139a4d31a937c96d5d2155dbae5a6089e0b6de8e724869f4171,0,0
MRH,2024Q4,72,3,508,718dbf1e409aef74e342d7e9eae0019c61024c589d48c1c404d7cde0111bdfb6,98c9522de70477c45e3aaea1383c4ed8ed584be9a7b825f06cc8d702a768c842,1,1
MRI,2025Q1,2,1,521,f7cf065bfaecbcca796f1d88efa2eaeee55752fe423ca05d95b9b4f6e5ba0d7d,261efddb563af16eb9763793f4ef4a07ddf66db8bc9970df2550287de5d68413,0,1
MRJ,2024Q2,11,1,515,534cd92ba9cadfb5bec14d25c507d57f900dd3524ac780a40d0c4d2a16f6e035,2021bfcf916adca8c3c724e44ef0de9873a3b8b8f9d00974868d55254e755982,1,1
MRJ,2025Q1,23,1,515,c0b0d8633b81d47398a98ae2eedb97556d31f19a39a90ff557e06abdafdfdf5f,5f13fd8162995a257c2649f4882b2983a13dc83deee5276ba03ed1ba9f1b762f,0,0
MRM,2024Q1,2292,1,404,73e9a51b868bf61be3b46a2a873dbbe004fa862840e023207ac5a8c9783e46d8,0a88187ca932c130d6d587eab60dcd7af27758390b8a75cc99abc56daeb28c3d,0,0
MRM,2024Q2,2433,2,408,97cbf2e2203bf5388cd2f231be82acd018177c703c232efacb72e3683d5948d3,fef53738eda6f1ef771eb8209662cc3d5013d35454d1608925f5885e01073716,0,0
MRM,2024Q3,2566,1,406,64ebb508d68fc76df8fe061091910c68ff2bd7edecdc74d5b116bd6d9dd8754e,c6981b383d5d405d002d8a7883d4dd3fdbca3fbc2a7bd6b9e58e48ca0094d38c,0,0
MRM,2025Q2,2916,1,408,c9b7e63c1d05d1a22ea17e967f6868db6181e2c62792eb2a8437aa1f439744ff,cca220b8844b1cc09b24c8f33ad2af2c034a5eaa0b15b8485c4bad7bb1f0663f,0,0
MRM,2025Q4,3163,1,415,3061898f9be4c398955caf462915d589c5dc433e1781381536b12b374d1cf13c,854bf78383a68f341a1a3fa8cc0a3167f9ade1b72294ad891b2456803107a7bd,0,0
MRN,2024Q1,778,1,452,3c4a1661ffcbff0e57550a19b540f46d48af9ac9d9a12d71119f6d20f98f0e14,6a12e99824aea0d5feae2c12c8465437870d0dd31353dd3635102d45d7a6d9a0,0,0
MRN,2024Q2,808,2,456,5b5ded3cadded5206cbbdd2c2e386b1b3ce2abfb85fbb3d7841ada7eaabb7888,7fef77ab065d0fd96eb0dd27d00058cab7e7a0cbf0302365d16da92cf721a560,0,0
MRN,2024Q3,848,1,454,71381c39d2ffe479ad200ad3167a6621d7f091922f5707f9bef9bee757c99463,f8b5a1f732d1fa106c665d1f896ee50369aa4f2a5fa606e80c4ab6f3fad43ec6,0,0
MRN,2024Q4,887,1,454,d57ccd702991152dc7f116989124e88cea9265e02ca115d8c883a1283d9eb46e,ed64a5a5322ce493860dd99ed952f99c5cc4857da12ed346aea053ed4a0e00c9,1,1
MRN,2025Q1,916,1,453,35e004e962b249dc11e998443e3a10fa27509d21440cd574e141325773a0c1b1,828573666a89a8834070b013ac719044da35f3908bae814bd8c9f6e25be9d09a,1,0
MRN,2025Q2,951,6,454,80f47fd69a06c782ca33957e1ded9659b989c6a3ea3e6c65efecca3de06c6586,349959a72ce6c7fde31d60c360be1fb287cb3a4c6890474260761dcc423c5ffa,0,1
MRN,2025Q3,984,3,451,fd16a688577d4874cc8abed71334e961205c3cd136bb6a0ad2d08e935ded0cd7,9a96fe3474e7dd77e0875311abb1c568d0c038240bf69dad3e8803fbe18e6dff,1,0
MRN,2025Q4,1020,4,453,0adfb30d4885036ed7f2570cc5ac9de22e2331291e5312f715897b52de54efdd,d5ad73f24d5694d54af8ab097775cd291e4005c877c7e7ffd197f7deebf1c147,1,0
MRR,2024Q4,4,1,519,82d1f449cee1542a1a6d67e8dcc44476195433170662da14382755de0de641e9,f7848ab76911cac9cc11e32e69e46a2c026eb3f848c91a2af9b7795ab56d794d,0,0
MRU,2024Q1,949,3,456,52a0d64321f976d8ee7b68395cfc079f1acf8f37e3ceeb54363905a60b4123c2,86189912b145c73a63461a23bc06fe58527dff01939e6e872ac42614134d54f4,0,0
MRU,2024Q2,1079,1,458,a7ceaeee694ab76b44907ed66938b2ea6093cdf64bb45e25998e7848df38e725,975c6445e95895c8363b20d19ccf9bd976f057e4a21efbe674647f31a61c4e26,0,0
MRU,2024Q4,1170,1,458,987192e2c693741d7be0a6a727b1e7153f475366f7010bdada2bdbb127dfc811,ed64a5a5322ce493860dd99ed952f99c5cc4857da12ed346aea053ed4a0e00c9,0,1
MRU,2025Q1,1216,2,457,1671e96c847bc2da2ddc1ca341ee049a8286c4977557e361110fde8a8c4fc98d,7c45f488fa8d01b80831e5eeb10b6675220a6889b452addfe4fa0d0f244e7bda,0,0
MRV,2025Q2,3,1,524,0007fcefcd095f3e8bc0fa58dae9d96ec74fa1ce2910d0243c6ef7c4b7046d64,f624dcf018bd7117af2c0ef366f6025a434c1a89c33a122df101132ce5fe9074,0,1
MRW,2024Q1,2,2,516,10f914eae26bd5e351b580b02592e0a3b524bde00a34a394ab9919574b0e40e9,6e8488daec18ac404f9662097a1a3bb1eea9633f9603ec3d9d237a49d76955c9,0,0
MRW,2025Q2,4,1,522,bf717e290f53f4e4bd1468abb06a5c44626761e79cac35222ee9303908ae5505,191c83ef3b46c3098e66e64b58c90f27a6ad43e7d675c97e8e54a1581c102456,0,0
MRZ,2024Q1,207,1,456,73f8df83f27c1096bb2f155f462bdc9f8ced886aa31e0fb5b57e270ff4b28559,c6981b383d5d405d002d8a7883d4dd3fdbca3fbc2a7bd6b9e58e48ca0094d38c,1,0
MRZ,2024Q2,211,1,460,9ae5716cd1bc86cb1ae6ed8c37c21120c8f0f7f46f113ec7526dab351cedf74e,f8d371c95d437c01b27377dfe7ec8c89fd86cb7f80d9dfcce0f22817c68768d5,0,0
MRZ,2024Q3,212,6,459,3029f6c512a87544f86669c5bbfbd53c93109109250af59bcac8080586d798a3,00706c339efe3a1c66c6d314dd73f5148527bc2dd9c641806b1f8ef0d887a730,1,0
MRZ,2024Q4,218,1,454,b46e10188db2176ffd89f2492f9599ede3acf2b768b0ff59f11ca01aebca9a5e,58e19a0efadc3bc3a17da69fb3588c5b1d53be82a6052c293aeb522c7e7b0334,0,0
MRZ,2025Q2,266,1,455,3e6940b5e315263c05666b97b35ef0480c89d9e402ba9ff06eae3431334665b7,be0fbd4adb5691c289e97783510d0962c510097d36e515db7b41acbdb28015f6,0,0
MSD,2024Q2,2860,3,393,dbb488e4fcf2d7d65b7fe26468476b14c2dea2217f076b3586590082b23b3580,47fc42a4d1d5a4ddaae8b4066bfb3fe972b9ad728ea77d0158bf29ee399024e1,1,0
MSD,2024Q3,3008,3,390,bf5605bf4f1b364d25038b0bd3ffe0e0b62a00aafbf212a8c10ca1c8d2219ed9,b8e8ba23f04a3c4544096e3c3f8be10014575972c00ee212817409b7f30abaf3,0,0
MSD,2024Q4,3278,3,388,1ecdebcb832c07b4802284cdfe12c6383f87da843be23f873675356fcb177ca8,58f78791b51687cfcf7cec5178e30c7b92897f6665ce52484ea4902fdcacef7d,1,2
MSD,2025Q1,3562,5,385,088f3d4ed5bc513c746a4028858c3a990f6d45a028445faa9bbd75f231892c64,a02d1bd57039d62cebf43823440db152dc780998ca921aaed250a6ea194f6c1d,3,2
MSD,2025Q2,3887,4,382,bd76d75704ae1185e5eb54ae0974fac267e5112bdb2b9efa361fe10814ecc9b3,4ba170b4d6554ebcfe173f871b6f712445218fe1748dd523b5001c709ffb6a0d,0,0
MSD,2025Q3,4214,3,381,5aeb4c38e08127fa022acf8a601819db7119126434c6ce228c2100e4eaea4a20,25eb826d37ad68e8a46bfb56378a640840dcf848fed70fdd6532f33a4564aa9a,1,1
MSD,2025Q4,4463,1,383,3ef4c3c1f6d06c0d43fb4990671b679a28883751254f2c9085b6738dd6aef056,4eca1e6c29a9ef0ef18bac5338972a30a2024c93ab0e76c6f6a929055f950bef,0,0
MSH,2025Q1,168,1,483,52e55a80ddb4547b72768b5bac426e7e386e19c9e750104b467e39d627d6dcba,f3dd231f5f28f1253f846ce65920bcf282bf67d785e15bc88d46a74d3b5f73ca,0,0
MSH,2025Q2,169,1,484,36d0582d74d2191d92dc8ad5595edbcc905c13d555f01ed7e3e329ebc42cd014,598a368849023e0238de665cb5ad2506d41b4ec6497efa2fdb6b432b05bd9241,1,1
MSQ,2024Q3,1,1,521,c0eebc6fc42c7055735ec9db86981e9d60ed2579ec9a1bf700ed48e34fb0dc89,3a0d2902e0066540daeaee58d179f3b1499b65a641946c73e7c81e8ecbf58268,0,0
MSQ,2025Q1,2,1,521,2e18e847e30830b05c08e4bc280009f28c2d7345b78c6c0411f898c4f965de79,0e7ce2c55b01e28812e7fd0b7e7682c2f5cf97d5e220080ed0c6f04b26b18df1,0,1
MSS,2024Q1,1742,1,443,e5109ecf086dbb710434b3a5f039f22552cf9d7e8a65597316560922e330921d,f04a9b043ea63e419307d3c70b380b6564a71cdf899e31cca1ab50bbfa038b96,1,0
MSS,2024Q2,1825,1,447,39a70ed4cfa349bd4b7956216e35caa02b2d358f0a96a083443be98ba963bc16,fb95e9840f23730aa51c934338effa5ce262e83d3fb27886f75b684ac0b56094,0,0
MSS,2025Q1,2117,1,447,63e8fb7c2bcd2f2fac99cb0c79ed567970a4e1973013903ee86f005b0ca08c8f,10f45347a80024f69eaa46a5f83002976e550cc839dd7822e34bbf21b8dca5dc,0,0
MSW,2024Q1,63,2,514,2dd5ac84454a9e51037f7c97237494090cf1251203cdc53bd16d7f133e12a008,64a3a9fff8bc9ac56ca18cb96c5c5f1cd8f545c3fbd85e94ba74e095b87e7eac,1,1
MSW,2025Q4,68,1,528,b062ed7737b613d0a3d6a0f44b20fd060fa607bd38b68b254ed690e3bf7fca67,8ee4768ca710711739fe0eb1350f14ebdec2c21c30e21ae2e0e2adc52fbe7172,0,0
MSX,2025Q1,117,2,488,006e8aaeb7c1b8891194941d1fa1b7216bcd5d9a476bc24f687b96853d53fbc8,8ac872a49878b0e7f3892ad3441c20522b20f0049d0c694de9106d87b8bbb878,0,1
MSX,2025Q2,125,1,488,bb3b170bc6377876a77dff2055ebef717e1d0149f7377414cccb5e9c6c023f28,e48f9a2df6d08b5a1934e0431786f10a704f525ff73074014bc43770b396db33,0,0
MTD,2024Q1,592,1,462,884173859927efbda1daa00f85c02c1a6b5e4b5ac8737aebef7ab6debbe0bcc8,60a3fe6cb65cd172e5a8d837aad5677967e2cc1dba83efe28b38a4e4f9302803,0,0
MTD,2024Q2,695,1,466,21e4876fa5d4890817042f304e3f05f95a928b8b4f0be569cd63fd0e973d9dda,e545563b497023690c9b474b0e63e1a6ae16dc9d52f7ab31f156f6d4219b072d,1,1
MTD,2024Q3,783,1,465,24ef87df0a047677cd8b19b89ec767c65abd571863ae79a42ac871403861cd27,01f6a48e6f0b4e7c669299b5f4edfd85175208c46e67d96e8739233cc92876c2,0,0
MTD,2025Q2,1037,4,467,646b2f106c7cd9238909ee7388fd84279ca4f1d42d6b6cc60f5520b586ad6f61,d1d30fd37758b11dabf61d4c47d7b91fb77f3e6eaed2c772a47f03c0ff074762,0,0
MTD,2025Q3,1137,7,466,a0e91c8f2c5770f497c737402fd936b260183911850f6cc65071a224f9aec842,1093d2798a781486b6096525f29db26c671245a29b5d0e06f89a64931e973c4b,1,1
MTD,2025Q4,1269,2,464,4451246312865eab438daeca117851273d2a301fbda4a5c767ce269d70eff5f2,d2ffa9d6028f2ccf88d4e1363d2b1c887710af0b8aae8acc42b3997dd7be942f,1,0
MTF,2024Q2,164,2,512,ab3d9a62a065a538be18b19c22227954367c64111cc44686c8ebc00307b0779a,3348cf74549182ab6e5b8ca43fb7dd547cb7253db5f1b93d1642dd8e801a1e09,0,0
MTF,2025Q2,198,2,513,b301b436b08636b3f49b14ef5b46b3bd11c9cdb766c7861090513da6bc487357,8e5438bc39c7f8b9b9ec7552415af07d211a83a9c9a66ea3b74b292755910009,0,0
MTF,2025Q4,234,1,519,1ba9815cec3852e342a651a33df774645f90d77459255c01ad5f259348b00974,fa004cc648fbc48aa07924ff3e5b332da3f3c2d020ecc8908e765f1ca14d4cc0,1,0
MTG,2025Q2,46,2,517,4d8716099871eb0746115ce16789f01f5be63b5a6f43b4c90de505c4537f41e3,8e5438bc39c7f8b9b9ec7552415af07d211a83a9c9a66ea3b74b292755910009,0,0
MTG,2025Q3,52,1,518,f503d598d2fc85acd9ae9987e282ea1dfd21444453ffb583254931835b0869e0,8ee4768ca710711739fe0eb1350f14ebdec2c21c30e21ae2e0e2adc52fbe7172,1,0
MTG,2025Q4,59,1,522,724405d83c0d96cb909f164f19dc4b8cccea455483c376d26f1e80ce1db92f84,fa004cc648fbc48aa07924ff3e5b332da3f3c2d020ecc8908e765f1ca14d4cc0,1,0
MTJ,2024Q1,96,2,498,64adaa9257e1aad33b6685578f80226724c6a410b80701b894d3ffb9c65a6441,12b3a5f6a27b14485b2cf136f914d8ac41bfdfa31b4d8f27da0d8a49f3315fe6,1,2
MTJ,2024Q3,112,1,501,59164bb25a34616570ca8cede03ae4d82f31d5cc3dd3bc98c1fe515dbbffa2ae,86daca3065e34a338f076ca3028252428f4d4d05c7236baf45bd8e40c11efe88,0,0
MTJ,2025Q1,128,1,501,0bd1ca2b82aed71a24547b05bf899097c516fa5261763363c6e32d6d6c152e07,5a26ae85287c88ccee48421f4a31e95432cb9a6110e5942b0cbd4546f0d0850b,0,0
MTJ,2025Q2,130,2,502,db71d1ae6256619b08ae79b626e3306dcab560037babeaafc05e3bf7d7f08b63,d604246758d52b9c322c2320b1b855fdd825ac9c810b9b67dd11fcb9b2b923e3,0,0
MUD,2024Q2,351,2,481,0cc5ef75c3df417eaa8e9bf3bc3ced995782bf79d5a41b0b523056e49f9690cd,7daf8e4b6e391f0f66d9c2ed4e3e1336643f3bda47d31b99e31f97af8b971c01,1,1
MUD,2024Q3,370,1,479,3f172c92619e8869ab359d70b2ed9eef0f9638d88ce4618db0ca18d23f546f7c,9559394944156fb2a0c90f41e331d152be56122dfcc492384b2e1292f0e74ae7,0,0
MUD,2024Q4,396,2,479,c17522e62dc2be1da8d523924a4b7d910bcad9cd38531a51f1b93fe4a137d5ec,f2ed9aa469d0160759e362f9b8974e340eb239db93de7711fe70ec71eacf1d6e,1,0
MUE,2024Q1,219,1,475,d560fc4178cb7d07e3f1164e9870085e1e51687fec0439d57cd09f7b0f0fa11d,d63272431eae7b562fdd1c9746c32a6f1983b7d33ec698b71d3e71b5d8febae5,0,0
MUE,2024Q2,223,2,479,897b1456ec5bf7d9c2b6a2f079b87500c78a32a8984e421dda2387bcabd81060,ad255ab505a5e0a604be248e485d7bc10d0b21eb9e31f0364dd1d483ee7076ff,0,0
MUE,2024Q3,235,2,477,6c4c9e2b6b316761399aac77b9fa6df54a4cd41d1769989cf67623a63780f01d,23c7ac1302ec8396521c112bb63b25d42a07de3accad7c60a0fabc4dda56628d,0,0
MUE,2025Q1,252,1,476,c2a2f384160a03d8896fb02b5b1b51fdffccc99d7ddc1f17d5b45b0c5da24c63,3d0105d4b59fda1b993f890378edfb772cb1baf5545f823fc4877c3d16fc5a62,1,1
MUE,2025Q2,262,1,477,755c255487bac6a8962a45991da5ade0d15fa1b61e4da875e753cefbc84adf49,6e09471d01d382b76e1a78471c1cbdc849d6995b18bbf3a1d1031f289eb059eb,1,0
MUE,2025Q4,281,1,484,8af1b833498d334071d00a7497e40c5dab54cfc313da2a6811a11589fb5cf9de,06dfaddc2baf64285e44a89644c3767ba922b3106dcd1505f299920714a743ff,0,0
MUH,2025Q2,8,1,522,63ea7175bc7eb492aab91571cbebe420ffda6827c0ad3955ebeeb0cae7999d87,98f1c238a31e109353c0882b5a6d7eefb6d99956068d1cc123233ca9077f8290,0,0
MUI,2024Q1,20,1,508,d069d967f59f476253653ab20a7af6ea1dcf98de4e9eb2324251eda21ef04472,e545563b497023690c9b474b0e63e1a6ae16dc9d52f7ab31f156f6d4219b072d,1,1
MUJ,2024Q1,164,1,492,b1f0e885176366515e5d3329c7b6ff24579e8fdd3c93bc06c7d1395d7e3bbabb,e23191cce8b013609a93fa6552ce263885ebb9abf128e2eab65b73c69de62b70,0,1
MUJ,2025Q2,177,1,499,ac227f97773ec8d8a667dcd6b846d6225b416cd09207d2cd70b299afc0888861,e545563b497023690c9b474b0e63e1a6ae16dc9d52f7ab31f156f6d4219b072d,0,1
MUJ,2025Q3,182,1,501,44bc4286070b89817680ced17760602013cf4c0527f6d28097a550332da1cbce,3a0d2902e0066540daeaee58d179f3b1499b65a641946c73e7c81e8ecbf58268,0,0
MUM,2024Q4,243,1,481,ec2f31a070a69fe1839682fbab28596a6b6dc4c170bd4d4b6da884919d6b5a39,e23191cce8b013609a93fa6552ce263885ebb9abf128e2eab65b73c69de62b70,0,1
MUM,2025Q3,265,1,485,3d1928be00283c2056425592abc0b33d8a771fdeca0dae379cb04122b4a32acf,41cb6db6b4b81ec360579fad82e609926a78ade93b8600e1304acf0315616942,0,0
MUM,2025Q4,276,1,489,d4949d370c95c10af444a3fe17d984358158b148a033a45233fe5ff63d83b4ed,c9f2b8a642d68695102627d731d0431a95f5032fac9531979943825cb7593edb,0,0
MUQ,2024Q2,110,1,503,4d708992c74d6e8cf66392a29f1dade5ee4a3a1f42e8fa339d413469a9203810,221324166e41feb46e457f0490759eaa3aa9a12f6071baf143042e787b07d16c,1,1
MUU,2025Q2,172,3,476,630412fca47c9898ad58078afe8ba9b10b275b221338db01e336f873d60c0ff2,fa5aa87a8bd8262a0be4f74cf701b9d87793fa521a5e9e4bedddb41ff71f90de,1,1
MUZ,2024Q2,503,1,488,fc3203379dfeb411a5ffba5fc165b5690cbe18b259e2e855df7b338933ec3f00,1f649a4907c98ebbbd4a6b4587537e89d527e410a6a77e63ea79c3fd7d835521,0,0
MUZ,2025Q2,579,2,490,adec97ac2927941b05dff4637dd8f8a64134e604545fe690913c8a2e57b82c75,72670fdce163d1e534ef9e9a1f146c592de525e51bfbb1d07d7ac384b6bcbdcc,1,0
MVF,2024Q4,21,1,515,bcb5f417ca9037600a483b1a7f099172636ab34d94f050a868b962585bd9c760,083821f12d7436845a7f874e2f134d5103a891c9516a746670881b21b9919c61,0,1
MVF,2025Q4,26,1,524,55deed22ddfa61159ea375c13c2ef3fcc4ae599c76554a13afff9880ad4d72ee,cbdd00c08fcd013e55e94815c31b8e42f822f7d7d47f2836753892256c8267f9,0,0
MVG,2024Q4,10,2,514,fd733c0e71b634b8d766b01b3c544628cff5addde06781285192659b188fffaa,58214c169e6708cc0e6c6a3346ac83dda5475c7e17bc72af39824e1c61015e95,1,2
MVG,2025Q2,13,1,514,16d69d3188c88a53bfa1da7734b934fae005f27a58c748b26fb3cf5753641911,59b5b0ae7d1fc2a634132930f488576d94a386df805610c17e9247e6d22ff913,0,0
MVG,2025Q4,20,1,521,0aa24c50e2a5c0715dec24eb6774a664ebdebfd4adf056cd749d1c71fdcfde28,e635b3de8507805bab688843a47dd501ae92c947879cdd1a26bfa6ff5dcad62a,0,0
MVK,2024Q2,63352,1,326,1bed5ef84ad2e74be8d6dc8c99f0e6529806969597025ce129f2b2753714f2f9,b4f21dcfe6e03353f09f9be277ab2260f9779e75f3c207d2356f1a6e089e1bf5,0,0
MVK,2024Q3,66581,2,325,7b2b2eebf351f7b3835f057ea4fd2cf9b974e0007b70ed7e03539ea864bbc969,fba3b56431c0f1bca7a1deafaaa5a2349011a8738749142c1ee636cebb929985,0,0
MVK,2025Q4,81563,3,334,66b2811c1fe320fb7dad162c65ab84169de6c11a27817f26649c019241d23322,2eccf2811f030b9fe46d6ed074937f1645b190105b20ac9b20ce25b38167a418,2,1
MVL,2025Q1,5,1,520,5a8b006b25fffa261fa727e616af3483a276743e099ac9f5b6dc9a3106823dd5,0e7ce2c55b01e28812e7fd0b7e7682c2f5cf97d5e220080ed0c6f04b26b18df1,0,0
MVN,2024Q1,132,2,502,ea1d20dd0fba2b93cafa1ac9f14a8dd14b7b93a6008e960db73855e163ee26d7,994241c7dfd3b438ed12060cb6ff59d7711eb98fe7d9d5b9cd7aef86ef3c6a67,1,1
MVN,2024Q2,141,1,505,b039372f2ad45bac1add328c2a17eaf259fa87b622c36c6e5d5c7ccffc8258b9,e23191cce8b013609a93fa6552ce263885ebb9abf128e2eab65b73c69de62b70,0,1
MVN,2025Q1,157,2,505,eaddeb71335feca2b4a85c77bd77328cf603fcbd6fd7a2a644181d6e5a948a7c,f229b1d6155576431465a5746428af83d80e5f228da3d83bf4405ae5ca2f90b6,1,0
MVN,2025Q2,166,1,505,2acef9d8352d82daa021d5a574b77e1b4833adf8c6c8e9ed91bb2cba8b8d44dd,8d679bc0fcab565c28f10b0b96de772fe7ec45d7979c51b1ece80a984650f2b2,0,0
MVN,2025Q4,175,1,512,12534513874ee4518d44fe8783859e9fffd53ec4e42b41acaab2ecd0878487fa,3d5b4c710d6c1ee6c24d7b1798abbf471196fca1ed5584de4f6f1d4fab26f02c,0,0
MVR,2024Q3,179,1,492,32d9367e88d79f6bbfc459c2807778884432cb16cef4fad09db4f0a847c642cc,083821f12d7436845a7f874e2f134d5103a891c9516a746670881b21b9919c61,1,1
MVR,2025Q4,262,1,502,da44e80ed5b6526094d6f69175caa676a817e1a927719cefb7390820b8523961,e545563b497023690c9b474b0e63e1a6ae16dc9d52f7ab31f156f6d4219b072d,1,1
MVU,2024Q3,37,1,515,810302c9a79fcc3d2dd086af41ecda499765d882048151812e76b94227dede1b,5e800d40783d3edae9ddf1f0c212b347b2c6e2e9b641fe20f371488817be4eb3,0,0
MVU,2025Q1,38,1,515,8df456d85d29da68a2ce1d689cff7ac73b487f1118abcdc92f026709745ccff1,83032922b0a4e4a72f25138cb32888e92e34379360d8bac23225341e0df69cd5,1,0
MWH,2024Q1,414,4,487,d9b7c0d1ea728f34dbb248a25d65469692e0782b3b7d0cb10946ac4cd25f2ef0,6ca555e6e1062c4372eba3d5b1afe4fb65447f8742101c2028325f61a03232ae,1,2
MWH,2024Q3,446,2,488,8c8dfc52dd7cda0860f8e8b181c5cec1023f2198801e84f845009f2d30292769,39d2208cc3d0df090d6dcb1cc18e147d9369c3183254636ca3010a0458aa95fc,0,1
MWH,2025Q3,506,1,492,7af15b6e035e6a1b0c17fbd3055ac76ae90bdb36427dd0cc1060a1e18955b445,0e581c4815066a7ff423d513a2adc5f8e1d1163835a251048a3f89dca2383c4f,0,0
MWH,2025Q4,514,2,496,60b635d8cc206489fd2f3756ef4987ab0cc7f43be4013fb0d3f6e95fecbe7e06,3663f15c05e1a6513b1d03310a97205435ad4e09f2cf91be476ced435f6f2fde,0,0
MWI,2024Q2,838,1,394,797adb4e1f3e63c3851357d22c4dc24b943ebd3b47a22b8beca058c43887e529,34ae89f082fa02ee937db0ca0fbb06eac36aa9e30f623b66510942108246dfe7,0,0
MWI,2024Q3,862,2,393,5e243ff42957cd6cfec040d2102ef7f6cc5909a530279342bd76161bb572c41d,d09e8485d8403049a7518858f60cdf417d544a90de98a3950dea7afb195e9895,0,0
MWI,2025Q1,934,3,392,9bc2b7dfd38ac00abcfbd84074291d6b73f9f56acdbab70f6ec8ddbb3817b663,f6737dd1d8ba25ebda3f409681fd0b263ff95840287edae2b6479c4eed1a03bb,0,1
MWI,2025Q2,958,1,391,51f60c153517119136ef4a62afddb37214f1f220340d7ae0a12d2bbfdcf3e0d4,0a88187ca932c130d6d587eab60dcd7af27758390b8a75cc99abc56daeb28c3d,0,0
MWI,2025Q4,1023,1,398,915023c6b998f35595948b2ab9ed703133f32bf165e1e10ce5909d8bc4014e26,a734be963810eb6351f5a8eb0d3d0df59126743d0b0bf4336800098317af5b31,1,0
MWJ,2025Q2,34,3,498,9d69549a7dc33fea9a63cf1df62edb45c3030982baab8b45d633025b8d67028e,730bcdda1ae7f1a6869f3c757c61c81dd96f95fc0ca8e75a6366afe7c63668d2,1,2
MWJ,2025Q3,36,2,498,81bc03f2f0ccb7fd1463a3765b9fd864601a397e1d71579f5ac2a2aa0d97c5af,29ae2e0c45ccf6e6acbca9c7dd61694b7a8bb338928ce316515a9a083c450b3d,0,0
MWJ,2025Q4,38,3,501,ad8193ac8e4c1053046df0f4f3d5e7a76efe9618ed93f69db4c14b0fdefa5c95,009cf09d4fd46e8bb757fa4fcfbfbd5c2749fc8fa350ec8a2a5445b15a59d097,1,1
MWS,2024Q1,341,1,471,3dacdd6556fb7b108868a04fd0a33d955710b5261bfb92ada8018842a5a2bcab,06ffafe2347c3a89f0bf26e1657b8d45c014e9f95a710e5bf5b17ea7045b3deb,0,0
MWS,2024Q3,364,1,475,ebfd68ec483fe6eaa4f4339764549e4857ad32d4d1af50c7ee1562efb807ae7b,6d19f89a6b34d52be49fffb1dedeef8940de00db8969153058cce8f0e00a17e0,0,0
MXC,2024Q3,5446,1,452,073b755366570bc502f69ee3e421cce6378af3acbbe83d4511c7fdcf8eb9e0e3,70d9150dc6d9c8c15d366179c180edcd552725d5f6a416141ac7b683f07c034e,0,0
MXC,2024Q4,5688,1,452,46d67736b395f4a24866f07f111fa9692ad8d97d9d5ec1d693bbae1832803e73,06eb7fdea1bab6560dba4c8e62efa29adb2f6f8a63eee0f278154afb1acda5ba,0,0
MXC,2025Q1,5956,1,451,4bf329b5abe6035da46c502a346a4888f38bf29e09b95d2495cab1eede9d8f49,fcd229da6cfbc892ce2cd4f9f3efd59ce90766369c9b87fb5768b4ae435f0855,0,0
MXC,2025Q3,6463,1,455,33af1c9787e4e591efd890e664ab07a8868ea8ed5890878eb24dca531a6c3f50,2347b5f9fc99fcb36264441f380dfa46acb748fa78699ca15936e1452d65ff8f,1,1
MXC,2025Q4,6744,2,459,e9dabcf042f85c4f6abcbaf773535d5a4fc9e5b1d7511560f4555306b3607382,8658ed3f868749daabe1786f72081c2ac9e91e18b15684b1bc6db12a169d63ae,0,0
MXD,2024Q1,4120,1,447,03385159e8968c842cf9de1fd8cce71a8a4f9891d0168f66ef6cf301c8f41e88,9559394944156fb2a0c90f41e331d152be56122dfcc492384b2e1292f0e74ae7,0,0
MXD,2024Q3,5610,3,451,f5ea419b1f529873372682971c18e4fd2c2156c8981781d753dcdb8f09969e88,fe1abc36d4e749a142bfdbe0413525602ae5bf594959d84a2317069395cecd47,0,0
MXD,2025Q1,7139,1,449,21677048b9fc31511402bb47779687e1ffc114afa376cbf7da69ab963d1c4378,ff8af3592f31e1333e0c4f138cd68e636e87799142596ba322b5f5f47785bb28,1,0
MXD,2025Q2,7866,3,450,e1cee0351cbc2e7a36218acfb5ee821149326120f9ffe5684f505e648ee6c928,96582d3ad31f65f8ea28e0988cd1256dc1e8ee5bdb0ba7102ad0fe34faf0e9ad,1,0
MXD,2025Q4,9674,4,455,0adb70beec436012f2058b11ba8d51c69e3f35a69e0154bd2d14e715beba908f,4e85f8d58ef668aee1dcf32a96585e87acf22de92bb0cf6add50a8916020acb4,1,0
MXJ,2024Q2,144,1,519,29a549682196949171016686fda2a81801f28dfac42c8c89fc1e9021228803fc,83032922b0a4e4a72f25138cb32888e92e34379360d8bac23225341e0df69cd5,1,0
MXK,2025Q4,5,2,530,b0031ad24bfd8ea24453c27e707a674cc3e7e2b6387acb9a33586ca491a93621,d9980545d2de2e2cb8a1c4dc4880b106353457b5772ef24e9dd649239b7cb1a2,0,0
MYA,2024Q1,3,1,515,521a59a2c0d247696bda02f1c8e1d3a5829e410452662bd04b9576c51f4339cf,83032922b0a4e4a72f25138cb32888e92e34379360d8bac23225341e0df69cd5,0,0
MYA,2025Q4,6,1,530,82c036ee874ee43ca204a33d74d2d6bb726bb1e9b3eca0bc006a93686439a529,f871daf976560eb79e3ef5cb85b3d2d6a3d7697323456f5fb281da2a26de8a6d,1,0
MYF,2024Q3,263,1,518,75191745a33483e926cdc90da6ef2e1b3b1d99d31593893f061c9f77844290ac,8ee4768ca710711739fe0eb1350f14ebdec2c21c30e21ae2e0e2adc52fbe7172,0,1
MYY,2025Q3,2,1,526,12ebc4f5ac54de8927f97e1bc60d574e639bfadd9078489861c3fcdd988c8053,261efddb563af16eb9763793f4ef4a07ddf66db8bc9970df2550287de5d68413,1,1
MZA,2024Q1,115,2,479,b643dfd5c999ef29f092c20385de76cce017427b3dc803e3d3543b8e92312837,3a10200dc7e3ab96a962d5f73eda56cda13ed19d16c181fcafe45a82b4db4f35,0,0
MZA,2024Q2,119,1,482,b7319af6fc093d5e19c9bcc33bc928564ae4675fb52fb531fe9e987a1cea48cb,3697faf9942af42685fb3f815b16f9ce5d825777d0421210ec2e5cca8734bbdd,1,1
MZA,2025Q4,130,1,492,0c2b320a492d020e0b98ce3ebd9edb68b7ec1ceeedb9f94e3dcb679701b63566,06dfaddc2baf64285e44a89644c3767ba922b3106dcd1505f299920714a743ff,0,0
MZF,2025Q3,761,4,511,ee4e42abf97294bbb0e43e0c2cfef3f0cc87f58b74e119cb72571eb376465885,5860c625b486aadbc79faabe4a10c28aead0d3d81ad2c22cd327ae5874997c78,1,1
MZF,2025Q4,1192,3,512,7855e0729c40625fcfaaa735638fb6c9e1b4411f4ee7c9b3b0b7b2f5516c7a64,2831055bbd9d000862057a1273daf4e7853a60e03f3f0f6ee443bcd78ffcd6c0,0,1
MZM,2024Q1,220,1,481,08904b7187b2c03ea54e6c37337602a95f7bbd209b8c4357ba26ff4c2e553217,bd5ae63a29890d42f6512a1e7fe6f694176d700f8f76ec36212249be32b87292,0,0
MZM,2024Q2,236,2,485,0dbc5ad95f3468f8d64d1befee7ded35a7aeda68ff79f50ff7137cb252cdc7b5,846f6d71e57fdae5c74151c6582348ffb982d98786c108f6dc672c8ad23fb404,1,1
MZM,2025Q2,318,1,486,e2f28f80e86b63764b82b06b38686ed6371b4f2ccea7d8e3a7c3c2eddb130f37,77453da0e6e495ed261c758a596530379f3f73e88e1be3cb22c1eda40c5a3e20,0,0
MZM,2025Q3,335,2,488,b1039ed83002570808f9ea4f37895d62f72e5ffeea4855c159564cb7f8df7f59,1094666506955c8d7adfce2cc1614a8e518b42297be6838808073274d28ea0af,0,0
MZO,2024Q2,335,1,510,17e8769d7faa99b5e4f9240bec2a880d33aed6cf91133eb3795ab320b37d0c81,598a368849023e0238de665cb5ad2506d41b4ec6497efa2fdb6b432b05bd9241,0,1
MZO,2025Q3,404,1,515,3f65164d73c82eb9d62e7d818ee5435c778fbc286e78fad42a80d826c43de7eb,f624dcf018bd7117af2c0ef366f6025a434c1a89c33a122df101132ce5fe9074,0,1
MZO,2025Q4,547,2,519,0da14a45c059524c87300e9f13138e08104e4bfb7c3c56bbe4dd1e64c8f97023,d9d06040808bc3b32c188c0f93767efbe9afe66af187ba01c75bcf7277ead3a6,1,1
MZP,2024Q4,9,1,515,faf766487a3b2c715a150d4a771cefdc8c6eb2015cd8f352296e08173de6537d,6832e84ec787bb1b9b0587e8cfde91de6beea69890cacd7e948dd0bead445a21,1,0
MZP,2025Q3,11,1,519,18c91740eada8762669fc9af13a484f28970bda395858166dfe3537224dd9dc4,83032922b0a4e4a72f25138cb32888e92e34379360d8bac23225341e0df69cd5,1,0
MZY,2025Q2,4,3,522,a7330478a3cf8c6a904ec5e5670bef1e2e7e61fc064a5019d1e49d08b7e486f0,6ac50e2de08f8ba6f2e6a76bb3453f381f1fb50f7032479576b9812199f242b5,1,1
NAB,2024Q3,73,1,501,ce06a332402f02021b2bd92882765083ae05497892bd8e7a30326cb2f9ef7624,598a368849023e0238de665cb5ad2506d41b4ec6497efa2fdb6b432b05bd9241,1,1
NAB,2025Q1,78,1,501,7c5e0b8316888f267a4ccd0ca0c62e6cdc935220194e7a6e7bbe0ec6f51bcc9f,9cbcd81794b78f1d171cab359febebf7209e5fe03b55475bb8775ff460e245fe,0,0
NAB,2025Q2,81,2,502,0602c3f22c2cf00f6f5a2fff2e8a4b73d67e56292ac6fd015a3907c0bf1d2416,65dc38ca3c022a70dc58215b3ac5e973dbc60970d046c75b2498bdaae0ba98a6,1,1
NAB,2025Q4,85,2,508,20a3532e7e47e61231a58582257ef8a0b0021ef9caa025ba28d78cc8dee236d1,40510a3a45d44140c6e8fc93412ca32b694ff1361f93dff0848c1659c5841768,0,0
NAC,2024Q1,447,2,489,6b03b2aa206c3c5e20de94563d19f2dcea22f624535e45019a4cfe66236364a7,14146cfdd4f78e819b9d9d2a453f0a430dd6fc1148a9f5c81208228b39566280,1,1
NAC,2024Q2,454,1,492,d2e760980df83399a6dd5177a5b99f36b045fc8ed48eefc815f0f3ed0ded0186,3697faf9942af42685fb3f815b16f9ce5d825777d0421210ec2e5cca8734bbdd,1,1
NAC,2025Q1,482,2,492,f2715a5afb9ed556dea17c908d0bca206da5cb407988917be68bb1e1d6adf7a7,002efc1edcfe22a6b1fe21e3df18dbc02358c60036c7ff59c37fc51f3aeb9566,1,1
NAC,2025Q2,494,1,492,b52654ac6215b02e482796b8fd9cc17791cb257450f4a2cfd1d1df8c904d1a50,3b5553a1355ec2865007ac59625590ef0d819f0369aa44a4045edb9aeac307d5,0,0
NAD,2024Q1,8096,1,458,fe198eff95a610b257c607a52c6d8945e87b8cd560b13bc5da26509bcadd0781,df235a2a35d11ce8b44b487e0868f4ebc4beece51a61ab886ffa9c146b30d990,0,0
NAD,2025Q1,9900,2,463,991bfd31ed1fbd52b5ed3971a054ff7117ba8c96b5ad2d6b3cbc034d527e4de0,26fc99847ed7a3fc8b42bc248536f3fac3347e66f71cc29b5807bedf55048cfd,1,1
NAD,2025Q4,12031,1,471,82a5d3afd6ddc88afb49bc754de7d3c09001b48aa7f96e3d9c8a227ea05a22d0,8ee4768ca710711739fe0eb1350f14ebdec2c21c30e21ae2e0e2adc52fbe7172,0,1
NAE,2024Q1,50,1,499,e8235a4d4561b3d64da0443b4b3233ad897767ce47e2ff50893dea6bb46ff87e,3505a09e641e891d63441edce657c8ffa3ca4fcfe450475d764e26edfe1c148d,0,0
NAE,2024Q3,56,1,503,888d7729097e912a6b3cee6bfa2359188890ef57224f40c71ef0c630077a0cea,72eb03f8c3c4893a966a7680f8717fac061bf421324db4e6f595132cdc000a8a,0,0
NAJ,2025Q1,33,2,520,cadea146e7520d8566d46ac1f4a625a5b43f4bcac006287dee0663cad827b018,74c8a98f7e44e589aa2b1c82f56206641194aaca75c4a8fc36f219fee17a8eb8,1,0
NAJ,2025Q2,34,1,520,94b700d0ecc41a102117d2487186595a44038b3addf69f4aace0ef830d5149bd,69c9b47649ef5fd9ebd2d096cf6ac8a423c34daacb3af8b0455b7a4d46370e03,0,1
NAS,2025Q1,2,1,521,e1a1047338ab7837ec301a8bdb0ed72714a44c9a9a7bd39ef6867a88171af6fb,9880a253b61286a26a53131449570f7625d985dd3a9843392b39eb35dc173081,0,0
NAW,2024Q4,253,4,507,0fed86a05efa530069ec3af47748fcc8fd3d127d092b6d1e1def106f0f721f91,228c925846061959939f6686c055a7d84a640d8f27486e3b7e53f9461b84b5d9,1,0
NAW,2025Q1,277,1,503,c6de0b768dcb9d0d28acf58db581da1a173e4127539d6988846f446d98a2b3a2,3ae3d218a8eac87e03237fdc4a88f599903d51d06327066df9cbee60a7635f5b,0,0
NAW,2025Q3,328,2,507,c3acff6127f5316443cf620a2264208553533280672f863745fbb96f9bbbb64d,35c69913758fc5f0e1e93532a0e37321410a1103a7647f3d5937e9911ab8059c,1,0
NAW,2025Q4,347,1,510,fd0d991190dd6f2b6c52b83360a8aa6015ca3b6c7d945552b9110fbb2c142907,69c9b47649ef5fd9ebd2d096cf6ac8a423c34daacb3af8b0455b7a4d46370e03,1,1
NAY,2024Q1,21334,2,312,76098fb4ba6482378c50685df26114d20c97c9bb7040c3227859ca5a0d37ff4e,62823c0c7aeb59abee07cc2dffea813a51e7286005333c501957f26283947a7e,1,0
NAY,2024Q2,24147,8,315,d93c920ec2cbc061c22a98d5542c350bd42ccfeda7ee5c5faa24933d052efd74,c5e935519cc04aa12d5ed537cb71eef6f75955c41e3285aae1599b1e4a15f81b,0,0
NAY,2024Q3,27244,3,307,13dae47f31fc60fc764ceca9c804dbc04ce59f1bd0fef9042e4d90ef9f4f90af,e610fc3881785f04d3ce7c2956779cf38cf1498ae3b0a37334e4f10037a64bac,1,1
NAY,2024Q4,30535,2,305,fc004aaaf0a4b9a11b22fbde11aa7e931b3b2e8a71c815661679d771fae7b93a,a6e1295e06260069f2cdbdb2b757ed3e5d4fce9470dcf329ea60112d76c463c7,0,0
NAY,2025Q1,34206,2,303,c828ff042ee4b56b68ed812b4065a50e54ea2680eef300bd2a2af3a9419a7133,1a9aa32af7d6e91ce9ca8c7b936870d319349d709f2230937b586c053b125612,1,1
NAY,2025Q2,46259,6,303,5864c06a583da9ea0514a75a21a94dc89e07a913e2876464e4c3c720d5c63954,f0d3cddaf621f0c648e822118881506aa704c0ac96c5a2882c5b972380a135ea,1,1
NAY,2025Q3,61948,8,299,09d18aa7378a18f9b2d0f7675cf0268f24d180ea2aeb2649805749c9d9d42a25,d12b90c38516cc2d2b694147107d6bc6f96b6f14257e777e20fdbe3f798bd3a5,2,1
NAY,2025Q4,73618,2,296,eba374c6c1f7244d3f61b859115226fcefb4316bb86e90081a5e2c1cad6385ca,8af0a570e1d457358fb43a359c700a7563df467f9170f2d9c7fed4d20df6f2c7,0,0
NBC,2024Q2,48,1,512,ba95e161c406dbca2d694493ed1ad65ddccffe8f5142f96319d8f05a46d680cf,5e800d40783d3edae9ddf1f0c212b347b2c6e2e9b641fe20f371488817be4eb3,1,0
NBC,2024Q4,56,1,512,a312d421f240448bdb8035f830513faf88d6e6d6d23aa70126beb3aafece2255,8ee4768ca710711739fe0eb1350f14ebdec2c21c30e21ae2e0e2adc52fbe7172,1,0
NBC,2025Q3,71,1,516,db693c1439e980590651ec3b76e451964e7dd8f6cb61c7e4a3b7052e24e9c09c,c5f1bdea4b936530e6d08a46848374a4e328fd17c67662f67ce7ed7f65217cef,1,0
NBE,2024Q3,81,1,511,bb9b72c7c6e850088371c335024e6e6aa5c4ff59cdc0a206d19cd5341133d773,e397784c48b2128e957f45ef79f152203f0e86f32f8c2cdf8b1db70cd42496a6,0,0
NBE,2025Q1,93,2,511,a91d523549aa3213128d43b49e654d362644e64d4505df60a960ae9a7592ce27,ee2c28e3e1f2306e6fabe1e293c744dbf9faf07bb058d963f051ed511f1f8751,0,0
NBE,2025Q4,103,1,519,2b7d387943e2617ece201beabdbab9923a0ac493958319d2eb7e9340e0acf80d,19685015ccc5f952d6265dc4bcb7e7a163dc7c4746cd284c379f330aabab1da1,0,0
NBH,2024Q1,1913,4,420,2485b040c3bc68864d4a5e69387dd3e9a82ea013bee53b25481635171ee51b78,e75df3a9354bceaff255f36d92ecc0a9c7e6881db09cc6342284cbdbdcdf805e,2,2
NBH,2024Q2,2042,6,421,2ea91338c4148f7acc1bff5b786e0158f59a69752aae7ad77894a068a3ff510b,f9da3e92033a21d046e37c034bbe7723389102b6237158e68fb01fdd6a418040,2,2
NBH,2024Q3,2299,4,415,fdbdbc9ff6e8e2e340745eb036350e439d800ed3ab6e3f64a96c6830511f1161,a035da7a6d47f99aae03b9a2d5ffeb148d7e550a4d700768887dc352b8de9e77,0,0
NBH,2024Q4,2457,1,412,0cc3fcd1ded7e867ab2e26ae9ef6d4abf72211bdc1aa0a87944a1bd0a7d61ea1,e58fcd3f61ca112bec9d3396ad214db2c2ff35da9e78119768320bb5d5c17a2c,0,0
NBH,2025Q1,2589,1,411,f5256bd5b286d45675b3ac1f56e9aa43f97a656299d01d4ed8a8fe5f3b2e776f,a734be963810eb6351f5a8eb0d3d0df59126743d0b0bf4336800098317af5b31,0,0
NBH,2025Q3,2885,1,415,c46b182f0befa361471337e2d69971eda15238501b82521f94a38305b06e00a1,84fd7a95f5415de561b15080617ec65d60ff3ce1263df7f0e3559d0d33b22326,0,0
NBH,2025Q4,3015,2,419,3d2b8fa92c006946be93ad81a343b6e0e63c741a56496f66f224ec5178d621c9,97312a1b5f8a83008d96c081ad660e89531961d959e70017df42d8c65c7f8802,1,0
NBW,2024Q1,49731,3,380,c38b56fd304fa8da31a88e89086a8bc312c467acbf604e21783ab75a3ff0d6d9,99be6da23b1b3d3c4aacbdc8d9b238b2c384608ee932b33d4f916816fc0428db,1,1
NBW,2024Q2,51395,3,382,141f0225ebf97eb36a8e7ee4d70b4928147c7d49a4a1e369304241c678e7207f,a5faad92a899c299bc2523612840051b0949f990f38f10b5aede0d218e37b9ee,0,0
NBW,2024Q3,52970,1,379,7320d8d810635b943c014f047c1a951c537ae0836e7a184253fa81d5f65f5428,a882fec75e44bce5cdf8c7386ef1b398637f4a2814e9a701f6013dbcb950429b,0,0
NBW,2024Q4,54478,1,379,a333a6a79185b084955d59dd0561cad26abb3b1c2e0bcc2a89433c8e396b9211,25f0d7559708d1e6ebe4bfd5298533fda835220df2aa3ce035cc99770cfcc856,0,0
NBW,2025Q1,55951,2,378,7dbb3f771df80dc2c7af08749522e9eb323a611816181868012f1a632d2fe527,7a857568eb687bf1a09ab62b48867011a26df4319ca3fcf7d233b0ed33a52983,1,1
NBW,2025Q2,57244,1,378,0aaf3f9b5e7261bec7b6c9f53c292612d21bc961c2ba6f0bf9d344fac8c21b94,5f13fd8162995a257c2649f4882b2983a13dc83deee5276ba03ed1ba9f1b762f,0,0
NBW,2025Q3,58406,4,380,4a1dc078e63b9226d8ddc00d7d6c9ca780ec82c33958b945f927bd07e60a2493,11dcaf678878580eba1e72ed27071c64b2b071776949eee51c9998fb39aca335,3,2
NBW,2025Q4,59610,1,381,b291966bb2fff65b53975e05de78b8e4129e55b7ed171ee23a8304d27e9e4e78,0e581c4815066a7ff423d513a2adc5f8e1d1163835a251048a3f89dca2383c4f,1,1
NCD,2024Q2,2,1,521,e42373feb7fa8cc6415d55ac9aafb0087923483b4c02905bfdb5e03b112e1edc,e545563b497023690c9b474b0e63e1a6ae16dc9d52f7ab31f156f6d4219b072d,1,1
NCD,2025Q4,3,1,531,82d76198584fcbacc41563a7dd1da446b0d35c3b13a577047b8ca62efeacb9bd,5c99f954e394cf7d0fd311dab0fefcd2814e025df90594a7f7359a4772645b4b,0,0
NCX,2024Q1,2196,1,453,342e8508b69b8e02c6c07fe9c83f715ae0d7b86ff366fea429f8a70d0480205e,12b3082216bf4e29964dfe51ae3af2d8e8f37b665f5c8d000663b78071124781,0,0
NCX,2024Q4,2460,1,458,d97bfe1b7a955ec16b11ad2d205af619a56923878e76b68cd246646025984092,1f649a4907c98ebbbd4a6b4587537e89d527e410a6a77e63ea79c3fd7d835521,0,0
NCX,2025Q1,2539,1,457,daac62f0865bfa81254e0c07d60a6e51c11d4657e42246dfe89df8e9af26818d,6e09471d01d382b76e1a78471c1cbdc849d6995b18bbf3a1d1031f289eb059eb,1,0
NCX,2025Q3,2667,2,461,16b4eed389dc3e2ea53d9d52b71cd33b4a834be8f8663149420e9c796ddb0ce9,5a28e3068b0c4f90a016be0b16b6bdc22eff8ff0fa76d729588d1382006cbc30,1,0
NCX,2025Q4,2733,3,464,5a24dfccfb89ba4f4948dca73b6e7df0e4fedd28b0a7015e5d5aeea5b90e75e2,ba5f4b4f341fe84526bd730b9c3723c768e0913af1be833cc381ea5efaabbd01,0,1
NDC,2024Q4,999,1,489,171331682ada2e4861469c39f12d109eaf16e6f8545eddc7ef665b6c0b6b09ea,a9b6b688345bc0e81d4ca69f78089798219b9da845e6ac7276fe2ee8e8c38e70,0,0
NDC,2025Q2,1037,3,490,448d5248d29e727ae329369d82eb4c2a891a92b42fcfd3441467029de5dcfc99,08df8873af44370c92e798b91e8978d8db11eba95e3555b40aecae734bae9101,0,1
NDG,2024Q1,1,2,516,10f914eae26bd5e351b580b02592e0a3b524bde00a34a394ab9919574b0e40e9,019c699c81e164fba5b53cbb1f8efc4564a4448ffe88e8aefdfeb4d3dc534780,0,1
NDN,2024Q2,1485,1,453,2f4ff71f3339dc3fe44396e10c8df50678510dd2076ef8ad315c673576a4f47e,df5e39abd233744eb5fa0c62cf6e0fe96bfd6ac6c1d70ad818c2ce959db12196,0,0
NDN,2024Q3,1565,1,452,ed78ef6826920cf211bd571fecca18d9ff69cfdb6e06c6963cf5f6e766d60143,9559394944156fb2a0c90f41e331d152be56122dfcc492384b2e1292f0e74ae7,0,0
NDN,2024Q4,1702,2,452,16e35384a9deadb0e44ccbea2b8c4ed9783541e9d345725843794a39979e27f1,049e27d70f39fc1e850a4c5ae68716a7260cb4ae95b5e8525cc8e2909f4d0654,0,0
NDN,2025Q1,1818,1,450,cfe39e8d3748014c293d3a46314fa1cca6aea764b210501162316299bcf47fb5,69c9b47649ef5fd9ebd2d096cf6ac8a423c34daacb3af8b0455b7a4d46370e03,1,1
NDN,2025Q3,2100,1,454,08ab3c7ed280fbb5fa9879cd34d639a145d149743f84124471db8877121f0000,221324166e41feb46e457f0490759eaa3aa9a12f6071baf143042e787b07d16c,1,1
NDP,2024Q1,1082,4,447,faff2d068f8fbad17bf443fd205e5a4eb742246d7de4f066a1677f88e6eb9cb5,6c6c44959495ea34f95efdc1755c93ecd20f998cf5c02a0bfaeabe9a487afd0c,0,1
NDP,2024Q2,1131,2,448,c7597a272ae2d315eb2bb8dbc4fba26b887bc3f581bf2995ed8671cd19015a71,3ff864326e602685ad8986a28f254cbbd205310f62faa3f148f37767be26f7d4,0,0
NDP,2024Q4,1239,2,447,f1e24410e8985ad95066a36c5d7015f842ecf6464869e0c2bb311f4f82e3263c,f3847a8c8433a865f6ce0809a7351dc813106aededafda9c87b468e11c9c0d1d,0,0
NDP,2025Q1,1306,2,445,98b263d744dd35fd1a5ba5ccda7f43c513d469d09e57320e2d7e11f713cddf7c,fa403452f413bb5b627565a5f43687cfda76017b51be58afc9f8ceaa81dfda8e,1,1
NDP,2025Q2,1344,1,445,a20c90dfc419f8e3477764b4ed27dc73ab75365ac67c20145256e451976c706c,57dc770617ff6777df87b210b8bb9f2b9314ad58ea38f8ccb79809f0ae688261,1,0
NDP,2025Q3,1384,1,447,c69d9a9a81d9eabe6f119af5acb1649de7d67bcf10071d76f6bd59ddf35e6f23,80f7027d6c0b934a23f107e75772120bce88a283eb07f573081b1536419bf092,0,1
NDW,2024Q1,2,1,515,afc1f5e87e5430bb430ccb1bc70cdd9d8505d53a94212a541415f83dc13fcff4,fa004cc648fbc48aa07924ff3e5b332da3f3c2d020ecc8908e765f1ca14d4cc0,0,1
NDW,2025Q3,4,1,525,aa1b19ed162eb52c63792aae5981c5c88e994a66a85d7a7804eaf1d33f89922c,f871daf976560eb79e3ef5cb85b3d2d6a3d7697323456f5fb281da2a26de8a6d,1,1
NDW,2025Q4,5,1,529,31006d2ed2533ea4e476fa0b5c6c2d6a058d3f0005a6242dd27ee97735c05e69,c5f1bdea4b936530e6d08a46848374a4e328fd17c67662f67ce7ed7f65217cef,1,0
NDY,2024Q2,3,1,520,8f4265935513c3b92fa2e5bb7c1133c365e14c832157573d4bbb010c25a2da0b,f871daf976560eb79e3ef5cb85b3d2d6a3d7697323456f5fb281da2a26de8a6d,1,1
NDY,2025Q2,6,1,522,12e41ac5915b451b208a39691cc75ba5179ab967165f7790f76a8b919e93b373,6832e84ec787bb1b9b0587e8cfde91de6beea69890cacd7e948dd0bead445a21,1,0
NEA,2024Q1,21,1,507,69d755057bd6db5e0f17e974e31c475ed1b425c00a4f81fc06d475171a6656f2,f04a9b043ea63e419307d3c70b380b6564a71cdf899e31cca1ab50bbfa038b96,0,0
NEA,2024Q4,24,1,512,d655ac12e2c1f3c961a680ab868991bc7f793076fa9eccaeb9daacac0607d699,9559394944156fb2a0c90f41e331d152be56122dfcc492384b2e1292f0e74ae7,0,0
NEC,2025Q2,27,1,509,148e8f470511fb94482764966c1a1e340a1274637869f220be7d1a5a7da861c9,6aaac4c087a792d286d3515a44379ddb473cd0625f83dd380ac1bf9300202e68,0,0
NEC,2025Q4,32,1,516,484a43645a5ac50a647f18b04958895afa6cdadc2a9605df4d5b8cd2f59ec16c,c40b1c5676925657145ed816dfe78048de0e4e71d68b9535fc4da2f237454a0f,0,0
NEG,2025Q3,23,1,515,ad47360b2f63a8c8e9b06c6dcd6c5954c97f481da12bb43b19c9fe582e5f8e1f,e545563b497023690c9b474b0e63e1a6ae16dc9d52f7ab31f156f6d4219b072d,1,1
NEI,2024Q2,14,1,519,86d0d135c2ed2d3e99c045bd3b9d8cecfea7a9c65651aba15501d48e17f4c31c,3659cacab05527b55657926c7f6335720a935c7202daf914d7562dc0342d2acb,1,1
NEK,2024Q1,113,1,502,cf715ed35ae867797eaecf866e2d3606b50c0a2c83c29be3377d51b50d9673d3,3659cacab05527b55657926c7f6335720a935c7202daf914d7562dc0342d2acb,1,1
NEK,2024Q2,121,1,506,b99c416b3faf78e88234e4b5897eed31f9df90813f1d6c3073cab3de4328bd91,69c9b47649ef5fd9ebd2d096cf6ac8a423c34daacb3af8b0455b7a4d46370e03,0,1
NEK,2024Q4,137,1,506,fec1e1f9415648e41aa97d4828e85eb8d99b19ba61bf67fa207c5e5bf646bf7f,84fd7a95f5415de561b15080617ec65d60ff3ce1263df7f0e3559d0d33b22326,0,0
NEK,2025Q1,149,1,505,9f28774e9296ce40b983c9500572f41733d67e8b0f9e9a8caba6ab52a4b3c379,3697faf9942af42685fb3f815b16f9ce5d825777d0421210ec2e5cca8734bbdd,0,1
NEP,2024Q2,523,1,440,b9e4b0abe7c6322d11700ed8779881f87aa11311a47ca297aa66113def5b58fb,a1db1e09c8f5381c6776009d0aa5b9557bafbc49a22ea386843f60ad2689a3b8,0,0
NEP,2024Q3,536,2,439,e195eaa592843019879c49e2500a8781bd29a66c9ea17beae08aaceea315350f,37eecc78d3a6b6145b34d2ba7c44b0cea77e5e49fdbbe93b75f4b6caa2e3d6bb,0,1
NEP,2025Q2,563,1,440,2b1e1aac83e5d839dda7bc8015c934a5e22258b504e2bcf2261dc8986630d938,bf4ac6ee8fec3f0b558ce65157fc3e31cc1ec7894bd7ada44a39e2a7e267603f,0,0
NEP,2025Q4,584,1,447,31766fc0987e3466e70399cf5aae79c53569c58757589517ce31ba34333e3c54,a221944324d4dbab1046b19d5cad57619f9900d32cef7a6adb1b377a3a0ff59e,0,0
NEU,2024Q1,427,1,434,e4be143cfa168c8c1f103922d36fa2e684f29ce0fbd846fdb78a09a8b033bf33,c5f1bdea4b936530e6d08a46848374a4e328fd17c67662f67ce7ed7f65217cef,0,0
NEU,2024Q2,460,2,438,4890eeeadd51a653d14818e141339a32325127df9f4f18b00ac4fa9f0d5c81b1,43f369ab8b1bec580b8c4b281bb3d0cbda60ee94f84f48ca8429ef5cbfa137b4,0,0
NEU,2025Q1,674,3,437,ed084e6165182f64be057eedf0c84c1e5751ddc60faad18e51f0dd5eba831b96,3e5b89933b1ec33ba8351a6eddeb9a0264430e091c8e5b2385c55e968a849029,2,2
NEU,2025Q2,904,1,436,b1218e9351b2c060a2ea135f9bb3e851b740358b3f8907dbd8a1c103d5e4b729,ac7f1e728789774064460738975f157889c8ba1ae094065abf368853cff930b2,0,0
NEU,2025Q3,1007,2,438,cd47ad0081a1cd38fc316eb1e3b3260bd46bc5f5360682942ad60b761b76d99d,280f989c50e150b5d976a0a52d07f65442b49e245aa6876de78c44a53cc7b1ac,0,0
NEW,2025Q3,10509,1,459,9599fa92d11f3e04703fa56ea854afa94a229dd93b143d820a3fc58fea886a3f,e23191cce8b013609a93fa6552ce263885ebb9abf128e2eab65b73c69de62b70,1,1
NEW,2025Q4,11116,2,463,b71e6d98cab0ccb3e804af8cb663be1fa8952b5f9fff1189f7e39aa7b50ccc2f,91a7a31c64ae8c263e253abbb355d966c32756ede2e2872f5312e1b0c631a0ad,0,1
NEY,2024Q3,775,3,439,28ed0c27d6e278b37c59b617d9236366f0cdc76b26e8cd0f9b17cb62fcbac04b,4fa57064dcac86a5faa73879cfa7f9e80cfc4e0980707e533c20b6d9aa53ab0f,0,0
NEY,2024Q4,812,2,437,d950d584999b656552cd8b441d91ec77392b469b4f54d67174d78754b60d1d6d,aef536a3666af8f8dcd3ab39307b17756466b7694b4d798fb7891ababb6f2c4b,1,0
NEY,2025Q1,857,1,435,b091ceb62ccdd125cba310a0a4050a9ca22013f5e088f8a2ae9fbdb345256847,10660adffc097cdbe50eb0ff2a86476029e12b2b1665e45428c444244bc7da02,0,0
NEY,2025Q4,940,1,444,47a6c857b52e03944f0fa28f4c5d40dea15e55e6f920b058c059032dc3bd9f5f,cca220b8844b1cc09b24c8f33ad2af2c034a5eaa0b15b8485c4bad7bb1f0663f,0,0
NEZ,2024Q1,225,2,477,bf606c59fea2e8f58be28bbc690bd9f162411e97628c36fec5812d1bfd704429,71c826ba54ea46fd29935a010f3107419de43e158d6fee63f544674cd654ff91,0,0
NEZ,2024Q2,237,1,480,efdd5e5b4a390819144e4ce1cb059bdd04845e861ae82ca20e1b122497a0b669,85f997ec1c27b1c1cdbd26a7656105a64492fc87e517026f64b1bddd6fb18518,0,0
NEZ,2024Q4,306,3,480,b7b49361176f051a5876d74d969b817843a32d0545b29e9de86c286530e2a91e,9a0406f2482cb1fecb660b36949756f10cec77748a6d2275a747fedff8b550cd,0,0
NEZ,2025Q2,339,4,479,f61ed77abc4be22c13710d80c87da5ca59b7be61b7707cc5c0b739554c861c99,8f488fcbe2109515fd85ab248f7db8ad7788f14600acf7590566115fe7d3ce0e,0,0
NEZ,2025Q3,358,2,478,70f872063d81a5fc66fcdb7cb373ff1dad3c9429b0738b981abeee0c24d2a6af,69e46eb9dfdf2306694623c21d57c5c130381b4f49c72b4975491315c49cd0be,0,0
NEZ,2025Q4,377,1,481,ba1e01d7cef8ed89930b3a245cf7ee9328249c2fe6d4a25fba0afb44ea467c8c,5f13fd8162995a257c2649f4882b2983a13dc83deee5276ba03ed1ba9f1b762f,0,0
NFA,2025Q3,215,3,498,99902d0969448d9d35d3be90462a496a7a5e17c6ade6c998d9c8b036150ed873,4db394e98a888648d5e23950e095b66dce6536cda7b2dc6f853e5b59495b281f,0,0
NFA,2025Q4,254,1,500,5de4ddc3f466d59df1e930f55180177a609a150f039532b47d376b38386d2bc3,80f7027d6c0b934a23f107e75772120bce88a283eb07f573081b1536419bf092,0,0
NFB,2024Q1,10,1,507,2e8c4429f3df600dbfdb157df419241d85637586d19f300048a9e58a5fbbfbb5,603a46b611985fb132839f691d5946ffceb1dbfa36f9c5d438bf1b01cd633f86,0,0
NFB,2025Q3,11,2,517,8c5ab2cb283db59694e6ac6c12397d6898586e4ed6bef914dcd0311c0bc08752,14b01aa67becf3c9bb375e65c122c69f3f2fa3db8990e5c4199907d53203cbbe,0,0
NFB,2025Q4,14,3,520,e0979d896775776e9ae6eb4f2e5305fac5f3a0b86f67e2c9c2663497d1af1631,a36f88469482daba2262005172b017e37926d9c9b3f5a0d4ef79a22458b984c4,1,1
NFK,2024Q3,36,2,516,e584a55cbf763b190a7bba0e4af984468ef11fd01a27d6f3b3716aaf94df92e2,544bf3ad4aa2b9a0fa9ef9423335ba0f70f352a604e260624603227506e2f0a3,0,0
NFK,2025Q2,59,6,517,fa267814cfc05aba792d2358490cbfadf3ef2ae40b5e5ae77444aee32f573f0e,feea068fbe0c5fb8c21cbc4c13a396ea91f0556a91a2c2295e187bcca0ce0a2b,1,1
NGE,2025Q4,2,1,532,4d6f07ae898931bd21c0cc4b6e26af5078ae393514e04b732cee88bce963c9a3,2347b5f9fc99fcb36264441f380dfa46acb748fa78699ca15936e1452d65ff8f,0,0
NGT,2024Q1,1823,2,415,a57f7d0c3f8b84843343e26dde4be3de5e0c7448a486b5649d62cd30c6d1ac98,e9d0f3c5b6573df9d741ef1d54f3394f3fca54a10cba6c215dd3dcc92ca3a93a,1,2
NGT,2024Q2,1973,2,418,88c5784b7a3d257dd8291e848371e17c0969edf54e1d4f1797144cb13c491fed,2ef2219fd19ff81ded97f047ac01a16d1ecf8dc1addab64daa998db41761901b,2,1
NGT,2024Q3,2031,1,416,72ade7112707cfca7ecf8432fb656d2592bb924dcc2daefac383122ba1d278e9,45c6b4b088a7c045e20d2c57503e94a33e38f280dc63eaefcde2341e97894304,0,0
NGT,2025Q1,2155,1,416,730681127dbcaaeb6db3b3cc74df508284c095fa715d9e954d219ce86c987762,9559394944156fb2a0c90f41e331d152be56122dfcc492384b2e1292f0e74ae7,1,1
NGT,2025Q2,2210,3,417,65ce84f6c7e8b0624edc13c5f88e92e0b02c677a552d70fd7817babfe27db023,6473400a43bb03248630e449751f2ae9dfdc3176ff286eba6ae23934e4602752,1,1
NGT,2025Q3,2266,1,417,8bd08ca12f0a619ff4ffdd6544c61daf68797d13ee638ac5a40308d91186b466,8ee4768ca710711739fe0eb1350f14ebdec2c21c30e21ae2e0e2adc52fbe7172,1,1
NGT,2025Q4,2327,1,421,6b5fa924fc7481611308ec43888a2bb14d94b9a05d8e8fcd43f731d24503a8f8,6aaac4c087a792d286d3515a44379ddb473cd0625f83dd380ac1bf9300202e68,1,1
NGV,2024Q3,8749,1,460,6789266b651d72af250d5a569267a358fc371b3d989d3a35786ebf30625935d1,34836706067240ab63dbbc3bca6b6e130a8fc8e607326d27e9e61f46e2ed8e52,0,0
NGV,2025Q2,10429,3,462,c93a3edc001dee518545c52783af6c6ce77b92d2aa3dbe52406997951b6c1f74,e4b87c266b3d6b2802b1a94dc79e29f379da67581f46ad9f5e596e949c2dd32e,0,0
NGV,2025Q3,10993,4,462,28e8c8393b329a786eef1d1dba76079f3b39d257bffe88c79713e406dfd7f8de,01f7b31be4b4cadba07b964e0ef656a57d75a8c07987c6c8db792074a322657c,0,0
NGV,2025Q4,11991,2,463,89627d8d6708739dfee94c3322099fc11383ed29b210c178b341dba827440c98,9ad600075387d3a7105e14fde0e7ddd2992c28f7c90b239beb172696b0ece718,0,0
NGX,2024Q2,33,2,505,8e8c99e954c07284a27a5d8f74e38a2e40d778d74f05869838f2dfb190292f4a,79b8184c04b9871e468d566fc62bd1a875756f923b5c3619baf2112be106a659,0,0
NGX,2024Q4,40,3,504,74af3bd93d4afb4d743052c009ce1e9aadfce6beda568b47f5ec52d05ab8808e,b42f2801fca3c92592bb296808c9d39f8a0ec0b9b92d67b02fbe20b5d5122242,1,0
NGX,2025Q2,46,1,503,9ecc8204fcb668c6622df57e3c6c00e11842fb6fe5eea54ee1e2ffd17745636e,0e7ce2c55b01e28812e7fd0b7e7682c2f5cf97d5e220080ed0c6f04b26b18df1,0,1
NGX,2025Q4,51,2,510,1fae74a65039659e55d3f7370eccb6436686083933108cd927f66dd2f9d72e82,a4fe1f5dc8861c45825d8ebfcaf07312121f587970acf61d6577be282884020f,0,0
NGY,2024Q2,76,1,503,d4a7131b0bbebcaaecbca981ff72ffaf6139584edeac2b80e7f787e92944960c,6d19f89a6b34d52be49fffb1dedeef8940de00db8969153058cce8f0e00a17e0,1,0
NGY,2024Q4,84,1,503,2f8481cdf4f07dfabb41ae0741b93aef06b126a3b788a918a03db3a904a34cab,2021bfcf916adca8c3c724e44ef0de9873a3b8b8f9d00974868d55254e755982,1,1
NGY,2025Q1,87,1,502,cd478ca5162a4236572ac84afd93e3f8426fb1e669313eaa09ec831e48aa2c8b,a5b4864803fb4abf683e57d5f47cb371966044d4ab4e4bd93785848c339ba6f8,1,1
NGY,2025Q2,91,3,503,748a2bd06f1de6533b12dea9fd277bb594e360019f5e53921ec07ff46f1b1870,cf188c4b953d8985720803e24cbdf1afd5039db2d0273b8f040eac0bfa320acb,2,1
NGY,2025Q3,97,1,503,ff206a35ca079d4cb9385c790fd142aa191be41668cd5b8e02c26e2b5d69690e,261efddb563af16eb9763793f4ef4a07ddf66db8bc9970df2550287de5d68413,1,1
NGY,2025Q4,103,1,507,af9deb3bfe99779276e5d7e820dee8a297997199654b147cf1ad354a44023431,a7f688c061c9025beeb138bd0c20fca3bdee853fd08aa0ff4a544004c7b81fdb,0,0
NHA,2024Q1,2649,2,458,327b7461371c7026adf72ed4e1af93e0f32de5ad8fa181171abcfc4a01b9f45e,04517ab369e3d318229ef1adfdb61bcaf2f647f6624986e48118ceff5e308ff1,1,1
NHA,2024Q2,2832,3,461,7e0384fdb2a51664d715bd96cfb9cfea68919519b78bc48682f84b932d69915e,87fd339ff4a365b4ce160e0e1ab75f604e5c4613e0bb50d677d94f9f7a95e5bd,1,1
NHA,2024Q4,3130,1,459,08e216635999af61dbcd5cbcbab9bb68f2c695eaf798aae43b7afa3351a67189,8cd3e7de608df5923373208c69af64501c7758519db06ea606bc8ae05d99be4e,1,0
NHA,2025Q1,3285,1,458,2e45f95a32f38f6f1f5b78ee8503d2e5945bfffc50d8705fddc64413720f36c9,57dc770617ff6777df87b210b8bb9f2b9314ad58ea38f8ccb79809f0ae688261,1,0
NHA,2025Q2,3457,2,459,e0cddae64816278d9e05b578b17df90741ab58549046e8706ccc4fbfd781bf83,acacefc2457972d014cfdcff3538aabf5bbeb1735277643a3b67901f63b71753,0,0
NHA,2025Q3,3662,3,460,d46c33e352fbf8b6f1525118caed875f1b51fec5b546140a95f3ff0b8909860f,00b9f2fde1b5fc005004582e91b4f79c7f8f2ad971b89caf73cd2db8108ff871,1,1
NHA,2025Q4,3886,2,462,efd23a2f592bff1fe6fb6fdea439df0128d11665c6346fc98328ab8fbd9d1cb3,585377c40ae3251edd5246eb08328f8b4a428ae8eb23455705385a4861a63339,0,0
NHB,2024Q1,66,1,498,8d9ace92504c2a8fe9a3a536b5e667141d0d041c6f02db05378be6a608b0a2d7,19685015ccc5f952d6265dc4bcb7e7a163dc7c4746cd284c379f330aabab1da1,0,0
NHB,2024Q3,77,2,502,8cdb9f2134524e14b9b5fb802b5213582168271d17a0197503fc7bafdd7bd5b4,607d37de49b4f2494a2302e54ef964ba964ed088a2c9abfdd0c922a4f6fd7b47,0,0
NHB,2025Q3,98,1,506,199d3a66a6ba8c2124daedb0d42f818b8aeeb6d304ccfa415d942e1ed03194b0,8cd3e7de608df5923373208c69af64501c7758519db06ea606bc8ae05d99be4e,1,0
NHC,2024Q3,12,1,513,7b9b41b02599bb52566f6a5094d516b5ffcb765add5e4d2eb3c769a9fcb6f370,083821f12d7436845a7f874e2f134d5103a891c9516a746670881b21b9919c61,1,1
NHC,2024Q4,14,1,513,92d585595b8deb8ffa37de74c72e447e0bc96b4ae9701618f14515eabf67d2bd,fdaad9580dfcec1acfc41367e03d8b8c22a0addbc4921a87777990153f78028c,1,1
NHC,2025Q2,16,1,514,6d162d9c2e0e0a95c198c28042bee7a54252d75b1129d09f9ab1872c1c67ee8f,bed1f5df1f0b3afec227efa00096f35c8cf99fc5ee207f4528fe2bbbfaf57154,0,0
NHJ,2024Q1,32,8,502,3df231edbccfd83a7cecb433ef89b8ae3cb23e9f0a75b64ef1007e3bf85f1981,284cf35cb7053cda84de5e79f4e4a66982f5726ccd02df410a6a8860da20b12f,2,0
NHJ,2024Q2,46,1,499,5fb4986958fea1989e4af3deaf76c2cce859ede89265805c7882383446959d0c,0d1a6b8a2ef2278075ba133c100cf51faa01259bddcee3e206c4ac375dd49c09,0,0
NHJ,2024Q3,50,1,498,239a98b9418ae90784689bed45937f6f9e9640f81e80bd1501f855296ccc07f9,ba07166769a3e3452c50870ce5d5ac2227dee54068e4f1be8bc354c881ba382f,0,0
NHJ,2024Q4,60,3,498,e22e30ccfa1487cca5d1255ea5515ba7f41a337b423ec0fa455d705f348cc3ef,77f316f26fea66fc448ca4dea22df82b9d960f3955aa47cd3ceadadf589d02c6,1,0
NHJ,2025Q1,72,1,495,3799972d91b30fa84deacd25b01d6cec1e9f7eab550764d210cc54330f7ddc00,e635b3de8507805bab688843a47dd501ae92c947879cdd1a26bfa6ff5dcad62a,0,0
NHJ,2025Q2,79,1,496,306f401f41d15dca6cb8a55f20cff39f4b3effa01a4e557f38e2eb4cbbe60896,ddde9afa062c0f134f6ecb6b9f083ce8f6e77f9acab065a41094f525c04a5d59,0,0
NHJ,2025Q3,88,1,498,b5e4fa57895c7df88e59376e5d3c375c5a0ae0d55d7ca05239d0833e89f429bb,8d679bc0fcab565c28f10b0b96de772fe7ec45d7979c51b1ece80a984650f2b2,0,0
NHJ,2025Q4,99,2,502,1bdc4aeb9c78cb53d2b1c4bb73558fac4dca0bac0181edfe16028d636d3c6aca,2dc9da7ae5fe99f4925e1f36a7c0a472ec82ecf8c6fde75d3fb5c3e0d7042b91,0,0
NHK,2024Q2,30,4,503,ab70c5084ad9516a465a09af7c1889dc374e907f55487c6deab016f454163488,87ea19b5b9bc82a4ff501db6aa954e1cba8a0e76f604c04649bb5669380de322,0,0
NHK,2025Q1,35,1,500,f1cfc16928a873cf615d4de1d1e57403d85cbd86718e9888394cceb56c9508e2,8ee4768ca710711739fe0eb1350f14ebdec2c21c30e21ae2e0e2adc52fbe7172,1,1
NHL,2024Q1,1050,1,466,d0e0bde357ac625d6acc7db7d71878a8c9a47e4b651e2ac55f7dc584849f955c,12a6e199c2c6f77cd1b8dfbe7d507bd7f61a30f1f02b3954f4b12bc8c45e9782,0,0
NHL,2024Q3,1281,1,470,40de419c12d324d54bf700d0f515efb15c70e5b2cbfdd7fb8652dd72f6ea02cc,f04a9b043ea63e419307d3c70b380b6564a71cdf899e31cca1ab50bbfa038b96,0,0
NHL,2025Q2,1469,3,472,93e64fe5c8f451d8b3819f9f52d7c9952f91d7d4e14f7d18f83972e6a163249d,202708a5d3c18d01267a4327765eb48ea8cc6ae0092aea2808480b112ff20fbf,1,1
NHL,2025Q4,1598,1,477,5ceead2de39a271dff7a06386a1d67c33c41557fa7376d675859e1c12fa50835,d5bb541e4860610e74d9bd2e35d61e5e63590440d09313059cb9f8fa81723f85,0,0
NHX,2025Q4,27,1,528,a3c1087056ed77a773f9e6fb6e7ab70b4f3a317c9ebc4f4ecdbaef98fdc30e54,c5f1bdea4b936530e6d08a46848374a4e328fd17c67662f67ce7ed7f65217cef,1,0
NIE,2024Q1,395,1,457,20616bc5869bbdfda8472af60de12e4d669533d6b46f8776afddbfe509973cf6,e447034e34165ec0b40cbb0d007119e73d7e5f445f3399325634902c2bac8563,0,0
NIE,2024Q2,440,2,461,c47647e61a7756931885e94064ca05f4eafef2134241536a1e5a11f1e789b013,7e5119c4f6d189f7a73875724434754c0cc2736f4343ab28a08e9d6e0f5cf02e,0,0
NIE,2024Q3,457,4,459,f10d0fc2b8d764719331f7e52bf5bc0a3cad522fd7c75bdb35bc01c0ae77eae3,3ccf94c3090af384fa2bf56edd26ac2a900609d596308fe3699d75718ffc2f09,1,1
NIE,2025Q2,539,1,458,9cf9fe2a6ce28953cae4c86dfd4890a785a5869b68e15eb853086f438c783998,3ae3d218a8eac87e03237fdc4a88f599903d51d06327066df9cbee60a7635f5b,0,0
NIG,2024Q1,509,3,508,da5892912fea3b037d8c10d43efdef4a22203ae2c9de9b6f0ee99dd2f9f2cee6,cc78657f3702e2137f5ffdd348849f8f66178a7dcb3001a81239a3f71817691c,1,1
NIG,2025Q1,630,1,511,2b10483e55e038035a3a249aa863abad3b2540a8832fcf47d306fa54cfe29ab5,f6ea20f4c59b44d31466efe57e6156625cde1b3bda9d22cbcf687086f2337bcd,0,0
NIG,2025Q3,687,1,515,50e2eee21ace6336f36bacebd4b9df9a24cc4f7d389c4cdce5afe4cdd12e5119,5e800d40783d3edae9ddf1f0c212b347b2c6e2e9b641fe20f371488817be4eb3,1,0
NIG,2025Q4,708,1,519,f654631a88681f1c4180036a75cf735f62377889d045683219e188dfa52b99d6,fa004cc648fbc48aa07924ff3e5b332da3f3c2d020ecc8908e765f1ca14d4cc0,1,0
NIH,2024Q1,2,2,515,7b8e1b91dc9153ee8ed17a8b935cd83eb7d1b3059b80f33484c7aa523d5bfcfa,d14e6a7d5c98671aad55c508c6ec492ada0699b89989834a329391448a4881de,1,1
NIH,2024Q4,8,1,519,53095eec6e1b7a997f89c1df5ac74d80342f94eac759ed0257905dcd0e305fee,261efddb563af16eb9763793f4ef4a07ddf66db8bc9970df2550287de5d68413,1,1
NIK,2024Q1,49550,3,314,ebabf3b6034c2aa6f42071fae36bdc4ae756ebe4cce8feb26d08828ddd8eb314,c7fd1ad76d517a5a452712937e3d450770e012a6ac205e8a9b9a857b680ce912,0,0
NIK,2024Q2,52488,3,316,731319c2e492047a3379d2eac0d8af898c41217245106159a1ea0d7aa1f1d7c2,a126e5df4fc4bc38736c8677cae1f40d6d44d7a2a89b2428086d2c363b75b7b2,1,1
NIK,2024Q4,58299,2,314,c82c60979eb90b32531b5b759075d5b028f31dc7c39b174b426c716f498c7ad0,3cd258a51abc83e19eb173d25ec7669ddbd652ba84e7514df71b334dcc92668f,0,0
NIK,2025Q2,64035,2,314,d8f5f8f51efe037ce900651b3c9d54b4837cb68e650acedc7e817e3f28e863f6,308635d5cad76f0c0d4cc6b38c50e414b8e8483be07e292e46cd226e8342016e,1,0
NIK,2025Q4,69521,1,320,5b02b145c9a52b0c7965fade8328e648cdfd5069b08c380761eb4751360f0500,4f5256da086a19543bc0d1aa3afe6da635650e0141d5ec3c69b14fd15e0ae61f,0,0
NIM,2024Q1,891,2,452,1a451c988e90e6093402a7648074cc21d6be2ba3d3bfb717b4b0753751890b17,4036f8611c6384edb0f2f88c5be4e4e89a8b21a024c12cf52fb266fe9000a886,1,1
NIM,2024Q2,943,4,455,b8721f9b81f527f1397bec8549257676aefb100c6ebd7b55a7e5d32a844e15dc,0c0e16e07cdbe4f3da17eed94ec0b0318355d5cb89215c11844b1dd819bcd6dd,1,2
NIM,2024Q4,1088,1,452,a96cb83b997e9d72e0a6e9642ef9873614fba6c7b217f31d44777ceb611beeac,d7c2ad28f9a8d3c69320c4e3ef423a89de4b7d13ac1697d95e6130e0cb149e64,1,0
NIM,2025Q1,1156,1,451,348e546bba3e8652212a59a770c4e53511ce5872cedf65c48919bc2a4eb93abd,f01e905825ed2060e534525d0d7191a86e7cbecb247a3557af8166bdabacfdf7,0,0
NIM,2025Q2,1256,3,452,1716c846753fcff350028a6bf4fea72cfce99ee10c527d982f3bab4889c1a4e4,826b7b8bfe3620a924a24aa4d2d99563fe2729bb5a60d5de3edc10b69862ddea,0,0
NIM,2025Q3,1409,1,452,44ff07f9577db5afb95471d189c24efa87ca1d3ec2e7c70203a9749cead45e1f,e545563b497023690c9b474b0e63e1a6ae16dc9d52f7ab31f156f6d4219b072d,1,1
NIM,2025Q4,1624,1,456,2c5ff14befffe5f0a3c0954ef32cb6fb338a4d0e8526335505a645e20d94823b,20b55df4920ce2e4d50f52af88c9fb96254d96d058c414f391278206a37fa665,1,1
NIN,2024Q2,264,1,475,dd9a29113168870a8f4de46657d00bd2f2d5f6bb70b7dd353454abe5f76c0d2b,26cf003c63d921055440ab26236e44982cf0d05a9106dbec56df5e72c168828a,1,0
NIN,2024Q3,274,1,474,f86fa7f1b27db215a8ad52328a35232d812d1c28da15f4043b3b16b3134cc14c,f624dcf018bd7117af2c0ef366f6025a434c1a89c33a122df101132ce5fe9074,1,1
NIO,2024Q1,1949,1,416,f8ecf0fa61629474a1308d5b323036c5b7c34f4908f932c63423c90486ac3fa4,39ae8f759350928495deda149e35bef91830fff8deb6d13a9316396daf34c3f2,0,0
NIO,2024Q3,2159,1,420,c7cba6ded8b7462ef0d87d7f45b858a2f59e19d79cb09e699a72f8d35cb910ed,0e91202d09fb12c9f3c93678b8b07b4f9b6508bb53fafb877c851effa966b76f,1,1
NIO,2024Q4,2299,1,420,8acf98fc41de2c2121f7b061c849731a5867baed0e77d88dfcfa0df35e6c3bb5,e28297885b64679babcc19f0b379bffb8751fdec2656c6a67798971b0bd5a2fe,0,0
NIO,2025Q1,2459,2,419,404c49ec58ca9badd8f2ab0688f1badcffbb5ef737ee8beaa158f221583b5512,ad45ffc9ab7a10da3b7604066633ca1e84271df4587e701c4c5694e6cce7f656,1,1
NIO,2025Q2,2624,1,419,50d6450e17dd51df0514fc9f8d3916dd29244fa46da1fb2ce32aed41a1d32142,4e9806520a6dcd53f7f4edf4e52d8e8c92333ff197cb93ec1019a6feaf3d3a79,0,0
NIO,2025Q3,2776,1,421,56e088db11df98984edbd55da27a45a0daaa84137a8fb8b7ba6e715229823f88,c40b1c5676925657145ed816dfe78048de0e4e71d68b9535fc4da2f237454a0f,1,1
NIO,2025Q4,2941,2,425,7420a69d3b112241bf8621abd8f1bb8ecd6a33cee4172809e758aead25cd5090,b92a1827439c3bc1a3a9820f95475176cc8afc4fe784c6ba32961b638e3414d5,0,0
NIP,2024Q1,4062,2,407,b1828f57f40f39cbb3b5c861ffd92f68167f19e9935fea8670dae22d4f51d770,f67f3361a5c8f3be67c66daecb354cba9123b923c2d01ef40c54c8ae9ce839e3,0,0
NIP,2024Q2,4280,1,410,571f13bb6712b334fb6a78c4f65911ac3f3742169e032ea6ddc6456ad8bc28ec,d7c2ad28f9a8d3c69320c4e3ef423a89de4b7d13ac1697d95e6130e0cb149e64,1,1
NIP,2024Q3,4509,4,409,fa1622223e10b24f08f0aa76b283bf4ffba6fe64081825c72a69773c985074e9,287a747a7a2424308b372cc495dd2cb728828d17c5531b1fcf44b959d3d02f2a,0,0
NIP,2024Q4,4798,1,406,8da9912fcae9e0560bc9eec88baaee5eedfd84b3b15ce1f9969b219ebfc675f7,cbdd00c08fcd013e55e94815c31b8e42f822f7d7d47f2836753892256c8267f9,1,0
NIP,2025Q1,5075,1,405,f53ed36be6cc4d3523cc269e7b56e300113460b6b2c7b62654547a8b2da91412,3505a09e641e891d63441edce657c8ffa3ca4fcfe450475d764e26edfe1c148d,1,1
NIP,2025Q2,5313,2,406,955b5725684b0b054da26c002872787e3ca83bcf571487663759b4a1e222f7d0,c2332676084feab99b1ca51571de7a96e83747e5c218b0dbff6dca6e8d3c30ca,0,1
NIP,2025Q3,5553,2,407,fb368357302c6762e7def4d0dc5964c10b79d3d6921d4fdb6eceb85bcabaff89,c5ca02c56f3b9f179e6c723d4ffe738fe502771afd831f3ad3bf9a0dfad79913,1,1
NIP,2025Q4,5734,1,410,b64832e2593db7bf5e940cf73818942903d6f4c88f7e1212159235e8b148b939,67a8d890ae35fecf506ba8c84d2766b477e3cd7e99254f911cffbfc4349f5bec,0,0
NIQ,2024Q4,28337,1,408,529dc45f8cbace7b7a5ee2eca7f1fae76dc10b1f87ce46a85ee1edb7f0bb642f,cfb436f59fd90f48de462bd4c70a516b6bb39f081b5208a870583942b81826c5,0,0
NIQ,2025Q3,30332,1,412,2a044c1d9fabe0ed8937cdf6061a3a1f4f0cd9fc61ec1b3e58fcf4974d65b59c,02ad19e02b6a592bed107641074346b1095288f4fb750cc8abb06d89e93a0ce5,0,0
NIQ,2025Q4,30987,1,416,0397b17fca0b6e1cc42a7041388d87e1ba90160a403f29e428a4259caeae3b89,fcd229da6cfbc892ce2cd4f9f3efd59ce90766369c9b87fb5768b4ae435f0855,0,0
NIU,2024Q1,1341,1,462,42c10a91510851bb7e0763ff0581419b70af849e232c806a7484c30b9d48c71b,fd6733de78e0a4f5db655cf283fa7ae9c05060cb90d72f9cba4716e75f9a8784,0,0
NIU,2025Q1,1516,1,467,5c4a977e94fb18e44938e618f92d07e8934c15e709896a5905623d71fd0f5f45,f885143ba0762716c32b6bd040582c044dbe062280770a8d430846d040329d1c,0,0
NIU,2025Q3,1615,1,471,0595557eb458b6cec0bab74550577ebaae3ad58ef437ff1fac8db8c1fa21f697,d7c2ad28f9a8d3c69320c4e3ef423a89de4b7d13ac1697d95e6130e0cb149e64,0,0
NIV,2024Q2,475,1,490,e268b390d297e4fc89941d59405967b5859f0ec715dd02a49a518c385f8bd682,715e1d9e5de6e9ccdc0d5504d23325853ee433f856717588c7ad6c19b1861b35,0,0
NIV,2025Q1,519,2,490,875af966e50c33b46f7c3087edd46bd85c42ac590a2f90fc2a8fd113fb37e73e,d0ee26571e01c457033e5cae9732446166147b46b59936e12305d73394fef391,1,1
NIV,2025Q2,528,1,490,68a8c1a2e135886f6319ea5c6d8a711ffda6f96b8cd2b69916d1cc08980b4722,f4aca0645ae9b53723543edf7a32e2ce8639b3bde004d46afd03e272e392ca8b,1,1
NIV,2025Q3,542,1,492,435b4f49297995c1d0d2249e7b322342e14134c9a868051986c75efc96bc8193,3697faf9942af42685fb3f815b16f9ce5d825777d0421210ec2e5cca8734bbdd,1,1
NIV,2025Q4,564,3,496,69f9a42d0994f48470dc36d81d132564784a6a6f5bf6a510c08ca882e80e523b,8526d0a4ac2088567b185afc3e452481627654bd7a54b6c0ce22b288407dd1cd,0,0
NJD,2024Q1,100,1,499,c721b07a3fc280ff87e66b7fcfd7564db1bd983f0c4b7950a58395273da9c91d,20b55df4920ce2e4d50f52af88c9fb96254d96d058c414f391278206a37fa665,0,0
NJD,2024Q2,102,1,503,73250be9fe4617f1f82d8a8af5a99f6948aa8516055123f35c195eb8e2e75f5e,4eca1e6c29a9ef0ef18bac5338972a30a2024c93ab0e76c6f6a929055f950bef,0,0
NJD,2024Q3,108,1,502,ee6199b45c196be371a802f93e405379b434e4fda39c358679dd8214e188401c,1ad7da01ad9afedca3ca06eca6f98a05415dcb6066060971d68b6929efd66ddc,1,0
NJE,2024Q2,1988,2,464,a4a0a81752369328ac53ae3fde5cd3198ca7840dd9fa13134da3f130b1d28605,8e60ffce9839970de8254354bdef4ae10f71d6926ba259e0cb872b112f470566,1,1
NJE,2024Q3,2195,1,462,a3c2d2ca472e819b170f77e5c0f22d7a7d70b405f7ca25f2d83b26475344a6db,b1ec777d60041e8c68e87d32b2d89816d9909e7bb1143b67cdda31cd5b2ff39e,0,0
NJE,2024Q4,2379,2,462,62834e7c1bd23a44d96a392e9108f752139074f5bc2b1aadd5887029ae36286d,fa293c0f56c52110850ad51c3000d18b8c144bbd7db539bb7a2dccf93369a6fa,0,1
NJE,2025Q3,2886,2,465,051529691a6ce9538bd7697241cc876b85307c88d9db792562066793a65059b9,66920f6dddadbaf94cecfa6f74fa6103739e6a16da8c96d09b87c9c83fb6bfa6,0,0
NJE,2025Q4,3101,1,468,5c7a0f41be9b87f8824a8ca3408089580f2088ac75c365fcb921974fce99a046,d7c2ad28f9a8d3c69320c4e3ef423a89de4b7d13ac1697d95e6130e0cb149e64,0,0
NJK,2024Q3,1652,1,502,0234c093b13928eb99e05cd5c7621c19528af096a53e63f05b1b56096303718e,14106d8b6470256ec2dce3e232a3f560def6e98351d8ea55e687e644acff23bc,0,0
NJK,2025Q2,1787,4,504,8cc1fac2d99ff202e66308933e5c236504a9e01777626ea3ebede8eff94297af,4566467d518282d33933df7b00ef3ff2d4a878354ab31ff73b65b04902bc1f82,0,1
NJK,2025Q3,1823,1,503,a2041f392cd00cf54de259560295ffeb9d77f94db95646212350eb30ab77ac4b,81a2026272ff63d01f8af801ee48fcfad671edeb997efa58ad6011c7992e636e,0,0
NJK,2025Q4,1863,2,507,5e1a535224a2aa31c19e6f902af07102fa1036cef4237f28fd954ad511d69d80,90c23c88d1ac7fa138b344c72587f37401e80eac0213c7754fb454f75acda97e,0,1
NJL,2025Q3,12155,1,459,ef7dee93d2f21eae24e8faf2e4e0d6a8478f0ebd7d1f29c157ab0680c59f3c94,a882fec75e44bce5cdf8c7386ef1b398637f4a2814e9a701f6013dbcb950429b,0,0
NJM,2024Q2,2,1,520,eb6dcd395ba4a70b44c3219bafd8b0f46d45af261017d064de80c00d929dbd68,3659cacab05527b55657926c7f6335720a935c7202daf914d7562dc0342d2acb,1,1
NJM,2025Q1,4,1,520,f08962171d92cfa912b851d398585ea873de60ba6933def11dc18a22787df258,e545563b497023690c9b474b0e63e1a6ae16dc9d52f7ab31f156f6d4219b072d,1,1
NJR,2024Q2,14,1,518,f7d74fd1381193dad436a1a22dbb7783f100515bc21f897f1ade3e5a5c353840,83032922b0a4e4a72f25138cb32888e92e34379360d8bac23225341e0df69cd5,0,0
NJT,2024Q1,9,1,510,c35580e9075c6d46943b8a32d2009c7015625f880770367ea8b87489d075caf9,4c3c63706537489d0895a078d95681851dcb8b0c251a8f2081af4029ecaf0dce,0,0
NJT,2025Q2,12,2,517,b8d5917f45e3bf7b79b7612fb5faa12bf6e78b4eeedc416c7222b45e9ee9141b,932fd878eef4b0449fb2c2f5fff58816a629c975d10e86082a150940d8d8ed90,1,1
NKB,2024Q1,7994,3,410,1e74e0a0621fd82b8b9b8aebd8df8a37be7ca6836e64e7757600c341efb78559,8e5adb35a4d76ce979b21511e95b45da16dc606bd41a59ae86cb2c1b614c171b,1,1
NKB,2024Q2,8510,1,412,d74f2e357a6a8001d7ddcc8ba317b279a916e42b73d960403e6f08c66f3ba6e0,ac7f1e728789774064460738975f157889c8ba1ae094065abf368853cff930b2,0,0
NKB,2024Q3,8865,3,411,9df5e1d5bb2e3dd38fd4d07d79baed5e623bd4d4fe6841cf3a0ffb2cb068e597,4aa944ea962d707281b4788962c2a085ecfd3296a415600f777c85d09e02ea59,0,0
NKB,2024Q4,9278,3,409,e7105796135becdfad9f9802ee23bc5db5107cf9944972f36d696b560dc1d21f,47b1ded2b9cc10b628f8b9824dc9d654c47ae683935d42675a501bc5906d03e8,1,0
NKB,2025Q1,9608,3,406,bfa5247a86d55cbb8140392696c0f43eabdd0f8f0a1a2b8625fcd8e02dbe9606,13328c05d8a0a480b925b0bd18a8ee6a4443c96d0caefd256230aa44242724c6,1,1
NKB,2025Q2,9932,1,405,96d3fe191676d427dd595949e38abd91f812ae45f5b4c749dde772c79fb44957,2b61fa6fa80b23f93f33d5096c6fc24b0a3db533882824b85e992ef97b9232c6,0,0
NKB,2025Q3,10231,2,407,e5dd3d92fed0d7ae05a94ed9169fc4eed6b4cbbf84326b3377d403f7e73e51d3,8d01aa1cbd0d7a133b38b14b1673aa68e4e2b80d331b7e6fff379efd13ac4d54,0,0
NKC,2024Q2,14,2,506,4974470c010d47df3b3b99414a5c2a2f24cb91211dd5de39c57c2757639ef4d5,f94ac402335576da56b944b12dbc9e91fc69a61bb04bc901a0bfc3c562b567f4,0,0
NKC,2024Q4,18,1,505,2ccf9c74e05cf7889c6c2bf92ef46803da224e568fd57aebb900868b32e1aa6f,8d679bc0fcab565c28f10b0b96de772fe7ec45d7979c51b1ece80a984650f2b2,0,0
NKC,2025Q1,19,1,504,12675686309e5c74a6694de00eb3684a8a425485a578dfd02bfb0c0babfe5fa6,e635b3de8507805bab688843a47dd501ae92c947879cdd1a26bfa6ff5dcad62a,0,0
NKE,2024Q2,5919,2,409,bf76257f25d02f07cf30e64b5ed994b85038e74452bac21e7f67223c32a12e97,b42b931600f21af1f18957d70298c8fd787b57fc17837586f1fcc4f471764660,0,0
NKE,2024Q4,6674,1,408,137fdee89a9f84aec0cf90436b72d8c8cfe1a2d960db8eba3cd3e8bf560046a0,91fbbba68d1dc574e38e2504c6295d5ec4e351769b3b84903e42fb39f9ea99f0,0,0
NKE,2025Q1,7054,1,407,9bec89146de1bd6f0ce29fe7fb56bdac985589f26a0333b31f7810dcdf322339,701a04bd678e43a2e5c6f461d514ce514571f7d5a1229f83ad183c38b84f5bf9,0,0
NKE,2025Q4,8258,2,416,ef9141bef22c6743daa17a88cda577c0ced07c8e3642f239f6ed9773fce0e269,a75ca92f14595dc230c8b7938e172afb2d5a8171254135e9a32d6043c7b7888a,1,1
NKG,2024Q1,1460,1,459,96ef3e6b422fdffe1f72b2fc9fd24657599505e49493ce8f41bda8192d371e27,eaff4109e2fe8a6a16b8f98d58baec86ae10a50487f5baf712073ba0c5cc4d13,0,0
NKG,2024Q2,1493,1,463,f9d441dd69173f0229b79929c20d2fe2c939769d20e3f089988fc1877fc0fe89,22d9d66ebc39a7263baf276b5cb64705d4faf13b49a11097f31eb82dd97bc4d4,0,0
NKG,2024Q3,1535,4,462,50bce874fb77bc3b0282a6ac90b4ebc31f42965cdb59252e7bd060e22c7d9802,e5fa6602b44860ba8a34bf786614021626b6d48af8205114630203930dbdec31,1,1
NKG,2024Q4,1590,1,459,2a8663ad97f943bbe1c1dbc9347267b29ab0f601093087565b7132cbdc0ada48,91fbbba68d1dc574e38e2504c6295d5ec4e351769b3b84903e42fb39f9ea99f0,0,0
NKG,2025Q1,1666,1,458,d5b229634df94de2f70fba022ce6a3d07243b19bb89943896b9a91fb16d2cef4,558b3aec709916b18f2c9ef4fb2706ed970885fe7e23bf25c552afe141b331a9,0,0
NKG,2025Q4,1773,2,467,5c210404026bb159fe99a8f14ede13614baea4fce851ce7257e828b2215ae21c,87375ac48217cf7e8ca89ae6670c2b50d0ddcb2f1187e5674adb731f47182369,1,1
NKK,2025Q3,1,1,527,b9a0c44f7ca647532f384b1a5e73ea563083abe0f6aefb4df6585144c6280e5e,20b55df4920ce2e4d50f52af88c9fb96254d96d058c414f391278206a37fa665,0,0
NKM,2024Q1,12407,1,440,1b0bbc834a657e6c63f9ca3d9f2e43bf67e6184ecf3cce41bce4b1dccf46c61a,3659cacab05527b55657926c7f6335720a935c7202daf914d7562dc0342d2acb,1,1
NKM,2024Q3,13648,1,444,1b9e6f962744a7431877b0d4006fb0a2d600a472ccc53dfccaf3889936549905,f01e905825ed2060e534525d0d7191a86e7cbecb247a3557af8166bdabacfdf7,0,0
NKM,2025Q2,15633,1,446,5967789b840457e06d96751782533ee6c264ecbbae1f6c33fe55997d7ea78852,71c46697edee9e71aa348f719c4c7b970093c2f170e96c721b1c35b61b7d2256,0,0
NLF,2024Q4,20,1,509,362090a4d51754f7787998461d405ce3e12700a85f5108a71b158d1ccbe441b4,06eb7fdea1bab6560dba4c8e62efa29adb2f6f8a63eee0f278154afb1acda5ba,0,0
NLF,2025Q2,22,2,510,0fff58d38abe764aa91673506972aa2dad91efc85313ce3a91fb230618d36d0c,687faf66bc7e7962d45b174a18edf511609e2068647750147ec81dcdca89ef9c,1,1
NLG,2024Q4,2,3,521,725edfcce11db13f48874c9a88defb26617e6b7e30c02063e9dc4d14ae2843fe,f2816769ace6114a2e04f883cf96638b3255d40685b88e585526f90c3fa02be5,1,0
NLG,2025Q2,5,1,520,ef0aab993ef36ff1a19cadacdd0526f88d8d26e06333b1b0a6eb44caf5c6ec34,d847d308767049bfe74f99746f841259f7e7e0bd538a2070254bb9d5c73235f1,0,0
NLG,2025Q3,6,1,522,d3223ee6a2339cb253e374d5966ed677a0c5858ac1fde70bda458f396cbfd7e6,4c70c23c79aeeeb470de6f6627e3639601417351d3fe1d0005f2f2e488420978,0,0
NLH,2024Q2,167,4,484,eb58cebbe8340346cfe077d39222a320ca20d47a775936a8c045cd50ff516d23,e7b903061cec4687d9e8591493e467d81b36d923f53b077cead34d2fd3ce2c3d,0,0
NLH,2024Q4,191,5,481,6b59a1cb25a52199bb8355baa34513487cb0a3bac470b90d8116f3d271c93fc7,4c566b0158712db99abe89f58efd721359a8478ac2411d5ecdf20a590c9bcf68,2,2
NLH,2025Q1,210,1,476,e158aed08462155671cdb4355760fa36b645bd6e2059951c0b9e616eebd8b826,f624dcf018bd7117af2c0ef366f6025a434c1a89c33a122df101132ce5fe9074,1,1
NLH,2025Q4,258,1,485,330e81a6a679f228d1effe127dbe36a4ac46b7a482c6baa7eab93cc35a641d3c,4247ab641dcb41736aaf331d1da4de69a442bad5692db2906b71a4fb75949995,0,0
NLM,2024Q2,23,1,513,0d14c5e27d06f6ee20759ae00d506c529592dfe2143406e370817820455d2881,f624dcf018bd7117af2c0ef366f6025a434c1a89c33a122df101132ce5fe9074,0,1
NLM,2025Q2,27,3,515,1a2198f69ef8c23c3e0c2eb6a186818aaac81d167e49370461dbc0fb30596d1e,688a507114c5d6c10909bf994cfde7255b1a50a08ad0d7f146e459caaf82b0ff,1,0
NLM,2025Q4,31,4,520,d56df53c247f9c601344cdcddbb9582b0c9826ccfa202c5f51a84ee638f05b89,a943c01c09af59573c6eb471d12e5b963543a99d760c51e48d6c08842b134a6a,2,0
NLQ,2025Q1,179,1,483,366ae1dfea24a786ea1a4f59f22189b4fafb3a0323e1d5e19d420399f86d31ca,fd6733de78e0a4f5db655cf283fa7ae9c05060cb90d72f9cba4716e75f9a8784,0,0
NLQ,2025Q2,192,2,484,9a343090b632cc95838cba296b1db9ef0eb1a3799a24f15b9e84933fac42a002,364991d021753556c54433e088392a77fadc6bb1f7d3676042d1003b767d7c5b,0,0
NLW,2025Q2,1,1,523,6db3f7a6d2347e2713eba51a8d9f53a2f3d13f9b5a97104d1d76a9ffbc581629,80f7027d6c0b934a23f107e75772120bce88a283eb07f573081b1536419bf092,0,0
NMK,2025Q4,2,1,532,23180d1a8b0846324202460635db98a9300fe150b006d47b07a1807a416e6009,c50676334ed094b5baf7bd86428ee2bb9d4a49c7e13079f27ed7169257dac705,0,0
NNK,2024Q2,9,3,511,8be1a93a17ea94a4e493d29c7b79e3da3b20e63d2cbe0e10b753c6d0ca2e2eb1,1989e2c00ef3bc2390cd4079b99c839220431de79fff2259085d8c8585f1acfc,1,2
NNK,2025Q3,12,2,514,14a76347c1ba68c167f144f38647c50ce9c77fe6a0739c0e400652a3faba1abf,442b3ad2b8183a80d3ad4a80e70a9a53b658a7b04d4aa6fb9dd3775aeef262e2,1,0
NNW,2025Q3,6,2,521,ccf39d4bf8fa2c0924f509ffea11bd75816175a68da7c3a8019034e348e332db,c71becf7250e0c8a41c1b9e6bc1ec85d77476432f40f77ee245fdf25cc873861,1,1
NNX,2025Q4,633,1,472,1db8320e056cdecfa623923b4f7b65d02eaef7e7579cfd30c51d9c19eab62957,22d9d66ebc39a7263baf276b5cb64705d4faf13b49a11097f31eb82dd97bc4d4,0,0
NOA,2025Q2,31,1,521,1ff71df0b47e2d5ec293bb095991f70ae8946b5a51cdb0e1b898dc06e580906f,0e7ce2c55b01e28812e7fd0b7e7682c2f5cf97d5e220080ed0c6f04b26b18df1,1,0
NOC,2025Q4,3,1,530,2ab17a2d94747a1a4afffd55e162808a6a8a1fab0a012ff1879699e386de17a7,ed64a5a5322ce493860dd99ed952f99c5cc4857da12ed346aea053ed4a0e00c9,1,1
NOF,2024Q2,4,1,518,02e61e3a5ce0f62c018061ccfc1782e13a19d75b0b55cccf68c05c9f76a2ffe8,e545563b497023690c9b474b0e63e1a6ae16dc9d52f7ab31f156f6d4219b072d,1,1
NOF,2025Q4,7,1,528,bf4c5d0c30594b4f621c9a117749db00a18a910dad69a22e59cb67a6737b2405,d3685206dce090a3a06b0fa97ff6946e42db8c24691cc265fd5d9e277a3d914a,0,0
NOU,2024Q3,2284,1,430,5a02ecaba1f6bc3e33030cac46d08eced0a4a3799a27a27167b044c0dbe2b280,e48f9a2df6d08b5a1934e0431786f10a704f525ff73074014bc43770b396db33,0,0
NOU,2024Q4,2532,2,430,0865afad0bc64b803bc1175b3c2c067b2124b6ea75bf1975491ae133539db2a1,e65b74520108e598013a229930a493786ac3be6d3e2e17edf691a66ded3a7585,1,1
NOU,2025Q1,2764,2,428,0a5acf7d24fc09e2057d84600cc9fffa63477555897807c59ca2ebcc127e6372,dbe982e60fe52d33dafe2f6784b58264250f2ec02431a6f21faaecaea8845186,0,0
NOU,2025Q2,2959,1,428,51bde109b9be7a92c7704a72b6b4c8fa4232ea6833a842c34aead6af5e075e57,c5f1bdea4b936530e6d08a46848374a4e328fd17c67662f67ce7ed7f65217cef,1,0
NOU,2025Q3,3112,2,430,8dcd233c29b3c3d0064cc5dfc624815549d83159df763c1eef11676f404f4596,a7300616f655b5d6645c4cdb7ad6b7bf9b45fbfc93904238545b2008851c2858,1,0
NOU,2025Q4,3394,4,433,2bba74b35109ee4917b3edef39aeb1c9e59ea6902f9dc901161006681fc80364,6584fde95e149214086eb206088a4ffc968724e09445b36bcd26e6815f774af7,1,2
NOX,2024Q2,19,1,515,a56b9ca3af24b6bb2df6102bfe1ebfc6057d2283021719de4e8c036e4132c199,e545563b497023690c9b474b0e63e1a6ae16dc9d52f7ab31f156f6d4219b072d,0,1
NPJ,2024Q4,323,1,479,24da6f2b2af79a529de7d50151131e219915173ba8be5b41b2ce064f2de5e4fb,3505a09e641e891d63441edce657c8ffa3ca4fcfe450475d764e26edfe1c148d,0,0
NPL,2024Q1,65,1,506,5e956dd8a2e562f5b912cf87376e0163b2c7688d65c3b21b6c6e732a64e4407c,86daca3065e34a338f076ca3028252428f4d4d05c7236baf45bd8e40c11efe88,0,0
NPL,2025Q2,93,3,513,11a81b2d67b416938459a80ce4f8e467c036ea34c58426ab0699032f002bb894,f1072624ce358aceeafe7b1fcac838026e2faeaf1b152c681fdd047fcaac27f6,1,0
NPL,2025Q4,114,1,518,c69c1b9a0f560bb40f7e08c38642208864e8b40641794077e86a8239f7dce387,b20ee764f489d884be509f0ba55cd68810957330d112eeab8527a9893d9d46f6,0,0
NPM,2025Q1,49,1,511,f7c707750f7c71fb78a8f9063dbda736c889177eeee1a49aeb5310aef6c2f36e,e23191cce8b013609a93fa6552ce263885ebb9abf128e2eab65b73c69de62b70,1,1
NPM,2025Q2,51,1,512,1abe04132ad555f213aab10c4f9639abb0dc01e24c58453c8031e8a400ede477,cbdd00c08fcd013e55e94815c31b8e42f822f7d7d47f2836753892256c8267f9,0,0
NPM,2025Q3,52,2,514,c3666141135a2aed0cb4813aa0ad5b63db339e1052d401f2062d73b0fb0fb473,5a570cc223c5da967774f9b5ba555e7c22c03ec0b5bb32b00da03d0c7fb2f5f8,1,0
NPS,2024Q2,1,24,521,582651652f0e0aeadf1303f44aa9856a9e2b5adb4c887e7319cad4314509652e,4e592bda87d43cb60921d36099fbf0b995df6854533df0576730f90ce04f9ad2,3,3
NPS,2024Q3,123,5,497,490ec6d853e4a8395070a498867e5aed1b21979717c236e007ca76e366c5e0ee,109147e08e791249a247d1bf66153325906b110b00729270df804490d0b4e03a,1,1
NPS,2025Q1,547,1,493,892007f315fe6a0fc7dd26a99f86e84661f867992c746783a5cca8d07cb5d5de,586f1db6e208a8a5f825ec340ea7e33f4485d97dee1931e7f4189a193a36b870,0,0
NPS,2025Q2,742,3,494,6efe5e00451761caac9d7808c90662fe77bb13e2015276e95616d328789eaf7f,603d6afca731fe00e709a29f0613f89dbd7c48cb6ec00d1bfd2cc032e8a3e1f4,1,2
NPS,2025Q3,972,3,494,621f19edf3a8cb241f0fe2aa21ce864381d93f9b52d1bf716bf64ea91c9f0ed4,c270268d472db846a8485d607fd8a93b46b6a6967396d85930de67a276018c11,0,0
NPS,2025Q4,1212,7,496,409511244fb969a2d0866147fe09f5225bbaece0050c9ed89da814e5da92bc06,80cc67002b28736e61a5ad47f8370181b823eb81f6c4730d20e700f5b789f780,1,1
NPT,2024Q1,30084,1,348,536e0af0f64e4e709ef574ca92d65fa2e0ff76f961ab2f177f19ac36ac405647,12b3082216bf4e29964dfe51ae3af2d8e8f37b665f5c8d000663b78071124781,0,0
NPT,2024Q2,32986,1,352,582d95f703d75d43882d28efc0e21b5eab9afab6e467095552a33c7c61313116,065b53398bd1ec36bb2c824de8b14f045325b200bd3ac9a4f7df7260d8042ae1,0,0
NPT,2025Q2,44153,1,353,759f187d64b65df5f61a729b0e1b58377dab4a991946cd609565db3bf11045fd,4acf9ed3962214b8a18e480121f2577f4d243363d21111d2e48a7a788dde23e8,0,0
NPT,2025Q3,47720,1,355,7b740dd8b41bc9d319281a633cb5267e8cf159c0f9a822ddce56f1d155093ac3,39ae8f759350928495deda149e35bef91830fff8deb6d13a9316396daf34c3f2,0,0
NPU,2024Q2,1057,1,454,7598c5cceddf09089f6b4c16e19e7406de57cb922783c37204280dd7a19e4c90,5a211cab6c2cb85172de0be3e8e3c0cc5110e23fa97e5d85113610a3b85a285b,0,0
NPU,2024Q4,1213,2,454,e882efa6ee8cfc3cc662d5078182b49982abcd88e4ab2efdef4e656e78d425f1,b61f0b6a063d3cf1318d67b6935490d0b3bae1391a79b4be086479a328180df5,1,2
NPU,2025Q2,1336,2,454,6bcbe0e52b14ccd92de1222ac31e2fd22fc98201cd9fbd52fc2efea4fd32c9b9,6e13689bd13d5f79b3f59387caa98ba8b3f4618f288aacbb9a051bc1a7d667b4,1,1
NPU,2025Q3,1410,1,455,51861c206179c62dd89826b45f8390ecea9da1acbe3aed24d847065cf88530e4,2bc6ff2b62203143f5128792627a505c3a78739ff6007e0ee8418b28b1173f3b,0,0
NPU,2025Q4,1466,1,459,fce3772e82fc0ae5e4ace4db32c1041e71cc4d0f50521729f22ed611c63b019d,12b3082216bf4e29964dfe51ae3af2d8e8f37b665f5c8d000663b78071124781,0,0
NPV,2024Q2,932,3,453,c075a36404d51532341098d2966ab157e2ce0452c17693b298a8854b71ab5119,dfc3fc0952a3e61548770c5b4f19bb2faaf187eb606f7ea7631877cb5ccf58d8,2,0
NPV,2024Q3,1010,2,450,767376c544ee533884938546084fb97d444368d40b7d5a415059014d4d9479c0,8d16d5c2afb290177b66fb1389f33cb09fee86b7774262e9d6c66ab9c13ddbf4,1,2
NPV,2024Q4,1098,1,449,3335e8b224ff4422ee60b7b5b6c5434bc900b50eb59fb7fd8548ca7981b1b4b0,065b53398bd1ec36bb2c824de8b14f045325b200bd3ac9a4f7df7260d8042ae1,0,0
NPV,2025Q1,1177,1,448,dd3e0cd259bb8babd5eb4efbfc49179c341f2ba5923acbeedd2dd77d045c6768,fb2fdd0863739281b6ca7e0b298b286b357229afce0b4f37e530bd52ab21cff1,0,0
NPV,2025Q2,1272,3,449,16fc1ea4a8dca88cc9861a9669a83defb162905dad570fc9d608c83a35760ec3,0b3be538ff724af934231a03ab0620fe353691f81f7611646a320dc2277c5561,0,0
NPV,2025Q3,1353,3,449,439f00d7fc253c6177846a8f71899caa5bf656a5fee46cf5a1890af134469839,018666ce3159c33e3364eb33435f87e6b28147044c6af47d95a9184316d0a7d6,0,0
NPV,2025Q4,1423,2,451,378f5f717d481080c627652d9304965ed10127fa440ac509624c9606302b7c3f,74607991aab67d7e2e51a97b3e556795a81380f217b6c0f92fe0ff3818d7c366,1,0
NPW,2024Q2,5,6,520,003af3f1d576dbbd3a27fc95302e31475b645ed2db6f8c5a383b981a9dc9a818,684ec29542003c942006259113b1da403a6e4ee57dd054991c9f937dad2c3fab,0,0
NPW,2024Q3,33,2,514,935801b89211bcd37edeba86b966440f266125c33cf3c834d1dbc8053198a91e,d95a5fb274b56c999d91b26a2dc07dc0247531510f48456ce5bc0b78e14813f0,1,1
NPW,2024Q4,67,1,513,80a1c9e6eec9a80e6bf1049f47e5c3ac20b241bd2aba08d224b34102c1c61495,7cd406deafb6f3526959c908d63ff99796566a8106f0d21e52a0a53817a2ca3f,0,0
NPW,2025Q1,133,1,512,aafd521be7e4f2db35ddbc108db118f65c8cb696c6139872708476bb06500dfc,e545563b497023690c9b474b0e63e1a6ae16dc9d52f7ab31f156f6d4219b072d,0,1
NPW,2025Q2,192,5,513,3387df5b2872022ee8f321175bcc53b346ac3c653bed5e30f539aae5e79c8825,706945daed68acca56d1479d93d833d6808a8180020704b420fdeefbe88f166e,0,3
NPW,2025Q3,280,4,511,d49ccd8b842004611fbf80fbc8551a8ac86c4fa2c2f1fbbb826ed3b53a13e1b2,443f09e3d9a05d424a60a5ae65469dbb85f997a3b904cad837a0d7856617b030,1,0
NPW,2025Q4,363,2,512,25afe455ba1176c49628fd4402921d07b7aa22216139ded74a7eda9f463fd485,f3fd6e914aa40e7e36b6d67c2ae62d76ec2376cd44e3b44015b09c33ed6d1ee1,0,0
NQB,2025Q2,17,1,517,d0d57fe44f5139ab83e3705e64cc2c9485c27db9559e6b95dee12b5ae872d39f,e016e65b0682f242ca891c7a2249c78d7a279d5e77494570d20b17658701e4c8,0,0
NQB,2025Q4,20,1,524,52512abae725d761cc16848fe9b69629423eec677bc2efeb36b342dc60013e15,5fe5bd762629a8a9cb381c223e50c4a8e1fe61ff295966be187691694764725e,0,0
NQD,2024Q4,4,1,521,5ca33d415d6138c92af5adc7e12468cd67ab44d96a19c855428e9a421cfcd67a,f871daf976560eb79e3ef5cb85b3d2d6a3d7697323456f5fb281da2a26de8a6d,1,1
NQD,2025Q2,5,1,522,700e4ec1e4a77bff1fc32189ffa848bba54b7ee180b1dd818bc2e9783455c747,de4083f4e5c33620cfccaab77a0519ec09cf957e79b5f188e54363c02babcac3,0,0
NQM,2024Q3,11,2,518,e08cf5e50043d755829e63bd3f4e737e6c332b36249fc1b576f8409e5258f327,57f8d65cd43e33eb3108c20069a783ae8a8043406a74e5951dc19bb123b692bb,1,1
NQO,2025Q1,1436,1,499,22799334627ae4929a6acf45e1a0396505583d9af99fc69d85fb7900b72abbfa,d7c2ad28f9a8d3c69320c4e3ef423a89de4b7d13ac1697d95e6130e0cb149e64,0,0
NQP,2024Q1,44,4,498,889254210a5b4c78932ff19344834fdda13d9395b96de141bdeeda50bee45a5c,bf06286db1d0daa053a3f2a06e3bb1a0a1e92f439ba354ae89d7c8393e5bd8ac,1,2
NQQ,2024Q1,23,2,494,3b1714678d09dc6b0b83dba07f3ac07143a763c40d62632c68ffc793e425b03a,be3beca42fb87a998dd9d024660420d0ef77fd6d543d032938042af935129ec2,1,2
NQQ,2024Q2,26,2,497,5bebc12177efe5d665d37d18b162c4b73b41c03a02459f98086eba37513abd16,8f19a97e098465cf36c7a4deed3cd897c6d2eca921d435c8ee74f71fe188dc47,0,0
NQQ,2025Q4,30,1,506,1fd73874f40c8355afed4c123bb0c33a6ae33b7708c1fc30118d5868121d4d9e,01f6a48e6f0b4e7c669299b5f4edfd85175208c46e67d96e8739233cc92876c2,0,0
NQR,2025Q1,159,2,494,be955e779339c17024b7dc92662e6ecd7f1b785781bf2eb897da9d5e01030214,7fa84a1df0fe06043a509ebdb08740dcaecc3e98b061f62a0d6632e5926c32f2,0,0
NQR,2025Q2,172,2,494,16e8398a6672a0a1fa67952c6542283a39434046c91433125990c5d018f28321,bb29f919943fbdda777957770e7eb12fe294aa48d287c3e86f3c11ada99b04ba,0,0
NQR,2025Q3,194,1,495,5a281e8a828275a6b523fec9933952333946accc963eb17d54cf5b261ca28538,d7c2ad28f9a8d3c69320c4e3ef423a89de4b7d13ac1697d95e6130e0cb149e64,0,0
NQW,2024Q1,38,2,507,9ec2b1abafbe5311dd4cf2e5283313594ef49938f507e86ba065e0c65997567d,97f753a29d612cc80011f61808681f32a7e999bdb23f4120a3dce447443db5e4,1,1
NQW,2024Q2,43,3,510,afaa048039d2b24734782e808f01206fc5543aac706a785de10e801d5a03cff2,00adf4ee9b951268a07b0e38aac6c745ea0c8f43ef1a5ade54b1b000bf7d8c78,1,1
NQW,2024Q3,48,2,507,9b93e9dcd62556a3c4b50d1e0aca324da4f1b7f2236b386e94d6a26e2a4b42ee,58d94287f8b57b96dd0e6e3213bb8004df9ca2231f067e430ea1b4d0494beef7,0,0
NQW,2024Q4,50,1,506,6720ca2c899e7335ba5bbc9b4d9cbf87d228e4aafed403db93bbc247cd89d9c3,f4aca0645ae9b53723543edf7a32e2ce8639b3bde004d46afd03e272e392ca8b,1,0
NQX,2025Q2,32,1,523,66395ee73c0f6ec4aa2fe141c8e90e8049265b3b8a8c641c66d8d8702937d2ac,2347b5f9fc99fcb36264441f380dfa46acb748fa78699ca15936e1452d65ff8f,0,0
NRA,2024Q1,1496,1,462,863883d10df0161a5eaa6b2f192203a1c8b8c25f1b50444ca207360cb4acb9aa,639c0853fb0c447ea4ae2ccad50b169129c5b47c8755b913897dc9adc29c0497,0,0
NRA,2024Q4,1705,1,467,3c5842ebc295f2f0c37e883037359f915f62a01e1115f4cabbfefccf2d856d6c,e23191cce8b013609a93fa6552ce263885ebb9abf128e2eab65b73c69de62b70,1,1
NRA,2025Q2,1853,1,468,14e5a05f03f5de894dcfd12d4dbf3f5c7f8638f8637403ff5dc528f583f62c63,72f69ee9e5cf9108f868966bfba9ee450cd827ef6e28e359bbd03f57fa808f18,0,0
NRA,2025Q3,1907,2,470,77370a5dbfa62357fd373de240997a1ca53a9ee5f5106d01fea43726da0c21cc,d860d9adaa44c3e2cfb24997ccb3c5e444acfd5b6ed2f420fdeb4d4fd0a9deb9,0,0
NRB,2024Q4,1,1,522,ca07d7dba1537f5e852aa95079b08d6ff5df642a55125eb9c3d90105daf0fc3f,39d570a31580b4b21f6a256d339894494e8f26e3e2725310c1087df6abecf1f5,0,0
NRB,2025Q2,2,1,523,2daff7629353a94f675a263be7a4e47a53d00f431b3a000bd35bbbb8eb6e3f6d,261efddb563af16eb9763793f4ef4a07ddf66db8bc9970df2550287de5d68413,1,1
NRN,2024Q4,4,1,520,1ed901cc6d7a85d930c9beda2ec197a8a6b0c22eef299e784c523b763dcdd61f,39d570a31580b4b21f6a256d339894494e8f26e3e2725310c1087df6abecf1f5,0,0
NRN,2025Q1,9,1,519,2e317eed4f793857d83bcbceb77d92d2091ce971755c1d5c8e69b54676d7601e,e23191cce8b013609a93fa6552ce263885ebb9abf128e2eab65b73c69de62b70,1,0
NRP,2025Q3,2,1,527,161fb09f13139c1764b4eabcdcc4ad76fc01d904b96c8c855ad20e5982d2997b,5fd09d1b78591e13ebddc2a8e95189433e215d44d0347594d994d099496e9ac9,1,1
NRU,2025Q4,21,1,521,454aa76ea4a48055b4ec2d3d513b56a5fa31b9fddb78bd4fe9e233026a145036,3d5b4c710d6c1ee6c24d7b1798abbf471196fca1ed5584de4f6f1d4fab26f02c,0,0
NRY,2024Q1,3301,1,422,2ef20cf3239ddfd6822734e87df33a4cf45bb825ef705430857f8089264f935e,df5e39abd233744eb5fa0c62cf6e0fe96bfd6ac6c1d70ad818c2ce959db12196,0,0
NRY,2024Q2,3484,1,426,0bfbe3e265030c5ad6d98756fa62ff450f12333fe9d9e32b00cf39aa989645bf,fd6733de78e0a4f5db655cf283fa7ae9c05060cb90d72f9cba4716e75f9a8784,0,0
NRY,2025Q3,4273,1,431,efc10c967defa11ea1ed29911b011a2de9b26d01adb5409706c62d7fcbee74ca,3697faf9942af42685fb3f815b16f9ce5d825777d0421210ec2e5cca8734bbdd,1,1
NRY,2025Q4,4405,1,435,5b4423d40d5d3019e5393c431ed5234699077a760039cb0db5873d3f10b619e1,d7c2ad28f9a8d3c69320c4e3ef423a89de4b7d13ac1697d95e6130e0cb149e64,0,1
NRZ,2025Q3,10,1,527,694ddeef0e08344a1ee47582172c4ec0c9c581e1af1c3f6e27caad54b0efd5ad,3697faf9942af42685fb3f815b16f9ce5d825777d0421210ec2e5cca8734bbdd,1,1
NSA,2024Q1,203,1,486,6edc58c404ad76ab94513454f365477ae484515888f89c58b09bf73a982d8c3d,c7ca1bb14fd51ba8fd58aef005c843e2cd4ba79f86f16179c12ba3d85bd461f3,1,0
NSA,2024Q2,215,1,490,db591ab8076ae4c68242151c01c4bc7877b84a9f4a14fc2752e8d7079be3209e,4be456711aa1993110b2bbbe24949fd53f13ea70b3c57de714c0449c91b0ede0,0,0
NSA,2024Q3,242,2,489,4d9469f7ae5e1897dea4910c09dc1338a7dbda7a37b99aa2f15cc3d09ea6747b,4a3f6333bad809a2f684eec01a0ef37e7c31f5263f4bd97535009d12c1e1a673,0,0
NSA,2024Q4,269,1,488,dc83544274a4c48be1114309cc048cfa131be776f12b99fcfabdd424177f8060,60a3fe6cb65cd172e5a8d837aad5677967e2cc1dba83efe28b38a4e4f9302803,0,0
NSA,2025Q1,295,1,487,68918fa6836d32b0018bd4b81928bc57d8e3bc9ab1e1219d032e0aa38a633bcc,a221944324d4dbab1046b19d5cad57619f9900d32cef7a6adb1b377a3a0ff59e,0,0
NSA,2025Q2,321,5,488,547f6905149743feebc42f5a6477aa2d9419c6ac6583b1d9bea4c52703e7be1c,04b5b4ff6fdb183e05c0ca611b4e228997cec1565ec71904148d579847d70a75,0,0
NSA,2025Q3,401,2,486,3a9d1b50b8334bb4f8f53195ae9a5128a4d8f82c4639bf0af2bab38a44a18065,c35f6d8f75c7172b1193aa3d86052bdf7be1ff3b5084cd3d66f3cfa4258d2225,1,1
NSA,2025Q4,605,3,489,50b47a355f7c1fb5cbab004d117c5b1622ffe6eac046c59f475ed98831e0f258,47b434bff7686b0258127c03ec70fc14779a66ec72e2f6945de23b02f3bcad89,0,1
NSB,2024Q3,1,1,520,3d31be4798a2d8e37e5870040e5e0810780b7b6670db19be587955f6a252295b,f624dcf018bd7117af2c0ef366f6025a434c1a89c33a122df101132ce5fe9074,0,1
NSB,2025Q1,3,1,520,6c86f595b924d69448415ab8a3ee22e996d035d0ec14c7ebc6bbb6f491f75cc9,598a368849023e0238de665cb5ad2506d41b4ec6497efa2fdb6b432b05bd9241,1,1
NSB,2025Q3,5,2,524,2fbc8123474427ebaa207edb8d5473b47f60b54b388396d414c86629d4c2fad7,ff48ec0b661c8660bc9d4a43517a530033dae0f0fcd152fa0dd0d4172689f8d2,0,0
NSB,2025Q4,7,2,527,c294fba6758c3d4d7e1619738147a8faf7155e37f10efd30d9916c0b9ebaedfd,9c4e8acd4f6a6fb8b3528cd585aa9e04dab06187902b5fa7719d2d16f4619ec3,1,1
NSC,2024Q2,177,1,469,bb0ba6ef2b3b63a5655540ea77c5bdd86c9b5e34e4a6e0b950ccb3b65cc3cb34,081fa08a518230c4e993fdf55010c6e700e403f64ee77e3797cad87784632fa3,0,0
NSC,2025Q3,200,1,474,c3103a041f08fec9d942e9401709c92c05e14a2d102af6e3efd1e4bd9900321d,20b55df4920ce2e4d50f52af88c9fb96254d96d058c414f391278206a37fa665,0,1
NSC,2025Q4,203,1,478,7323f80d490cc7895cbcecc2a0914e5675a0d929d8b7fc81cf4d073759706313,e3173dd3b267271ce8c0c426407a504bfe481afa16c303d4493143e7f5dc6f18,1,0
NSU,2024Q2,32,1,513,ae18bf2407079033d245bc4c980eb05d9f0f4fdaef7535e0621b900f5390c2df,34836706067240ab63dbbc3bca6b6e130a8fc8e607326d27e9e61f46e2ed8e52,0,0
NSU,2024Q4,34,1,513,a19badc0dbd866cb847bc4569a72545bc03ebd37bf576c0b35ea7ce3758b549d,e23191cce8b013609a93fa6552ce263885ebb9abf128e2eab65b73c69de62b70,1,1
NSU,2025Q2,42,1,514,ce55c876950eae881ed1062308434712331ff34443c0636c04162e833827583e,5a3d3cfc1bb437dd0d75b54956d2200f0b358170beea7d7c30e5184fbcf68213,0,0
NSU,2025Q4,55,2,521,d1697f3241093801a3b5aa8650f5cc72f4ac4562897d2b9c148661213bad254d,a0f3fe21748ccaccd7b7120de067439940009bee1f6ed7c6b4567719c83f5d95,0,1
NTE,2024Q1,1478,1,449,b993339a14e1b0ca2d1acf141a834af07da30f585c979cc47959a302c78d6fce,e28297885b64679babcc19f0b379bffb8751fdec2656c6a67798971b0bd5a2fe,0,0
NTE,2024Q2,1574,2,453,593c093d43e24a1b080652f6f525a4e30f7941da41f231299a75232e8962433c,ccb0076b71b6dcd7768f2d7bb9e242985eb99c3457d929aced1ce86e7f79b5f9,1,0
NTE,2024Q3,1669,2,451,2b0b5fb2d5d4cfd44e3342918928e6ed54c602081ad75b54ba373dbebf102656,6426bcc7d754bcaf512370c2849ea040e74e041d0ee277656640cec79f789bda,1,0
NTE,2025Q2,1954,2,452,df9715030ecfb20281850b743902f0154336e4d86e5f195dd37e1dcb9bc5a522,eedb016a82340a21b93c1033632e18da56bee6450cb7b0abd90cdaf24455d3a8,0,0
NTE,2025Q3,2075,1,453,e6281c86aad9cb0194554385af6538ef53050e5290382744e49f33a01f9b86ff,67a8d890ae35fecf506ba8c84d2766b477e3cd7e99254f911cffbfc4349f5bec,0,0
NTE,2025Q4,2192,3,457,1ff62cf5c00dbeebdbe7b61a8793c99342d8c0e9636c06c0e0c1d367cfe22820,0c44443b3e2d74f44b1d79da8ba14593e2f1c0c92676e484cee5d90444106f9d,2,2
NTK,2025Q3,2,2,525,f1406f9383da52274feff41cd39363d43f541a0a73a5bd264fa8c990e5175abe,e9a68fa3b7d705cdcb1c9411e162487d16d764970b7c1989711c10a7bad7fcc4,0,0
NTM,2024Q2,3,1,518,b4f93a4ef31c779daf3fdb8a0a606f54dd54f67c48d7da90da0e76a52e80a930,c5f1bdea4b936530e6d08a46848374a4e328fd17c67662f67ce7ed7f65217cef,1,0
NTN,2024Q1,177,1,494,a45179905f00675b2e6b3aeab8fdfee6a411ef1c1aae096cc6d2c660bd745d5a,e635b3de8507805bab688843a47dd501ae92c947879cdd1a26bfa6ff5dcad62a,0,0
NTN,2024Q2,183,5,498,6256d5b76cab9c4e1f9866ecae5d44061221611f3f5398707bd9d4e98eb23d5e,3e66bb8fd90608a8883d38bfe2570ec708847feb3548b0e017dac58dcc8743de,1,0
NTN,2024Q3,196,2,493,f117189944565d9b0891a6e3587d398b0fded0e75cd7acc26ca89473371a1ef6,77ca07d96c9b641eb78744c0a970a3289d0ab998adbb3114e276a551ed98973e,0,0
NTN,2024Q4,202,2,492,d8bfe5e97b6d96c10d9e5badf081dfc708e8a432822535a3ff6c1528dc9c8c18,817d2579118a1d441e410f9addd7e5c2bab71e805c33e6aa3fc3d4ac8439f259,1,1
NTN,2025Q1,209,3,490,1d1fb2af545d421216ab34edf4326bc09d12e1dc9efa1a8ebe08fae21cce5dca,323ce81e30fd3a3a1c1521977c0b45b10a3bca72f4e7904ceb62025ba635e22c,2,2
NTN,2025Q2,221,2,489,5efe75b065ec6d2a5c7373519d11a1bfb14d7c8cacb9a4a8dd038ceaf2bcf574,ff3bc12e3edaa68d0f4b93a01b571d618696411548b375ba869c138482ceedc9,0,0
NTN,2025Q3,229,1,490,2cc44188e2979450f01bd5f889e79852b1c620ed86db8a9b27f5e1e65518a144,e545563b497023690c9b474b0e63e1a6ae16dc9d52f7ab31f156f6d4219b072d,1,1
NTN,2025Q4,239,4,494,ad36ea2e3f0309530e04d13381697176aea23ce1dde30cee3309eb9b1c116f24,96e5b15d5bef86e9f82d3bd771f0ace2fe314087bf701f4f05057f2205524481,1,1
NTO,2025Q3,24,1,521,4eb8abc64aa9dd8ff65a146ef0d0e76a657b4e768cbe1af44966b1b6b450ba12,10660adffc097cdbe50eb0ff2a86476029e12b2b1665e45428c444244bc7da02,0,0
NUC,2024Q1,39,1,509,02512915258d222c7f789d20cf4448327feccdbf2dabc9b233c92dace897a4a5,e545563b497023690c9b474b0e63e1a6ae16dc9d52f7ab31f156f6d4219b072d,1,1
NUC,2025Q2,54,2,516,599e9059bdaff38d348136fbb9ba9440e4afd2b70ed36e9b0258b992268e324e,ee9a18966a0d398bb1c9381a05d21587c82721185c4a43291ca1514cc68b26a3,0,0
NUC,2025Q3,58,1,517,1b0793b026fa2c9b3b7104d70382f840cff79b2fc354cbeeb6f46d5c08818d29,3659cacab05527b55657926c7f6335720a935c7202daf914d7562dc0342d2acb,1,1
NUH,2024Q1,26,1,504,ab55f75d8fe420a69ba7d5bf34ee139bb11ff4d20d19e370a4732a6c9f911347,56555c92e2b587cb6c0d02c35616350f4812e39e7557c764ab7e800f3b8cc8d1,0,0
NUH,2025Q2,35,3,511,f0ede7c70675087e168371d002a48d2a7516f3689a4c912b77217d956fa0c635,270d64a17640f8f121949f7fc65ede61da1a3bc9d7f7d27919d3fafb40a6b6ce,1,1
NUH,2025Q4,39,1,516,315bf6fd2562ae083f90c25dfe39058819fe35b99175a22005acd76916eff04d,19685015ccc5f952d6265dc4bcb7e7a163dc7c4746cd284c379f330aabab1da1,0,0
NUJ,2024Q1,184,1,468,460790af791bcdbbe5113eb24d17aae7f44017bf92434fe847069d053bcce45b,fd6733de78e0a4f5db655cf283fa7ae9c05060cb90d72f9cba4716e75f9a8784,0,0
NUJ,2024Q2,221,1,472,8e5d2bea17d0153c02275e0f316b42dbc80d92593ec1d6cfd308868c12bfb327,f04a9b043ea63e419307d3c70b380b6564a71cdf899e31cca1ab50bbfa038b96,0,0
NUJ,2024Q3,255,2,471,50cf4468cd56c4a4343bfb09b598413b44a99aff110ffc63726381c19d27d1b2,91492fd607c06a14932dfe5f24a35a82560f73bfd52522d60230ee801c92967a,0,0
NUJ,2024Q4,267,1,470,5c22b315121471f2455f922856e3348baf289fd0d62ea905ecc4bc28fed01d89,81a2026272ff63d01f8af801ee48fcfad671edeb997efa58ad6011c7992e636e,0,0
NUJ,2025Q1,276,1,469,e5ce9b9d98348e861271df459a6d0a91f8f7be9f0fcac832be138df68c792004,85f997ec1c27b1c1cdbd26a7656105a64492fc87e517026f64b1bddd6fb18518,0,0
NUJ,2025Q2,285,2,470,deac8e7274dfbf94774e2c6c8014446f05acffc040969cb36ee2c106a2b6cf91,5b4e7dfc67c69388dc9290791f99f3e5b959567acd21cd8a9f2bd728996695b6,1,1
NUJ,2025Q3,300,1,471,2106644ba0584e7c4dd263245c242427a729cf45328fc676fbf41dce38c179e8,80f7027d6c0b934a23f107e75772120bce88a283eb07f573081b1536419bf092,0,0
NUJ,2025Q4,304,2,475,445c9ded1b69900ff8c5836eaaf67971a32ba377e8c9cd2cd9f57ff834961a8a,5093cc83934cee21fc81be687ac3a6058e5277eac88ff32d4a3e73764c0a8739,0,0
NUN,2024Q1,25,1,511,b6fae7e0cd2cfa447710ebc0aacd758f4992e20098c4c186dd0cb4beb1fe075c,0e91202d09fb12c9f3c93678b8b07b4f9b6508bb53fafb877c851effa966b76f,0,0
NUN,2025Q3,29,4,521,d57df33e6b9a7acbff5a301a3efd9889c57eae4105756e4ad259c34008f9daf2,b3fb7f0cce03def54fe85ba441ebd1262a5802332d80517363e900a34fe92e13,1,0
NUP,2024Q2,1,2,521,f44d4fd93b1902785d167c0095af97c946a55bcbc80a36ba0b599d2912f20041,38f39130e2645f1403fa9f00053f1c30c87986672c19130ca6a019b7d21afb12,0,0
NUU,2024Q2,15,1,513,401990588fb7a9a238638b117533ce804866826788a0488f891f0192633518c1,7a2a05473476825de12af07ae117776e044f9050da35889a8d0dac5c70eba73f,0,0
NUU,2025Q2,23,1,515,408b8bc5282b5430bad2a5c053412efd74d2ceb2478c016afbc70e95d95d9143,e545563b497023690c9b474b0e63e1a6ae16dc9d52f7ab31f156f6d4219b072d,1,1
NUU,2025Q3,26,1,517,5508351d1c5b974278067a5b2af5165460fa04ebed7c61528428a9df035ecdf2,14106d8b6470256ec2dce3e232a3f560def6e98351d8ea55e687e644acff23bc,0,0
NVE,2025Q4,6,1,524,7cabcd41b50213172556a86ce36bec8d9517a2169140ee5feefaa8c37ab72a88,3659cacab05527b55657926c7f6335720a935c7202daf914d7562dc0342d2acb,0,1
NVM,2024Q1,14,1,501,0aa5f317f6864d19aff8f0f09f92e1ac1756c555253aaedb3f8dae24f1e82efa,a4ea7fc89f5959f3d3f3ba3f8368d00d85aae9855702c8b11ba052088362f2a8,0,0
NVN,2024Q1,94350,2,326,d4daaa7249ae89771b5bde7dfcd3b0951282fb887360b9adc949b9bb721dc4ad,57fb0c54a765cccb0af48b4de37a1f439f1986c7679a591273e31d86241e6806,0,1
NVN,2024Q2,99912,2,329,6b7d191c53abbb8cbffd8819868d15e5c2aa58d832b5eda5e08c27ca2eb8a0a4,671fd60db4e1ee2b9f99eee391e9c347baaeb344af7beee5b9f3f60478f11935,0,0
NVN,2024Q3,105464,2,327,0b3fc1ba4f4796ab8d4d220e3a7d55c97ca2bea9f9509f41f2247ebaff38895b,a60eb99c4ab37ab1818b22626e55fcf3ec4e9d5ae89879543485f97ba1395ad7,0,0
NVN,2024Q4,110907,1,326,d01f0aa1f5ed0e4c2f2be62a7afcb6b8c68744ceb9384f3217decee54bf0e43a,f001cd25e7732637e5fbce9737215618847b554a59a0590aa14afac115271abc,0,0
NVN,2025Q1,116364,3,325,6310e6203983b3125f2b749db825657da948ace3266384fa51d2d8da8e71db37,08a76bbfe11b6339a4ecba41fc6d24b996f5d66b2366c8e6ead6fb79ab0465f8,0,2
NVN,2025Q2,122160,2,324,d2987040f084af0eaa8f8a799d949c5d325afa542494751e3b5810ae8f87bdc6,bc6c6c1d62e2adfe7f01651aa854ed70f7bf5b81caf749d3b7dc74b5d0bac792,0,0
NVN,2025Q3,128038,6,325,7ccd70c1c7d3785af0966d15e3053cb3f85b055c7d13307dc0b28b65b8483cc4,afb379f8ced6bab5a3c79766a12e8e7eab4cb7093d9c594442960853456e0c38,0,0
NVN,2025Q4,134052,5,324,9a32150b8bc5085611fdc446a4ad1471625c5dfcd12090e94a027cdd7e215565,c6879d1bda295d416ebd1b24a09f337925ae762915af8d6bd9f976b0f9cb6227,0,0
NVP,2024Q2,5,2,517,a6bc2d3f1c069216b9ab11c3f1006a4d2ed25f86c2938d3246d390ecc7f890de,8658ed3f868749daabe1786f72081c2ac9e91e18b15684b1bc6db12a169d63ae,0,0
NVP,2024Q3,6,2,515,e8affba0050cb3e8649e1544f52c5e811f23ea90de5f136e3eb58233d8fef0ba,5a2a622a8e2f190547d3fa47324df44f4c29651e83b200efa81fdff54500a35f,0,0
NVP,2024Q4,7,2,514,be0118a7f0d472b6196bb69f21efe2178fade002496008af61d3d22d4c5c3ad6,371c24461275a03f52479a1aad70edde02312e806e4c76974f73bcfef1cf1872,0,0
NVY,2024Q2,44715,2,351,f3497b2a61510e7b1c70d8c20b5c2365818d79277205ba814299af7600e495b6,d7f1141a76bdc9cbe533d78ad7a761f00016443fdcd6b318effa41a5e1574a64,0,1
NVY,2024Q3,46927,1,349,fd072000cbda774878341b0ff08d5cb49cb74f177c168113ecb80ae9a762a1bf,44ab243512ccb50b7dfc401cca629083ea5983ded422860562c56f0d25bb3cd0,0,0
NVY,2025Q1,51833,3,349,f727084ad4b2c263ff6b238ea653e1dc35d7a91f146457854041cf0b69c92ed0,1163a5f49d731686422556c2f3fd72e1e20fd8c7cdb56081cc347237035f9819,1,1
NVY,2025Q2,54350,1,348,d29c7ae18650936816fea3391957221cf78f7ed6d064f40012fc8d2f0dc4c1c1,0d1a6b8a2ef2278075ba133c100cf51faa01259bddcee3e206c4ac375dd49c09,0,0
NVY,2025Q3,56989,1,350,85652184973b3e0ffb37c461dcd33f60fe5afd3b0b8456dbb202625e80229a40,4faf70016e8f7bfdf4652339dba1729c105fff1a920e97db4132f210b022e14c,0,0
NVY,2025Q4,60668,3,354,4491638cd058d839bff142c2b467af93805606dfd5d08fc09e2ffefd6a486dc6,3300c19d235771a95b24c83023f4f961f4421c22124dafdc4c44bc9eb5fb7117,1,0
NVZ,2024Q1,41316,2,316,fbbcf5c5f22ab5621705b52ec10d2363f02d6125be290caf24b07315e4ae3fa1,491e572b5b9c9617568a0ea3bfe786ff82fd44cc8276992410dfacbac5180873,0,0
NVZ,2024Q2,42995,2,319,048bb7ad71ac6188be7f4e35a3dcaae1d3c6fa953ad021f57f0f2dfcdf72fb98,3d51c7031475645ea1ae340c04d8296c31ac5c56c6e4788bd579564aab87e967,0,0
NVZ,2024Q4,46213,1,318,2394ed1e9dcbfcb6c367431190ee512fdf1b5b88ff8b4180cb02ba8250b19386,34ae89f082fa02ee937db0ca0fbb06eac36aa9e30f623b66510942108246dfe7,0,0
NVZ,2025Q1,47812,1,317,1883cfe762d2c3ca655e6b68f3f7b0a1d8a1bf92c32df95313ecf30ba9892643,586f1db6e208a8a5f825ec340ea7e33f4485d97dee1931e7f4189a193a36b870,0,0
NVZ,2025Q2,49247,1,318,11ca76d50f28722c66e0fa0f3ce81ef72fe9e89ea531666d397f4edf965dd194,39d570a31580b4b21f6a256d339894494e8f26e3e2725310c1087df6abecf1f5,0,0
NVZ,2025Q4,52488,2,325,726d8c9346371dcbe459f10daafb5c8e1636fa24db1764cb4b231d6ad8da8c9d,287d0654a3cd90c51e2b365ea698fbaff215c0795f8af9c174264bd3161909af,0,0
NWB,2024Q1,6287,5,341,9d0de53fc97b794810f2b817ae0b859fa6e9969b360cf7980e9e103046fb3558,127deb9b1a786b2342d16928b8c0d7cad1603095289bdd342030c68ff491e41f,0,0
NWB,2024Q2,6850,6,341,2a53eaf759b9c20147a6baae3b7ffdfac9466151ee0312e7c59fb22fecd4b601,fbaf1d2da81dea41cc1a081f56b16d732067aed4b8b7335d6d9718224641f952,1,1
NWB,2024Q3,7525,5,335,d642454b7d154775086678c7a951396dace017613fd9633c4607796b56ad0a1a,517e074861bc01caa10ecb67f26559ddb705b120846d6084f69dc43fc819fa18,0,1
NWB,2024Q4,8303,7,331,3ada1485e08a5d360bb19115f2739876336a4af5259a59d4da34f67315920684,6f8fa13923efcba789f62575951663f008523636b03a6c50d73f194928df9af1,1,0
NWB,2025Q1,8936,6,324,9744977a9f96dc6a931d24e4d58513ebb1c359b166a98961704f433913ae2914,01e881402a9a9d6485f549259650b04df759d9af798e478e7267683505fbef04,1,0
NWB,2025Q2,9747,2,320,d4b83524fdaeb663c17b53e5025a7a885ad65827b740a29ead00947a1a8064f8,134396398c300f03d7fad4ece195ad0a60ad7598f6395d1ee4e5cf9c50db4ac0,0,1
NWB,2025Q3,10333,7,321,7825bc3c4c5ce051bd3f38bd5277b2b8d80a6347cdd5b39a20e7fd9b43eb7277,3c35d23e114a823b9015d119e6ece0f625aa26720b6f5c6431a044475ad6aa52,0,1
NWB,2025Q4,10944,6,319,e4522c38dbd4900da49c1f7c2e3221eb23cced88649ff95ce3f7d718a879cc78,c722e0e023804c437b82fe03a890e72fab89cc9d942bde337228c46c26b6fd14,2,0
NWU,2024Q1,9,1,505,b6cd4599956f5f550938b1187c6641d1b6e91b01cfa5b3ef6f862d54514e5569,261efddb563af16eb9763793f4ef4a07ddf66db8bc9970df2550287de5d68413,1,1
NWV,2024Q3,342,1,483,60d6dcc3892ed3855c702066625fc142c87f12580eff591595dde5e9cdc7bf93,69dd86f64a08232acded735e7334857c487cfa9769ea4444d703e11109018043,0,0
NWV,2024Q4,349,1,483,9c8bf447db5a8e459714a18606ab909508cf5ce5c85cd6b8823b71a59485367a,e23191cce8b013609a93fa6552ce263885ebb9abf128e2eab65b73c69de62b70,1,1
NWV,2025Q3,364,1,487,6528aa2899e7348fd67c91eda7dc776495d756843d7e77b1657beb961803eacb,3ddbeef7ce1f51f1f2fc3eab964d6343c6608bff620d4eb49138e1a1bfaf81b0,0,0
NWW,2024Q1,20,1,506,b8c958d051e4abed5819aec38edf9f0963c4d5135d081f57f9e564ad3362b032,e635b3de8507805bab688843a47dd501ae92c947879cdd1a26bfa6ff5dcad62a,0,0
NWW,2024Q2,22,2,510,3de7b6cb4cec1c99784865ac6d6a232ab490f3d16fba9654d800b33727ad27c8,1cdaa690573de2a5a081e096294caf6374d89d3166cac9a0733936aea0dae401,1,1
NWW,2025Q2,31,1,511,0c6bf774d37f9ccdbaf6f5999bae6536cf4f4298b3fd292cd750e5c553afb7f5,261efddb563af16eb9763793f4ef4a07ddf66db8bc9970df2550287de5d68413,1,1
NWW,2025Q3,32,2,513,3b2d21e9c619c0c935c7a32954d90ed45553c40bcd0c08263426d756d8cd8234,1a66af629cf05a99b4917877354cfef87279b9a1755735bde9ae70f87fd7ad85,0,0
NWW,2025Q4,35,1,516,4b6d16f004763fade742e4c803e8c85df5c8fcdd997701d6bd08706e3abe0554,12a6e199c2c6f77cd1b8dfbe7d507bd7f61a30f1f02b3954f4b12bc8c45e9782,0,0
NWX,2024Q2,4063,1,477,899aa6a0fadaa51837c8aaab0c1bae1ed1aab6a59e485059d98c072ca5bdec99,639c0853fb0c447ea4ae2ccad50b169129c5b47c8755b913897dc9adc29c0497,0,0
NWX,2024Q3,4284,4,476,785d910b57b0001a27579582e641f182ad0bd81d479cef382c41cab5b9900004,546306a9d6b94b67d42f8ae6e6cd8fc8964f82059621d9c5ff859c4929791bcd,2,1
NWX,2025Q1,4701,1,473,a90306b3d1417864d5bcf226d5ee6404bd90ffc8a40b672642cba111e3925367,e545563b497023690c9b474b0e63e1a6ae16dc9d52f7ab31f156f6d4219b072d,1,1
NWX,2025Q2,4962,1,474,7b1fbb30767ffd2f42fb707fb932b330192240c3890f60cc950e04ad0d593fec,29f31c1d96f11024ddbc566f7c47386723c72c84e2d438c3371226e1a789f4b3,0,0
NWX,2025Q4,5441,6,481,ea86a98f16cd9c80e498447548ba37ec949b795061748eddae390ac4d63a4d2e,a62b64faea19e8e29bb27db04b4429c8953f284ace258af9695da8fe73ddc628,1,1
NXB,2024Q4,41,1,500,b92bdf5edc92bf90b2272be9c304c7ed36c4c4ef9f0c4194a3f253a5176ddc33,3659cacab05527b55657926c7f6335720a935c7202daf914d7562dc0342d2acb,1,1
NXB,2025Q3,42,2,504,cd7a21bbd6e21cb23f79357adcd8f5983a35870472f9088a5bd722b11316f286,f6afd62f3ad8fdb472222cbdf094cc1273d78c434dfd704aeae62f8449ac6104,1,1
NXC,2024Q2,2511,1,478,75d9e69f4be0b463157dd7c57b6b61ed688081e0610aa0b81068ec7eadbf5359,ac7f1e728789774064460738975f157889c8ba1ae094065abf368853cff930b2,0,0
NXC,2024Q3,2858,1,477,304a647a12610a304b1602a82efb398da17ecc032a0e1ebd06d9fc817abc6263,6aaac4c087a792d286d3515a44379ddb473cd0625f83dd380ac1bf9300202e68,1,0
NXC,2024Q4,3944,10,477,9a54ede3eb8316b23a16506caf0402c35182553149586cbd0127a8050a7e1106,7f9075b5ce8512fa0e1cbdd26901ca13302397f6108d7723fdb0fcb162bf2b0a,1,3
NXC,2025Q1,11261,3,467,61ca93fd1d557759d205d4611e08c0926587111e84b3acdc052e49d378660578,637abc842f6e275efffa07f8a636cc284f82a71cfb8b3c48c01178bbc227902d,0,0
NXC,2025Q2,13889,1,466,32d5e51941e07e2ef5e6177f2a2660cd9d880e36d61f449eaabf9a2c6133e15c,afb90d003b74f811c7fedf665c343770c530a7a854df4767ad8a68bd36258cf8,0,0
NXC,2025Q3,14889,1,468,e5ad2e29cb7f9c043d0c130fca0f290333569afc355db6d652fd8d325a0f5cde,558b3aec709916b18f2c9ef4fb2706ed970885fe7e23bf25c552afe141b331a9,0,0
NXT,2025Q2,2282,1,458,b944c264ce4bf6deada0f023db87bdd90986f7e659c41b0118e1ed3b15d213d5,95f8db617c747748c872ed565dbc1331043899d3517615b785e79038c1d1909e,0,0
NXW,2024Q3,3,8,519,7ede5f7c8dcbd289cb491dcdf1109892761df3e0006e05ea1d9ffbea3ab3844a,c0e817196e4f9077d3b9785ac240ef9247e65aae054990e54fe986bbb584fc9a,2,2
NXW,2024Q4,12,8,512,e2efdd991c733cb5f95b9c0e00cd646780dcbbdab46fb67ed56d9cbfcba824da,719515c557e19efdfb585effb493579793b8458089f9cc224445de4e671aa38d,1,2
NXW,2025Q1,29,3,504,1dc3b795e542c5883ce98afe65f76bd70c868a11907a811f14ac555280e1e764,b07e605a17d22bbb2ef62582b50ab2d49faad5384cde4db36e7c2d3cbafe8394,1,1
NXW,2025Q2,47,3,503,0d6f2389233bc957277e51f77601968323639a61b25873ac89b3f54a17a4b257,210171fde06aa6701884784d5420acf3d64398809618d568d3dd856add8cf7c8,0,0
NXW,2025Q3,79,1,503,507e8c9b70c61788978d728ea67f455b15dd1de272e261ec0eebb90737c0d653,5338543772ade0aa7a3069871ceae2352c232ad0bb9be2de182b283eea63c1b1,0,0
NXW,2025Q4,108,1,507,d22fd99826ce37cd25bcde7e125c73a520ad3dc8ebda2a0c060997f7afcd6cf5,f885143ba0762716c32b6bd040582c044dbe062280770a8d430846d040329d1c,0,0
NXZ,2025Q2,1,1,524,af735d0f603c5887bdfbdf02debc6707ac449c5e0697e6491c9758f8f0acdfc6,fdaad9580dfcec1acfc41367e03d8b8c22a0addbc4921a87777990153f78028c,0,0
NYT,2024Q2,1,2,521,63a2e9798dadc682196f9b6a5293e714346eb694ea875664ce80aae02c215a13,a07951afeafaa4ee2aa4921b95f9a08715adf90c1428d51eb1906d073221c05f,0,0
NYU,2024Q1,31,2,504,08e82f76a7192c08deed19073f8d3bb3ca7f3bba12f56d7a81b88cadfea2d769,54c7fbe14f49a9411a122eaa23d6e8a0447985bb289be46ae7a2785097c39ca9,0,0
NYU,2024Q2,33,1,507,3c8a349c2f55d0479e1b17ab079674e560b92a9b8d82c437707582a61400f2a0,20b55df4920ce2e4d50f52af88c9fb96254d96d058c414f391278206a37fa665,0,0
NYU,2024Q3,34,1,506,9efd72a55fdbe6b8288323868742ae56b3ae6144e83e53bd780824da15156f4e,261efddb563af16eb9763793f4ef4a07ddf66db8bc9970df2550287de5d68413,1,1
NYU,2025Q2,47,2,508,2cf0cb080922f0d1f455b5b57c0376a04ff6ee05dc206f1cadc603cff05e3dc1,2f79281f23a26ead11d3aa7ec0ed185c0581e48108e6862878c284f27a1cd926,1,1
NYV,2024Q3,8,2,519,ce662eb19941097f27e44771b610cf526f75e4f36dad6f98c39b26b9a240144e,54978d33e4d68be8670ccf865d94e1cab64a46fee964ead4c5c3c31ee11b7524,0,0
NZE,2024Q3,1,1,521,8040e23b409c6ed94b31e09e572d86438f10608d73695f2edfb4ad6bd5ebfb1e,261efddb563af16eb9763793f4ef4a07ddf66db8bc9970df2550287de5d68413,1,1
NZG,2024Q2,22,1,512,f97a50067062c94f0b662c2e3c216df1c71ca4d2aacc7f74490ea97e7a089299,f885143ba0762716c32b6bd040582c044dbe062280770a8d430846d040329d1c,0,0
NZK,2024Q2,152,1,520,b314386d9f8c9da56f4fc122cb44ac8dd3f6e1d36b6995c436d2adb126cbfabe,3659cacab05527b55657926c7f6335720a935c7202daf914d7562dc0342d2acb,1,1
NZK,2024Q3,179,1,519,00f0af83d5f219457bdfa2366d2c22b247689330a7bddaba58fb736c2f8d42e7,6a12e99824aea0d5feae2c12c8465437870d0dd31353dd3635102d45d7a6d9a0,0,0
NZK,2025Q2,355,1,521,9b973e8824d510c1446cb323587fb97416180d77f6e338aab316624bb1abd0fd,2988f3a2e264653e428adb39597de1fa298632f15604fc1e915d4a16b3e5c7cf,0,0
NZK,2025Q4,467,1,528,f3a0566c371531ae4dec2534aad71d59913c5a7d84c98716d6d3b941b0c9d24a,e545563b497023690c9b474b0e63e1a6ae16dc9d52f7ab31f156f6d4219b072d,1,1
NZU,2024Q1,1565,1,447,0f55f8b089528e8852d8f505342a191ee231ceca28438676b35b32d6ff8bcc83,4ece17ec0e971a561225505099a22d0408b1dc0895bb9ca33bd4cf46544448f1,0,0
NZU,2024Q2,1599,1,451,0145deec18e069ecadb6e8cbbd25c28907e2b7afcbafa48f4299519880253723,f885143ba0762716c32b6bd040582c044dbe062280770a8d430846d040329d1c,0,0
NZU,2024Q4,1671,1,451,92b589571ecf1f4024911e191563ae2f557c51f6733141b880d1acef15a82633,2619ebf09f49024bce8a9f390a2646ea021dc3e54527aa1d3caa8d00c428bf3b,0,0
NZU,2025Q1,1708,1,450,6b28e974473fd1ed124c5de686cd81a2f09e1025ea4d35fa69ff99063be7da49,3492d94d9b2f444b120e05df067ba2d0d19f66916dfd5067865f195a94ddad46,0,0
NZU,2025Q2,1771,1,451,6c15802a06444fdeaa7377b41782c8065f1e5f5ccf6a86ec17b9ff52f3c806a9,cbf325e6ecad18ca0b0672d34493bb0bbee886262e72839f027a5e948118f013,0,0
NZU,2025Q3,1816,2,453,daeaa3cb37819f109f7c77d81f1c690962f06b6acb3b93e4b702438bfca316a9,68655d28b329ad9828f723a4b53c573863d389a22d1e11afe5774718fe0aeeb0,0,1
NZW,2024Q1,55,2,498,48d2575e8be5b41c5e9f3e2dd6dc6b0fcba072374c96f949b42d8a0fe07fb409,49ed3d72abb51987a2acc03f15927e3def488b1e12c01dda69804acf6b808608,0,0
NZW,2024Q4,61,1,502,04d58a0e7ff4e53ec38645681aa7797e15bbea8022749f855fb40df21b9c3206,fdaad9580dfcec1acfc41367e03d8b8c22a0addbc4921a87777990153f78028c,1,1
NZW,2025Q1,65,1,501,1e5a08de137f536f28acd08db6210d42308778b44fb71ffffc5231e98950d2c6,150f1f29c305fdcf42a6a9382756438c9884efc5aa870d4d8cebc342f9c5a4ef,0,0
NZW,2025Q2,67,1,502,0e2a4d35cb84e74f9f12e3e7d0c885b011c522ad40ede9c61eef684503f0d4a9,cee2fbb31d973fe5bc1cf5f4ebbb6b5126e1b492e2078948bd234028395af8a0,0,0
OAB,2025Q1,61,1,412,a349e669ba48f67b2686130e81cbb229fc1a8393ca003e07023252492caf1fb8,01f6a48e6f0b4e7c669299b5f4edfd85175208c46e67d96e8739233cc92876c2,0,0
OAB,2025Q2,65,1,413,d14c345d7143eb7ebf97ef1cf635253f03159a229a788ccbfe9953451904f2f9,93a393f116ae4ccc41180f1438005ec6480e5bdfb687d2d3db92ce23d9d78ea6,0,0
OAD,2024Q1,1929,3,413,26491e6e763a556291073403e3e11402a1a0c1b2d95d672350dc7288a1bed213,175a08bb3638f3a84d55995be10b089b703ce22c5685738d715a00591df26bb2,0,1
OAD,2024Q2,2029,2,415,e0ac04a3116f748c44e34c3d1cb4e0502d4ef50ad53bc0beddb7011e38078e1f,f1005281c43da7f4190340502d1f059a449633024dbd220b5ffb3cb5a3d0fd98,1,1
OAD,2024Q3,2095,1,413,82393836664611c45cbe8828769a1253ec8abc9f5752f77116c3d72940e88c87,bd5ae63a29890d42f6512a1e7fe6f694176d700f8f76ec36212249be32b87292,0,1
OAD,2024Q4,2152,2,413,83ebfe38f6cbaf3ebe92c04b4108080bf70383bda3670c8af8d5b83b88b11069,70ec7c3c6ff9c55538a28455bba2050839283a6d6886f07ad18c9a04fb93877f,1,0
OAD,2025Q3,2310,3,416,ca34ed306edc2f48eba69058ecb72a369e32c52281b12684d278b3da6696c88c,f5ba38302289258437ec4407254d43fac8754a9bef0ed37c24e44cff89841f93,0,0
OAD,2025Q4,2358,2,418,eeeef06f55e119d5b9c58ffa3942545a6b1614763f9faeb0cfe8fded63359ab1,dfe8bd5f18770d1480d39bd8119ce998118924ab695c98438bc904319d17a2d7,1,1
OAE,2024Q1,5038,10,407,738bec02bc0843767a54177214574b7a7ca6f5490b33566304d68d402172a776,4c6df2a6c95d19791a7de1893cca47dfbb1f2a7c3037442f2edc4202e9c342f3,2,1
OAE,2024Q2,5507,8,402,8ba2a3d5ff7b46d05546f138bb23e855b62e12fcdc5bb6512b42a7d1cf0042b2,2c8ce67389ce4b27cd3f8786cfeca37246f603cd8bc40aff82b4272a5923d76d,0,2
OAE,2024Q3,5999,5,394,9ec4900ebfbf958e3271789720fa215075edddf6f4ff174fed9232118e3b6adb,ac45023aafc2062093d02c08cedd73cbbd57120c466703c0fea737201b30f6e1,0,1
OAE,2024Q4,6587,2,390,6880afe51f52badadeec9ad295a035d6bdb8363dc86a54a086cdf6ad59fc598d,fc13438e5194a10d23198b5df8e89fc87dd36a8eaeaf4007c71206b9ed848611,0,1
OAE,2025Q1,7136,3,388,6350f9aa9662e3ba94a71a086583252c1d899589c5e71c1dee95133d0ffc2e13,680acf1597abcdf451cce40b211337443a757875c65086f4c093b22fdc0e00ad,0,0
OAE,2025Q2,7521,4,387,da5ab0f40dfd97e0b20dc0bcc3adeed4e74053cf982d23a4c828afb928d1608f,d5e8bde2710924df38af39fe43b89cc767559da5973b505d2518902fc85a083e,0,0
OAE,2025Q3,7902,3,386,59d6b9bf8d45580bd2731496dd3845a42d40ad33b6979a4961e6a6b77b02eb4a,0e55924b94783f0896524cb2a9f6e7346c709f88258267c3d88a303ca8758bba,0,0
OAE,2025Q4,8266,3,388,b87039e492abceeb382f3cc122044b14419c02e8e010057e67699e911fd532d8,51e397c226eed33940d6649aaca02cf28aacaefef55c06fcf0ad61630037608a,2,1
OAF,2024Q1,49,2,502,f3c9ae99b0c5a758727457b9b215c043ef8ea93a59ae568dfd2c708d3e5f962c,1f9b29f19d025f995fe4adfd187c1d0ac481a7bd5234821575e3c8b9757159f7,0,0
OAF,2024Q3,52,1,505,4ccd4a8b4662c2d5b3c1009cb0f8ab4b237a5e3041e75dd5bcb6472003a01f6f,0e7ce2c55b01e28812e7fd0b7e7682c2f5cf97d5e220080ed0c6f04b26b18df1,0,0
OAF,2025Q1,57,1,505,6c1e0bc0ecaeafb205653d40417626bdcd73b06455969c5eae6bbbefd9c61fd2,439fd981edb3e2f2627282b1b655676cc4176970a4c243218b851672060095be,0,0
OAF,2025Q3,63,1,509,cbf80566b6a8a26d7fbd30532245503b55104452ac6ed337110c45b6511bdbc4,cbdd00c08fcd013e55e94815c31b8e42f822f7d7d47f2836753892256c8267f9,0,0
OAF,2025Q4,67,4,513,084309d151ea3cfc6ea7685927ec519692bf8835cd30c58854ab98f8eb3d01b7,cb2520d5f2ce4a6c2c083ffcaa6ccaef5ea2d8dbc92963113df781d106dc89ad,2,2
OAP,2025Q1,10,1,518,2ba4d36504cfe0cee6e0ec2b1d2b07cdf3adcebc728a6dbdbe0d38fd0fab5d7f,a7f688c061c9025beeb138bd0c20fca3bdee853fd08aa0ff4a544004c7b81fdb,0,0
OAP,2025Q3,13,1,522,917838b6d7b6a1285aee939b00c227f0bab2c845e5ec0d423374237e57df57a6,e635b3de8507805bab688843a47dd501ae92c947879cdd1a26bfa6ff5dcad62a,0,0
OAP,2025Q4,16,1,526,a7adea7418008eefd158f7715ea552ca9d0e1ee9a832fe132aef256da63c0d9c,c6981b383d5d405d002d8a7883d4dd3fdbca3fbc2a7bd6b9e58e48ca0094d38c,0,0
OAR,2024Q1,57,1,503,b51db86d0b3c9a4f51af3ed3b507f4e0c4a09f4e3d985c5f7fbfca9f53bbbdcb,261efddb563af16eb9763793f4ef4a07ddf66db8bc9970df2550287de5d68413,1,1
OAS,2024Q3,3,1,518,088edcb4540e7097ab6de64c7f887438479b2b8823eaf703b6232d587067cff5,e545563b497023690c9b474b0e63e1a6ae16dc9d52f7ab31f156f6d4219b072d,0,1
OAS,2025Q3,5,1,523,7052278ce84871e866313a93f484674950c33331fb529bea57998957d3f8e43d,8ee4768ca710711739fe0eb1350f14ebdec2c21c30e21ae2e0e2adc52fbe7172,1,0
OAY,2024Q1,5,1,513,d1c5056af8eba9fdee9dd76097b96605051a0c11cfc9bafd3fa87c95b0ebe32a,083821f12d7436845a7f874e2f134d5103a891c9516a746670881b21b9919c61,0,0
OAY,2025Q3,7,2,523,94155f51c81a8cac176ba16aec52eb168f8712c8d321e3870b898c90628089ec,29090aeaf47ad93b6d3647f00d3f3690ffc46c8105643f870d9be04a72bdc96a,1,0
OBI,2025Q3,15,1,522,9807750af6091b73ded5d1700e4fc010cc40e689d89d67e1ca0da00e1e274841,083821f12d7436845a7f874e2f134d5103a891c9516a746670881b21b9919c61,1,1
OBJ,2024Q1,2048,6,417,f88ef541826e3b6a64e7fa1886f879ef3ce6fd38caeaee7dfa5707fdabcca17b,34e3586c906259ad295c3e53d6e82b28e67aa6a7ea27e3824e0d1d10612be481,3,3
OBJ,2024Q2,2428,1,416,8b14f8ef82c1073d373263dc3f9c89cefbdd5e5faa18c4024f9a2b7249b8d3f9,bd5ae63a29890d42f6512a1e7fe6f694176d700f8f76ec36212249be32b87292,1,1
OBJ,2024Q3,2756,1,415,3955b4158abe98caa94bd02c74aae6967288b38f14eeade3c45df854f1518e71,a093845d5517acb7a88eff5230333e0f2dd8eb4e416de915230d8a22e2a3bd81,0,0
OBJ,2024Q4,3007,1,415,30f66a9c9f4ff156749f4704645bca0d57626885acb6d21f148a442ea33c0dc0,a870dcb24a5decb006ff62fa84d61e196ae2ada80b26cb1f88676e14c29c6c22,1,0
OBJ,2025Q1,3202,2,414,cc0d654739f7b4016770f583f73979e19ca16750df3aa62c9245191ef406b2c0,8820a6b91422642e36066dd5376beaa2ce2dbbfb273232cf884916638acc4b60,1,0
OBJ,2025Q2,3370,4,414,f22e209af151e6f4830e231e2c878a5e41b389f04d36701c7b3ee37e5a8a69ee,52d3663c3bbd6996680f4e3fc12884bd1ff05c32895a4b4ce3aef52bf5ba9f8d,1,2
OBJ,2025Q3,3533,2,413,0b425a5bec19a4103b663f8d76ac847cd56bf08e7700f20010ad8124fe5b90e7,45667911606c36f73fd21d4367beff4f98740064eb2df9f938ba9e373fba3196,0,0
OBJ,2025Q4,3709,4,416,2ba12395e86bfd85f7ae6da7f23701aaa517afbea28826215beb03f7f78a43d3,454e88fe528a6d9f39eb8d84d830510d6c5233e442efb8539806b34ed3f18d44,1,0
OBO,2024Q2,4,1,518,4e886e0fb673338f3bab1e5602804a519fba218c1088fe43391cf2a442e605e2,3659cacab05527b55657926c7f6335720a935c7202daf914d7562dc0342d2acb,1,1
OBO,2025Q2,7,1,520,cdf16f23c582618a993788501e767eb29813d73ba6678074ecbf734316365af3,06dfaddc2baf64285e44a89644c3767ba922b3106dcd1505f299920714a743ff,0,0
OBP,2024Q1,141,2,496,fa387fe2368d710d78e149800b9a2cab3623e95cdfbf28d3d6d0c47d3594f308,cc3ef55ec2a737418c56d43e8b2fdb505046fb11d8d947f54e4d6a8478946c94,0,0
OBP,2024Q2,158,1,499,0647c5521d02c6b3719b66970391263472263b6071efb7fb29188bb0bb1bcc63,ac7f1e728789774064460738975f157889c8ba1ae094065abf368853cff930b2,0,0
OBP,2025Q1,191,1,499,a3d3c2955ca85a174d4a677887bca6af82012bb61f37cf22a7a1d824025dbb95,118c3868357412e35adc0a781ba0d2850d1f6ee12b138466bd9c9988ed432606,0,0
OBP,2025Q2,200,1,500,fef6b4158f977916258a0ab3fbececfbd110a1438dc1e24cbe5504e67775ff85,41cb6db6b4b81ec360579fad82e609926a78ade93b8600e1304acf0315616942,0,0
OBP,2025Q3,240,1,502,c6800d6c768d711de0fc7820b5bc7d4cae7707b7aad9fcd377d8608b53c02807,2988f3a2e264653e428adb39597de1fa298632f15604fc1e915d4a16b3e5c7cf,0,0
OBR,2024Q3,67,2,493,7777d9e9e9047de522a8168715f838fdfcff40e341fb63ad87541235937ed052,1a9ae8025d082752ac44d814a19cfa87ab59e51a344c2b4af9cba8a0ed3325c8,1,1
OBR,2024Q4,71,1,492,6a03b21a25f6d0dafab7662d73b9449350e4cf24a821e51c422321b98be53597,57dc770617ff6777df87b210b8bb9f2b9314ad58ea38f8ccb79809f0ae688261,0,0
OBR,2025Q2,85,1,493,f1a780700519abeaeb7fe57047a8026a71306437c30d5f1522803fb620b4b22a,598a368849023e0238de665cb5ad2506d41b4ec6497efa2fdb6b432b05bd9241,1,1
OBT,2025Q4,6,2,528,e426be43b27388de5dc2f47c061644e7c9ff552080772d9937f0c1b60f2a3f52,cfc22a1e52f727728501fe378f12e8e54b4009ccad02fd5bf2e724a2e0bc1037,1,1
OCC,2024Q3,709,1,514,34c6e841220dd0480f39cf5e616c94c7d5f6704c015a550907f19adad952cee5,83032922b0a4e4a72f25138cb32888e92e34379360d8bac23225341e0df69cd5,0,0
OCC,2025Q3,712,1,519,2ee41ceb0905d07d67bfcc6bf8ff57a2cb984f16f21caf07e6f375600c50e69f,8891594f74b9cbbc02e7818fc9e2a5c538f57b26003debd82b38d053313caa7f,0,0
OCE,2024Q3,31,2,517,e9d0b5479c29481d369b54b2f8b26de3dc31435b90ca519c8cae002f8340348d,ad059dff4999262b2764094ff55fe2fc0fe7db6ffcfe22e2204ffe768a6fae86,0,0
OCG,2025Q1,1,2,521,14d78a8f6ae0fdb94ff2bcf69a673fd91dfb6cffce1a03338ac36af3bcf6bde7,48426463e677c53a227f70caba8cc5d146b6a9331742db07d01f7c2085cc3375,1,1
OCG,2025Q2,3,1,521,86bd3d41b8eeeda7f121f6cc994a291da741189cf30be914ff98ffa451981a33,261efddb563af16eb9763793f4ef4a07ddf66db8bc9970df2550287de5d68413,1,1
OCH,2025Q3,6,2,523,a02bb184fecc518aa3890566961a771d39280d703ee633649e7d502d6a246bf0,faa40ec337c831dae3f02d089f4b18a39b7c436e82022580e244400c3bf3f41a,0,0
OCJ,2025Q3,8,2,527,3d4785f79d630e834ec30b1ea27cc852e8365f2b7fada082c2d7644f9c90b9bd,ffb1835ca5ae906b2b24ea9ca2c45629c6619841d62025fb9185ca45546afd03,2,1
OCL,2024Q3,338,1,493,65dfdabfc4bb7b19656d98cc3708bda059916ab8f2b9ac4d0bdedcd173ca98ae,0e581c4815066a7ff423d513a2adc5f8e1d1163835a251048a3f89dca2383c4f,0,0
OCL,2024Q4,347,1,493,22a8ff9911c73ed69e1f1f8ac2659a7839a272679f2aeb7715580a47531e5865,b514795fcb021b5d26c110b7507d228de6666fc736bde58e16aca507b2ea3979,0,0
OCL,2025Q2,378,1,494,03464b237620459caf0f37a3733a9598dfc246a6301cc2ac1ee74fe9f10d81bf,ed64a5a5322ce493860dd99ed952f99c5cc4857da12ed346aea053ed4a0e00c9,1,1
OCM,2024Q2,27,1,516,a196915ec58cc186901397350ab69c97d0b7eee27166878da9f681cbd1e19565,44ab243512ccb50b7dfc401cca629083ea5983ded422860562c56f0d25bb3cd0,0,0
OCM,2024Q4,34,1,516,8c06a5afba84561e85ac20bd72316f6ec0f540f22a62e1f39490c5339169da9a,586f1db6e208a8a5f825ec340ea7e33f4485d97dee1931e7f4189a193a36b870,0,0
OCM,2025Q2,43,1,517,65f834ab3d9337f9b5db5384cd188f06b88c26c9fd0125c8904e95a1e295b856,8ee4768ca710711739fe0eb1350f14ebdec2c21c30e21ae2e0e2adc52fbe7172,1,0
OCM,2025Q3,48,2,519,ce3198835c0835db4287510f300cce1295fa29cc8ffb1923ff86b36eb6a6bb90,436a786593547f05c11f4289d8f12786668a5514e427549a4007cd229af91604,1,0
OCT,2025Q4,90,1,508,d5ed4a9df109b2cd6ee836b39e7a8a0860afc60f71d72ef7db1069293397526d,6a2da80f70708e52257782c39714402cd55a59b1b96ef809e86c966be08d92f6,0,0
OCV,2024Q3,2,1,521,35cd60daab00c2e343b10892ea68a3c40a5905cb9476695d610ba41e5d11345d,5338543772ade0aa7a3069871ceae2352c232ad0bb9be2de182b283eea63c1b1,0,0
OCV,2025Q1,3,1,521,de7e060f571b7ab4a28379f0623c7799faded57371c9c8f033b81f9eee522e0f,2021bfcf916adca8c3c724e44ef0de9873a3b8b8f9d00974868d55254e755982,1,1
OCW,2024Q1,1134,1,441,36179f45a172f6b868204a5e512689c30a873c1d2996a2e8b5e2fdc0a93f832b,9559394944156fb2a0c90f41e331d152be56122dfcc492384b2e1292f0e74ae7,1,1
OCW,2024Q3,1251,2,445,434c2701b83efe66a46fb9f459f5204788f43e7fbfb53369f7a8c56ea40f0188,35d78568875cd60f5bc18379d1159c4da3f4e11d199c800fb02d6737cae3ae90,1,1
OCW,2025Q1,1345,1,444,fe792cad5380e8279932031d1a242cc848d77a1632fbfc0a8b9f5469a9b2bb35,45c6b4b088a7c045e20d2c57503e94a33e38f280dc63eaefcde2341e97894304,0,0
OCW,2025Q2,1437,1,445,60d8b36f84c3efd65944895c91c6a9605ed5f09eefda75af47f3ac91aee44884,59b5b0ae7d1fc2a634132930f488576d94a386df805610c17e9247e6d22ff913,0,1
OCW,2025Q3,1518,2,447,40ab7b2d61e175c20519d7685d371bddff34210f0494ec4024073427d0b8babd,31a2a3dcac1121c39e1ae8c7fb6ee6d6f7a89f5fbfb03b17a7a6746f9ba59ee5,0,0
OCW,2025Q4,1589,2,450,e954abbf1ca5bce8a3d36acf34b5cb4f3062687356710c464c333c72677b226a,48e214ead876778cde792cfb3b43a532fcdab594ddfeb6947686080b9bee0ba6,0,0
OCX,2024Q1,124,3,488,cc7eafa1e0a6ecf6902c4c56f1e97dc587b44ae64f173971ef5f195dc5855262,8106da676e5d9f0795fcda242ac7200e80c414fe152195b1889edd3ede43b14e,0,0
OCX,2024Q4,139,2,491,30a71f1569456ea8214aae16fef73b1d2f5e6024032f5588aa107c2e3517414d,a3ccc2fa496bdf19a5adc5d6f09c5153fbcd6eb39d93a8f8820b23acc4d087e3,0,0
OCX,2025Q1,145,3,489,adf7ebf302cdaab80f3a15da85ca3b5629133f6a7311fb7026aaaeb7088f2a2b,1dcf1e4b4f6bffd25bc372929828442c98dfa1ef68ec77e8caab886a29009dea,1,0
OCX,2025Q2,150,1,488,d528b06fba74f1cb579baabb4b96c65264a2e8efdf4580bcf41a749472242792,93a393f116ae4ccc41180f1438005ec6480e5bdfb687d2d3db92ce23d9d78ea6,0,0
OCX,2025Q3,153,3,490,a36153dd5c2301bd016a6f776bba91f2714ff7bd177c9c87104cf0583cb491c5,5fa58636189359ca15aa84b3a6ea0c29697f2e6110254378222ba235949c11db,0,0
OCX,2025Q4,161,7,492,3e6d202e30a2f9ee9b52601cf9102edb2436d345e417747dcd7f63dd055f5587,c82e7bd9f2ceedec78ea827263cbaf5a5f06b4106bdf1cb593264a9d8ba1fc78,1,0
OCY,2024Q2,604,1,471,60067f97298f65c2b38e3070b66ed2947f3732112cec65e7a727b155e4915f32,71798fa4b4cabca6ba9d14739146ec22200e76b774043e4b21c6f2898827461b,0,0
OCY,2024Q3,639,2,470,6dbd10e46127a857561453b5b34ed2caa74e0f25bd41df3be0cd0e23e2c34ee1,a01ce7654e49775ffe41aeca401913d095462d218d5da4614f094e4ff6f0757e,1,1
OCY,2025Q1,705,2,469,2b1f2b486bd70f57a57474951d8953295af8b64aa8c2aa7ebcd902f3125e5908,814bac937ef4ed5839e0122e9356804dd86a2945023e850e28365c71d12010e9,0,0
OCY,2025Q3,775,3,472,a23a561d2116892fe3345f01b6340af5a8e8e7df43050eef84ea2b4f3160c83b,7181649aeb2bc9f16c4c963fc849c1e0e563dadf7ee73692b20aee1551e561d7,1,1
OCZ,2024Q2,120,4,488,722321d29ff8d0074d61cebc8f51a5fa09fba2aa7ffd1b592b93343e884a86b7,485a51889c091e2a13e6e1814277eb939d9b310aed175ad8596525e6aa8da33d,1,1
OCZ,2024Q3,130,1,484,75eddaa99549e84b1afd9c437f90fea6c16d96926ba7c1075401b1720dc90308,1a799f91e80489f19f12e5f18a5b3fec090c14d22b5ff66251cf34f781101b7d,0,0
OCZ,2024Q4,141,1,484,b493615caf7555ed2e88da088dce789cceb4381994a6f473c73d2fd30f1d35a1,9d719d1cdbc908ba883aa70ec59fbd8787a726e21be1af5f66db51fb99b155a5,0,0
OCZ,2025Q1,151,2,483,26471632917fb867646c4accfe38737b408ce431f49491fdbf978c60f3519a18,1ed60bb06b0beb915a223e62378ba39ad5036285ea355dcd5cb73e1ceb4a0908,0,0
OCZ,2025Q2,168,1,483,080608c443b297a329efa41bdac265d3eb80a9cb1a061ef11eec66a5451c98cb,8d679bc0fcab565c28f10b0b96de772fe7ec45d7979c51b1ece80a984650f2b2,0,0
ODB,2024Q4,21,1,515,90590435a69a8ceb6dc8d07b2798065f11d2e98eeca59772f56e974d82f9850d,ed64a5a5322ce493860dd99ed952f99c5cc4857da12ed346aea053ed4a0e00c9,0,1
ODB,2025Q2,23,1,516,38f6e3ab765f87a85874f89a87755aaee61b784589f8c1e81528e1ecb276eb9d,95f8db617c747748c872ed565dbc1331043899d3517615b785e79038c1d1909e,0,0
ODC,2024Q2,241,3,480,d35e3075431067c81622b251a0e651eb471e1f82dcc3f51d1f6487bba49a4703,4f71535dfeb79944513b7f2e5a59399370601c9c2577f546b44d18a9c5f165af,0,0
ODC,2024Q3,251,1,477,bca3a750f6e7b3b6b1ebffa68075e279a136d747a74830e9e32f246d764b5e56,8891594f74b9cbbc02e7818fc9e2a5c538f57b26003debd82b38d053313caa7f,0,0
ODC,2024Q4,273,2,477,614fcd909a26df462876085b394f9a1641e2844d2679d8a32e679d9371fda08e,85d1f1bccb5c689aee8af0709bc4544e931b33dde6218a77efdb851268a8bd77,0,0
ODC,2025Q2,336,1,477,27e910860954af6201061cede30a4579ee69cd87ee14acea37b2fcac1d9ca2c8,7630b16496d2b4322edfd5e2d73fa6c8fb078371ccca4c05fce93049bf6271e5,1,1
ODC,2025Q3,363,3,479,f1fbc464c5e98066765b2c9369b04ccafcb8bfbe8c9010673590a7e61f36c20d,ec4234dbacb8ff78affbb4e4184d4dd05174a49a7eddcbc8857bfb9be56378ff,0,0
ODC,2025Q4,400,1,481,ecc35087ad4465dac43cdbcca39269b69b2506ab3844f45a5b0651456cfa8097,18419a0829aab3b457aee63b0f4274f01d941a50faf161df888aeaa08916b193,0,0
ODD,2024Q1,50,1,498,d5abe11e1299fc80aff875164fd6295059dbc271c18bb98bcd97fb6a87e545d5,f04a9b043ea63e419307d3c70b380b6564a71cdf899e31cca1ab50bbfa038b96,0,0
ODD,2025Q2,63,1,505,b14258ff9da46ddd048ac9672403beea92ba56e64dfcdd1e8528fcef677d307a,4247ab641dcb41736aaf331d1da4de69a442bad5692db2906b71a4fb75949995,0,0
ODE,2024Q1,96,1,488,2eec730f483b3b4deb9dc8450783523876fae0e6c87d442dded34de522a5c10e,12a6e199c2c6f77cd1b8dfbe7d507bd7f61a30f1f02b3954f4b12bc8c45e9782,0,0
ODE,2024Q2,105,5,492,258579b1d320b9e442729ab38c4270cc1b35b7b978bc9651250c932951f7f154,eca36879585eb88233f83e84ad4b60a3e00c241544704d4070e289782ce9a1cc,2,2
ODE,2024Q3,116,4,487,0d3a42470e8e6e7d6164fc4c14d3e4996a99a2b9fa4b31f7493e0dac5aa97d4e,d39dd091a2425afb3885b689221309897b8e1ba551681d9e70fe46a21c926ef4,1,0
ODE,2024Q4,133,4,484,0d27342814af53a810694043a71a5d0b14dd04661f1091120aa9c252213c763c,8a92fac30618f95f2d6c8cbc76318c570e5c5cb256ab674bf887a4131af912c2,2,1
ODE,2025Q1,137,1,480,d8874dd53f0108268191cdd697a679aca8945484d5eb5d05af8737b59980c338,85f997ec1c27b1c1cdbd26a7656105a64492fc87e517026f64b1bddd6fb18518,0,0
ODE,2025Q2,144,5,481,48133b6b32d741034dcc534cc4af2c3bae7cac57bc62a999bc07924786732234,59c1749373e366efe3015ade5dce42fd5625078e8c16e5152becf35ca2044489,1,1
ODE,2025Q3,163,2,479,ef9ac129726602b68c01f3989f05cb311d766f4a70b255adfb83889da429d435,d91428a2b38fd142190f601ffe9b617e6e3cc6faf70dfe6f9dc41c4f2a141010,0,0
ODG,2024Q1,5685,1,377,ce894d7a80238fac240210a7e8595ee21b9946b2b3ba62a28bfc1e766ee747a4,586f1db6e208a8a5f825ec340ea7e33f4485d97dee1931e7f4189a193a36b870,1,0
ODG,2024Q2,6187,2,381,5902d66404a655d5d2d9fa166722e74e625a466dbf661329eebe4120947378bb,f11f7634627152520530220f03230390759166a2b39d3d4ed24571184bdd53d4,0,0
ODG,2024Q3,6703,2,379,fed7b1a6faa3d336dda7cc3984260debb272bfefa732dfe062a8741ada44c308,8488e8949498488bed0a696248b55eb4c55fcc005e4ea24378909eb014f849f3,0,0
ODG,2024Q4,7184,2,378,351883ac0400c0b6d48c29ee68d3cecaebacf1c99961f383f9ae17f886209b69,e653735ad7796fb3851a59ee8d67a7914c5cfc5142b0988e560aec4ab4ed12ff,1,1
ODG,2025Q1,7589,1,376,143f9ff083bda13d7f43e5fe9f90ace0dd198b28b23d5755466dfccfdd0e0685,fcd229da6cfbc892ce2cd4f9f3efd59ce90766369c9b87fb5768b4ae435f0855,0,0
ODG,2025Q2,7846,4,377,64ab6a2b94aea533fbb0fe1951384521002caea298b39aa8656d9c5d3e1ef993,194cb116f381630b21dd20871c178dcc1abf5e1e12b93429ee93159bdfd3d4ad,1,1
ODG,2025Q3,8115,8,376,c677f532a259da038247e291cf265f6a260d39fc061e7b8be40e4982cb56de4b,ffd86f28f791435a331a9146d8fc461083f2dd1ef8abdb4e3555dac15f0a1926,1,1
ODG,2025Q4,8797,7,373,334f65a8e1f060e2ce78f889b4eb9fa51f04e1183a55c8d86d891bec752655f1,d9a28cdf8b24ebe4536f07a38f8124367e0e5377d247a28b9ad6e7adf85eb2f2,1,0
ODP,2024Q1,474,1,473,cc2980c65c4b92cffdcdab65f053658f0ba139421b0666bb7bc71cc6a4c9d981,41cb6db6b4b81ec360579fad82e609926a78ade93b8600e1304acf0315616942,0,0
ODP,2024Q2,484,1,477,45bf4ef5b299de68d1a27c0b371d6ffcc45eafce8cf062c69faa3fd82483da5b,c849a1040b95a6faa45f13604f00877f36ff022fd3d9012fe0b5761ebb135740,0,0
ODP,2024Q4,503,3,477,5a1e3743c81b31be12d9e875a2ed3627e01361b948bdb04af10e1b0fe9681857,06a7f044827f2a49cdb4a930311cc53903d6e64e5dd24fd90417459cf7db6f7e,0,0
ODP,2025Q1,529,3,474,09bec4e43a71080331c4715ec8662b2d0f5f3ed496d0406719910716438c0b33,e0721075189fb238866b857c706afc29d5b2a5bd62070a348c69566c4c3d5e7e,1,1
ODP,2025Q4,564,2,481,d4d41a0a2df2898a51533306dae563ac76b80dcbf451cb1607fb87cc7bfc44ff,5c333639480f977b433a1f64978503baed86e910c1ceeba66098a6db41ba25f9,0,0
ODX,2025Q2,2,1,523,ac4bcec0bcdd2dd32cc02c70cff078421571b7f639d66cdec5d228642be716b8,60a3fe6cb65cd172e5a8d837aad5677967e2cc1dba83efe28b38a4e4f9302803,0,0
OEA,2024Q3,18,1,512,36d79e351717681a412a44b221190fd057b513d8417805ed83e1537545338a55,9cbcd81794b78f1d171cab359febebf7209e5fe03b55475bb8775ff460e245fe,0,0
OEA,2025Q2,21,1,514,d68b29024ac82a0f618011018c66c0b12ab62f470be28e39e6f5dc22d394267f,3659cacab05527b55657926c7f6335720a935c7202daf914d7562dc0342d2acb,1,1
OED,2025Q2,1,1,524,c7b14a698c5547ec7ab224e53c5407ca72c303fec0de9647900cf54775c09bac,12b3082216bf4e29964dfe51ae3af2d8e8f37b665f5c8d000663b78071124781,0,0
OED,2025Q3,6,1,526,0895b90b41021f917fc64cd051a14feaf066c604048da1d872914a6d40608530,d7ced7469b89f9f3cc125405d49139095c136e8f3a5966fe6b997aa2414e1364,0,0
OEQ,2024Q1,277,1,480,2b9ae5e54b7c10c5bb1ba47d75af03fe4f5dc9dcadf8ca75074d15e124570a51,b514795fcb021b5d26c110b7507d228de6666fc736bde58e16aca507b2ea3979,0,0
OEQ,2025Q1,339,1,485,968421f303405751341129732805874398f3d8a261b4dd4e7fc9f87acf339d12,67a8d890ae35fecf506ba8c84d2766b477e3cd7e99254f911cffbfc4349f5bec,0,0
OEQ,2025Q2,359,2,486,4b36968f02f9f7b1926839913fba5f725172fcbc68285e06bd8c84aa1cea4a40,6aac1f432eedbc9086c505f4af996927de98abfd1a335f2f58326e286bd35f96,1,0
OEQ,2025Q3,383,2,487,1bfdeab62ca2625c15c54fafa5063f66db046b638c81e0dcc28b574532572ae6,7a4eb0ddc84061d95d47a7867a4a2161d6f0b1708b8e2a820295407d592d0572,0,0
OEQ,2025Q4,435,2,490,91c7f5be223f6a63a1d632b6fbfcc8c64a038782db8de0aa92b1853e2d6615d8,7565dda9575eaf50d4ea75788415252fa8204eb53e573792adc51e30bac487a2,1,1
OES,2024Q1,100,3,466,1bee3ef7d7b95aa2204127b6e4a849fc4a32a25584e24a66d25cef212bc320f1,1c28d5f1bea7ece1d607d267a668511d2cd7e42fa60dfba33512997dbe4a149e,0,0
OES,2024Q2,146,1,468,ae7f3ba4572343666480924aceaa9c1d251df94d7d7ba58f91fab0de39ece17b,df5e39abd233744eb5fa0c62cf6e0fe96bfd6ac6c1d70ad818c2ce959db12196,0,0
OES,2025Q1,213,1,468,a0da5a3ad8eaf5562fa22009c7d72f8cda0be124e5c56dcf7fe66b8b082d1eae,729fac211ba5c7f1000e7179711350e006a5d6d9f1132eeb92dc8570e00d6e5e,0,0
OES,2025Q2,229,5,469,baef2eb73640ed9fe3e2d7c9417a019efac86ae00752d6847233fcaa9d1de8dd,b25c0db945e33c7ee4394ed898398f127cf40afce4bdc6a5a914fed7ce498f0e,2,2
OES,2025Q3,263,8,467,f816cebb3becff811b200477f8fe0fe10f81b45579911feaf8afa554afaafb4b,b25ba8860a29fa02d054a13a02b4a5d28509d45c59fec64618bb5ecb36aa08c5,3,4
OES,2025Q4,307,1,464,def358203ad6c14dc2872849ccccc42ba9d4ad5fd8c0d53339d6c52359ec73c4,d7c2ad28f9a8d3c69320c4e3ef423a89de4b7d13ac1697d95e6130e0cb149e64,0,1
OEV,2024Q2,39,3,504,aed3445a5d1458059870a71a5cacd0ecf828d84e36e39b460a87626fd84659d6,114068681e7b8b8928f7676a669d7a7a85464fa42876bbe99090a995833730fa,2,1
OEV,2024Q3,47,1,501,ce25f15c58820851540607c775b2604906cfef10eb8bf5639038066d19d10c7c,80f7027d6c0b934a23f107e75772120bce88a283eb07f573081b1536419bf092,0,0
OEV,2025Q2,64,2,503,8d491d041d9c26038533bcd8f2e481c3fbd4eef86984f15bd09fc41278e03cac,55b16046963675d86e0a92a24062ebbd2fc2e840a70eddb47b17c07cd240e816,0,0
OEV,2025Q3,82,2,504,e0c386f769daa82e6585940bc0599bf57e81c1c57c48f15ea6bcfbbb2e50f5cd,c988d09c5fc02b4baa9c1b0bbd877114e2cbdad82cfbb9bdf6663eb0a93fcd8f,0,1
OEZ,2024Q1,238,4,459,eb833027659a5f913f9d66abbd63457b7e88e88fd062069d07a29dee7f380b14,58a6c28e8faff903689783e233d75a2320fad883ee37717ca7ba252084f15580,2,2
OEZ,2024Q2,283,1,460,802ae2d7251f0bc7298e0f4ce82f79eac04821cea591992e5a825b9cca44da1d,63b33a2008a80438fc2c626e72c8d21999ceedc67b80247c72633ff0b6e30531,0,0
OEZ,2024Q3,329,2,459,ecfa06cb2ba9d06ea8e79957119d571e5172925c0e2477afe9ddfaacb6650204,dd64f0ee92147b844a7803faff50a7f050e50e82329c46d2466b33b86c4a1312,0,1
OEZ,2024Q4,366,2,458,f3a737f4443533fea20fed9f7835a85277525c003ad6daba1d4d726b14e5f276,685a954ee5e636708800808644c0c8a3b6102566f76594745f68fcf9098cd19d,0,0
OEZ,2025Q1,385,2,456,260d919676cb31cfa4d293488ef78adf0f0fbd725a0fe1b555755192bdb0fe20,ad1d3dba2e7e87c344b36ec00130be3234ad466022b9353ade550febf72a9301,1,0
OEZ,2025Q2,411,4,456,e2c3fe833406326d4cf7a15889c1f5cfbd6c97df272ae1a91875f1a98ffc5224,4d084f604542529a2ac699c9c64c739692eedc0dc451b1c015ccd5ffa07f14ac,1,0
OEZ,2025Q3,428,1,455,861986579f22ed9eb36d8595d2e855e28a8feeff067c6564613ed9804e80b350,a5b4864803fb4abf683e57d5f47cb371966044d4ab4e4bd93785848c339ba6f8,1,1
OEZ,2025Q4,467,3,459,764b7da00cf6cbcab5e224c78c725c38b9f5d119e028f0e75e9d107f51848308,51c25c2efe158ae070d0296f53928cbfdd861d8e138360ba2cb06c166a037c87,0,0
OFC,2024Q3,26,1,514,9528cda53414eba49e2e019e6fc9b3cb6374fab341698ae4ad475a6e57fb97cd,3697faf9942af42685fb3f815b16f9ce5d825777d0421210ec2e5cca8734bbdd,1,1
OFD,2025Q2,3,1,522,b9771fc9cdb1c1e7fca8bbf539cccee7e6c7fecca077d02c2b72959a8465831c,598a368849023e0238de665cb5ad2506d41b4ec6497efa2fdb6b432b05bd9241,0,1
OFF,2024Q1,16,1,504,5d0477ead275a29e0e31aa0c09773594099a5320eeafcd1a73630ec7f8dc3034,06ffafe2347c3a89f0bf26e1657b8d45c014e9f95a710e5bf5b17ea7045b3deb,0,0
OFF,2024Q2,24,4,508,a339ebeee7dcd0ff74d9afba20db5aca37b2b66f6ebde48c0bd05705c5990208,b3d03a84b700c95aff6ae9e0caf4338d62df4520f616ddfa2af213188dda121b,0,1
OFF,2025Q2,45,1,507,6c1c9ba0819769eef7ec474a57147e7fde30bb66ef761f3633ae6d363cfb3222,bd5ae63a29890d42f6512a1e7fe6f694176d700f8f76ec36212249be32b87292,0,0
OFF,2025Q3,47,5,509,e8e0ebfe91f7bd0364973e2d34b2d5aa2863c424c76b44d3fb6a9b906f6ba8f0,0883b5b7ea92aa3f7677bff3b614fb4d0ce8a0efd6b477cb5f5029aebef22e5d,3,2
OFF,2025Q4,55,2,509,4ac1326ff1a37cf06fa8591990f526163f99333a44a67c3c4986ba9f3468a479,f8a5e3270cfe7a52ce4c354ea6501e81f9193e34e938eef1360ac765537a4d54,1,0
OFG,2024Q1,3,1,514,75810d8d5f104b5fa9bed21b5b2bb56e2efaaa2dc959a50128d86b0852fd8906,7630b16496d2b4322edfd5e2d73fa6c8fb078371ccca4c05fce93049bf6271e5,0,0
OFG,2024Q2,4,1,518,ab57267452f89c51f96f8878fa893447098d2ff9b7f01631007a6250bf8713a8,20b55df4920ce2e4d50f52af88c9fb96254d96d058c414f391278206a37fa665,0,0
OFG,2024Q3,5,1,517,acf90a4347007f5b88fc5ffedd6283c7c703e4c9490ac2bc5df206e84046ef91,598a368849023e0238de665cb5ad2506d41b4ec6497efa2fdb6b432b05bd9241,1,1
OFK,2025Q3,1,1,527,694ddeef0e08344a1ee47582172c4ec0c9c581e1af1c3f6e27caad54b0efd5ad,d0925ed7e7326fd1da0599f4480b6028be72c31955c5064207f11ff98d94efab,1,1
OFK,2025Q4,3,8,531,48ee25c06fc790c1c6c5659029a975d905b5e63b7ee2924258ce0ae4148b5d67,0676306666bd9721607a40b4cb5b0047f11ec98e56224be7d820e5df1b2bf709,2,4
OFL,2025Q1,17,1,512,c5f5160272444cd850bf5e99e45043f27e7c5985227a1aa1d15b43706ee611c3,f624dcf018bd7117af2c0ef366f6025a434c1a89c33a122df101132ce5fe9074,0,1
OFL,2025Q2,20,1,513,f938f625fa1c8355b99e09534062460218db931e9fd256daef3283ecdc7ad48f,3659cacab05527b55657926c7f6335720a935c7202daf914d7562dc0342d2acb,1,1
OFO,2025Q1,6,1,517,37551a021f2910584cfc8006fbc54470ff9205e56856760503bb99fc6a2936ed,f04a9b043ea63e419307d3c70b380b6564a71cdf899e31cca1ab50bbfa038b96,0,0
OFO,2025Q4,7,1,526,bf9195c10dbb2dfe5dbc6f51d3714b667f6dea6ccc70c02a055c322fb0a0a6cd,2021bfcf916adca8c3c724e44ef0de9873a3b8b8f9d00974868d55254e755982,1,1
OFP,2024Q3,54,4,494,3791b75e562dbb35bfee0c0d887439cb56a11023e6e37dea6cb0cb4299e7ad04,bb2c4cc4968fd0a5abf18ce371c7ea0378ba818c127a3414976d9006e89a890b,2,1
OFP,2025Q4,72,1,501,808d308855cf4ed2c37a3344589f780e80e3cc4d30659f320a6db8e123f93998,df5e39abd233744eb5fa0c62cf6e0fe96bfd6ac6c1d70ad818c2ce959db12196,0,0
OFR,2024Q1,5,1,513,9694d4037874007f6886502c6cee9f9c84026a1579c75686f5f34376d0fc1baa,e545563b497023690c9b474b0e63e1a6ae16dc9d52f7ab31f156f6d4219b072d,1,1
OFR,2025Q3,6,2,523,4cc50ce066e49f1908a9f225bfc739411f338248d151c4e802c39c5180a5bb47,878354caaa0ab7bdf115e42084b4c4f99b6fe6b73cc2b55ddd24947b9ddca00f,1,0
OFT,2024Q1,85,5,489,b5da394dd513e9d1ad326f1d823bb061baf7050c8eb392a44678dea058326bef,184995bc25ce81c5d479fb690a396fd97ed8224b5ae15eb43017e433df41418d,2,2
OFT,2024Q2,110,1,489,9c75b17ce25c2d59f3e7603d38f683e7b7eceac01410a8ef7f65c3759c2a9fcb,e397784c48b2128e957f45ef79f152203f0e86f32f8c2cdf8b1db70cd42496a6,0,0
OFT,2024Q3,129,6,488,a21baba9fdfb9e16d9726711b0cf7092a28b16880164c50d56504313f42ac4a4,518e26a52cf10c6211ca060ec3e412b501879c2c0cc030d83854b9eabf194b02,0,0
OFT,2025Q3,182,3,488,942dec7be9e963dcda2038cbc9e838548145201c30a2f232511e9c8bedc7b76f,28ffe018b0113a7e60f7d8d5551bf33c9fb8d5c60c4a1e8e490a707c19bc52b6,1,1
OFT,2025Q4,194,4,490,d3c7581f7a9086238463eeb11545a282bcda01e295793ba6c7be98417d69afd8,7d824dd7051ea0d473d9fe6f28a11f6d391c576b3c86bad9fd671545cf4de56f,1,0
OFU,2024Q4,81,1,509,ea19494364858108e717a30c39136318d8aafc30683503e31abaf843bad2e29f,20b55df4920ce2e4d50f52af88c9fb96254d96d058c414f391278206a37fa665,0,0
OFU,2025Q2,91,3,510,4c3e38ee6c716f83925a2aa12b0831a6c52959b5e5847ff33892c367ac34271a,40fb89624724c4e0bf6b89bca3790868388ff634845c5b50690183a7d1c4fb52,1,1
OFU,2025Q3,99,1,510,2c2a90892f57d0cde28782ce45921cda80ac346347b790ad8360f2ae9402b10e,0e7ce2c55b01e28812e7fd0b7e7682c2f5cf97d5e220080ed0c6f04b26b18df1,1,1
OFX,2024Q4,2,5,521,c78439d7cc4c97ef649bb0373aa62211a93aeac55ecb3e44802866f1d7f7fd15,ba6b041bf6406411edf5341a634279da5dbcb7edb1a6db638dfa920370708dfe,0,0
OGE,2024Q4,685,1,465,db4af362dce0a80da8f16a71be14dc59fc5624c9307e8fbda0f2f183444266c5,4575eb8f865b22b846dd91f0e834a983cf29ae08ba67ddf65b2c5f52e5e7acd9,0,0
OGE,2025Q2,727,5,466,1833f2dadc01bd40ac4b3d374f6a20ccb554edcf0671588dcf0726b152f3af77,1ac53d804e15419b373a9cbaf245f83d72654703343cd54c68ba102e01e59925,2,2
OGE,2025Q3,762,1,464,ffc0b2f6fdb439943cd79b89eecbb47edcd462b34f0a5cc8070be694a8f7c153,6d19f89a6b34d52be49fffb1dedeef8940de00db8969153058cce8f0e00a17e0,1,1
OGE,2025Q4,781,1,468,fc41978ffd8df6fd18d326218762683d992531cdcb47eb4f2d70552287809389,3ae3d218a8eac87e03237fdc4a88f599903d51d06327066df9cbee60a7635f5b,1,0
OGG,2024Q2,289,1,486,e8016bf674481b70fd2145091e252a4112d452627d1fb9800a1e63550dc263d4,96a2ce8601b91337bc7ad5e29da42216f07936936e35f4eacbc78e4e22820714,0,0
OGG,2024Q4,291,3,486,4eb3428f922c2afa798943713e931168cc2b2cacb1bb6b930ee3319724141f9c,7bfbfbfb937ea2a54e4aa98719f17e87a83a64f3b36d2563d94fbc07faaca467,1,1
OGG,2025Q4,301,3,493,edf7c1f38454797fc14ab34b16671ec7dec967852b47b5148f5326825370d4e3,7c9475c2109819256adb603cb448f34e51ee62e5ce1015d555b158ad40dee0d7,1,0
OGJ,2024Q1,10,1,513,dd90d96bbc062b1106b7cf1e8b4a431f420dc0b2beb8c2b07551656fe9574df0,06ffafe2347c3a89f0bf26e1657b8d45c014e9f95a710e5bf5b17ea7045b3deb,0,0
OGJ,2024Q2,13,1,517,fffdca2b86e4c33562ec9aeac2a6bd3c12772a406a978a3b388a4ce2fdb6dabe,598a368849023e0238de665cb5ad2506d41b4ec6497efa2fdb6b432b05bd9241,1,1
OGJ,2025Q1,16,1,517,56ac876768cff95c0ce3045f10afedf1fbea048a458c98dbc491b36364624aa8,e545563b497023690c9b474b0e63e1a6ae16dc9d52f7ab31f156f6d4219b072d,1,1
OGJ,2025Q2,17,2,518,4bd353f127744c09e6cf35fca040229d24f2f0fdfb89b3845d14aea9f683ed5e,f7985e8e19a5108c5a61eb4512af278478a95b48dfbff2a03b5b579dc45903ea,1,1
OGJ,2025Q3,19,5,519,1ad665c4deced3711e3cf0ff6ccb3a8c573c035a3a392565fc645e251b0b458a,dabe460b682ea38cf4e189f7add8086838fbec75f7323c8cc89be186f531757c,3,3
OGO,2024Q1,1215,1,461,232a4d10490f2768732880465c28072cea48c1af9504d85efc22780efb88274f,14106d8b6470256ec2dce3e232a3f560def6e98351d8ea55e687e644acff23bc,0,0
OGO,2024Q2,1252,1,465,43e3a0c25c1bd50b087fef140275b20d5469e03dc20d280bd6b1ae546201eab4,d782bb7473be55ba5c5459e0a7d1d0ef9c048810cc4660cb074bc8d1cbf0c771,0,0
OGO,2024Q4,1332,1,465,36987b8494a2d1f0d2db342db89f5fd30b7c0b209a8425f950ec760ceb42116e,1623c444d9a12264a3af1dd54ffc08e85bb48d705216d797e02a4de7227406b3,0,0
OGQ,2025Q3,7,1,522,d04347041a7780c90d3ce7605e6b7287b9b62581a06c1df6b87c96b4a87aead2,a01e6f9b9bf67cd709995cb090f93f1191a77ae213b1a890e7eb66b3561deb36,0,0
OGR,2024Q1,19,3,503,a762a0a26a288302da8e694b808956265175196402c489acf6e5bab819531cef,7fd5a22ff0614a9435a78eecda9bee430ac3d1a9587be4759f56813d48614c62,0,1
OGR,2024Q2,34,4,505,c085bf5a893f1272c3fec52b98a066adeb92affafceb74e3555201e7cf1835f1,d7ca197a18fe6fd35394d2b1d9e924fdb2ffaac16e3893b8ea1356b9ecea4e89,0,0
OGR,2025Q2,46,1,504,46684fc9294c698b5c4728c8cb7fbf6c126d63c8a3b36c4eb3e95f6a28d26093,d7ec104e208aa981741ae1bc9bc2671e6c3a75f583887f14c33a0b2f8dc6c686,0,0
OGZ,2024Q1,7,1,508,f6d22ed6790b0823f3b12735dcf7250dad791cebf4268d270533fa6bc526b13a,2619ebf09f49024bce8a9f390a2646ea021dc3e54527aa1d3caa8d00c428bf3b,0,0
OGZ,2024Q4,9,1,513,af59067157b9439818bd84e236b433bf99ab44bc4f9f68721ea8f19b4a91d1d3,c40b1c5676925657145ed816dfe78048de0e4e71d68b9535fc4da2f237454a0f,0,0
OGZ,2025Q3,10,1,517,d4cb0b7fc552a391a69d756eeaafa6c90ee785a48778f57dc66bc44d29ce1252,586f1db6e208a8a5f825ec340ea7e33f4485d97dee1931e7f4189a193a36b870,0,0
OHA,2025Q3,62,2,515,41a480910e504fddd9f0cea3b6cc1b1830fdf8c916e9705bfad9a00ccc61d43d,982621595fbbaf59ec4670fc69f85c691da2c42cffcbe0d64ad1b015d9555d0d,0,0
OHD,2024Q1,263,3,495,e65320a36cd556b9a5b21da100f7bd0ef05e9cafde1e2b54a83c14050787f022,f17f7f340035656e5787186221e98cb6d179fc77397876589c51db887fd00b7b,1,1
OHD,2024Q2,273,1,497,d81554eb7499599fb6a2edd8c8fad6dcd10af0ea6220b8f0bbd1959c889f1b7c,f624dcf018bd7117af2c0ef366f6025a434c1a89c33a122df101132ce5fe9074,0,1
OHD,2025Q2,282,1,499,11e88bae3eee8fb77ee834e7c6355c059219924888915ed378d8e481ccdaed82,586f1db6e208a8a5f825ec340ea7e33f4485d97dee1931e7f4189a193a36b870,0,0
OHD,2025Q3,286,3,501,1ea79dd0de6c0a2da6bfb30021e1dd8fcf705183bb37768776dc2a09dd60fdee,08891241ebe44e38e955ffeef2dd8b0aaee62b2a48750125098103aed7bf0d80,0,0
OHH,2025Q3,4,1,524,04b63899afeadeee9cd163ff14d1b463393c3f91e7661e9e76d92e67ce607d25,0665286073e333e5db6139042804677761759e30ce18c4b18db623a293f37cb6,0,0
OHM,2024Q1,31,2,497,6342b4753dca0afa8bd2098eef5187d808d8eff4dceef412fad4e603ed172a57,dfe4b062c98b50709ae8910c7eb086fb3ec59e46a0c92ce93087aa11038d835d,1,0
OHM,2024Q3,44,1,500,7e0b77ce01d4b6630529d9bdbc4a63bae33454a9c738bf043c82dc0d7c3b2f24,0e7ce2c55b01e28812e7fd0b7e7682c2f5cf97d5e220080ed0c6f04b26b18df1,0,0
OHM,2024Q4,58,2,500,a51b35bfbcd166b353927459026b3396b2bf8d432d099af04adce1548e187a42,f28e68ea465ac44a327bdf553108b56a7de78956647fc7de9592dab593e7416e,0,2
OHM,2025Q2,68,1,500,e40694dc144238aadfadf376a15fbcf40113b2fbe367a81104bcaff2292ab926,a5b4864803fb4abf683e57d5f47cb371966044d4ab4e4bd93785848c339ba6f8,1,1
OHM,2025Q3,72,2,502,a784ff01f6181743eed5e0d9b3c801ab946916925aa5216bc09872dd0f5d02ca,8af96a56e6c8d4bf61ded080e6cf697406d513400e15e9be48c2c92c4938f13f,0,0
OHM,2025Q4,74,1,505,8c8b773f2564ce5363f7fc3b39bce6b865ac5fc7360a52f1de2200aa8dce1ae1,06ffafe2347c3a89f0bf26e1657b8d45c014e9f95a710e5bf5b17ea7045b3deb,0,0
OHR,2024Q2,490,3,452,f209ef92f8d0f3bc71648bd2e7b28b1f71b0a6e57b816365953a2aa184252843,ad4c6b5df20710d89163b854bd4ab0639186ce193d9dc88fab7a77cb5cf803df,1,1
OHR,2024Q3,527,1,449,6bdc07adea58fd8b95a7ffa428181945e6e82d8eea2ccf83103ccb193ff72af6,7986c188fb6f886fe49c10e0567f93476e028759a1df307f14027173ea371dde,0,0
OHR,2025Q1,606,1,449,f81d8c8082d83b22eedc6bf13ca7b804fa7bf0b5bda182f8fddd1416083edd9c,a870dcb24a5decb006ff62fa84d61e196ae2ada80b26cb1f88676e14c29c6c22,0,0
OHR,2025Q2,630,3,450,f74c06e554ced158a826fa8650bceec81a8e30d4be9a53c0136d7600d7bf8983,5624e945d04b49cd1a5b860ed16b9a97412f77e849517764d553cfcd1a6636f6,1,1
OHR,2025Q3,679,1,450,6dd39ef15f2fe43be9aabc9ee7283569be0219a699502869e5d078d6000d87a6,69c9b47649ef5fd9ebd2d096cf6ac8a423c34daacb3af8b0455b7a4d46370e03,1,1
OHR,2025Q4,701,2,454,1880980659e7539137536e2d20fff68da30b19c6733561e099fb96ee8537898c,585cf72353a7b3b76d52137734c0d0db478eeb6a54bae17ce5b35c4b9f7b120b,1,1
OHS,2025Q2,18,4,515,8d36385fa65f3cd2dc1a1949b4491d583d4e769b2764453f4cd04e5e03082f92,1886403a0ec928eec462d565fe9d5c7015fbb4d5650175e9ee94b6883404956a,3,2
OHT,2025Q2,14,5,518,7dde0ee7ed2ca63200ee5022c9bcc178d7f146f0843cd66f8515479fb126d373,40649d267d04fbf62e0ea35f793cd9f355012defb30d17ce8097fd59f42a3d68,1,1
OHT,2025Q4,18,2,521,0715455c95dfb0d25a1a4597a001a5249b5c3e44a7ff32d8c606b664ea819302,c264b95dbf0cb00632d20991162e8dcc865b21d298b56526c204c09494db6d7d,0,0
OHV,2025Q2,66,2,503,8d8e1e5e3650ada30243e12f98398866637822eae2e4014616143431c7ad7666,1ae976e91b3b16e25772f167d1e055fca734c1fd809bed1495b8528a837a337c,0,0
OHV,2025Q3,69,3,504,aed8335bf159d95ee41a3b28dba80e27a6ff9a1d0b0f685e1d926628ab95d1ee,c36ec967ce0a88956735bbbcfa173581c07edac41d455be8335609c57f59206c,1,1
OHV,2025Q4,76,3,506,6b1bc865d3fb04c2b178ffbb411a9703c796eb8d485bb8994f39b834977f0e78,cb2503a77351c2c5394ebbf34b0210761a4c5ccb036534e9b69f568562f5e366,1,3
OHY,2025Q1,20,1,513,fe3ba13f8094465f8a754d2fcacf2842f68da60c060d95d1a74595dab9ebd699,598a368849023e0238de665cb5ad2506d41b4ec6497efa2fdb6b432b05bd9241,1,1
OHY,2025Q2,22,1,514,9e9a51ab04b65467037e155f46f37e7d924375e399729878b4cd63b5e54e3dc9,fcd229da6cfbc892ce2cd4f9f3efd59ce90766369c9b87fb5768b4ae435f0855,0,0
OHY,2025Q3,23,2,516,c771f897f2f1ff6abe8542546db6929388e11a93f34877ae38207c0891edf5e6,ca579a8d66908496b9da8483925989094ff552cc51bc163f5f7a618b43353156,0,1
OIB,2024Q1,1,1,516,b134877affdcbeccf4479cd5db4c8fd254ef2b835961fc24eef9adaa4b022ec2,de4083f4e5c33620cfccaab77a0519ec09cf957e79b5f188e54363c02babcac3,1,1
OIE,2025Q2,1,2,524,0007fcefcd095f3e8bc0fa58dae9d96ec74fa1ce2910d0243c6ef7c4b7046d64,3709964a7c8784eccba26c8cb48eb0cb1693951d1e9d744920e760a9dd1695b9,0,0
OIE,2025Q4,5,2,530,76e85d39d082d3f92f735f0ce7ae6005a56047359da45493dd426d73074c3d60,03038ab412ed870377e8f45719f69c1ed3bf733b01df8420b311551e03f7de30,1,1
OIO,2025Q3,3,1,525,a4f382b5f3ff1fb34c76033bb69729f1bb324110fe49f46198035b156da13a5c,a45a4d8ca8f3f66cfe922287ca79f1444322afd4d71aba862038704c11a2aa0a,0,0
OIR,2025Q4,6,1,529,1b631dd483392c8e5f7b17e4e5c93e90349deb455773b1fff795c129d7c0b15f,3697faf9942af42685fb3f815b16f9ce5d825777d0421210ec2e5cca8734bbdd,1,1
OIU,2024Q3,4,1,517,e16ba8127f5e21f9a4cc738e7fcfbf525223eec2863bbc04ef222a40c9e9eb22,c5f1bdea4b936530e6d08a46848374a4e328fd17c67662f67ce7ed7f65217cef,1,1
OIU,2025Q3,5,1,522,0fa5880b352748fb7b9360adb61a4900ecdc08a1af83459de739b72a4cac95ab,6832e84ec787bb1b9b0587e8cfde91de6beea69890cacd7e948dd0bead445a21,1,0
OJF,2024Q1,3,2,514,9170be2566218e85618bb26d51d9b4a3e6d89e2cfda36b1925ee9843456dcf44,2c6e1b448ceb28460c47f472accf893dfd5719e1bb37fbefd9ee38875cd781cc,1,1
OJG,2024Q1,40,4,494,83edd5c3bbff45b09bd0fc74e6dc9bbd75313504de899e2d5f534ada7e268c98,421a0c3d44c38331326359863401043ac51353d011da4bc4f8e433170b736ed6,0,0
OJG,2024Q2,62,1,495,d0e12a8080ab9a28826b5ce9c441291840a37996b1f1ce6352e15a3e7fc141f9,6e09471d01d382b76e1a78471c1cbdc849d6995b18bbf3a1d1031f289eb059eb,0,0
OJG,2025Q2,81,1,497,591ef92437aa9579a108e91ade1be95f0115ae9393fb652d937ebe4a8b17afbe,3505a09e641e891d63441edce657c8ffa3ca4fcfe450475d764e26edfe1c148d,0,0
OJG,2025Q3,83,1,499,10d97d891df5584bb919afcd61d8031c1543c14c6b07408ed9eebb10c1a01c7b,a45a4d8ca8f3f66cfe922287ca79f1444322afd4d71aba862038704c11a2aa0a,0,0
OJH,2024Q1,227,3,467,56db3df023c44b94adbb56d6460a2d4345754558c275d8036c3e86a0bc851ca8,18b268c2c6a8457cd7536f8c40eb4ac8fbfb3247fd74ae5ecd5cc9124d19f18e,1,1
OJH,2024Q2,285,5,469,1228f99ec44c834a2616a1f4a1393096ea61b32211e4c5a05a69611cb246b77e,189c8bafcdf3aaaecd7c54f1132dc12204f4508830dccbf632c277362d4dec63,0,0
OJH,2025Q1,360,1,465,bf6d004f9e64695942b59d9792b04d4d2a679396c94f56e965721cc72fc48e97,56555c92e2b587cb6c0d02c35616350f4812e39e7557c764ab7e800f3b8cc8d1,0,0
OJH,2025Q3,389,4,469,ec2107cfbae60048a33909dcf4bc1687a64f0e01b3166a1060fd1bfd7adff550,ecc9720c01e5c6a14eac473531fd6625509539c6e3b1022d538afb2fc5916a85,1,1
OJH,2025Q4,420,3,470,bae4338da4b3610f45ca6c4c30a9f517dd3310a2ff4447a2aa93b33c888091c7,517932447bb83788ed822740098f7ccf08b0e342688e21bc1d2624bd79775235,1,1
OJJ,2024Q2,1,1,521,2af3285d24e9b95481de81347b1c1520c20c20011692f6aef4bfbb50294f1276,56555c92e2b587cb6c0d02c35616350f4812e39e7557c764ab7e800f3b8cc8d1,0,0
OJK,2024Q1,43,1,502,4485869f94f0314991628133f5feb6b884dc8eca7e596d45cb6eaa01a538a809,439fd981edb3e2f2627282b1b655676cc4176970a4c243218b851672060095be,0,0
OJK,2025Q1,52,1,507,9e4be6b8b502663b231bbcd46af962a9ada758e70d112a0183f8ad33eb355e58,221324166e41feb46e457f0490759eaa3aa9a12f6071baf143042e787b07d16c,0,1
OJK,2025Q2,54,1,508,a1fd033b7955b77ead813d4092fa10eb41499fb40d75e93bbba167dd1252505d,9559394944156fb2a0c90f41e331d152be56122dfcc492384b2e1292f0e74ae7,0,0
OJK,2025Q3,56,2,510,42efea23e32a59d9159080113c39e1535f50451e1a0c754f265c91b7c870076d,fa293c0f56c52110850ad51c3000d18b8c144bbd7db539bb7a2dccf93369a6fa,0,0
OJK,2025Q4,64,3,513,5cd899cfd892c3ab025e10f5b29c7387b7b21c4161865db2c1a219c20712f7f5,c0a60a6b1b01967e79a60dc2b4ad0f016bd16bc4fb4ec9921e262eb72cebf4a5,0,0
OJT,2025Q2,7,1,522,53c57e81550955a6e87cf9cc74d9fd7892aedf61f5b7200091194c354f92f553,0ac4f2a3fdf592a8a70bb0776a0305651761f12777248c2b67d116667d9cc46a,0,0
OJU,2024Q1,143,1,499,0ef313707894a4f683cf29ecf724910144bad6ff88ce28ebaa1c638603394fe3,8ba4cd635f00b3bcf096007d75d2dee0e2f0cecb779985cc35a904df4656edee,0,0
OJV,2025Q3,1,2,527,9f24506e86d6c8b8e5e4d1ed97ee00ab6043e5bb799ef6997c077f0f92f55e5d,3f98ac5fec87f28603b2aea2a01e0c2e7c230c53c8fa90fc4393f7c01d5e2775,0,0
OJX,2024Q2,17908,2,384,f11558fa3e226f274e955f72104e4012400d137dccf81b7de9b2b52f4860f416,1c9d04e68ddcec6e27264ec9285ca3ae4acaf2f19e5c75d1721b87cbe8b6c516,0,0
OJX,2024Q3,18775,2,382,18196dc62642d0ab0fde9183145cdf1aaf8d5fd991ce787470ae3ec9a576f3f1,a99dc904f78072e494bb3ddb153df8a9dcf0e8e2349e64c1bf18f47c058feb18,0,0
OJX,2025Q3,22117,1,386,4a994af26ebea917f7cd8c97c47f10467b2085587ef68c22fec665b9ad5cf4f8,bd5ae63a29890d42f6512a1e7fe6f694176d700f8f76ec36212249be32b87292,1,1
OJX,2025Q4,22981,4,390,8274f1f7ef193796d0ca11fb02f45398d26387bf1dfe71b0d200f7d55349f320,3095c119f491fbb50ff1bf808590e8ddb8fee3c0e996f4f860de451aaf3558d5,1,0
OKE,2024Q2,1,1,521,35cd60daab00c2e343b10892ea68a3c40a5905cb9476695d610ba41e5d11345d,06ffafe2347c3a89f0bf26e1657b8d45c014e9f95a710e5bf5b17ea7045b3deb,0,0
OKI,2025Q4,5,10,530,7737b935eb2e4da5a468e89c5e2102898efa2d1ecb0a99ef48b8779c7af7c379,dc636d071ced8f83782c7cc9c138531d80c1fd0e7dd1fc6358a4599ec86a0e1b,1,2
OKV,2024Q1,7,3,511,187bb812f0e96c0392da7689bb0b3d73e3b2e8392d5d669eda7bcd2fb745d1c6,1aa36752a1ccba3af25236ce24e6f2389d46f90d26eecf9783634ca78e1604d2,1,1
OKV,2024Q2,10,1,513,814a3e0432473822466cc70d7b32e5d58806e71e316ddc6a2bd727a8ead9a7e4,12a6e199c2c6f77cd1b8dfbe7d507bd7f61a30f1f02b3954f4b12bc8c45e9782,0,0
OKV,2025Q2,11,2,515,83d96382026a0df687a5483b6f49d37b24e0d82b8cca5365c73fd4fc33171c8b,051376bfe38688ad6dc24d85dfd9ca863a23284f61210b84674033b77340928e,0,0
OKV,2025Q3,14,2,516,cd37be25f2acade823ad1fb65a3e702a96dd58d8260e8833de8887b039c45466,df3d8c22e88093c18ca0e5a99810c894d2b82718cb32517b0b010afdaf1b2b11,0,0
OKX,2025Q4,5,1,528,fe21d784e02887c225f9368d631020888194d4b658e58fed205ae802107249ea,ed56fe39c73a503756ac76ec637f7e2270a6535ac1b3cd0cbaf54a2c8d813909,0,0
OLL,2024Q2,5,1,519,b1761763de252ade6bde346e8aabed8ce43d987e570fe89018a9efe8cec7aa9c,d0925ed7e7326fd1da0599f4480b6028be72c31955c5064207f11ff98d94efab,1,1
OLL,2025Q1,6,1,519,b8ef67bc0bad60b0bb33ed11a4ef01ed4e6fa06d22cb382236d8f891d727ff49,083821f12d7436845a7f874e2f134d5103a891c9516a746670881b21b9919c61,1,1
OLM,2024Q1,122,1,481,1de82814763a6ea09e898a78d8c7ca2bdce34f4fc62abb624587dbea5072f0e4,c6981b383d5d405d002d8a7883d4dd3fdbca3fbc2a7bd6b9e58e48ca0094d38c,0,0
OLM,2024Q3,145,1,485,ccb52447e4e56d2bd3a2c968534f8818fd646238ce3ecc9a245b59b222971212,c3156dcb5e24fc6884b10c1df34a7e86ae30c83319b0a7acc85dc99336696e27,0,0
OLM,2025Q3,174,1,490,f21bc56ff6d8ebc67206995bf27fb794bbbd5e50ee4c0e0bf429f5165b383ce6,a934cba2aec265032cea9c359cf78dc88bf854a1f114d1cf423fb3fc0a455094,0,0
OLM,2025Q4,187,2,494,fc4639913a8a097afeaaf56bd45e36142fa53d60b16bd600768ed0922bb3d9aa,d7e26baf8e687b4d30099a3ad0596935c0c28646e51484f73808f3126b3a6d86,0,1
OLO,2024Q1,9088,2,318,63a40545622be8632d05a01dd31a5c39805b3501d448f450fdfd47704816028b,7fb663b8edfe1e7aeae0547e925869244d7c2ffbfa158190d9aed3be5296f61a,0,1
OLO,2024Q2,9640,1,321,31f13e417108946d3a8bcf12aff040bcf36c0c4e2865f2bca1dca6cb3e0132ed,95b327c9e953fd3fe62f2415a7e93ba14d48a5ff796400a19e1ac07c809b7b8c,0,1
OLO,2024Q3,10087,1,320,dbf1ae907618527f5059175074fe55f00991ce26aa8a23ecd6067ff6ff8b804d,ddb2232b1309a7128b09bbeacd40b2ea1df746e19856a0675ae672f4f7158795,0,0
OLO,2024Q4,10702,2,320,60ff04e2d1e4edf046029c28bda6772f9261576c59c1afb6e3114da88abcf057,6d1675b82680607bc11884c328694bd9745f2b6aa23c945b9a4c2937aa050029,0,0
OLO,2025Q1,11442,2,318,43e93bfb03bf172e6fb833bfab1d823735347e35c7e772c929b43066d79343f1,07e293afcb93e3d7d6e3917ec35020bb9e83a976be5ce819042c9ee39c881edf,0,0
OLO,2025Q2,12613,3,318,9ce87d4ebc46d1aac493f67aebe82852d20416f5a90509f404e88a2111052247,4d2dc46d814ee22a4270cfd4867e92f48348e0241ee02be9e77acddfcf0ec1c8,0,0
OLO,2025Q3,13306,1,318,92541da3650b4c66654e450ec535b88104f2c08dc720235a3a4a3b9949bc9af8,30731c20afe074feb0f071f38be137e66adcc48d75d7ffa215d0e88c81e89f91,0,0
OLO,2025Q4,13996,4,322,1445893a76bce073ee0f0133f54639eec6fac3d9ecc86b8f1fbd6dfb255d9874,8a9ef2ef6f0eb0902b90bbdd13f3bf3195cf2ffd940fe6408582705a7da16a72,0,1
OLP,2025Q3,38,4,522,95d9ce81e60acbde41237aeb3964bee55a3d8a2d833d44a70b9007187d695cf1,ccb01f0c2e2abb6ea43ee8b23f4f7c15c6650622d929d5a51fba60f61de12046,0,0
OLR,2025Q3,1,2,527,82bddccc67ae6fa8b4325d9f4134fabba23f0473158ab8d508bb5d464a86d636,25637c4312ee07f99b6c77c76dc8330fa20219950c49411d0a8c3a8a6df805ae,1,1
OLR,2025Q4,4,1,530,8f35089050a9433636ff452b2982627ffc9efb3a7d46bc779104005c30a963dc,8ee4768ca710711739fe0eb1350f14ebdec2c21c30e21ae2e0e2adc52fbe7172,0,0
OLT,2024Q2,19,1,505,bef9e22a4ce15d154eb113a6f4ae7a4b81de62ab295eb8aa252b7de68a241750,06eb7fdea1bab6560dba4c8e62efa29adb2f6f8a63eee0f278154afb1acda5ba,0,0
OLT,2025Q2,22,3,507,7d586bd82639126d868e1f93b1a8ee2c0449f7d02e73f7283be98f66e1ee1900,f38f5b8c819db20f41b208b584f364a3dc8606e4f76cb00c31daf60430d370a1,1,0
OLV,2024Q2,9,2,517,5484800b361338214caff8d478ccf239087047e42221d2d1b954cff0217900f3,38039f63dffd64a57d759ff3c39f829b5ef14c21f45ab6a3a85570c2d3f52bd4,0,0
OLV,2025Q4,11,1,526,e219ccfe2cba6d796344fb3328b2903dfc8c922c5ada8526b3bdf99330f481b8,0d1a6b8a2ef2278075ba133c100cf51faa01259bddcee3e206c4ac375dd49c09,0,0
OLW,2024Q2,115,2,492,bb878c89d1c48102da1551a553f743c3c31a88d5c0b696c218214bd6c790936a,2a57821c8acf3d9274e9aa505af4f2f4710fad286d55ab5566f3bb11c25fdb35,1,0
OLW,2024Q3,131,2,490,d808114f8d210d0e4a22d5dcd0d5167d87593686b4bd0df6ce7270126293ecc0,16206bb8263802f16189ae3f8ca755616f18724206916aaae186cd283946f203,1,0
OLW,2024Q4,142,2,489,c11dcde5cb766c96481b0e64c670353a1269396f350a1b8f400ddfb5e2ed376c,8098e27820726e62919a3acdc0d133b254da4f3ad27878fc95c2c00bcb68be14,0,0
OLW,2025Q1,174,1,487,f3b176e1587cb16c891f32d5171661b6c577485dd7633a03d594da3115584ab6,96a2ce8601b91337bc7ad5e29da42216f07936936e35f4eacbc78e4e22820714,0,0
OLW,2025Q4,227,2,496,e937343f2c7af8c1d69586d97ba66dde2770126295ff6e1ff9953a9224bed9d7,d8d05e5d278e64e0309ad178ac991a3ccb9eac2a4c4ca362ec3b1b9f4d4ee74c,1,0
OLZ,2024Q3,3,1,519,3558e5fc01a624194fea46b018e2605e775655d1f68231eb6710b5875876bd1c,f871daf976560eb79e3ef5cb85b3d2d6a3d7697323456f5fb281da2a26de8a6d,1,0
OLZ,2025Q1,5,1,519,b8bdde1d685910da67f7862ea2298d8a708cf17ec345efe1d2fb65f5275f1762,e510f67624be6d9dea806b0c95de75ae52b169ee40f216b47ba31236cecdba5f,0,0
OLZ,2025Q4,7,1,528,f683f1a09dc794a5be43ddfa9369219936e3e109a7f9680f2d9f3373ab989944,e23191cce8b013609a93fa6552ce263885ebb9abf128e2eab65b73c69de62b70,1,1
OMA,2024Q4,1,2,522,ca07d7dba1537f5e852aa95079b08d6ff5df642a55125eb9c3d90105daf0fc3f,a77e04c290aff4613a411e9b2f953e2c6bf207bddd6197469d3b25316e237df3,1,1
OMB,2024Q1,5,2,511,f8bc029aaf6aac3387977682ccd728a3c40822b00d6b070df26066c1c61e7ad7,cf424aa1e3739c33c58807de41afb99d32c0e58f4339856c6418dd66d55d78d4,0,0
OMB,2024Q2,14,1,514,22593bcfa955ba3d2fe73e07ba663aba28592a13a5dc71a0988ecb6385e2ac22,3659cacab05527b55657926c7f6335720a935c7202daf914d7562dc0342d2acb,1,1
OMB,2024Q3,19,1,513,e55e3d8e7d1d11a80cc21da4201c80bfb6d383babc21bdc7f9cc4f776a4dfce8,0b9598569210240e6aaa23667916d4602ca08460cdf117c6ff5ab47a948c4ce1,0,0
OMB,2024Q4,22,1,513,2fb6ae4cc6245b9f452b86c206947667a7b22fb067727219b43d8f2317a3656b,c1ff6c3f31107763f9e4a48f48297d7ad25a00999a88fca2a76a90f77068b597,0,0
OMB,2025Q2,30,2,514,c8f50e0caf2b0b44689d862703ced1f01377084a6e60347ff1116c2135978353,8c13a1b670e1ea668a7690efde6985123010f1d9799406a8461e052894a80077,1,1
OMC,2024Q1,2,1,515,382efce8d2a80069133a9ca253ada477ea3877800fb8d8b2fb6fa789cb31de7c,bd5ae63a29890d42f6512a1e7fe6f694176d700f8f76ec36212249be32b87292,0,0
OMC,2024Q4,3,1,520,a720890095e33b8ccd8ae8b6a7dd1bca2623efde97ac2a476377b7aff86f3469,c5f1bdea4b936530e6d08a46848374a4e328fd17c67662f67ce7ed7f65217cef,0,0
OMC,2025Q3,5,2,524,9b46100de68f19eff307d5a94059be261362e61c860c62d1fb0c9297b1315c68,1893f6a3949b6e702ef0428bf8fd02d95f4a36cd80c74fccdf137bb4fa74a3f6,1,0
OMD,2024Q1,771,1,496,671fe8083f73045b5a7e24c9e39eb009541717d89fb2fb5f027585873723cb6f,14106d8b6470256ec2dce3e232a3f560def6e98351d8ea55e687e644acff23bc,0,0
OMD,2024Q2,873,1,500,08a87336fa119c3931b37eaf10b2b8eed0a125bb3d6f9831b71d90cc9eb50072,57dc770617ff6777df87b210b8bb9f2b9314ad58ea38f8ccb79809f0ae688261,1,0
OMD,2025Q2,1083,1,502,86864bb013997af3af1b5f207af7f839a10bc4d05885da98ebe77c20cdc69413,a45a4d8ca8f3f66cfe922287ca79f1444322afd4d71aba862038704c11a2aa0a,0,0
OMD,2025Q3,1180,1,504,e9eb46066b8dff5aebf9f04050d961e6575ac32f4d4de0d70af89223d949a174,38808ac949eca13262bb87853dc93864bb63cb2bcf583c6b7b2a4c12d9463cdf,0,0
OMD,2025Q4,1246,1,508,8cada489b27bcf318214ccee63c0768476d09eebaa3710fcf5cfd2c2cbdc6a51,8ee4768ca710711739fe0eb1350f14ebdec2c21c30e21ae2e0e2adc52fbe7172,0,1
OMP,2024Q1,6481,1,363,96f72bb58b1a113621d8ca34c730e901ced3f2b240f9a14029fd706412cfbe53,715e1d9e5de6e9ccdc0d5504d23325853ee433f856717588c7ad6c19b1861b35,0,1
OMP,2024Q3,6558,1,367,54c2d7f03f37a50e6495634b5791ffc51067dbc20fcdc8f07d570c9faa1694df,b51ab52cbc702a484f7aac2ddcd0f45adc99b7e502b2c475994cb7669837879b,0,0
OMP,2024Q4,6596,1,367,2ef19252c9b1220c0f6f51b19bfe98a78ca7c50990e621f756ecf262a0347fe4,19685015ccc5f952d6265dc4bcb7e7a163dc7c4746cd284c379f330aabab1da1,0,0
OMP,2025Q4,6729,1,376,56d791cd1f60b843c24db265df20a74074c54165b1b5dc18fcf802d90d188b08,0c0685696fd40b6ddab99823769cf408e2436765b9695895dfc5a7f737807942,0,0
OMT,2025Q2,3,1,523,3b1e61b2c1bbbe24a0e5d081fc0220a8af2fae9240d0570ec81e7e925a0ab240,5fe5bd762629a8a9cb381c223e50c4a8e1fe61ff295966be187691694764725e,0,0
OMW,2025Q2,5,3,522,389473e2527001d83a589baf914d5772cf49e0be01a0c069640910f6d2614be4,51fdf26ec6c3250136a9d4a7ea781024f294c624ee802f2fdb722a52cd65b0da,0,0
OMW,2025Q3,9,1,522,d567c30384a537c248e3cde7e37dc4f09a556f690dda5e9b0bb53351f8155c8b,fd6733de78e0a4f5db655cf283fa7ae9c05060cb90d72f9cba4716e75f9a8784,0,0
OMX,2024Q2,130,1,515,d94987d34e74df17edf8fdb4f139a55b8210a7ecb5618b37a3398c198681cbb9,8d679bc0fcab565c28f10b0b96de772fe7ec45d7979c51b1ece80a984650f2b2,0,0
OMZ,2024Q1,10,1,505,fa70da6db1622608370c3599a6bf4083ca5db280ed31b2c1aa01598a47900d8c,221324166e41feb46e457f0490759eaa3aa9a12f6071baf143042e787b07d16c,1,1
ONB,2024Q1,2358,1,413,cda27f93cf1c1dd5928b08b143dba3d5bf7c34d9aa6de819f56b62e736ba094d,13588939e0f4bfa86f69c73f2a18dc25c75d5fc78346fe663b84e917dbf8dd9d,0,0
ONB,2024Q4,2840,2,418,fb21d7b6563877a75d5d0dd69366e6af05fffbcad24cc699f143905a00f04a4c,7b96d580b925b8c0f0ecd1c596f8950499877aff8ed9bbc623a4d250463c636e,0,0
ONB,2025Q1,3044,2,416,fff55a320036a5fc580a26db43ae0df924ae65b92739bd9d3e913f0fb6b72522,5a5e6898e8821daa98d959eb8d95e79855c7808dfbc51532da52cc22413e2508,0,0
ONB,2025Q2,3201,5,416,aac282536b569f39e3c524f761399e4902fdd3e56c99bc158b865c3533de5d4a,0d66eaba54464b0066fb9d3a77de5e1c2362767cc82c7d2d6b0e05bc741a5bb1,1,1
ONB,2025Q3,3501,5,414,c35056aa962dc187d7dcf70382d6c8b4c693a8c818ef825cbeaa45ee0b7428f3,ebaee3fd8c6e1bc7b6786da30b5149be55958cb7bfa94f8d4f7363dfb509ac3a,3,1
ONB,2025Q4,3812,1,414,960a08c58761d395bd5e20e27fda540cc29f416d0eaea5f8a61de026d25e8fff,86daca3065e34a338f076ca3028252428f4d4d05c7236baf45bd8e40c11efe88,0,0
ONF,2024Q2,10,1,516,b9e88732f65240c5a5ed9b81e9468bfc5b92f588daf4e9ffa05646cb5616ebd9,8eb538505fe52b9ff2b97d0624a82d31240b10806b73e71a11fb1029912bda5a,0,0
ONF,2025Q3,15,1,521,673d4513444f95b79b66b879d05e5257608c9e471698a8955b02dfcd6da57eea,c0a96f021be2b891bbb71643ab13928f1c30e4cf94f9498b4cae5f22f76816bc,0,0
ONG,2024Q2,34,1,515,f39a894ba0ccec86f4a1dd640ece96b60b265e3a9d358fb906f523a47da858b3,81a2026272ff63d01f8af801ee48fcfad671edeb997efa58ad6011c7992e636e,0,0
ONG,2024Q3,36,1,514,615a8cb05c4c42b228dfad27b57e623eca37b940ab0e4a6de9ef0c0299711204,1a799f91e80489f19f12e5f18a5b3fec090c14d22b5ff66251cf34f781101b7d,0,0
ONU,2024Q1,2660,2,460,f6c4a79a6f123dbbb240dc54b461f0ef9b6aa0e87866ac12503713dfa23e216b,a8ea4113298e581e08915a04e0206796452a8d7684b0ba925cfc125e7b991e2b,1,0
ONU,2024Q2,2745,1,463,227e53b11b9aad6b555784285d12f92dee2ca84b62844010e29bda7e1e42db42,d7ec104e208aa981741ae1bc9bc2671e6c3a75f583887f14c33a0b2f8dc6c686,0,0
ONU,2024Q3,2873,2,462,f343c48437c65bb070e81341cae080990f7588c9ad8815622802730ead3d1d2c,9726f3327d88b5a1185afe22bb531e56dd72b4488e0f9e9000645dbc6c5bd611,0,0
ONU,2024Q4,2964,1,461,3786479f7fed76cc1293363ffea19459b9ca9c67f0dcf3896a50ef320241cf3f,fb95e9840f23730aa51c934338effa5ce262e83d3fb27886f75b684ac0b56094,0,0
ONU,2025Q1,3092,2,460,beaa8eb2c30dbb9bab9c53a0cb3afc60f7f5b5c9abdea03e41a0368c2e28ffa9,643e7238fa5d5699753a57bec1d8c1de760ce3f1d6c76b11e49f8b2daf7897af,0,2
ONU,2025Q3,3302,1,463,535aabb641d13a618f70d36240ee4673cfc063d459834a51996d25afb9024a8d,39ae8f759350928495deda149e35bef91830fff8deb6d13a9316396daf34c3f2,0,0
ONU,2025Q4,3402,2,467,3082559500ca4426f5f20ba0763daf8160510ae756933f078de0762309adf264,ffd703542672e598de93bf8279d3dd419d00c5566a71a8f6d6f541de89e5ffc7,0,0
ONW,2025Q3,22,1,519,2d7e289fb3fc6cf3b7914e3525b60802b9ca89ced6747ad82f6af7227861d2cb,99249405892de7687f34281cd2e00b38d3a7b0d4b394db13bd3a74597303eb5f,0,0
OOB,2024Q2,19,3,511,b022e31f37d33f3f1d4722d2aa6c256912c2ff28e79664a15650f329971e2a54,266890a9bc7173184a5aad512cd0b214406d451ae56a66c669afe3be272bdcbe,1,1
OOB,2025Q1,141,1,509,56ab06ffc18290abda0c5810eff2308563000d8cf33d4245600820e8579e69a1,e397784c48b2128e957f45ef79f152203f0e86f32f8c2cdf8b1db70cd42496a6,1,0
OOB,2025Q2,200,4,510,75081cf397c45f901e93c99b5d828653a496bfe4541484e24185cf18eacdd725,5bcdbee6cc4aa6b5d65249a278c2c9a27ac66b4cb71d95e8bb7e2a72d9d20f99,1,1
OOB,2025Q3,259,3,509,3b52254a21ae74e4a43c4f659a1e8967256313e7de8a51782d168d3a55589560,e0dfbfe2340a1cbc89d717e40510a6cdfea6c39bf60e7bcddcdc1caae3b21bd8,1,0
OOB,2025Q4,306,1,511,2faca0aa7b7dfd0ff48d982ac6fb4e4d2057dfd17b7afb4d17b33aa1be8d69c7,6a12e99824aea0d5feae2c12c8465437870d0dd31353dd3635102d45d7a6d9a0,0,0
OOD,2025Q4,1026,1,511,06bd6f0c1720b99169abbd51745ac8599b98a9653ec96127f8f124cbd623bd0a,3659cacab05527b55657926c7f6335720a935c7202daf914d7562dc0342d2acb,0,1
OOE,2024Q1,1273,7,421,1b9ca616056f242acec12b4579236cea28e6b900a17030df816744df2fbdaa17,2d59a4cd7d736e07e76537a9bf427839f381195ddd24624d00b3e03ca55dc3fe,0,0
OOE,2024Q3,1471,1,419,08d9429f6ba4fa273faaaed43a7d7ebc4bcb6ea324b0bd4e163dcda87f60560a,081fa08a518230c4e993fdf55010c6e700e403f64ee77e3797cad87784632fa3,0,0
OOE,2024Q4,1542,2,419,2ae53a30dbec799d6659417d1dad4d17ca7f7484c9fc5e61eb77f188716bd9c1,a943155617d80b9840b69f9993bf72bb980283ce926d186ca7a149180b3bb585,0,0
OOE,2025Q4,1973,1,427,4d7506023b7cd43f7d665b952220032fb92f9dc6408bae83a377a338e48532c0,e23191cce8b013609a93fa6552ce263885ebb9abf128e2eab65b73c69de62b70,1,1
OOG,2024Q2,71,1,504,593afd7812228de87fb817d85ec9b85a9c667d518b23fdb9665ee6da42af72bc,083821f12d7436845a7f874e2f134d5103a891c9516a746670881b21b9919c61,1,1
OOG,2024Q3,91,1,503,fdab3cf54a5b44c6f51db344592ebddaaf315ebe3d03f9d2f877449aee27e967,cbdd00c08fcd013e55e94815c31b8e42f822f7d7d47f2836753892256c8267f9,0,0
OOG,2024Q4,135,1,503,8dd06f50bdf3145e7db29233d31dcf726faca0f0af62746816e6a99aadb8900a,26cf003c63d921055440ab26236e44982cf0d05a9106dbec56df5e72c168828a,0,0
OOG,2025Q1,140,1,502,f0bb09ca53358caa9c252bfd55da064716a2c449643e3d18e20f7c93efa10933,e545563b497023690c9b474b0e63e1a6ae16dc9d52f7ab31f156f6d4219b072d,1,1
OOG,2025Q2,145,1,503,0d08268a51e471964ca4031b617d975e10d40bcf3dddeeead2a0c18158b6698f,bd5ae63a29890d42f6512a1e7fe6f694176d700f8f76ec36212249be32b87292,0,0
OOI,2024Q2,1606,2,472,98431aa2ef2aeb8bd42aa34467f2485a823b810406d4216fd345b192bbfd7012,06e5f35d8b558a18919c7bce3bfce3a83d9803accaad453e304255a3a4600406,0,0
OOI,2025Q2,1998,2,473,e1fe05bd5abddd3dd55b844b167d10f1a5a82badb0a62e718bcba57c9ddc5752,042aae9df7046a6bbfabc832452c1ec87ae58bf87ebae65d6b0d993efcfd2849,0,0
OOI,2025Q3,2117,1,474,b0d6f50e9fd28919f34139ffd32c047e6ce595b0dbec2182033e984cfbdfcba2,acfb10ab27087d511617594e755f404bf01db800769a6fb9bf6b64a6eae4c863,0,0
OOI,2025Q4,2240,1,478,9ad53c7cb9916ddb891cde47b410e906822186356d681d50f503e80108d2ce98,5fd09d1b78591e13ebddc2a8e95189433e215d44d0347594d994d099496e9ac9,0,0
OOK,2024Q1,8705,1,478,e925fa54799026d49f05a787b1430ee6472e14053bcb7e0e718b4f3235e96a16,f624dcf018bd7117af2c0ef366f6025a434c1a89c33a122df101132ce5fe9074,1,1
OOK,2024Q2,9072,1,482,a5f49e7fe289899648a1700dfb829a422e8a125509d803fc80056c4396999774,598a368849023e0238de665cb5ad2506d41b4ec6497efa2fdb6b432b05bd9241,1,1
OOK,2024Q3,9391,1,481,538cd962ba7fa8691c239b67c7df7d00a1befb45acda4a4c19e52c7461f05617,5a3d3cfc1bb437dd0d75b54956d2200f0b358170beea7d7c30e5184fbcf68213,1,0
OOK,2025Q1,9982,1,481,7d435d2a167d1d55359e2b2a8e37641d4d30670ecf8a4e0bf0c94ff408b671d8,c1ff6c3f31107763f9e4a48f48297d7ad25a00999a88fca2a76a90f77068b597,0,0
OPR,2024Q2,348,2,485,36c89fe704a417c5f158f9b9cde928fa469e15d0847b292370e80e97d71c08ae,13c9aada50528f6305b5efea5dd4b924e03be97478f2fcd7be42be75fba05420,2,1
OPR,2024Q3,426,3,483,8e0c0194576f806474027764f1ab921c42ea10f5d52b95d54a39446cc7ce2769,a1be20d39dde1a41275a127f9ff8f202545702a3d26a2cfce35ca07e1917a137,2,2
OPR,2025Q1,534,3,481,55ce6fa2ae942062bf8ad7a0e07ddc0f42abd815ff4f07fbbf26dd82982cd073,0f678fdddb292e148771c46479cc4f2c9d431f28c8edebb0cca3e80aa42b5164,1,0
OPR,2025Q3,661,1,483,0435f130907a1d33e6e7f2213087d7664baece1a6e6e3e3580278da6a6077b37,0e7ce2c55b01e28812e7fd0b7e7682c2f5cf97d5e220080ed0c6f04b26b18df1,1,1
OQB,2024Q2,11,1,516,1ffed331f8ee81fa9a4f5c55c0bc804c7e3f027b413bb87dc5bbfc8e64da4557,3697faf9942af42685fb3f815b16f9ce5d825777d0421210ec2e5cca8734bbdd,1,1
OQB,2025Q2,18,2,518,831f3f9791031a3d0e578a30cd58f53afa541bab9108db833cff1fcfb37851c4,44f7596bb933ae3c03f4254ae1a2fa44404435b9fdf866ec73eb7344b223a211,0,0
OQB,2025Q4,21,1,524,797dc8c7711654fb2ec0e5cc1f1b5f75ff9437940db581d8df9ec23b9a53ae6e,3d5b4c710d6c1ee6c24d7b1798abbf471196fca1ed5584de4f6f1d4fab26f02c,0,0
OQI,2025Q1,78,1,502,dacc10aa85f885bd8b74b7f989708e2482ac286302ef77aa11705dfda855dc3e,f8b5a1f732d1fa106c665d1f896ee50369aa4f2a5fa606e80c4ab6f3fad43ec6,0,0
OQI,2025Q2,92,1,503,e7de96af07b25fcddad8fad9e0cd2d71734bceb00798f6a1302c60594553e624,2347b5f9fc99fcb36264441f380dfa46acb748fa78699ca15936e1452d65ff8f,0,0
OQI,2025Q3,104,1,505,29ce5077bb6af925226626ef468d0cc1fd2f82e03fdf2713f78c20512fa3d4bc,e23191cce8b013609a93fa6552ce263885ebb9abf128e2eab65b73c69de62b70,1,1
OQO,2025Q2,2,2,525,d021af00d93aca76c251b9e035db2125352e6f4a1a0d2386eefadf0efde80f6a,4134554571e8683c8e38e8491d5f7c1fdbd9cbc4730565fec01755eae6f07e5d,0,0
OQU,2024Q3,5,2,520,79e5edfed4c1b91d2086deeae52085c4bbc41ba8c6b8632535730f6beac9eba5,0c31ed699574a85544c45d7d9d9b4038aedb23a7f03f188285b0c44f152eeb88,0,0
OQY,2025Q2,1077,2,465,9fe0b5fb5b63f82394bd707707d1631502893b7efc2b390e359c42a49a0bb4fc,e69338c1b44f2a3d1465deb2834209e102e083b70c024350bda03eb832a70dfd,2,1
OQY,2025Q3,1125,2,466,34e005158fb157059154abe2d2227285a3d9999fa9b04d973f7c288efa851730,50aabff365c5985fc517efc3e47772f4fb1b2719ed75e9f390b7d370d0c5799f,0,0
ORG,2024Q1,164,3,446,f4e8963f8af802d048980c5da9d8ed76c2ae008c22898f3e15de3f90c55bca45,e576961b78d94a1fd08bf1f06e86224d5befb67840a764a33d47015332c4c559,0,0
ORG,2024Q2,191,12,448,aaf5040885ef279df11804e045f760a00febb74da7e986509ee23802b26d018b,385249d9b57cf44b6bf2478b0b5a28ee12ed721d42ea0e2e667218ef85b4cc30,4,4
ORG,2024Q3,236,1,436,dd80e013beeac3bd39c83908baca8277198f75da0d1389c992f6adaaaa73760d,4be456711aa1993110b2bbbe24949fd53f13ea70b3c57de714c0449c91b0ede0,0,0
ORG,2024Q4,257,2,436,3446ccb3fec36576bc541231859333889ce455261737488f54c0190744a7a89f,64d262f74407c95becc86edf680c28ef6577e1410a2652394c8e99436e218a49,0,0
ORG,2025Q1,281,4,434,fcd3fc17fcdd1da8902038a2c90cb437389b6e8b3f737fd324672eff8429809b,251fcd1f7cad7bf19399dc6ee02f626ce378a9738bacfaaf0f904f9ebacc65be,0,0
ORG,2025Q2,313,4,432,32cf5e5973029195fb8fc0fb3b4c5d81f125f3bef23f0b30cbd5fffe10a754e6,e4a63446fe2d24f71bcf2fc170820f8a6fbcbf9e9635203294f3ec8ab1a0c6db,1,1
ORG,2025Q3,339,3,431,5b5668d545929fbbed4bb43dfff3f84c520abd1d4813147155c4befe2f59c624,923beeab4e25958a92335b61234456ae3bac67f2907f8fab823b08dbc9827cef,1,1
ORG,2025Q4,357,1,433,cc900e85ebed0afdbb51e9f6a1353239c18b4c5537344acb5ff784afed8bf9a4,2a1a0bcbfccf254ddf08b70740e0ce9508d9976140981f5ce30192183d87dd8f,0,0
ORQ,2025Q1,13,1,515,5f6c5d8cbfee5741243879c14529e8234c7ab133e2ecc8a8262d550438f8cba8,2021bfcf916adca8c3c724e44ef0de9873a3b8b8f9d00974868d55254e755982,1,1
ORQ,2025Q3,15,1,519,365706016dde1d328b5269f5ef7e69e7a68aeaadcd7fe45ce87211ff5abda07d,1ad7da01ad9afedca3ca06eca6f98a05415dcb6066060971d68b6929efd66ddc,1,0
ORY,2024Q1,26,1,506,5ac940bbf5a1aa44d42a7ebe0fcc6d0eb5256dd757bf6582f298f4ddcb06f87b,e545563b497023690c9b474b0e63e1a6ae16dc9d52f7ab31f156f6d4219b072d,1,1
ORZ,2024Q2,26,1,514,df6358bc9d8f52a44f5a836dc71418b893aca1596b731bf789817404599b3654,e545563b497023690c9b474b0e63e1a6ae16dc9d52f7ab31f156f6d4219b072d,1,1
OSH,2024Q1,52,3,506,4e07bca77fc3728873a90d53fca74d28058e5054c3e9a23160d5f9c80289d2e9,871bea579893cccbe992fd9ec3c806f3e19a67a7af160b828e3f6cf63c9697c6,2,2
OSI,2024Q1,280,2,463,f508725144e6c3a059102bb7c014e68145f1e4961ad59ca429aa2bdc84dca54c,d0d399ed25028c63f2ad27ac13fa9654a450db2f8bda8123bd42c2def66a4e0c,0,0
OSI,2024Q2,331,1,466,306a59dd9361c217d78aad5fff16ef0aa57065d19cc46621a6ada104b39b3ae8,69dd86f64a08232acded735e7334857c487cfa9769ea4444d703e11109018043,0,0
OSI,2024Q4,453,1,466,3fc572edc82b7f20e8d1c1ee56d2ce8551a4c496e31aa13a4ae4543561ddd170,8d679bc0fcab565c28f10b0b96de772fe7ec45d7979c51b1ece80a984650f2b2,0,0
OSI,2025Q1,499,1,465,436a2aa380ec5c2af71bce3804952de5e8ee846b9c4355d5c62ced4eea0aede7,0d1a6b8a2ef2278075ba133c100cf51faa01259bddcee3e206c4ac375dd49c09,0,0
OSI,2025Q2,544,1,466,495fb26a9b70e963cf92b5106d87a53c8aad1543c52ffa74b48ba021d4a507f4,57dc770617ff6777df87b210b8bb9f2b9314ad58ea38f8ccb79809f0ae688261,0,0
OSI,2025Q4,627,1,473,296d411cc5359adccd24e8c026a4f90b7a796862a628b3262b054b697c3f47ad,71798fa4b4cabca6ba9d14739146ec22200e76b774043e4b21c6f2898827461b,0,0
OSM,2024Q1,348,6,464,1499b71438bc2e3c1416314f02a5341399d22db8b499ef680c7b9e230eaca8c2,6e2288d0bb01cfd0996ead48bba471babf303b8cae3fe729f4a6bdfc539e9930,3,4
OSM,2024Q2,427,1,463,0699120cc5b53bfbb394e1de9bf27e7c6f2cef850c31063d99998d9a902dcf1f,53479775bd1afd7023a4eed60fbd9b95c86495af4c782b342b53059ed50a56f8,0,0
OSM,2024Q3,467,1,462,c061d9d6fcc9ddb6f580aa2faa5ee3b19d6cffc1bcc387c9ff70f39de15411ba,ea55a2cb9f8bae3d4b3ffbae2fef3e2161f3f9786f5a96bee6a29ed99716b604,0,0
OSM,2024Q4,499,1,462,57c1e2c230952cfdceb0fbba727c7692b19a4912ad214e0a986f8921bef456db,a6a0ebc661bdca78ef039a803c3c305d0bcf29af1f78f1fe07b6f7690d5a7573,0,0
OSM,2025Q2,550,2,463,82cab3e8720991889080fb6c9fcb6d1870ca836547deac9e48bfc7091ea9cc25,e8e75c8b5418360957184eb33d5a8eec0f1544804efa9b66beffce8f0bdf6007,0,1
OSM,2025Q3,569,1,464,f5915b6fd47c03c91993991413c1526c93483d66c519e452bf91ed4fb62091b6,6aaac4c087a792d286d3515a44379ddb473cd0625f83dd380ac1bf9300202e68,0,1
OSM,2025Q4,585,2,468,38c20cfd321a3d0f7d0430e1c963ff940b4e0f86674bfa0abbd3017c223dcf70,f9e73554079acd9a9d9b24f6f9caaac09a4edb640d71a04148771f8fda63b438,1,1
OSP,2025Q2,7,2,519,7e2693ea9bf0965c915ea2c5e5584c5d6fccad091402312c63d6ea238d082aec,4eeace0280a9e42d8746c85e296af481f59013a4a768ea958c167f2dd5aa0e43,0,0
OSR,2024Q1,1533,4,443,3cbc5bde6986e13edf7f5d40c14214f83308f6e611ec6a5295c3fe0c99d1a2f0,9cc5d315fcf28644b473d88f1830fb7c892d1d438192a9c93095d63882493595,0,0
OSR,2024Q2,1654,4,444,c73fd83a6aed2a0fc0c4bbdec4b1cc86da38388789dacd091fb29eba5fdbc23e,b1fd2157aafd5327290b8cc5dda41f0b17d92e9b357d8524589d626411473b32,0,0
OSR,2024Q3,1773,3,440,9ddf45fb44a7c501ee94b9d1f2dae88561e3a54b16f6cdf5530f70e9f04aa59e,bf24255bbb4c3e9038be0122ca0e232b4dd5f662c17590650a9037328e23a23c,0,0
OSR,2024Q4,1882,5,438,9755e2a80f648690053a1252c4f302cf040fe1f52f8164a7030df7f11883be59,12e21dacf1e5be78602a1434417686851e48e93127ceaceff38c0d42fb26e3df,0,0
OSR,2025Q1,1980,2,433,8a13fe3cc229891eaf9a861a98d1a5c56f2b4d50303a71a56ebff6628bff8898,439e19e24ae10b71ada058f25c6cc586b75e86f7ada134f8a9e751e8d9ea1e90,0,0
OSR,2025Q2,2076,6,433,5a21b73b25fe0637111f1e7ad0b73751d1e2cf59cb823115132769d119d26f90,4ffb9520d13ebe682f4b0f9af3ed4e3ec7f0e295c6a35657eb64be3182716c2c,0,1
OSR,2025Q3,2195,5,430,69a3ddf849d628c48687c1e7fe4ac9bef5d6ec0432a23a4e33bada5f44a30700,8a02f03dee1bf2b496c8ccc2783d000571b6a00a8cba74e853b8d49f1e19dfb6,2,0
OSR,2025Q4,2603,9,430,e46444cf4464dc08eff726f6cf1b6b738b707e11dd4f85c0874c6d57e93ff7d0,009643067a59573cffb474db9b8c2468362829007583a63f8922d38f45535a83,2,1
OSV,2025Q2,5,2,518,996b9385772f397aa6904135266b90a2d4458df8f1992239b1b867a691e7b0df,231903d0fcad91acbe65512df63a39f809dbeb6e292b8275216631ed4506e65e,0,0
OTD,2025Q3,497,1,501,80dd10555814dd63dff46b0727f1948f1c4a96f52c2c0526add3c0dd413d0474,6aaac4c087a792d286d3515a44379ddb473cd0625f83dd380ac1bf9300202e68,1,0
OTE,2024Q1,274,3,478,9274bf3f28b41f1ceea7b0861b752ecdd8ced95405c31b27a1b5124365db0d2b,5e109912f35df3ba79d6b4b2ad520af85f222760c04c7c1b7c3402cb8fda5582,2,2
OTE,2024Q2,300,1,480,9dfefc4c73510b16f483722d0aea3f1723413aede129f4774b13ab20f267c3b4,c1ff6c3f31107763f9e4a48f48297d7ad25a00999a88fca2a76a90f77068b597,0,0
OTE,2024Q3,331,2,479,ecb18ca53b60a3372bf5c1185587adbf35f89cb3c3650940ea6f0e738b8bc50c,7fa085ee914b3cc3cbe53bd11232e920698aa5e1434a6c3a637a1e470a4c42a4,1,2
OTE,2025Q2,428,1,480,36ebe46c75c2c082434bd625ef8d2f4195c9f019d7e5a1f88e5dc01318a53083,01f6a48e6f0b4e7c669299b5f4edfd85175208c46e67d96e8739233cc92876c2,0,0
OTE,2025Q4,503,3,487,e7f8844a2fb8ac49aa3d26c581b06d2c76726177640e0652fcb921f862ff0bf3,ee610e17567b2a6018edd11dcf4cce743d0384d0732013e8dc6f45b0fa823fb2,0,0
OTL,2024Q3,41,1,509,25f7527097170d297293c8c9d926873022c35ddf35144b038e7ffc493a4089f6,3d5b4c710d6c1ee6c24d7b1798abbf471196fca1ed5584de4f6f1d4fab26f02c,0,0
OTL,2025Q3,51,1,514,2da106e7f17671e2f25dac825d4253e8104f63ff9780e8a426e75f96ccf87c5e,0e7ce2c55b01e28812e7fd0b7e7682c2f5cf97d5e220080ed0c6f04b26b18df1,0,1
OTM,2025Q1,1150,2,493,6e31d906f4cde4746c99d5f9188e0f5ea961599229d0b34d49990e35ced28583,c5ba35b5777061debed0028f5a1bac8545b90fedb97139ed74e197e3ce97ea16,0,0
OTM,2025Q3,1182,1,496,aae3643286adf4eed74b250ae7b7ba9b19c80b3259735ab53d7dfa197c59be8a,4ece17ec0e971a561225505099a22d0408b1dc0895bb9ca33bd4cf46544448f1,0,0
OTM,2025Q4,1186,1,500,513340e27dcaded90bbd147059a7f7333c51ac785277d2f4100f9396e9760041,0e7ce2c55b01e28812e7fd0b7e7682c2f5cf97d5e220080ed0c6f04b26b18df1,1,1
OTN,2024Q4,8633,1,458,bf470f8d47ec52cc34012095a72702e212ad8280a7c4c9db48c914b0c7bc3f45,d7ec104e208aa981741ae1bc9bc2671e6c3a75f583887f14c33a0b2f8dc6c686,0,0
OTN,2025Q2,8878,1,459,da2db23fb63bc5513352688eb955e3c9ccdbf7aac94eb65591615e1d04920b79,fd6733de78e0a4f5db655cf283fa7ae9c05060cb90d72f9cba4716e75f9a8784,1,0
OTN,2025Q3,9002,3,461,967cef5968aba9c0b457e6a8457e9d787f8bf46d28816be4e32db138aab2940e,7e2b7eb2da53bdc723321e5e7931f1aa1ff5c3dbbe3d2d0840673d4c222a4b35,2,1
OTO,2025Q1,1118,1,487,8792f5687baa18cbc421ebf37544d58b8b474505eb734d008aecef17a50d2736,3697faf9942af42685fb3f815b16f9ce5d825777d0421210ec2e5cca8734bbdd,1,1
OTO,2025Q2,1133,1,488,579e4d68a2b77fbcac62b6f22674f5b304e7c57374891d26a194027d5874a702,8eb538505fe52b9ff2b97d0624a82d31240b10806b73e71a11fb1029912bda5a,0,0
OTO,2025Q3,1159,3,490,ad16bcd3957b1b49926bfa00781c493ba25b89d45a2409c777d66d04cb112355,579e76983a5a90ef6f4d57351efb98eb1d424d4b083230f8a93618877d6cf9f5,2,1
OTP,2024Q2,1379,1,494,3eea8727465ca61152e6230be71c238be1027e890bbb3481d96800c06a6c7380,191c83ef3b46c3098e66e64b58c90f27a6ad43e7d675c97e8e54a1581c102456,1,0
OUG,2024Q1,1453,2,441,35eaea5674566c864f98a383cfa427f15d9948515062ffc2dcd4e5d23946a92d,710679197d5cab5155b73b70c8b51e5002e259ca8b2c274911814b38ec35be06,0,0
OUG,2024Q2,1732,1,444,02750ae235bbccd7e159ada0c9f7b4c802f185b6285091d40af6e31e9268c001,b91931dbe41329fc5a43f6f404d40e8af39791bbc7d0371e509545aa5148e90f,0,0
OUG,2025Q1,2008,2,444,da716414e88e43672b196508c4686c9a1a0385e1e0c3ca6f775653152d269201,c7819676bb02788506570d125aec742b7a2ae734c7bd35fa948110c877f8db6a,1,1
OUG,2025Q4,2278,1,452,532bcb260067ddc2ed1e34d07f9d4efcf773068f0de1b6125c33949cb3c0e77c,06ffafe2347c3a89f0bf26e1657b8d45c014e9f95a710e5bf5b17ea7045b3deb,0,0
OUH,2025Q4,3,1,531,00f3069d0f4ede65b98ccab43bc8c33b2160ecc846301c88686cb4bd4e64b441,3659cacab05527b55657926c7f6335720a935c7202daf914d7562dc0342d2acb,1,1
OUP,2024Q4,58,1,513,945bef051e3ec22d60a62c2df6d37a398ce084c8cf05039328b0cec9db99867b,57dc770617ff6777df87b210b8bb9f2b9314ad58ea38f8ccb79809f0ae688261,0,0
OUT,2024Q1,4491,4,455,40f1114f4538fd6562ede698927916b0730683b43230c614edee0542e74def09,7f6d8f18cd6d0660d746c69f805f65bcc23bd768704705fa2c67ffd42ce81878,2,1
OUT,2024Q2,4801,3,456,75e4359f050dc87a89f803d8753191dada9497f613678b2592f5f9617e2d9306,1d6b8766bababcaeeab1463e7af10043b15f6c4ef24bd64bd3daaec2b4c51046,0,0
OUT,2024Q3,5135,1,453,d8461198cd180ab52ead6f818be7e8716d6bdf746710b2ab8337ab9bfae0697e,a882fec75e44bce5cdf8c7386ef1b398637f4a2814e9a701f6013dbcb950429b,0,0
OUT,2024Q4,5448,3,453,ec533bee753a7457c946fecb989440b68236a4495e8563e52ad3fb366de81d4f,f9f47f8ed67e871a5cdb468ee3f00ac71ac66cbea94b4968703f8d4a83d30db5,0,0
OUT,2025Q1,5817,2,450,9445c44c09cf1b640a6501b3f88a973e6ab19ff5581b3f8a6fde7b062dfe747b,1514d024f5a0b864461f3e3359c3279a7ae3fe2d126a6f5fb5a001a8beca3f95,1,1
OUT,2025Q2,6308,2,450,58ecf7d96f87892f16eb22fa5e4c00221c0408f996999dd67ad1e8bd52199b39,e73dcfd2ac42ab06ff7a8d1fcbd2aaf075e5c35733ddffd77a06068c9177cb45,0,1
OUT,2025Q3,6675,1,451,0736dbf967306b255bcdf04451479252e404b00f8b4b04af528f66c8a701ddec,c450d7ca6153a6609e8c403293b65b51ba2ca9562ff0c8b9f94dfd12053ff2da,0,0
OUT,2025Q4,7045,1,455,e979524659711a6c5c1362b7afc818f8e1b2e5c0c03a924eece982012be26a5d,d7ced7469b89f9f3cc125405d49139095c136e8f3a5966fe6b997aa2414e1364,0,0
OUY,2024Q4,26,1,517,eec037bd7bc8005f4d64c7ebc3b176e4912b86d5b8713428e44d2b6769d847b7,12a6e199c2c6f77cd1b8dfbe7d507bd7f61a30f1f02b3954f4b12bc8c45e9782,0,0
OVB,2024Q1,1197,1,497,884a675c641b61374d508409a32edd0a8c251bb167462c049eab9754b6947a69,06ffafe2347c3a89f0bf26e1657b8d45c014e9f95a710e5bf5b17ea7045b3deb,0,0
OVB,2024Q2,1276,4,501,efb34c2dadf6da826f3203c6f8b7908fff164ffb92b09a99811cc5a10f613c0d,ae7901f59093c8bf9860afb3c15b5aa4dae7de9c0c3329398a90b7baf3d25cae,2,0
OVB,2024Q3,1357,1,497,145f54607e94ededd269b4375a5576d3e5191be73f5122199dca6285b624e3c9,639c0853fb0c447ea4ae2ccad50b169129c5b47c8755b913897dc9adc29c0497,0,0
OVB,2025Q1,1526,2,497,057116b787fe98afb9e726441c4585a3c296d71485547e3cb892188e1b694355,ca44caf2214fc29231838d38f22730833a0762391a98d659ed02deb8f602931e,2,2
OVB,2025Q3,1669,2,500,ca88459a0da00b44f66b69b85cc005ec361ee07af4f5e6a2273044fa5769b7c2,ecad28dd16ba74c80a101e644cecadceb475cb4725c6ea99d9ba55438ee8c16f,0,0
OVB,2025Q4,1767,4,503,14ead2f6773b34b74f3a97be6689902775d834d6f938740ada05411d4a947e65,2b0019814c2788aed34524dc823ed0c5e32eb37ba8078c7a6a4925e9918092e6,0,0
OVD,2024Q1,736,2,458,4fb0eea13f3fcce8d4b7ff2a2e693f17c5d76e7484b7ce2c1e4732bf08049c7c,5eba04ce4d6be2fefbb31142202c57cc815fc269fa1fb8bd49c7b979c09bf1b5,0,0
OVD,2025Q1,828,2,462,86b1fd832d9cabd3b5d0c8930b9cd60008eb6fba395f0dcba77356bd431f6c00,7574ada786b611d91bf17e3d5c66e047b8d77e8683eb0fd0234839f67677919f,1,0
OVD,2025Q3,852,1,465,17196a4cb55e39bc72a9dbfafedf4312af1d168d60f3f2ce0abb87421a546ee7,bd5ae63a29890d42f6512a1e7fe6f694176d700f8f76ec36212249be32b87292,1,1
OVE,2024Q1,865,1,449,c27079add8ec6a276d48335b413921207e7f4fa505707ad8a0d71b6998fc4c90,558b3aec709916b18f2c9ef4fb2706ed970885fe7e23bf25c552afe141b331a9,0,0
OVE,2024Q2,905,2,453,a351628a5851c4dabb35f85a6d146a6814315eadfa491d7600477d2607b4c680,59e251cdcfb2c3699960d97e4ce113487984f0980bbe22189a0083e297a6d9bd,1,1
OVE,2024Q3,949,1,451,5c934b042d4797520249e3329258b55e2af64412eb6c8538041e3515097f1941,fdaad9580dfcec1acfc41367e03d8b8c22a0addbc4921a87777990153f78028c,1,1
OVE,2025Q1,1007,3,451,eae5061d0395bee9c09aed543b8827720cae750d7a998ace620c34a68112e7df,5290260e61c98b360aa49a6c803472de0bbe194d1d0f1025e32527a4412a02ef,0,0
OVE,2025Q2,1044,3,450,33908f86f2bb359913ea7caaf33eafacb2c8941b7728213affd82a09657877b4,688faf530ae0f4295444f83b6c012ee7ff6550ff482af602e4a0d5e299918d0c,2,1
OVE,2025Q4,1118,2,455,481f7ce424fe2539fe4c3b44f5d4f9b262c66089262eab0f880cb2a927b00613,d3c947d496777f70ca43e80bafcd6cd608ec3af3bae71a8bbdfb28b33a317935,0,0
OVJ,2025Q3,14,3,519,901bf6414415d950310be913552cef1e7b8e84ebb2dfd430a5f43e5770cc3b80,bcd8c9a39fa43e798be9bbbbcd4d5d42aae1f7276ed9edffffb9daf55f982c65,0,0
OVJ,2025Q4,19,3,521,3b80ce3ef7c58db20040b32856d2af78f9b33ab375284fcd77e0bb92623a2536,57bb95ae5522249c14a185c2aef4f56168c998035e15cd22056a62fd14894741,1,0
OVK,2024Q3,6,1,519,57e7fd86cdc3b73dde1687eb485078c0524a4f28dcdddb5f44d66e1ca5b1aeeb,c5f1bdea4b936530e6d08a46848374a4e328fd17c67662f67ce7ed7f65217cef,1,0
OVN,2025Q1,8,1,519,eaee9e3537aa8ae850dedbbe674e80925ad3fbe137d658c5e36cd1aaf244652c,06ffafe2347c3a89f0bf26e1657b8d45c014e9f95a710e5bf5b17ea7045b3deb,0,0
OVN,2025Q2,9,5,520,2052cb7527ad1262fbc61d53915cb3c4c94cacc418d931796d6a5f6020ec2caf,c386d3bbc3992452e63eaa32fb78e83f0fdb9d8a5601b122170ae47003322f06,3,3
OWB,2024Q1,15656,3,340,a03a4f3e9117d82539b287f05bba2eb02597a2acf19e3c9a694052683c634833,8b4af598028200d74e180d4f66bb03a2f584c93e878de5b54f5ec31019776395,0,0
OWB,2024Q2,17687,1,342,ad0b88b94806d350ea6e3e063e67bf71a17fe83177400528a069693d0f22d9c3,5286afe6750396c3f3f78e89eacb435ccf79268871705a5d8ec1e607b5a74d3f,0,0
OWB,2024Q3,19410,1,341,9bd8d2aa40fd620bccc3e33be65cc8735f34fa0540a281f8a9e4d376556dbba5,8e85881a6c746848d0add10258162f9c57255e43c09f41419efa4fa5480b77bf,0,0
OWB,2024Q4,21460,3,341,0aed3a7605e6b48e0dda485fc1e5b36eda1e6b186c7741664ef284a53cea7a02,6b230d7f1a8d2b198d45de2dfdad077d8d7b0b71d270485175f3915d26dfca74,1,0
OWB,2025Q1,23598,1,338,2f59f445b2d03d9c781779b482430d6f83b70573b8cc79f23d280d98e5d7ba6b,6dbd796ee769ffa30219ce8a7fb6bd0778e547879b4f1a4a3a810e212edb3e5a,0,0
OWB,2025Q2,26004,2,339,b108277552072dd15ca4366bfa2459568c147a2b77ff4defc9863ffbf8443cde,420b8953adb91d51be7bfb0a92afdb0fca5c181953bc1d3eac2e8dd06a163fdf,0,0
OWB,2025Q3,28814,9,340,1123fbc43c9fdebf8ad5986466c202c6b3c517c443ee04b8d5a2a922af3804b4,26c8d96ea128eb69b38c550efd4fc886095a5355db623038947e2d472df6d8b9,0,2
OWB,2025Q4,33494,5,336,52be1d882cb71077e22b9d54c42f2c7f21ae7f35341a5547080cd588bea425f4,f3eea1b582b399e535783ff1009cb6067c998009d787b3926b361b88aaefafd2,0,0
OWI,2025Q1,39,1,507,19cddfb5a9e91e75bf081458fbd9fb0f7aeab1ebdee616500191920ea777c6f2,06a5b2ea54f190eb0a7e4cb555d3eb01cec876b77cc9f21a5335921a87b1c5a3,0,0
OWL,2025Q4,18,2,522,17a455018309556d2b7535d745e0afd078ade737cc9e2def7b0e268a40c34890,a78bb74ef45a1849d5dca754ef913ca4b5c56aa7ac73baf0df1bf65a4e758f0f,0,0
OWN,2024Q1,986,5,424,fa2f86ad2b93372f00c0c46eda95ca1b398ee0651c0714cd8706a2f4f04a8cf0,662a429d6fa5b60478a837a4ffde853f8a95a19909d823f4972a3d34109b648f,1,1
OWN,2024Q2,1044,3,424,ad6465c9de22994cc8814fa709dc9d2235c97950e4c776323d2954266a45d195,8826e0f9f7b8b7924df166e82d66390b786f5d10fe4447979485131c60ea0ca8,0,0
OWN,2024Q3,1082,2,421,0cc864b31b5bd61d385ddd986b5b07701d1fc6faeab9cafe8cf275e81d06558a,87c54d5dcce97f81f6348f6ca56111d77e4098a0b35477676a504903e1d368db,0,0
OWN,2024Q4,1112,3,420,8d732862b0b0e67d30b6febe7b2738f25fc51d2ba30e7ac792578302f917ef77,17fc620936786d8767d2b22cc061c487817ede3bb08279586b3ba32d641eeca9,0,1
OWN,2025Q1,1151,3,417,59fe0a6190fbc9ad8cdaafbd4a704a818ab99d87ab8a1baf0bcedc3c8588ce09,f3882c9c0075baa1b668e03a84010e97fb0749f43e9fc0a0ccbf9a8e7abf34c1,0,0
OWN,2025Q2,1187,2,416,71ad3ed71a4981939cf4b4b35f070dd47a1d4cd905daeb6625e7209db5a4cd9c,f3e56093a2f646938d0172aec9d9565918d4c68ff0d60f544598fb1b8c852192,0,0
OWN,2025Q3,1231,3,417,7f98df85a0fc754f738a2018ec4a11e6b55c157dc8aa3de4e991b6df38934296,74a7e7b9fefc9e077848de3ca86ed32564f5189f41ada081d44be490e661987b,1,1
OWN,2025Q4,1284,8,419,f9e9657e1f5f37c21bcb794568fd1d9c9c40080814658a1b6cc3cb189840a786,b13eb039e74bb0713d7c2d3fbcd07b267f38cf43344bd8598c030e92ef66e04e,1,1
OWO,2025Q3,8,1,524,47816824de3b15da3828ca88862ec220dfc55fa09d277545a4119f0a21666e1f,c50676334ed094b5baf7bd86428ee2bb9d4a49c7e13079f27ed7169257dac705,0,0
OWQ,2024Q3,145,1,488,370b9c0240ed3776b5c96d61c61ae0392a7824efd5a18dcbdad43dd199d5f5b2,f04a9b043ea63e419307d3c70b380b6564a71cdf899e31cca1ab50bbfa038b96,0,0
OWQ,2025Q1,166,3,488,bf27c2cdec39c4fc081e28cbf69546ce800698b1c495b7c5e81d2595300465b4,e20b4964d1dca789b98e65b2ebe64e01b5181452b873fbb85776477ad0003a1b,1,1
OWQ,2025Q2,173,2,487,670ef40b0681e0250e0fe29ed64a0f92a06f249cac970e91b0434e521fd61abd,a193fa470c44774a64b99cf822d78ac398c7cf8cb896b8da9565cc4aafc6b497,1,1
OWQ,2025Q4,196,2,493,f17d85a05d78bb4c27f56ae4b3a5dc8bcab129ef158198e522a488ddec2f90c2,4f7519881ce872c58dc17311efc50e5fd532620050277c542eb25748829c0d04,0,0
OWT,2024Q1,344,2,499,e91fca244c3ca54fe9c86e181cfa87098f8e45e0254953278987f288f47f0f6e,4064fe2739bdcb7077cf8a75c8335d3d08b937f8a0fefd4c43d1ffafa611c989,1,0
OWT,2024Q3,393,1,502,645818b355168ad2367ef150b026c1fb783b2f0ebe1c92b12bab58577407b6f4,19685015ccc5f952d6265dc4bcb7e7a163dc7c4746cd284c379f330aabab1da1,0,0
OWT,2025Q1,409,3,502,cbce6b5b8c9cafa132168664b2744a0fd522fcb4d340e41ad74f98e1960c50f0,4a24da83dd46711531852865f1115ea5fa279614c2a95f95cd5d428ec0b3c4a7,2,2
OWX,2024Q4,1,1,522,99484879cd40b9b4cfc3f88a1ea998edf0d3ffd488fdd1ae2c00959f6049d62e,b1ec777d60041e8c68e87d32b2d89816d9909e7bb1143b67cdda31cd5b2ff39e,0,0
OWX,2025Q4,3,1,531,e376649d7f15e12e92e676b346742a958fbc86e269a1caaf834971191a77b798,261efddb563af16eb9763793f4ef4a07ddf66db8bc9970df2550287de5d68413,1,1
OWY,2024Q4,112,2,495,a22f4e1b18236835099e130a6cdd2c75b69fcaa8470a9989c66b11eff20d782c,70dccc0a55b0779f564f78b38fb3701b640f45c734f55ca25a4ef31a6111b400,0,0
OWY,2025Q2,129,1,495,c0d5bba53c441c111dbc050e1f473a1b3677443dea5618994a6fa02a6f1ce31f,f4aca0645ae9b53723543edf7a32e2ce8639b3bde004d46afd03e272e392ca8b,1,1
OWY,2025Q3,136,1,497,2dc9462fcd4582d48df3727cd61e7d825edde39ffe58dc7d3a6c83d242a2c970,8891594f74b9cbbc02e7818fc9e2a5c538f57b26003debd82b38d053313caa7f,0,0
OXC,2024Q3,257,1,504,7239933ab5e4c5b77319b5c797c45c76feee4b249bf807a8bc1a7c2b59aa7c11,e545563b497023690c9b474b0e63e1a6ae16dc9d52f7ab31f156f6d4219b072d,0,1
OXC,2025Q1,265,1,504,f7fefc0d51ae5081bb45f4c999131e965e08774c057d48cb9f43c771368a8ad4,cbdd00c08fcd013e55e94815c31b8e42f822f7d7d47f2836753892256c8267f9,0,0
OXC,2025Q2,277,2,505,3f36acaa563cd7f2651cbcf82bfdc667f9035b77f904dc256af71834d64fdffa,399c9bb095f07eec7cf96683bb54fdcd099715db64196400e6876060200a5f46,0,1
OXC,2025Q4,283,1,511,acda7422ed94f114eb18b93930da14eefc37cfdfa5560541b49df3c4956ef122,e397784c48b2128e957f45ef79f152203f0e86f32f8c2cdf8b1db70cd42496a6,0,0
OXD,2024Q4,2,1,522,1dcc8cd4b90e0e3bb30293c213c3f20004fad04f218a106f808fd9ce5566d11b,a01e6f9b9bf67cd709995cb090f93f1191a77ae213b1a890e7eb66b3561deb36,0,0
OXD,2025Q4,3,2,531,b79475871ebd785acabb728410c6300178e0c5f70dd21b8604600f628ba5f7a8,9f9b2fbff1a6f3a9524e792dbb54afa4ace63f6d6bda4566aa9a7e05f05d320c,0,0
OXH,2025Q1,2,1,521,c7ebf82f75bc341033d6a6e647677dcdb95ac2bff8b004f7f31f3f415a885d80,e545563b497023690c9b474b0e63e1a6ae16dc9d52f7ab31f156f6d4219b072d,1,1
OXK,2024Q2,2,1,521,f44d4fd93b1902785d167c0095af97c946a55bcbc80a36ba0b599d2912f20041,e545563b497023690c9b474b0e63e1a6ae16dc9d52f7ab31f156f6d4219b072d,1,1
OXO,2024Q3,3335,2,445,18bffecf1a3b9286b8e71edd8a8cd93a46c088a74f1c20a3889e944046b47f8a,d7c4b71a78b092cad46b279e0da625742fb5518282df9ae0d0a2fd7e11ece903,0,0
OXO,2024Q4,3391,1,444,7872762367a7df4b4f5abf26302c40c6538427b89416522324ffd221c3b9f6c1,75d10aa167cba3bdc327d070206d9b51090f1734c654f3682fed3de898b8a07a,0,0
OXO,2025Q4,3536,1,453,6a1fd62001c93f57e680f824c88911a5cf41c6133d7704727a4a29898db00ed2,5a3d3cfc1bb437dd0d75b54956d2200f0b358170beea7d7c30e5184fbcf68213,1,0
OXQ,2024Q4,76,1,509,c7dd3ef5980c860fe5e075b32d5bddbd737f019d47e21962b63a7385c4b6d817,b514795fcb021b5d26c110b7507d228de6666fc736bde58e16aca507b2ea3979,0,0
OXQ,2025Q2,82,2,510,c613441b605105642a58da5abf604250f0f1c971a75495da18d7cc90d88bc338,073036f5a0e9dc8f4c47e2e2d54679e71d19e39a7ec2f86dfaad3cc2bcc8e924,2,1
OXQ,2025Q3,84,3,511,ffe01117d8bbfbecdae8a01587a6cf1da499ff4c1a1a084b6427367a7e226a91,0ca6bc93156d7e4e7ae0f2f6f3ecb00ff167022cc7c09d138505e71bbc15793f,1,0
OYB,2025Q2,11,1,522,d70bf535335154311663aa2d742093637223efda35be48976302c0599f6909b5,1f649a4907c98ebbbd4a6b4587537e89d527e410a6a77e63ea79c3fd7d835521,0,0
OYC,2025Q1,344629,2,357,62dc8b165427934b4b2863cfe5609232e05f9f6634c90f8540cc6acb03725aee,db61e33c023549749b8d619bea4fca41eeb17405bffac0e0950b0b6b2c1de5fd,0,0
OYC,2025Q2,347515,1,357,b1b7dfa32d30502bad847b5c64578369b4169b1c47bdb231ad89d7e115e9ce6c,4f5256da086a19543bc0d1aa3afe6da635650e0141d5ec3c69b14fd15e0ae61f,0,0
OYC,2025Q3,350617,2,359,eb9e87116b0ba88e5eca70f96643a3f21699ebc26ba422e723e3c6a1250793e3,bd6b2d0ab9861d99946426b00391d81c4fa7f1927a8393cc58e76db33f32ae1c,1,0
OYE,2025Q2,809,1,496,15d5d63d073ec4c06f3e72e37d62462b41ac27c371c1db4e5138d66974df4abb,a734be963810eb6351f5a8eb0d3d0df59126743d0b0bf4336800098317af5b31,0,0
OYE,2025Q3,819,1,498,91fbd670b6f185737cb9eca7ec1189a998c75e0ba85094e8bf7adf82334301cc,ed64a5a5322ce493860dd99ed952f99c5cc4857da12ed346aea053ed4a0e00c9,0,1
OYE,2025Q4,832,1,502,6420ae8ebe797947c28b97cfdebe49d5424176a4d560679137673048ccc1fa69,8ee4768ca710711739fe0eb1350f14ebdec2c21c30e21ae2e0e2adc52fbe7172,1,0
OYH,2025Q3,4,2,524,fdcaac5cb58559b4207ebc4c5da0841940d128510baa3fe608f2c9b89709e83c,9340cc9f812e75afe1734104fcf61097d336d54b147ac29930607d2905f9d43d,0,0
OYK,2024Q3,6,2,518,acf93a2ec49e208661ed3e1cee0117b3727b40dab7d7d2a36f1afd0a3df9ce78,a157413e5fc4f692b40d1649c2160e275744bf689786eaf2b02532db6f9fd2e5,1,1
OYK,2025Q2,7,1,519,ee7a85add37a88c8c5daaeb04509e02dafefcd0f3dddd9d81ea837485b1c3a3a,083821f12d7436845a7f874e2f134d5103a891c9516a746670881b21b9919c61,1,1
OYS,2024Q1,62,1,493,ff158ec5b6c942c8aad611ec87a019d8e84cbe2f6a3ee5784ea76e4d317a04ce,22d9d66ebc39a7263baf276b5cb64705d4faf13b49a11097f31eb82dd97bc4d4,0,0
OYS,2024Q4,68,4,498,d877a6e325b30ddd9343e0cfdb17572977a7950ea633b59847e3ecb93b244e3d,9e9200fd5e6170fc0169dc0f93b902b6f6c1bdc69304f6829784846aeab8d5b9,1,2
OYS,2025Q1,93,2,494,a8753c3658530ab4f5c0904cf74e7702e1bd1caad7774425f083388066431354,1f148f522afc0da68d51c1a6b9fcf52e59b4197d88fc848b989748d3cd875836,1,1
OYS,2025Q2,119,1,494,abc9b41c3e7fcb248a481d88a0392803bd341372c28539ea44295487213e46e2,d0925ed7e7326fd1da0599f4480b6028be72c31955c5064207f11ff98d94efab,1,1
OYU,2024Q1,3,1,514,c28f11170a67e4e33ec3b97e0e9c89805eb60db1819d49461cf64e9eff8189b6,409e212fb4bf98886b260e02291379b63e84fd6cb7ab067b968c4bc5205a31ac,0,0
OYX,2025Q1,1,1,522,2279fa5251914e40b17caf160eaf1b3539b8f8423abc2c41a52dd2412565918e,83032922b0a4e4a72f25138cb32888e92e34379360d8bac23225341e0df69cd5,1,0
OYX,2025Q2,2,3,523,4d8208b02dec81cecb81a80dd1631b01557958e469a5f1f6c1da13307ac48502,36a5aca6829cb567eafe78baa1e3dd0cf745890a4e4b3297beea3bdba5f02edb,2,2
OZD,2024Q1,5599,37,360,09faf6cf6df4107d72f70b816022bb2b365694a83d5617e393bdc5ccf0ec1a2c,ccdf19c9fcd2d14f7ab626ed84efa20ed2636525359325918b1bdb081fa520d9,3,4
OZD,2024Q2,8905,9,328,c527ce1dab5d034d5b929adaaef7ce8f7ce4a85d176be2e12fd951849913421a,f3a7339bcb9e9abe2391dbab99bc9366d66d30df7b5b4e85ed7b741956d5b4f1,0,0
OZD,2024Q3,12511,7,319,2cb7f51223d265ab69e5f36dc3b824fb0d0393437e9c4393d39fa7ebd7525698,ca7d1a567ecc1c121bdf466932f4de4592fcc9df42a5fe300d54d3281ead3603,1,2
OZD,2024Q4,18006,6,313,394b07353e0ce58d2726aea1b7130474e7f26f56a25b43cdb0753ef557fb48c7,b66855b81a794555c49bc0543588d981a6f884d48e455de12fc67afe37457640,0,0
OZD,2025Q1,24191,2,307,d14a718f2c011254929d10e2d500968a631875ed6ef2bfa2826891e8d87ca201,439d862e7a3fcbf2d3c3bb050a0ed4ce06d150a7de01bf3493a7a598b1dfb424,0,1
OZD,2025Q2,25967,4,307,2db169753ef143d8fda0c2dbf1ec7e72459dd4a9b0e82997fbde354c3759f57a,e8d59b1e04d4b76a59c53e64f7b2e1f3685aea15d006caf33c0bad161780d806,0,0
OZD,2025Q3,28619,6,306,91d3beb5a565476c3def03b05626db22f5eaced022f7e0067ed4af628a227b62,cd20771a281c14b4802d4b1e689ab1957ce21c032e1f290f58184a50e90e093d,1,2
OZD,2025Q4,31508,2,305,558ed8f9e425d32b967d75aaec4e3c4b4adfdc5d1ce482b3f76caf072a55329d,0301a8d9e243935e517a5b8f73159417555bb748bd8889a1b09a867d968362c9,0,0
OZE,2024Q1,2,1,515,1bdd58dc73ad950124e0a8190bce1820793371d7a4fd79b9984204755b25153f,5e800d40783d3edae9ddf1f0c212b347b2c6e2e9b641fe20f371488817be4eb3,1,0
OZG,2024Q2,3,3,519,6b370629eb43e68eebae1bc38819d0fb8df5e44ba44d29e90f848fc4f46f9d5f,6aac4a96bc4ded5f96435b4be02c17364368c5c4b196dcad5172372da643508d,1,1
OZG,2024Q3,7,1,516,9987a03c6fb53220d38c41215d376ed094512805aef6df26a96fb21c4c4e9c0b,2021bfcf916adca8c3c724e44ef0de9873a3b8b8f9d00974868d55254e755982,1,1
OZG,2024Q4,12,3,516,408d7654ba9de41de7c662ad20fdb290c0d81d8509f3a64af215d7082de158e9,d2bd91af81c1d2555dd1efd4b4060d9f7b8887299caa069adfaca81b7b51eb4b,0,0
OZG,2025Q1,21,1,513,5f3469566d82e992b2d0a80d58e68b4582505fcddb4150d3ca65e8d2fd958f82,80f7027d6c0b934a23f107e75772120bce88a283eb07f573081b1536419bf092,0,0
OZG,2025Q2,23,1,514,eb766880d9582965d1812df75103c89d17868a59f675a440de4ab72def35c53e,a5b4864803fb4abf683e57d5f47cb371966044d4ab4e4bd93785848c339ba6f8,0,0
OZG,2025Q3,31,3,516,27ed3b37b13c277c3fb6363c543e531e8de77cec4d1f33acfa9d11dc78452f7d,19b74e7168447c4b2d2aa0e50c2cd502e29712200171d1593bd7bb97b9ef661c,0,1
OZG,2025Q4,47,4,518,a2810959972b4a468348aab44f824a9c1bb5e271513e47d1f5a2b25167c25867,5b9d6447524b76a094caebdbc41dba1c6d93168f008cdd864c5ab34ef7caba03,0,1
OZI,2024Q2,22,1,513,00901d8b25547583c32a1605cf3c020a913d08d718df6f644aa5c8ece50cb5a1,a5b4864803fb4abf683e57d5f47cb371966044d4ab4e4bd93785848c339ba6f8,1,1
OZI,2024Q4,27,1,513,25f517956430f8a2ea0ad4bb19f6293de640a0bff4e8f31a4b8f887a35613317,3d5b4c710d6c1ee6c24d7b1798abbf471196fca1ed5584de4f6f1d4fab26f02c,0,0
OZN,2025Q2,15,1,523,77863cdda366e496148cf8869ea488ad72ebecaadf7edad5f98f519334152bc3,83032922b0a4e4a72f25138cb32888e92e34379360d8bac23225341e0df69cd5,1,0
OZO,2024Q2,292006,2,347,b13bf4935ef49217d420538b40d3650282255987a76dd2de8481eb737902d612,ced04dc882c4f02c7c49641a6cfd31fbe85e5b00cbe4c48041690d73eb676a1d,1,0
OZO,2025Q2,300401,1,348,4c2ec8cff0f68c1feaec38833de67850bfe1a319f7a4bbbf24a44b97ef501ad9,0e91202d09fb12c9f3c93678b8b07b4f9b6508bb53fafb877c851effa966b76f,0,1
OZP,2024Q1,495899,1,358,bad747d01573796538d3efecff72ddae368b06e58c8000efb0edb8e68633a25a,6023439026aff82df51c56e919d9ce347f4ba70fc571ac7603218c615077d45f,0,0
OZP,2024Q2,525303,1,362,b1d03303f64a356ae34a665dc25e8cf9a3efb0d831650be0af664d873c423e2d,2d49936df8df24249d54b6b70f6d21da05d979c1e1957fd00a90ac51a7782a27,0,0
OZP,2024Q3,555273,1,361,9b2b4e274281ce99f0ed48d31698fd9f57f6d4fcdb2b65bdb360e86376981a0a,93a393f116ae4ccc41180f1438005ec6480e5bdfb687d2d3db92ce23d9d78ea6,1,0
OZP,2024Q4,591355,1,361,28ab5ff73cafcb39f2a5ea4ed51783b5128d20bfb376a42876128f6e29b27e15,4f5256da086a19543bc0d1aa3afe6da635650e0141d5ec3c69b14fd15e0ae61f,0,0
OZP,2025Q2,655666,3,362,4c8ab26e73321d29ab6f41609a23ffd843f6a25eb383b4e419c15b300246b260,a8471d09e6d41f5f72c34a3f187be022929f10db7449df1dfcffc348e83504b4,0,1
OZP,2025Q3,693073,3,362,c22756c20758d0eb2803b373b83287e908b18993e14a333c67f17ad3cf8c38fe,2cdd47cba121c633542eae715df7164a301e79f89316ba98fa7212242f449083,1,0
OZT,2024Q4,143,3,480,a466c67c36aa243a3445390b168eb14536673fb8fb615f7842e082fe9c77bd6b,6f19409b0e621aafe6c122207018a8f8984bf2f4bce0d327f18150a907dcfce9,1,0
OZT,2025Q1,157,1,477,47211a0b79214536cd279a944637a4460a787732fd8e60ad9cd9506b03853093,2b61fa6fa80b23f93f33d5096c6fc24b0a3db533882824b85e992ef97b9232c6,0,0
OZT,2025Q4,173,1,486,e1f9ec0d225a505a40bff19fd6076495d2523242ab18cbd8ec1ec941976316c8,0e581c4815066a7ff423d513a2adc5f8e1d1163835a251048a3f89dca2383c4f,1,0
PAA,2024Q4,1,2,523,da05501a9f8d00eb60ca34545be6592be626de420ed911bce4ae4bfd596a4920,cecf2bfaa4d610acf2a55a4a04cd095fb89c65df0deb4529f5c36326fe74cd3e,1,1
PAB,2024Q1,5,1,511,362c369e2fc9475c95b4a0cc879e8748f223b05bb25766070d2ead5716db7b09,fa004cc648fbc48aa07924ff3e5b332da3f3c2d020ecc8908e765f1ca14d4cc0,0,0
PAB,2024Q4,6,1,516,23efa5befd2888c28afb3868ba5a1f0daadc51785087272cd8715e380bf3a5f9,83032922b0a4e4a72f25138cb32888e92e34379360d8bac23225341e0df69cd5,0,0
PAD,2025Q2,11,1,513,b495ce841bf5a2b535018b0000847f234a397ac60871ff0c444b072f037d1e67,c5f1bdea4b936530e6d08a46848374a4e328fd17c67662f67ce7ed7f65217cef,0,0
PAH,2024Q1,1100,1,467,b17bf6706d74550b101c380dd535b2743f40591e8febe3b26a9eae95f2857457,04f40a8c8305397da67f43059e7858044f792a000c56dfb6e91f783f8d059f94,0,0
PAH,2024Q2,1175,1,471,778ab7edf241cc91d62f23aa2af3c221bae6e55600f17d0198d45ab8737af197,4575eb8f865b22b846dd91f0e834a983cf29ae08ba67ddf65b2c5f52e5e7acd9,0,0
PAH,2024Q3,1239,1,470,5e562a9cb824c30040f2794ef58dd47fdf9354b1900b2782a2790f19e0bf84da,715e1d9e5de6e9ccdc0d5504d23325853ee433f856717588c7ad6c19b1861b35,0,0
PAH,2024Q4,1310,2,470,28f209989f669db86b5de5360db9bbcb5585ebd1644b06438ce722290558bf12,f9fe7dd64e9c652982ca42c26ee7c7fb9693c7fb00894e12f1955ed5798dc9ca,0,1
PAH,2025Q1,1387,2,468,b1977c8b4d2e36f2ae722192a58f37785f49ede84c02bc1fadc0d0db97e0393d,0eb06c4c177dd7e7ed1b58dbcf65a9a887dde2401d07d884fef0e88e46ba6838,0,0
PAH,2025Q4,1581,1,476,079ad19307e24fa03ea564f28b9f7b128d66bf4966fba03d3e21dc332fe2a50e,4ece17ec0e971a561225505099a22d0408b1dc0895bb9ca33bd4cf46544448f1,0,0
PAM,2024Q2,396,1,518,ec40344ac662c74c3901168589b6772e5f8dc88a91489f2c28862fc47830d033,e23191cce8b013609a93fa6552ce263885ebb9abf128e2eab65b73c69de62b70,1,0
PAM,2024Q4,501,1,518,0abb37989f877b5a2c2520daaef11a76aba23d49b1e63b9de6bbe99b873f5ce0,e545563b497023690c9b474b0e63e1a6ae16dc9d52f7ab31f156f6d4219b072d,1,1
PAM,2025Q1,533,1,517,9a23a12d750b61adc243100427edaf3dab854380faa860353e57fb6d8272cea5,261efddb563af16eb9763793f4ef4a07ddf66db8bc9970df2550287de5d68413,0,1
PAO,2024Q1,104,1,496,e0860577a500b5a8c13325945b40b4a72e22850af9068f5a68f5967f9a199812,8891594f74b9cbbc02e7818fc9e2a5c538f57b26003debd82b38d053313caa7f,0,0
PAO,2024Q3,140,1,500,88b4639cf5814f67919e4b7cbf8831626c979dae5456b08fb6caed9b7e3736bc,558b3aec709916b18f2c9ef4fb2706ed970885fe7e23bf25c552afe141b331a9,0,0
PAO,2025Q1,189,2,500,3ba0ebcbe45430eef5773cbd8808d6e0e58effd1eeb3895e7390ab8ac427b409,1f41690c9093e021fbd46c43590647a318ac80b13f46a6ce0c321b59a416daff,0,0
PAO,2025Q3,236,1,503,02b9ea3520f1a60d45c8dc794a4d1c56e39d217e9eea70571e101ab6fe53046d,ed64a5a5322ce493860dd99ed952f99c5cc4857da12ed346aea053ed4a0e00c9,0,1
PAW,2024Q4,3,1,521,725edfcce11db13f48874c9a88defb26617e6b7e30c02063e9dc4d14ae2843fe,e545563b497023690c9b474b0e63e1a6ae16dc9d52f7ab31f156f6d4219b072d,1,1
PAW,2025Q4,7,1,530,9340899e2dc074b967ef8f98931f8aeebd948dabdcd4f8584b4e8a22f06629fd,3d0105d4b59fda1b993f890378edfb772cb1baf5545f823fc4877c3d16fc5a62,0,0
PAY,2025Q3,4,2,524,5884ec165c1163f5694303f9fba339cd0b406a74ee19fc873d5da808afd26186,9e7152fa7a1a06f9323f86572939a5aa2c7a3436338df72eb65db5bf45f2b823,0,0
PBF,2025Q1,147,1,508,0072ececa06083da45bba43c848a8ccf14414d77ca1ff7c655e9fb2b58f4f985,96d886919b8213b59f6f1eed1beabc0f7cbe40489c69d958ca7d94b65c5e5d66,0,0
PBF,2025Q4,191,1,517,178ea90f8ec4ffac076e615705f06f2a434c1506eaa43fd16a1bb7386734b3b7,c05ea744b2ba6022b60a0d14154462c2a25ff07b90188af340bd1a33db697c00,0,0
PBI,2024Q1,946,1,456,66cb3adec8909c3261de51e1c1e419b2bdf0de243d95f52dce2eb808786fbcf3,85f997ec1c27b1c1cdbd26a7656105a64492fc87e517026f64b1bddd6fb18518,0,0
PBI,2024Q2,1026,1,460,c3fe551741e5e6acb3824e33959ce93d30fd601933c25de74ce2910cf3031de6,91fbbba68d1dc574e38e2504c6295d5ec4e351769b3b84903e42fb39f9ea99f0,0,0
PBI,2024Q4,1145,2,460,62d37937cffd6023cb093a66bf72cc00f4748f564fe4d14c686ee5de5fb712d7,bfb5f95135317ce6de61f29f2bd9e0aaaf60029082c7ec7f461010ca2cf0270e,1,2
PBI,2025Q4,1386,1,468,a212fbff514795a7248f8cbaa7510ddb894432e98b5067bca1e66d13fae915ee,8ae249e9e86444b026ef96dd5f3eb4224403cdc633087e07aed5869f02d19551,1,0
PBJ,2025Q1,14,2,518,6d062b4e478e43423aa63ec2320c456692d0eaa5108980eaf35f8bdea960dec5,dad7e28dd8e4b57eddadd85bbc197ce3f852a58247b4aaea796c502a908e84a1,1,0
PBQ,2024Q1,36,1,512,e88b6d7124c7d0f0c0987274eebff47beffe20fb2ef1c16d2884ae0ccf535352,a5b4864803fb4abf683e57d5f47cb371966044d4ab4e4bd93785848c339ba6f8,1,0
PBQ,2024Q2,37,1,516,152644a023d4da9b8da2e20ba529b617e4ea098066c9cb6ef467dc60c9bb6cc7,221324166e41feb46e457f0490759eaa3aa9a12f6071baf143042e787b07d16c,0,1
PBQ,2025Q3,52,1,521,3689c8ba9404313579531e89a037885994c908f5f38eba18bcf5d90774fca9e1,8891594f74b9cbbc02e7818fc9e2a5c538f57b26003debd82b38d053313caa7f,0,0
PBY,2024Q4,2,1,521,bd4279fdcfebb3e09e62bd4e2995adfed9fb05489de20b3163d205fed10e9b6f,06edbdfe6d728e3dfb5f9090d6e72a92e5b67383c0010e0df34534bed283ea16,0,0
PBY,2025Q2,3,3,522,91f00029f42615b07a9a3fdf3a7c6238bde0bc5560e562f88333a12355bad9f5,090caae98034a94d7ec67d69fc97ec2259aab6c033a17fc06ebd87facd85ecc9,0,0
PBZ,2024Q3,250,1,518,7c21dfbfb49d5d213983f9c18dca33503ea91e8471615ae206560f7cbcce6073,f871daf976560eb79e3ef5cb85b3d2d6a3d7697323456f5fb281da2a26de8a6d,1,1
PCA,2025Q4,1,2,532,2f03b2122cbcfd2a7cc77f7383fdbd68e72f125937d07bb860334bfeb2b82361,42b3748361e852136c6865dfb98a2b98371013b8f1eaac2ad2f9d27a551a9747,0,0
PCB,2025Q4,20,1,531,a6d5b7c1380a527389775e2d28a2713f82d26c2584d9597212e43715a07d151a,d7c2ad28f9a8d3c69320c4e3ef423a89de4b7d13ac1697d95e6130e0cb149e64,0,0
PCC,2024Q1,12,2,507,a9565997c3c1d29a89094a91ff3553f4aa3f292cd7a1b7ad1182bfe097ff8b33,5200fad615660b85c4fd8b43f379402bd39c4c66cf83db20f32a3fa91afa3d25,1,1
PCC,2024Q3,16,1,510,1680ad2aee83d8cc2cb905d8e7b89abc07da41ce6a900cf2a39ffbfb62899d49,c43ccd44f90c7bcad6be7d75aeb75910c9faaf2db0ebbfb1a206a0e5d8b51448,0,0
PCC,2025Q3,18,1,515,14ecf8f7d6ab00981551a3849a7117f39b4f691cc0f965615296688aff7e7bea,fdaad9580dfcec1acfc41367e03d8b8c22a0addbc4921a87777990153f78028c,0,1
PCC,2025Q4,19,1,519,eb6821f122386dfa6cef6a573753d1f02ce0f265b5a1fc25bc787fd7ee3f9323,c6981b383d5d405d002d8a7883d4dd3fdbca3fbc2a7bd6b9e58e48ca0094d38c,0,0
PCD,2024Q1,87,2,464,0955f26a976fdb9b83491d4a2428094444de0f843713fae6228e975286bb8c75,de7b2d5f275f275a5e4b3561d5f31a61d1aca6f56bede631b22b652bc6b57703,0,1
PCD,2024Q2,92,1,467,628f07882a66361616cf248c5fea6606515cfbdca9836d1a276785a75c27f895,5e7fe898f4c83bfbb332363dcce0b6fddd1d6a58c8aadc92c46bb43e50560177,0,0
PCD,2025Q2,106,2,469,8ca59c1861c2fa1048f4e46eca18f92035e56a251903ae37de68b4d9ca8edd7b,4507e194f2711672ae70c0de6f3310c00fae32ba3b820b991005295d74467533,0,0
PCD,2025Q3,114,2,470,42111f2696496f37540122d05cb94594203a1fdda11e359232971d181f840745,65641e05e2515a3dfcd35a64ab5b7b6f81fc0b267101874aa30414c26b6bb6d5,0,0
PCD,2025Q4,118,2,473,d2a056939e6c5367caad1353e16a6d4dc1b5f219ab624c239dd782e3d6c3e00a,07522f0d413c25e2bf25f442912f58e6b2e8fb2c3409bcca80aad239ff0760b1,0,0
PCE,2025Q3,5,1,524,17da5d47c84a1af5a097fad0a4a4f2a4a703f25a8cbe343ba59c52165fc6a0dd,59b5b0ae7d1fc2a634132930f488576d94a386df805610c17e9247e6d22ff913,0,0
PCE,2025Q4,6,1,528,0a8fc6f98424c81ef99689169c7af61c73244ccad7b1c519771df69f70d687e4,10660adffc097cdbe50eb0ff2a86476029e12b2b1665e45428c444244bc7da02,0,0
PCQ,2025Q1,2,1,522,c9770c4ba073313517137db398b36167606740d7ac7d10cf283b9d9fcc93a1c6,2347b5f9fc99fcb36264441f380dfa46acb748fa78699ca15936e1452d65ff8f,0,0
PCU,2024Q1,910,1,477,7fd3c533429627f9c0747f07dfb2a6a43d038eca49707c21b621f260ce83dae9,57dc770617ff6777df87b210b8bb9f2b9314ad58ea38f8ccb79809f0ae688261,1,0
PCU,2024Q2,995,1,481,e35e8788ee88a42a706b3b9fea3ed3ae1a8c8bed68af84b28991fca2c9f2a281,d7c2ad28f9a8d3c69320c4e3ef423a89de4b7d13ac1697d95e6130e0cb149e64,0,0
PCU,2024Q3,1097,2,480,6fc92c30499e7e075a05becac97b45a90c49c9c6be29db548086f686f9ea88ee,13a91d99447cbdf7cf5e0332ba9907377ce57cd1415f74923e2c823b6efa5634,0,0
PCU,2025Q2,1389,1,481,e8c5bc9ee917793b7e0d23e7477855e25a5210bc4a3951240f60f9dfbd5abfae,d7ec104e208aa981741ae1bc9bc2671e6c3a75f583887f14c33a0b2f8dc6c686,0,0
PCU,2025Q3,1454,1,483,a9788f31eb374fbfeacfdc6f5db4f0353c4f6388fc46f1dfbed268f38237f8ca,2347b5f9fc99fcb36264441f380dfa46acb748fa78699ca15936e1452d65ff8f,0,0
PCU,2025Q4,1525,2,487,43aa16d1a90d48b13f6dc22bb3765d364d37fa0e466493c5d0c86d4f93b2ad8d,a8db857f74869fa046311bbf0f0137c87738ac9f6df98a119469e89a7b34c187,0,0
PCW,2025Q1,1,1,522,746fe71f279d9493aa302adebcdd58777e6166c7916ff69f064d224ce504f13c,56555c92e2b587cb6c0d02c35616350f4812e39e7557c764ab7e800f3b8cc8d1,0,0
PDI,2025Q2,7,2,522,f9b12b577fa0af8a28377c642de8f605393783544ef5c181b7a430bee119d72f,c3ceddddc95417e787f1041beb4a9410a03ccb30cdfa0d277e282a07b8b3e000,2,0
PDI,2025Q3,11,4,523,7c4eaf4eab8ca19f49a0b6d7909d793541de6efc68ae4c46ba2423568bf9f061,d5fcd9197d3e86d3c556d3a70be54d7fea7c7aab22f4c904a649e0a79cd07dc8,0,0
PDJ,2024Q1,46,3,497,2c2b97fa95be0c4f46a7968f0fcbb367edaf22d3bbc8337a474836dc98a51deb,995689503e44237a1bafd702bdb0a35f852b3d491b84d66ebd404fd3e05458a8,1,1
PDJ,2024Q2,55,2,499,89ff49dea55e4a8e1f3c006421d358a4ce71056d068c1589077d3813171979eb,640d6c2343b32ad59be22b58be2bff1d08011ca91f2e303af4769d8851070133,0,0
PDJ,2024Q3,65,3,497,2775bb9da4175558c3b6d1fe8039ce4d21063eb2a45dc65cb7f8a14b04f8621d,7c31c650d5bea9c3ba2f20281fe1336ddbf2d6420b3b9846bc8ac0f7afa5c15d,0,1
PDJ,2024Q4,76,3,495,e976950a32a8502fbe50be6d89755b4d93c25c63803cac7a7e7e0ebab4aaca87,a83c24c4b9be7af104b160859751ca78ddb9be8d8e28277048cec7d4d98b33b0,1,1
PDJ,2025Q1,93,1,492,206b343ea2a6404834a4d297e6a03137de79c1a9ce12ae8f12eb39f3dcd69a76,6832e84ec787bb1b9b0587e8cfde91de6beea69890cacd7e948dd0bead445a21,0,0
PDJ,2025Q2,100,2,493,b0b18a8c18202fa159dae3f1b9677b9c58036c55b235e125c0272917806e1188,57f8d65cd43e33eb3108c20069a783ae8a8043406a74e5951dc19bb123b692bb,1,1
PDJ,2025Q4,117,1,499,716d7cecc452c99ac6f1e04c8174db060ee08b7103a7c37398dde68eac3de0d9,5a3d3cfc1bb437dd0d75b54956d2200f0b358170beea7d7c30e5184fbcf68213,0,0
PDQ,2024Q2,54,2,494,9137b442c6dbb6000e5491e2daccd512ad8fac344158ef068bc0e565d4f8cae4,e208aeccaa0662b3ec7204858d3d14d1112dce169a93f43ea99bcf43f06f6e93,0,0
PDQ,2025Q2,58,1,495,a7e4b8266b7d30b0afa19b00fe40f9b9eec2f448a4d3c8e4bbad3500b582ec8c,0e91202d09fb12c9f3c93678b8b07b4f9b6508bb53fafb877c851effa966b76f,0,0
PDU,2024Q1,628,1,465,c0613351dcec906b8671faf54e56688cdf0936e4b1a450356ee0c5c494db6a61,1bf978aedd39db05708c1940630a16aee4a98e976e3b2a30e7abd10561cf452d,0,0
PDU,2024Q2,641,4,469,095ebf7e4a2e29be36b2bb92b039d35586279cd4b218d10b7a7b687b30ca74db,699511d979752fbda7f117c8d4fc7311864ab830d2feba5c2b9e97e34aeced75,0,1
PDU,2024Q4,694,4,466,f4cf1ff827881f01e367dbe125a58816e12e7e1275d8131faedf286f62f57bbd,a7580683c593d6f311754dddeb03cf3bef014a0a51d57695156babbb5496b60c,0,0
PDU,2025Q1,720,2,462,06498bf230b4c9db2671bf067fd82f0b9018142a149973e81ffbd48ea398cd63,e60bd0d9a2894b48d02b6ce17393c6ba10500b768eaee485144e094cf3805c38,1,1
PDU,2025Q4,845,1,470,43b8592c7c75e150f32052ce734a848ac5255badeb04d7970378147c8049a723,3d5b4c710d6c1ee6c24d7b1798abbf471196fca1ed5584de4f6f1d4fab26f02c,1,1
PEA,2024Q1,383,2,452,5136ee2422b2fe7ee4b044de11d4dbf77e199ce7d37e2a704c5fde6f4e572dab,959cfcbf96d34d868c2692e64a7387b3b63b01fb71ead9d2a5fda250a6cecb6f,1,0
PEA,2024Q3,410,1,455,b9fe1fe8542c491b9bc51a80ad1660d2b2ad0df1b90f929dce7f78ef0b78c4f6,6dbd796ee769ffa30219ce8a7fb6bd0778e547879b4f1a4a3a810e212edb3e5a,0,0
PEA,2024Q4,427,2,455,378dcb3696b591f5efa672b6758969f912154be33180b15b65331d02a2cbb2c2,16071fac0f9996c1846cb24fdb03eadf7d4f76daf669e77ddaea531e6c6d2a5e,0,0
PEA,2025Q1,486,1,453,f9c4f6ef8dea30467f37181c0cb3aea710ddc9911a8073e348d63d482b03be64,a1db1e09c8f5381c6776009d0aa5b9557bafbc49a22ea386843f60ad2689a3b8,0,0
PEA,2025Q2,504,1,454,6afbef6e10639d8f32fddc6603c2d5629a84cfad7b1576e860081b22dc363be9,e545563b497023690c9b474b0e63e1a6ae16dc9d52f7ab31f156f6d4219b072d,1,1
PEA,2025Q3,520,1,456,0eafe0f71727da61090120e86bdc46246e52e9dcd9ff1ff13cec9198775f85da,dde130ee3773257ed48685ca894e3726c3ac8514b03bd1e4632c228d55203eac,0,0
PEA,2025Q4,529,1,460,1703441cec8595836444d87a903d78e4685aed61e4517d5a5085bea73b45ce19,5f13fd8162995a257c2649f4882b2983a13dc83deee5276ba03ed1ba9f1b762f,0,0
PEK,2024Q3,45,1,508,d86b48e0442adf9560983858642ad5994f3eb592d61b532dd746a7537a848c03,3d5b4c710d6c1ee6c24d7b1798abbf471196fca1ed5584de4f6f1d4fab26f02c,0,0
PEK,2025Q1,47,1,508,f2c62dc237f6789a36a42bedc30777da3750eb06729b1acb6c8c34f90d0ecc6c,04f40a8c8305397da67f43059e7858044f792a000c56dfb6e91f783f8d059f94,0,0
PEN,2025Q3,45,1,515,218c81573889c3defdd6d97ff4a7b9a8fc3186f68fed449a3146a202988b9558,de4083f4e5c33620cfccaab77a0519ec09cf957e79b5f188e54363c02babcac3,0,0
PEN,2025Q4,49,1,519,35375ce24cb3a8816ec568cc49b6c3cc2eec46112e64b9a9a904836a3141f298,b33cc2be20ef231d730c6ffe3bb2941c968b6e8f730a7ee1af31fca48e52c9b6,0,0
PEO,2024Q4,1,2,523,da05501a9f8d00eb60ca34545be6592be626de420ed911bce4ae4bfd596a4920,8630eef259ecbf6d19ac34af709987b3a4ad7033baa12bf124ee9ae46a3e3e39,0,0
PEO,2025Q3,3,1,526,7b93c8e156e18c137de9d649724ffd30a1c2038255b7f67d62b92743e4199ab9,5e800d40783d3edae9ddf1f0c212b347b2c6e2e9b641fe20f371488817be4eb3,1,1
PEP,2024Q2,124,1,514,7b236d720b2f1c58d968a58de00580634932f0b0ab30dfe9ecdde7b13d843cec,fa004cc648fbc48aa07924ff3e5b332da3f3c2d020ecc8908e765f1ca14d4cc0,0,0
PER,2024Q3,167,1,508,ed10d223ea2981b9e8f62bc9aced51e220bbe5fed005517f4620346d97306727,3697faf9942af42685fb3f815b16f9ce5d825777d0421210ec2e5cca8734bbdd,0,1
PER,2025Q1,168,1,508,d73928fd99822b0c5b0430173b35cf08a5340575cc22ab3a0580bceddba5e172,c1ff6c3f31107763f9e4a48f48297d7ad25a00999a88fca2a76a90f77068b597,0,0
PEW,2024Q2,282,2,502,7b49e94edacf5bbb65131be9c70a3dc413324b272db7c1171b695c5b9176d877,252580d084bf863a8979d3d5ab9ae428a9857366bf3663ab67b2d716d1d29cb9,0,1
PEW,2024Q3,288,1,500,6ebcd91b83b0968f2be3f03f0f7d7f6dac6f6028b30b83255105c834b8090278,1ad7da01ad9afedca3ca06eca6f98a05415dcb6066060971d68b6929efd66ddc,1,0
PEW,2025Q2,323,6,502,8e77370379acb20defd6c8365d27966374f591aa3de84cb5cf4e210c75d73e4c,1dca27b6b606b67b37078599df086ef5c9dd511ee9e422538b92306bf1d5b2e6,2,3
PEW,2025Q3,339,8,499,eb3065a776ae937246527ca0e827b15abf5e883a5836b646742e65c985f9c5d6,2cba4c24c07af7d112d978004f9a8f9d7766964ac3aebfa986efd684ded5915f,3,2
PEW,2025Q4,363,1,496,ac78606e259393454b3831c75b93efa3e8e75f67bb0bdd1994840892f2231471,3ddbeef7ce1f51f1f2fc3eab964d6343c6608bff620d4eb49138e1a1bfaf81b0,0,0
PEZ,2025Q3,30,4,511,7c75bd8e039c192cc6e7b2ca41096b48a8e6988e9b12a2a5c108d38fd7c6ae71,af2200ca48bee297185bc059b66b8fcf3c73e4f46bed2b21711daf7cdd7c2df7,2,2
PFA,2025Q1,28,2,521,db36c7e91ee98bcecf0369195f08d26210c4db63951d8eaee4a4f56d0caec9f3,14b63ca95c06c1821697405cd93c2e647ebcf8ae79fa0a797fa87fe879975305,1,1
PFA,2025Q3,62,1,524,315a9fdb23c2c147db6f7e83798ef49f92e238d5d4e4eb7dcb899dc914d26c08,cee2fbb31d973fe5bc1cf5f4ebbb6b5126e1b492e2078948bd234028395af8a0,0,0
PFA,2025Q4,63,1,528,ba13c57c8ab79262f88ab5437aa8f9744f3afc5f9487025dc1eedddd3a119739,de4083f4e5c33620cfccaab77a0519ec09cf957e79b5f188e54363c02babcac3,0,0
PFF,2025Q3,4,2,526,2a10e1f29b3030f6faae548dc9090c4978a06c45a2ac5314ca25e53edece2346,b29ffa0d16cb707606a0de4805ae91f4e650ead3ff99904e2ee596e8923b638f,1,1
PFJ,2025Q3,93,1,503,b0f33f15d0e2a3f91d385f7657c5f0c815d0ad34d392e4c02d342cda3838731d,de4083f4e5c33620cfccaab77a0519ec09cf957e79b5f188e54363c02babcac3,1,0
PFN,2024Q1,298,1,496,567fb28f04876f562b3a840360449f1bf26b7892ee550a75a892f359edff3852,bddc178d9efe8081669441c1c1e6989f0021c26cbc24a3a7bd30446c98636bf9,0,0
PFN,2024Q4,367,1,501,8f011ff29b1951f608353b3d65086d87d2cca219c33f98f22508a5be83c90667,4f2a84ed21909b83df053cee1395375dd5bad1c52f76dbff373f9960b75b7a99,0,0
PFN,2025Q1,384,3,500,3a9680a54bc019aae34ff4a6b3a2093723edaaaaa4852bce1bf0ab7788ed3cb5,cdcb4bec468a059930eced39bcebbdf737c8ed59814051c79a93f33bfce62e1c,1,1
PFN,2025Q3,420,1,502,0ea680e8d2283118267df4bfd58871fd5705ea82c56667b833ab3fc609baf59b,7cfc9695b15992c45898159ecdef976f64a5cccc59fb38b7e509e1c72f4e2c5d,0,0
PFN,2025Q4,443,4,506,fc54085024f4375d6da96aed92e9c27e5d6e14826f0f193785f1e0f68aaf0fe9,5a60bff59a0c7103b254f6c00e407f5b9dc16a7c2b1db9e159b8b516fe9a19c9,0,0
PFO,2024Q3,1464,3,489,9ec6b1d5fe657328f43bd4a6b0cdf3e0dd55c960a60a2b8f964501834c87813b,3c0eea94ca1ad05072cb48306996a2e95ce1dd0e239a5130f28fd6e6aaf92b78,0,0
PFO,2025Q1,1823,1,487,2bf201f91305f52becce4e0ae048f06065a62c68a5f8d60302b479e11ec09493,ea55a2cb9f8bae3d4b3ffbae2fef3e2161f3f9786f5a96bee6a29ed99716b604,0,0
PFO,2025Q2,2056,4,488,3c8c554741c082a949e19ed8b9b7245cf7cb9c80c85c4f8107d4ab3e6ed5b683,e2d5bdec9de0b785b52f048712abbccb36d52bdb777b25710a78f523591b4e70,1,0
PFO,2025Q3,2309,6,487,5f5b13d2293165a39feb0b0b6b3257792aec9c8aba3d796f3a1147e1a2f78142,af03ac3c0bfc145925e2ce9a7dc78ef1c8617cb2fd091fef77cdd98fab782147,1,0
PFO,2025Q4,2592,3,486,fb9ed6f6b87bf6fa2d219354b07344cbf91faf41bc0f1596a5e51ec76aac8a58,8015586c5b007b100831b231cd73aa0571d67ab9b62fdee0abd78380e060f9b5,0,0
PFV,2024Q1,1484,1,435,003845aa0cc32561de57c0285b6835e00e04c685b3d3c02ada58a10f9f5e6e88,20b55df4920ce2e4d50f52af88c9fb96254d96d058c414f391278206a37fa665,1,1
PFV,2024Q2,1516,2,439,c2a39f5dcca0994f25d867f505644260eff25e8e5e3a39e6f6ddbadfad3f4095,49a3e2a1c1fc2ea41824f91b9b9c4d2ab9051a590f0ce565ece0bcdddf511360,1,1
PFV,2024Q3,1584,1,437,09617022ed66054c4bbd2e5fcf4e847c46302a822e5ce56a2e277fa75ea82aee,29f31c1d96f11024ddbc566f7c47386723c72c84e2d438c3371226e1a789f4b3,0,0
PFV,2024Q4,1652,1,437,0ec3adb6a9e1e548d8a651979db0b4e305545e81382402786909672be0163e0e,8ae249e9e86444b026ef96dd5f3eb4224403cdc633087e07aed5869f02d19551,1,0
PFV,2025Q1,1693,1,436,bb3343a7bab79eb4ec39e2fed44b8cdad126969b297b5dc673275e0432d8c59f,4eca1e6c29a9ef0ef18bac5338972a30a2024c93ab0e76c6f6a929055f950bef,1,0
PFV,2025Q2,1735,1,437,ac78d05e22fcc74b7e1556e5abf154136e6729c70378a6b822902e3081eebc67,409e212fb4bf98886b260e02291379b63e84fd6cb7ab067b968c4bc5205a31ac,0,0
PFV,2025Q4,1841,1,444,81a8aba2644edf01839115a23a22b0868449c8946a88cd3c5e6b5f9dcec28451,69c9b47649ef5fd9ebd2d096cf6ac8a423c34daacb3af8b0455b7a4d46370e03,1,1
PGD,2024Q3,7,1,516,211c9f2b6406b90d446d0b3fec50c2cee61996e154efefa3ee5130cbaf939f18,20b55df4920ce2e4d50f52af88c9fb96254d96d058c414f391278206a37fa665,0,0
PGD,2025Q3,9,1,521,96e2438e96697db3557c89bb6486ff9083fe276bff7f41322485eb6d04c66147,0e7ce2c55b01e28812e7fd0b7e7682c2f5cf97d5e220080ed0c6f04b26b18df1,0,0
PGI,2025Q2,1,1,523,054246c63b43cd035c8f7ec1219759a9bc702e0ecc4a520c9ce951312d79b997,83032922b0a4e4a72f25138cb32888e92e34379360d8bac23225341e0df69cd5,0,0
PGI,2025Q4,2,1,530,5beb3c4b0133d96962ff12f9fd12ec3bc742b7cefb6e0ccb876cde83b6d6ce8f,5e800d40783d3edae9ddf1f0c212b347b2c6e2e9b641fe20f371488817be4eb3,0,0
PGM,2024Q4,9,1,517,0dbbe19ec4b78b1491c6661f48602d92529ad62d2a23936cdc2a3760ad6a9140,41cb6db6b4b81ec360579fad82e609926a78ade93b8600e1304acf0315616942,0,0
PGM,2025Q1,10,1,516,242fb332ed64acd12b909a6123ff6b9c21446e63b0a70c514f788fb20f035b93,221324166e41feb46e457f0490759eaa3aa9a12f6071baf143042e787b07d16c,0,0
PGN,2024Q3,949,1,480,45ae5e2233a23e993c70e022776c16e0707249712e278734212bec3382f1e9d6,34836706067240ab63dbbc3bca6b6e130a8fc8e607326d27e9e61f46e2ed8e52,0,0
PGO,2024Q3,1,1,521,7f88dc75834bf205f70e3a69a155e5d6f5d17a115c317f5543818a7a705300b8,a5b4864803fb4abf683e57d5f47cb371966044d4ab4e4bd93785848c339ba6f8,0,0
PGO,2024Q4,3,1,521,abca4b3d31d4a7ff204ce558c2a274c21ab68cdae584b8477c1c2bf21cde775a,c70d5c156085ea935b746a559262c0c4fc76353db86058be7df0a2cb827d68c7,0,0
PGO,2025Q2,7,2,522,6ef9e333fb6c2554f5176a7f14deb2f2c5232c305d638d9a9f9d84fb0642180d,c7e92e309b3bdf143df33ab5a606141038b13f1a4cb93080077d2ef2dc408803,1,1
PGQ,2024Q1,133,1,503,5ed0ac1a91966d99bae632a0f92cd244ec0d96d420c9e2d51f6e9c4e81c53ca8,c450d7ca6153a6609e8c403293b65b51ba2ca9562ff0c8b9f94dfd12053ff2da,0,0
PGQ,2024Q3,148,1,507,182e72d3643ad30b058ec16bbf0300bdcb0e91c9eead6fc9bba150bfd3e51565,dde130ee3773257ed48685ca894e3726c3ac8514b03bd1e4632c228d55203eac,0,0
PGQ,2025Q2,159,2,509,8871c51e48ee39509a1f1cb7e1cd819638dd8d8594abf4a5ee831a1d2327e84e,657e01ad7063285796bb574bbfd3c18434aeaed92d6e39e04ec18e3360bea21e,1,1
PGQ,2025Q3,163,1,510,8831a68414f2e1aa3d6ba3a5e681c98e459d25d100605ef8799d3742f1c5e2a7,cbdd00c08fcd013e55e94815c31b8e42f822f7d7d47f2836753892256c8267f9,0,0
PGQ,2025Q4,171,2,514,163d49977c70d61d2c061b06ad0277c37c9179fb942cd3aac0c67ff072e12a98,581e2a5f3e2e7d19673361d37002e4c45da0a84e4f41a5b57471bffdfd1cfa91,1,0
PGW,2024Q2,1018,88,473,9f54a262388032dd00d5932ebc59473478ed4473a6181e2e20410e7eced48376,9232e9e0f44879b2faac3af459a6785fd4a609567ed18a46a6d4e126c87c34d9,8,8
PGW,2025Q2,1334,1,388,2f50ce48a71cc902dbe4519156cd445f42578982134163d0146c977a43c78c9c,58e19a0efadc3bc3a17da69fb3588c5b1d53be82a6052c293aeb522c7e7b0334,0,0
PHC,2024Q1,53,1,486,746d4bd1552c4bad3a1eae459068071130164d4ffd0413ec59729647cabcf6c4,3659cacab05527b55657926c7f6335720a935c7202daf914d7562dc0342d2acb,0,1
PHC,2024Q4,60,3,491,714a7aea3baf0662aa7ac6519487213cb81207c6fc4453ee3aa9010774089311,e0b218f0db84453530e1a5532956afb90b407bfae5719ef92d06fa413f593188,0,0
PHC,2025Q3,72,3,493,d94c11224e8e52ff8bd17dfad50609848fde339a09af79bea2f1963ba8cd428c,d8361d8e1c05c68f1ec11ad561fec1e35d6e9499301314c3f567245c5ed79ddf,0,0
PHC,2025Q4,78,1,495,13d05ea68091acb73c57e1ac94a44eeb644180aec02d4d32797131b1dc216fa8,3a1e5609b007ecd35a27f4b131c5322cedff44f76463cb75c2d67dc2b8143300,0,0
PHL,2024Q3,8,1,516,010457ac5a798c9e5c7e64b6c6f267b71b6f202629d1c28e5982139e901ecf8a,e545563b497023690c9b474b0e63e1a6ae16dc9d52f7ab31f156f6d4219b072d,1,1
PHL,2025Q2,14,2,518,343c23c343b9f4ddcfbe6750c136e9edf597cf3588c2347355a2279220d15c04,74a53896e23bdbb13ea9d8a826347b46ba582f6ee458d8791eb8001176734963,0,0
PHL,2025Q3,15,1,519,1c47453813bd52ac46b0a4dfe0aff7b60613a2a396bf6f736ed9f71c611b1209,d782bb7473be55ba5c5459e0a7d1d0ef9c048810cc4660cb074bc8d1cbf0c771,0,0
PHL,2025Q4,18,2,523,9012dde04c0d9553a60604f6511df7f643dc11bc424d29106e6e82be5cccd3ab,54e9211d0f2e68bd1269b62692aca6ad66fa621ba5eed439e243085e8818f86c,2,2
PHM,2024Q2,19,1,511,892fcba28818adc05603c6cdd0ff1b4d5c4fc8b6f3a63447d848be2b7cb35adb,191c83ef3b46c3098e66e64b58c90f27a6ad43e7d675c97e8e54a1581c102456,0,0
PHP,2025Q2,19,3,518,f4a70c559a48009ab7598aae511c61226c84ae23834531d720008e55211026ad,1de13dafd86d6fe118a5d96e7c02128adbce96cd9fab2a1b3944e4625073aa73,1,0
PHV,2024Q4,1728,1,505,379bc3bcf4cede75ff2278f6d3457560f3a3eb0dcf573332941b5d6db0a17ff3,fac6b53cb1d57486f3d2ac065899bfd6887583840626edea76382ea21d4e03fe,1,0
PHV,2025Q2,1815,1,506,65b95dd83eb79b57cbfb048c9492133e68ef5752e4d7475e32f1ef8990a9e015,6a12e99824aea0d5feae2c12c8465437870d0dd31353dd3635102d45d7a6d9a0,0,0
PHX,2024Q1,5638,4,421,d0bd9e68d4ea79a83602bd21bd9e831eae183ca8f9414125d8f69327068b9685,d91773869901e5c925549071c5460708e3fe66165afda49efa0ccf7b229f8c96,1,0
PHX,2024Q2,6145,6,422,ff3decacc916594c07d453f5adee7cc52a03eff45c1d664b599aa86ed958a789,00a17aa58bcdfdc7150f604910fedca7a38586c24d8afbe4b2480d2e8d1221b4,0,1
PHX,2024Q3,6758,1,416,d1f6fd406135aa3903ea837556d7a000c16c91e3bb9f2959b9a9a891d097e481,409e212fb4bf98886b260e02291379b63e84fd6cb7ab067b968c4bc5205a31ac,0,0
PHX,2024Q4,7249,1,416,b10a70d4773d32cb77fa4f31e6193dc15765943f5765207083ac8007d9f863b6,5a211cab6c2cb85172de0be3e8e3c0cc5110e23fa97e5d85113610a3b85a285b,0,0
PHX,2025Q1,7780,2,415,ac5e2a332e29381eeb1e0ed7f913454f6fb99e201bc176dd366845277160a5e7,a7b8647cb354c6de4ad2f8247ec279947b5a4fc4dc818a2ed87c890c106f06ca,1,0
PHX,2025Q3,9104,1,418,227b592d16c7040e72fc401c26f69558d371e40498d2763f4f4b058dfdd0cb68,72f69ee9e5cf9108f868966bfba9ee450cd827ef6e28e359bbd03f57fa808f18,0,0
PHX,2025Q4,9878,2,422,fb8cf889782054ac822f94706ff0739280de29b4c555b3c2ec49c81ee73ab274,d54e4c9fbd48def0712b11f0382fe53fbbde8542dedc2d0df25cfee85a8e3552,1,1
PID,2024Q1,35,1,505,9e4ae68e6d50231c7ff066294a69a26ce0f3324dba88b5fcb7d9e175533700e5,7cd406deafb6f3526959c908d63ff99796566a8106f0d21e52a0a53817a2ca3f,0,0
PID,2024Q2,37,12,509,bcd2222e7d900fa631d3acbf942058b8658830fe5bc18268de8e98dba89a3002,939c101fac499b22f5fa8d8c40070b02cac5026c21e96a2e7b576d15f235fae1,2,2
PID,2025Q1,118,1,498,89a55197066ef876e8c34862b734cabccbce8f581e44082f939d08fc78f1ab99,fa004cc648fbc48aa07924ff3e5b332da3f3c2d020ecc8908e765f1ca14d4cc0,0,0
PIF,2024Q2,383,3,460,37ae948ec38a9e77b7b81d8172c871fa91164f30d35f219e4b6d858a03e1e38a,99b09568200f9ed56f8098b0328f9f1ac2cdd06e2c3d6b69e12de13172ff8af2,1,2
PIF,2024Q3,402,1,457,79752ab97781b29df44f6582b5cc80b51a5d52ea687c1c1e9a31a3d3a377390b,e2a47f2925b3633c7fc5691215f86e5db80caca4f33f7a3d28c39b927de799b7,0,0
PIF,2025Q2,484,3,459,26af315aba2da80756d46f6e9f6dfe86b30cbb6b1525104a5edde16cb1813c96,f2124edb13590a38711dbf42aa6340ff84c1adb8ded9c79b3053dfb2fc4bb516,1,1
PIF,2025Q3,506,3,459,0e164fca92604acf88601970559d3d110ce6745dd7d528ceb8940d1454027ed6,40acb27cb4af1e1da976eec6e4294a778240aed49fb231c13903859db325248d,0,1
PIO,2024Q1,37,3,502,c4b3c9bcc52f8a980d55f71d292f615b701bbf1d03358b72900d69a74b54966f,d344cfecab92b84f317f7f7db5f476997e58e88a3085622de1ef4f80e46b26a1,1,0
PIO,2025Q2,49,3,507,c766666b2aff1d1696f01b03d8235ce1a69f228b415a61e1e3363f3197eee5c3,e2165b9f8da56b1cb172f77b95ac1b0624b0d9f62b080aa0185c9e1def68d198,2,1
PJA,2024Q1,85,1,515,1bdd58dc73ad950124e0a8190bce1820793371d7a4fd79b9984204755b25153f,261efddb563af16eb9763793f4ef4a07ddf66db8bc9970df2550287de5d68413,0,1
PJA,2025Q3,107,1,525,cb8059d737a1af89ab840edbe23ac5cc48d38517b5c2b1f0f408ac1bd034e5c1,e545563b497023690c9b474b0e63e1a6ae16dc9d52f7ab31f156f6d4219b072d,0,1
PJB,2025Q4,5,1,530,6677b01b2c0a8b739b9cde66eb9024ab5980368c6a554a47780a763b75ff26ea,69c9b47649ef5fd9ebd2d096cf6ac8a423c34daacb3af8b0455b7a4d46370e03,0,1
PJD,2025Q2,8,1,521,c15db632b5c3f06d89d679e283d7fc304376525841d605df58cad94370ddd449,f871daf976560eb79e3ef5cb85b3d2d6a3d7697323456f5fb281da2a26de8a6d,0,0
PJE,2024Q2,116,1,500,a281a836d60818bb0e8882795d51ff8840c4048e3ad9fdb3b8fa3bc3a2e7c7c0,bd5ae63a29890d42f6512a1e7fe6f694176d700f8f76ec36212249be32b87292,0,0
PJE,2024Q3,125,1,499,c71ecd801d4641ba3de65b2a2f61e71e7ae8bee8c86f7534b85c16c7ad97315c,06eb7fdea1bab6560dba4c8e62efa29adb2f6f8a63eee0f278154afb1acda5ba,0,0
PJE,2024Q4,144,1,499,1460da7f3eab88c66852c247d6cf160f83a09ec7ca36390662e5eecd93b4f849,5c99f954e394cf7d0fd311dab0fefcd2814e025df90594a7f7359a4772645b4b,0,0
PJE,2025Q2,403,3,500,aabd8287b3c2430d81800161efe5cf674b2be59c9361b06ca1dfe02737d19aab,b9d0f59366e0bc34f5084a419ecbc7f588bbcb0c65a959173d8b34435281eff8,0,0
PJE,2025Q3,478,1,500,140c9f601b986a4256111309ea03c9cf175f124c30fd54af11d99e451b16c198,f01e905825ed2060e534525d0d7191a86e7cbecb247a3557af8166bdabacfdf7,0,0
PJF,2025Q1,12,1,520,e0a3be2806f32cc15beaca020c6658312f7c875f7763e6c64b1beacc26839a65,0e91202d09fb12c9f3c93678b8b07b4f9b6508bb53fafb877c851effa966b76f,0,0
PJF,2025Q2,13,2,521,244c672eb2eceb92d87da8e6406a39e7c4ae9e24ec8206a95ca8504289dd41b9,752eaf1591fb823c805ffdd78d45aa156aef6e76a394fe1ba46ddf232a2d2af9,0,0
PJK,2025Q3,1,1,527,694ddeef0e08344a1ee47582172c4ec0c9c581e1af1c3f6e27caad54b0efd5ad,e545563b497023690c9b474b0e63e1a6ae16dc9d52f7ab31f156f6d4219b072d,1,1
PJN,2025Q4,2,1,531,23d59c2938563db501f8ea69dcd30e3722f90b182425068c01306ae9237ae1f5,261efddb563af16eb9763793f4ef4a07ddf66db8bc9970df2550287de5d68413,0,1
PJQ,2024Q1,809,1,486,49030d11cb2ba565defc47b86f02ebd8f89089895e768c03f59523a1c11c1dc1,26cf003c63d921055440ab26236e44982cf0d05a9106dbec56df5e72c168828a,0,0
PJQ,2024Q3,857,1,490,35385c3ea9bc67b164d64de130baa2fe1d3fc36e52e8cb02b4ce44298c82fa2a,c40b1c5676925657145ed816dfe78048de0e4e71d68b9535fc4da2f237454a0f,0,0
PJQ,2024Q4,878,1,490,f5e840b17ddcb82bf72941a212954f98d50c228f6da2d8a52e58d9caea66a906,bd5ae63a29890d42f6512a1e7fe6f694176d700f8f76ec36212249be32b87292,0,0
PJQ,2025Q1,921,1,489,264fc4f3103cfaa939f061edb8dc006d420d8b1a80d393f74a7f24a82a5ea707,409e212fb4bf98886b260e02291379b63e84fd6cb7ab067b968c4bc5205a31ac,0,0
PJQ,2025Q2,941,1,490,35f843820273f762c599f204341f6b77c798793f42a5180201fd7959deb17b3a,0e7ce2c55b01e28812e7fd0b7e7682c2f5cf97d5e220080ed0c6f04b26b18df1,1,1
PJQ,2025Q3,969,2,492,26edae2559454138591b8945ccc324d1abab80e09d3bf994efdc27fba7466951,d263881e78aa0c09d273e086ce133bcb61fcfa85ab4eeea4261a95210ecf2d61,1,0
PJS,2024Q1,1056,2,458,12c847c1a400790f2b47636a81c5c69477b4abe5a182e31926b2c8b72ac5ff68,b395b35d6624886be9b5476b557404dc8cb586c5c28c317c70f1227162bf906c,0,0
PJS,2024Q2,1265,2,461,ea5bda1e742f2219fe954f5ca2d2d95e49c660baaf299a8541c2cb2156d5baa1,0511421dd3386270b85d6043b5c3da70f1fc5f8d0cc904dec6e1a3fbfaa15afa,0,0
PJS,2024Q3,1363,3,459,03168be292203a001c48ea0651a060f34d1fb7f65ea982cba5807135982bf576,1f09c4498cd7dbf52baf8455738c697746a930b22f6719d459ff203b21b510eb,0,0
PJS,2024Q4,1472,2,457,2c49a32072deb7ba4c1fc55f3927b30fc23fb96d427c871d92435446012316ee,a2b2b709c369c1b1508cdf61c6e7b7ab94fb8aee9759ff64b0ff9816cc2fad70,1,0
PJS,2025Q1,1550,2,455,c2864782de278fa7a4799ec1b8ab88dc6c958935664b70f817f334ee991eb5d1,e16165c8e1e644793fddecd79bcf2e3df6d8c99957469f3272d6fd4dac411976,0,0
PJS,2025Q2,1649,1,455,8626fc38365839a874570dbef6a75b030e822183e3944b8fca82b03cbf45e60a,f157aa487c2dccc4646bb293bc865d5dc4581e278440e31ec66fb4913e538297,0,0
PJS,2025Q3,1746,1,457,694e746030891b6c08a4f81a90022aefd17705bb51af76eaa7e4a7aeb4a7b59a,f8d371c95d437c01b27377dfe7ec8c89fd86cb7f80d9dfcce0f22817c68768d5,0,0
PJS,2025Q4,1848,1,461,b5739b82e4ac9a1092aecb55c6ae175d80ea2bf814d823ce1cda3d7efafb7f91,083821f12d7436845a7f874e2f134d5103a891c9516a746670881b21b9919c61,0,1
PJT,2024Q2,19,1,511,1f341c65337f9a33540b17a3f6e494b4b7aa463580f871819b4c7557f2734f45,4c70c23c79aeeeb470de6f6627e3639601417351d3fe1d0005f2f2e488420978,1,0
PJY,2024Q1,134,1,496,5c6916f21f706d7cb23ca67b2fb9258f489e9904293e688db2e6af7688d41e17,2021bfcf916adca8c3c724e44ef0de9873a3b8b8f9d00974868d55254e755982,1,1
PJY,2025Q4,227,1,511,ed90ba5f5b07a79e0e8c2025b979b3b68ffa83afe40d82b96d8d090e084ade77,84fd7a95f5415de561b15080617ec65d60ff3ce1263df7f0e3559d0d33b22326,0,0
PKC,2024Q2,114,3,497,2de8a1363b1500af6f77737194f5fddcc0a1378b18c90633a9aceccd3529a4c5,971d1e1853b6c46b132a86749e8a16fcc659bc0ecd5aada3649844d73ee6a55b,0,2
PKC,2025Q2,176,2,497,a5623b43881121c39999f05bfa7e7807095d4af5d2833a80bfff678ccac5d39f,89d14c94eb80e39373f10e6cc96295aa93d3d381fc5f1d4f83251857c8f82847,0,0
PKC,2025Q3,192,2,498,0df3ea23f17cfa73cd69ba813e6dc040f902d1b73995865f4070cb364dd20463,3705a192e4856d29299e862ca2aa6f162edbe6044ecd8dd889c0783142d6e3ac,1,0
PKC,2025Q4,212,1,501,05a0624edf3927a1bfc575cf64ecda6c47d4ba97c74e8b9cf12746312642ed96,2021bfcf916adca8c3c724e44ef0de9873a3b8b8f9d00974868d55254e755982,1,1
PKL,2024Q1,3256,2,427,0d148328bdc57d4ec379f4c1c2f3eb5fb6a6acb96e11c4e7ae7962dcc04f26c5,3be2da17712e946fa0caf8ac4b963fc1e35d1dd09fe55b4e0a1c25c623ab8ff4,0,0
PKL,2024Q2,3490,2,430,42c2bf9536d8455d529e26233211b3be0207245f2356ac97e0e3322931b71bad,62195c825de86db8ca6a81e5024a89b2e7e3761f0436320e79d4abca8e9c8a24,0,0
PKL,2024Q3,3761,2,428,2fa42ff4a8f478bf1901d1ac2b5ae18492fa9b85cee7c14d80015a8f60122f96,a5a5e5fb43e207baf00ac7199ec460e897840a28411e4e48582621dd9709d4da,1,0
PKL,2024Q4,4092,3,427,d850377adecb51402239ea2f902b4da5a6defde36af2cb719db8211f84d17780,0015e27f3424a950e7021a5886b3c490efb377e952865c78d0a36bcdfbf4c4ed,0,0
PKL,2025Q1,4472,1,424,bcde8d807fc51cebafaa1c51513e22cd62305b6e6158dbd2450b44f9cb7cdf4e,19685015ccc5f952d6265dc4bcb7e7a163dc7c4746cd284c379f330aabab1da1,0,0
PKL,2025Q4,5398,1,433,7da788b9582d7cd9ded0c1f870c018927855cdb31b63b554d03ac17a56a2b649,439fd981edb3e2f2627282b1b655676cc4176970a4c243218b851672060095be,1,1
PKN,2024Q3,4,1,518,6eb998b82e5fdeceb9a9037ec07e9e0395d2124fef5869bf9b556d27b0d8131a,d0925ed7e7326fd1da0599f4480b6028be72c31955c5064207f11ff98d94efab,1,1
PKN,2025Q4,11,1,528,ab68616c90f34948767a9330f2275c2675dfe54431e79a16d275c255be4a4c01,38c09c12833d504dfcc0dbdbb3d4ce61b2e921adf0cf8cc9e741a7704f3daf14,0,0
PKP,2025Q2,6,5,522,2502eb00c4c9af90a7b2e79af48fa55957dfe0ae854530f9f1e776e8fd80c1f3,277512b1b521a1fdfd997870e4f1ac7e34eb689380583025b47d1069dfba3214,1,2
PKT,2025Q1,32,1,517,13b7276b18c9a5c29d29427ae89a465e638f5c45ae529a39ac08c3c35f324e49,e545563b497023690c9b474b0e63e1a6ae16dc9d52f7ab31f156f6d4219b072d,1,1
PKT,2025Q3,34,5,521,b74c362a8e04f14f30ad3bd05994b4de24403ecd925872bc9025ac66f23dba96,622044de72ad88a90df647d9036e6d005a3679a492fb80e08f631aca69a361ef,1,0
PKT,2025Q4,36,1,521,47219060e3b8abf0028e71cbe99a4f0c79d3b225db654a6c278e08e513891a51,ac7f1e728789774064460738975f157889c8ba1ae094065abf368853cff930b2,0,0
PKU,2025Q1,25767,1,504,5d7a87a75e0b53f6b60b632d884c2438fe128b530dcfe10b3c0c33670e3edf81,dea9d6ed4c5b2c6c197b6c6e2e8fe2511b7ce5fa965a4c6856e58fcc66a9b5a9,0,0
PKU,2025Q2,28694,2,505,38676dda362922f10d6a71f50ea431418969c14be837fba297d3d56c83899951,6ecac339b1b02974da0e1b3051d639954baa2adaf6d741d5b1150def9adc64be,1,1
PKW,2024Q2,1,2,521,d4dd58c29c09cb6be3c43e318a4679bf104a0f0664d95be06620ab7b2e5cd7ec,7c50d75fd9793e643a21136fb28d713c30bf500f79dc3d8eaae278c58e1c0023,1,1
PLP,2024Q4,24,1,513,06397542a57a161f9e1d4a2ce68354594c3777a52e299e19db27e60c36ca1dc2,3697faf9942af42685fb3f815b16f9ce5d825777d0421210ec2e5cca8734bbdd,1,1
PLQ,2025Q3,12,4,526,039987a3eb722fa3cae7a116a28f550d45d680dabf6725b5c4fa17e2b8e039ac,745e4c2090ec2ea653a125e1939bbc2868ddeb593e74d962c8b170312ab134dd,0,0
PLV,2024Q1,68,1,497,3e83e5338edbf2a262e08154d3c77ccf04d8f2f26befc33e63d4f974222f6aed,e545563b497023690c9b474b0e63e1a6ae16dc9d52f7ab31f156f6d4219b072d,1,1
PMC,2025Q2,48,3,513,5d6f745c1cc00902b6ae5f1a09336b2163e5d7d5269b57bbb9999616ca0685d6,87afb1d1a021b1268c67c39550ec46f94efcefe468b322c2e4256aa01aedaf6a,0,0
PMC,2025Q4,54,1,518,21e1d5a664b5c2891b5384a64e6ae9ef53781687d0c4b66e268314c6cb5bab7d,2347b5f9fc99fcb36264441f380dfa46acb748fa78699ca15936e1452d65ff8f,0,0
PML,2024Q1,124,2,497,dc1a9a965a274fa723205d343c5f562d3658666bda6999f22f24571282b0900b,40cf46183d8c8fbcbe5535ceda24f28ff8a827538b40725cb03c279e19b734f1,0,1
PML,2024Q2,168,1,500,f557855f7a50164951e477317dad4487e8ac399d927d35f5aac80e1f3703de8d,fd6733de78e0a4f5db655cf283fa7ae9c05060cb90d72f9cba4716e75f9a8784,0,0
PML,2024Q3,172,1,499,6658f786812fd8ac6d2d06d56c05235ff8b0dbc88f5d6d42d7598dc4bdb86514,8d679bc0fcab565c28f10b0b96de772fe7ec45d7979c51b1ece80a984650f2b2,0,0
PML,2024Q4,180,3,499,eb0253dea4e3cb0942253bc04840af2775756db06e4959e011bb134685ed8be8,eab7b5f9651be609cc595392fca2f4893973c42b5db2f71c2eb02b5ddbc332bf,1,2
PML,2025Q1,184,1,496,48d341f4d3e6ba17e6d3139a5cf137bfc1103fd9b8128b300d76b3032f8ea5d7,38c09c12833d504dfcc0dbdbb3d4ce61b2e921adf0cf8cc9e741a7704f3daf14,0,1
PML,2025Q2,196,1,497,8a4292484aad4bc1f9beee5ca5b965242b71987eaa2faee45bf6bc779b02749c,1327033d4f6449191dd6467613f54487d1f92c3c072ffec417ac0efe3c487ee8,0,0
PML,2025Q3,209,3,499,864c47bbe72d380fb58dc11bf9345ef7d52837c296cc089845ec8fcfd122fadb,8d3c5ec02690974198f9399ac52ff43172de10387ce46073cf888c0a5d8472e4,1,1
PMP,2024Q1,10956,1,454,2442c9241110518468a18936e522204bc4ead4d7bc2bd7e275cd3d0fe78f4fb3,a2c05241f37e0f08c4abc59065db2f9f4838243c3117e1ad2699ca124feacbd6,0,0
PMP,2024Q2,11525,1,458,3159d4fac693d4c0f3167eeb0b77133ecaa7cee06cfd499eaeeb7cacbbc034bd,0e581c4815066a7ff423d513a2adc5f8e1d1163835a251048a3f89dca2383c4f,0,0
PMP,2025Q2,13579,1,460,0543319d4dc178f369c62409913c4f6cb4a57d026ccc45b044eb8a1ba4c700de,bddc178d9efe8081669441c1c1e6989f0021c26cbc24a3a7bd30446c98636bf9,0,0
PMP,2025Q3,14083,1,462,3b3ae1d8a80f46f5214d061d543beebc45101fc2c59b6c9b5eeae3d54147a56f,86daca3065e34a338f076ca3028252428f4d4d05c7236baf45bd8e40c11efe88,0,0
PMP,2025Q4,14564,1,466,f31b919504f17ed420b9e6fff12a54583594a0f1c3353f8f544414777189ebf7,69c9b47649ef5fd9ebd2d096cf6ac8a423c34daacb3af8b0455b7a4d46370e03,1,1
PMT,2025Q1,5,1,520,a046cfddc0f23ae022a5873d746cbb5ce1fac9acdc4a9acae6ac3da5676c5890,5fd09d1b78591e13ebddc2a8e95189433e215d44d0347594d994d099496e9ac9,1,0
PMX,2025Q4,19,1,528,4c329b3b5ad8baf2a53860546c0bdd25c472f1282a672f502462aed33bc57edb,0e7ce2c55b01e28812e7fd0b7e7682c2f5cf97d5e220080ed0c6f04b26b18df1,1,0
PNB,2024Q1,166,2,488,4fd04314364a66a5f484540a86814b071d824f7831f86bd89b8facd111c2e83d,a7a87909739716b96b98f4ba615428248a98637230a57f268cf3a93c1a23bafd,0,0
PNB,2024Q4,195,1,492,60fb9c3ddd8cbdd8cda9051d4d71d0803b3cf04860a0ad691624e108e73976d9,f04a9b043ea63e419307d3c70b380b6564a71cdf899e31cca1ab50bbfa038b96,0,0
PND,2024Q1,554,2,452,74a1b4d81d412b2715d31c94d2371821660617470f64b9d4856bd241b59e344e,1dd8c571e93e1e819bdd12c83da69acfb209db5147f3394a3764143b711a786a,0,0
PND,2024Q3,650,1,455,5a6f18006b4d21c0888400e40293d1c4888b053d3e8f607e122817c72ad998ef,9cbcd81794b78f1d171cab359febebf7209e5fe03b55475bb8775ff460e245fe,0,0
PND,2024Q4,685,3,455,1942c112d42cd645f8f937cab153250e853a96d7ff367614bcac760a14cf6b1c,f752fcce06f9729891ce923ea7101f2a970d977c6fb765798a9be3b8bdf778d0,1,0
PND,2025Q1,722,1,452,eb1ad92a870087e9357e00fac54ec2b69e9e9e914896b493d843b7c453425d5a,ddde9afa062c0f134f6ecb6b9f083ce8f6e77f9acab065a41094f525c04a5d59,0,0
PND,2025Q4,840,2,461,15e3628c591c4b8b534267cffc7a52e80a1c1aa42a881aaafed0d8684a735d45,69e7fc782784530e2c159d3371c5face8a0d2e4eb5e3ddbcb2df815e8f0ad73f,1,1
PNE,2024Q2,8,1,517,14c738440a698b215a06879b38f00d0d68cad8b008bc3726e67a8861f8dbab37,de4083f4e5c33620cfccaab77a0519ec09cf957e79b5f188e54363c02babcac3,1,0
PNF,2024Q4,42,1,496,c6c22e8dedc7a95d4284cedbc7766af1de178a7556ee799622b7794a3a0716c4,715e1d9e5de6e9ccdc0d5504d23325853ee433f856717588c7ad6c19b1861b35,0,0
PNF,2025Q3,47,1,500,25dca42a7cad9de9820fd6c5d507eb9906c1b0b9e2c2eaf1a0128808f78e43af,3d5b4c710d6c1ee6c24d7b1798abbf471196fca1ed5584de4f6f1d4fab26f02c,0,0
PNF,2025Q4,49,1,504,21391742fc8fa587a7960ec41c2af0bda49381b44a4fd23163d53f16fab93801,0e7ce2c55b01e28812e7fd0b7e7682c2f5cf97d5e220080ed0c6f04b26b18df1,1,1
PNG,2025Q3,102,1,497,fdc40f56dc5c5f0f49ff8c730ae662e40451827efc89e5e053ba28cc7c011379,0665286073e333e5db6139042804677761759e30ce18c4b18db623a293f37cb6,0,0
PNG,2025Q4,108,2,501,5700c5750b4d3c3bbde35e4cdb2ac7672427c3aaf8d446b06381bc92190897b9,964cca186363bdff471fc7315cd16a1c553ad642f5cd30fa3ed38eb63de07c8c,0,0
PNJ,2024Q1,7802,4,418,9ed193f6d0b567e7e2f6bafd81bfa05db9d98c29705cc33e51798b305f518eb5,2987a9cd03931fdb3f0e1f83e8c214d6ac5771b2af75c2c5942a7f8c4ec4b544,0,0
PNJ,2024Q2,8566,3,419,457fb868a59183bd1e6c2c230b130bd7594bf8bc5c1d6fc5fb0d840e2c6d90a5,c16e28f0c43be9f5b6aaed3ca03a8e8434689ed8f99d3affe4627d85e2cf1a4c,1,0
PNJ,2024Q3,9306,3,416,34454fd2b96ebdc0d5a0428a0a8109f4c53ced82c9c8f040cffbe03fdbe6f0f9,1c0a5d11a488303a026cf1a8f458405b19784194afd9e13d1d9c5a68a0bcc9a0,0,0
PNJ,2024Q4,10201,2,414,2512409bb6bf9f20942308d129abe8c83c3d5c436ac562a78ff831f1d4fa461c,ffe5c887b0735c982c597e66e0edb4a00107d1fefa181baa952a757e3fd5e13b,0,1
PNJ,2025Q2,12078,4,414,4ad192a382933df36b1b9ed046f1af3e322e8be4a1132ffbfb135e2b4715fcb5,e1db7e9aee056580e430499f89c4a8abe3607b47b0617ae41d2db528a9449e57,0,0
PNJ,2025Q3,13155,8,413,d770c163907f94744da2b2c89f33fb6bbf1d12e5358f7a6cf0bf8672f795957b,e560944d9ce712a8b84a9e3ab3f73a3914f0e3cac28d60a9178696fd4e899660,1,0
PNJ,2025Q4,14390,2,410,55c2e971f718cca0241d40ba857894df24f76c4451605e44a4e5bd2594e33d50,ca68aaf3704f6d39a3038b571438be7d652d266c25fb0e9c833aed0ff99b6e2c,0,0
PNO,2024Q1,671,1,475,a79f40477276265eeb9dda82ab2b3bcff49012baa927d616d709cc9205c0b798,69c9b47649ef5fd9ebd2d096cf6ac8a423c34daacb3af8b0455b7a4d46370e03,1,1
PNO,2024Q2,791,1,479,72b6ce0bc45cd1ebefe204893be9628961aeb212a4fa93b0423e0ae2b3d4ef57,0e581c4815066a7ff423d513a2adc5f8e1d1163835a251048a3f89dca2383c4f,1,0
PNO,2024Q3,916,1,478,9661ffd3c6bdb9666b0f341eeb0001cfa058517913f18f7b7bdd8afa4797bc27,191abb451fc1a7fd9475e2b550d1238aba07bb1bb20bbdb1f1add006625fb9be,0,0
PNO,2025Q4,1610,2,488,b0098f79da2bda294d9c64f42c5354935f944d6bf55913a2f6d05deb5ce9edf1,d9980545d2de2e2cb8a1c4dc4880b106353457b5772ef24e9dd649239b7cb1a2,0,0
PNR,2024Q1,29,1,493,1833fe08a1bca9e2328197d3e22c2978ae0e717b3dfc5b94234337fe9a8cb719,ed64a5a5322ce493860dd99ed952f99c5cc4857da12ed346aea053ed4a0e00c9,1,1
PNR,2024Q2,32,2,497,f95cd2cfde7673b32229511acaea00098f4328e64e0c0124834b02599aaa11d7,4fae7091c1121a14a48fb95b9a53dd6b8fddbc38c6b16bec394473d639135c24,1,1
PNR,2025Q3,66,3,501,3226964ea7ff3bacce9105948bdf3ae60063648b4fbe69b11dd45c0a20dc7eb0,c36f775f2506004ebbf5c1c0fe5f29d3af072ff088e9572feeb4f6c9ffbef80b,1,0
PNW,2024Q4,224,3,495,d5420892d455d3f35974f6f46cf22e25088154b34a336efd71e992dcb8bee3d3,6e82284db0225fd09bf74d837604116151a216b3ad249972227b53dd0e9d7e34,0,0
PNW,2025Q1,262,1,492,00396a2c68a2b9db0a471df8bf7202e351a917e2a842da6c8047e472172108db,f885143ba0762716c32b6bd040582c044dbe062280770a8d430846d040329d1c,0,0
PNW,2025Q2,417,1,493,a593a10101d7e9b50ab9b4775a56723be8a0894284a00adf0941b9481ce73612,b23fb21c958172ae9e27d15b40bc540586987750dc4f9d32bdaf9269fe89fc8a,0,0
PNW,2025Q3,463,1,495,560e27ce5f6a8a72647aa680e1fe4a9b2df7c63d1f0b19b5663321099ca67fcb,b20ee764f489d884be509f0ba55cd68810957330d112eeab8527a9893d9d46f6,0,0
PNY,2025Q3,251,1,516,f30dafc803e2060c5b28d7060f5e3b9fe6876065bf33b9f80241dca09582a561,2619ebf09f49024bce8a9f390a2646ea021dc3e54527aa1d3caa8d00c428bf3b,0,0
PNZ,2024Q1,11,2,510,d0186eeaa56de9695fb29fab9016fc7a9e4831bcf7ee26d71f65f044097788a8,bdc9404fdc1cfff4e316388997fdaa85b02a0e97f9d66d32447ab4bcb8d69b63,1,1
PNZ,2024Q3,16,1,513,90eb528a8ddc093ebe6608b6055f5a5570ab583f7850436cbdcfc93b17855ec1,e545563b497023690c9b474b0e63e1a6ae16dc9d52f7ab31f156f6d4219b072d,0,1
PNZ,2025Q4,22,1,523,0f6dbb984cc9cc92c446faff77e78e5fd025617c5499594bf44b2e7446729ae6,d7ced7469b89f9f3cc125405d49139095c136e8f3a5966fe6b997aa2414e1364,0,0
POD,2024Q3,1,1,521,a03d29940dfd3e70426644f1cd7fd0097589d8c2c78e4ec7012c9756784ba49b,e23191cce8b013609a93fa6552ce263885ebb9abf128e2eab65b73c69de62b70,0,0
POD,2024Q4,2,1,521,23163532b33a7fdaaf50aef2986616f74b1de2e7e82feb35963e1b6475d95dbe,3659cacab05527b55657926c7f6335720a935c7202daf914d7562dc0342d2acb,1,1
POE,2024Q1,2866,1,451,af976d408d51289e7d1da834327bac74f86d4dfd8fdd09730653511be0dd42f3,221324166e41feb46e457f0490759eaa3aa9a12f6071baf143042e787b07d16c,1,1
POE,2024Q3,3166,1,455,883b2b8209e3e6f182fe5e4fd117a964bef9471b179fbb4dea85258dc9ae09a7,ac7f1e728789774064460738975f157889c8ba1ae094065abf368853cff930b2,0,0
POE,2024Q4,3301,2,455,203e7781c85eb1eb8d9a5a4ff2a6c904117ae7b4e2d8d556081e517077f19eac,b7c2a1ea16f028485825381217b8dff7ba3418a3bcd727a486d8b8ff33c17d3b,0,0
POE,2025Q1,3444,1,453,cc6c72f04bef7665cd6ad88225f98c3d3822bbc876d3fe4946b1d5593bb298d9,06eb7fdea1bab6560dba4c8e62efa29adb2f6f8a63eee0f278154afb1acda5ba,0,0
POE,2025Q4,3854,1,462,0dcb28342c74f21d334a7a3969fc88cdfd49cc41d04c982401dc11c4038bd8a3,c50676334ed094b5baf7bd86428ee2bb9d4a49c7e13079f27ed7169257dac705,0,0
POS,2025Q4,2,2,531,beaecc2df0df66af8fa3d4ace0a24ebe7b7d728a30f8805a38d03132078d0629,7aedefa2b1b8b0adb880be6407b3339105ab595000ebd211345d9bfe5058debc,1,0
PPB,2024Q1,17,3,510,41d6eb0e9cfb884380cb7c39f754deed01cdb34d27db50879ebb7e958ae83448,93d2e8a78cb5a10038361e9031c15e6562c4e246d692ed9eea6c1798c87e5c5b,1,2
PPB,2024Q2,24,4,512,9a6491467b5606a3607b8b8b7cc6aa8ff26776be3f1e86a170da13ced8f9dcf2,a70dc22b8ad6db1e131f9bd9eec1ca3338e611078b960e92a8d82432391b284d,1,0
PPB,2024Q3,46,1,508,9ec662c90437a89dbc24066b7639dda20bb3fadf901787883a97d06dbdfd010a,4575eb8f865b22b846dd91f0e834a983cf29ae08ba67ddf65b2c5f52e5e7acd9,0,0
PPB,2025Q1,67,1,508,ca40dbdf09a664add4951a5c9ae22d9610ec9e6478fba59dbabfad1836d1a693,0e91202d09fb12c9f3c93678b8b07b4f9b6508bb53fafb877c851effa966b76f,1,0
PPB,2025Q2,71,2,509,5a29c7dbf41d443373acfcb2211b2b30ea189ce939344c03a20c885d283b64b0,286f0f4058e15d00b6dc1e8b4abbebee97976bdc1793b16e5ab4f1269149b17c,1,1
PPB,2025Q3,73,2,510,b608dc9e25e3cbb4a3c6d5a197bb48453df8c13280ea23663204840e3781eb4c,67b43eca74fe9dc15cc2646f087515aeeeaf23dfce9d24c887e7304001bb0537,0,0
PPB,2025Q4,77,1,513,f4d0626dd790b1c38dc2bdbef0964a5842a68941bce9756792cf4bd4741d8396,6aaac4c087a792d286d3515a44379ddb473cd0625f83dd380ac1bf9300202e68,0,0
PPD,2024Q4,10,2,516,57c2596cf57919c7d286b8eb8ebf660b56f2e0e6febd52b03312fde094c278ad,729dadd633bee75862fdd92341a4a649f6b43339e2154554b52201a671b58e99,1,1
PPD,2025Q3,11,1,519,84ad11b89de0946708188f2cfae37ec1d036dc0b20e451c173b164118991c5b0,fdaad9580dfcec1acfc41367e03d8b8c22a0addbc4921a87777990153f78028c,0,1
PPG,2025Q1,2,1,522,1dcc8cd4b90e0e3bb30293c213c3f20004fad04f218a106f808fd9ce5566d11b,642afd0c4301a0fe639c483bc95e6532b9d55e8d36c16a0eed5187af4472e194,0,0
PPM,2024Q2,58,1,510,e7e0770804015910c5f351b9de9a5b978ba56673cc2928850d627d7e0fd1fd40,6832e84ec787bb1b9b0587e8cfde91de6beea69890cacd7e948dd0bead445a21,0,0
PPM,2025Q1,63,1,510,e864632692b0b0a78859ca6d62be37cb139a2ab5e91a044257600f64f429314f,409e212fb4bf98886b260e02291379b63e84fd6cb7ab067b968c4bc5205a31ac,0,0
PPM,2025Q3,67,1,514,6240eb5f84d5eaac783491032a96a2b8995f31b433cdcbd434ab906e36df758e,5e800d40783d3edae9ddf1f0c212b347b2c6e2e9b641fe20f371488817be4eb3,0,0
PPN,2024Q1,106,1,489,e38a11ed2b95399a023beff97b97b669187a0945e4221d1dbc2cb70e480a2f38,3659cacab05527b55657926c7f6335720a935c7202daf914d7562dc0342d2acb,1,1
PPN,2024Q3,125,3,493,c2f138e976d148ca3ab7a7936842d5845ed941642cf451fb577d1ac9733e5db0,8d6b173a41c24ea7976f26b4ad8b46e163affdce72bc0cc85d744c1de69158ae,0,0
PPN,2025Q2,156,4,493,2acf5b62a520c137db76ed27381ceef847f409e6e6f82e7af115af8062c70e82,565d6b82cbab7e47b82e486849e976a25ee8401a01476c0d7df63a4af07e250e,0,0
PPN,2025Q4,181,1,497,0426d71488e4e3bcf3295d4fff17a7047dcd8eb51dbc53afaecaa63a911eb786,f4aca0645ae9b53723543edf7a32e2ce8639b3bde004d46afd03e272e392ca8b,1,1
PQA,2025Q1,21,1,518,7159c0b560b2ef9b5a4940344554f530f0c0e6e9dc4a4b4a7d9ccc71570dcf9e,38c09c12833d504dfcc0dbdbb3d4ce61b2e921adf0cf8cc9e741a7704f3daf14,0,0
PQC,2024Q3,12,2,513,048b9c3bedb0dda62b8ef3abd7522f760decc9aff063975dd675ebdb5c320276,5d0cd2cdf34b8f155708901863510cc45e672ec4213526abc1eda2f6de79fd6c,0,0
PQD,2024Q2,17,1,518,87f95e17abe65272993a69776b031ff83e8c453695b28f08d6c0963a426109f8,0e7ce2c55b01e28812e7fd0b7e7682c2f5cf97d5e220080ed0c6f04b26b18df1,0,0
PQF,2024Q2,71552,8,466,7ead581dfa5798c5bfa4d204031b6820b5f2e2e43f656f0bd53a2d7dd60519cd,66127401e04046c78f7e843a72c6dd5fb65331943e1b75973c5e257b2afbeb5e,1,1
PQF,2024Q3,76535,1,458,0b727f2d9b7d4592d88786f681d175b2a5ecf7369fc20d7cf9fbafdcd57d2684,63284e49e8d4e860b99d434b1d1c5b40a71248ba2e1d02678cd6c0493e0d7e97,0,0
PQF,2024Q4,82824,4,458,faeb3d3281323b9b24853c56771c0e543522831866250858a0c16742a0be3d4e,481c4ef976e996fd53e9407c52a7096371cbc0e38d0290d119d8ac82e08f2500,0,2
PQF,2025Q1,90175,7,454,fe2dcb39f8292fa0c52a1d833754f7384d792eb26056da174802e9e176ff679c,11af4e399f4eadfe4c97168cba4f9f6b8da3a947208df3d5aac745354711d74d,2,2
PQF,2025Q2,97548,1,449,851beecf8f4d877ddff659cd3d995cb735339e3d99c75064da01a7ce3997dee3,586f1db6e208a8a5f825ec340ea7e33f4485d97dee1931e7f4189a193a36b870,0,0
PQF,2025Q3,106724,2,451,cff62e0ff5d52c673695697ff0295b1c42e4a766b5bf61aa6adefbcbac5e5d89,dbfee57645994b4882a498f7445c76abdd30e18940a050d7632d7eeb11873dc6,1,1
PQF,2025Q4,118618,3,454,ce3366105bf88a4f582d2ced200698c09f8ba6f45740245faa5e5620914d5e35,58f2ab7989f1c9a70001a6753798dde68b971f58382d225a92ba52d9f06ad895,0,0
PQK,2024Q2,363,1,487,05031655e8fa379513a7a58ed50e38db3c7128feb26ba7b689a2753534b49f2c,fd6733de78e0a4f5db655cf283fa7ae9c05060cb90d72f9cba4716e75f9a8784,0,0
PQK,2024Q4,386,3,487,27691d4eb99e2a207aac83e5f229ee4812550729a19dd8504e153d215a22d908,d0d4299162c721b6e93f5356892465aac02e4a1e5af6c09eac719d2062cc820d,0,0
PQK,2025Q4,443,1,494,b69311fdad70471e1d9e8adafa12a18d6d96a499b168f562807cf1dfc00104b4,0e7ce2c55b01e28812e7fd0b7e7682c2f5cf97d5e220080ed0c6f04b26b18df1,1,1
PQO,2024Q2,8,1,518,edf12e2f28259cfeabed02308a9bcdd5781c74127996885e0c131b9e42e03d23,598a368849023e0238de665cb5ad2506d41b4ec6497efa2fdb6b432b05bd9241,0,1
PQO,2025Q1,9,1,518,27b1221b55f7309711ad8488e43900aa519ed6921e3ed973ac83b6ca91fe5856,f624dcf018bd7117af2c0ef366f6025a434c1a89c33a122df101132ce5fe9074,0,1
PQX,2024Q3,1,7,521,3974e05a6480020459a971921c1d2f7e5b46902d44a58c565463c92ff4c9db00,2d78630b03bf07491c158512fa30eecd794ccba18361d2b73d0e854e36b20f44,2,2
PQX,2024Q4,12,3,515,a287322f2258d08ac1e39d1ac5b62da962e5f8e1b9c7a509d0499440786e90bd,ed89537aea99925b10b4fbb5f021ee52eb300c0bf63962863f66265af2d53da7,0,0
PQX,2025Q1,21,1,512,2d92b6a71586c089408b5a1b7224b712342447f33e2ca5a662a583237452e273,0ac4f2a3fdf592a8a70bb0776a0305651761f12777248c2b67d116667d9cc46a,1,0
PQX,2025Q3,32,4,516,3acf607f72e5aa631ff86438c63524cd3805a497f58625f0dbcdc0cb4347eb0c,006912f9a58517f31db5e6ee67372f99285a3038b563dd6f5ec7626edf14a1e2,1,0
PQX,2025Q4,41,1,517,4bfff6dc2ba7b6434494ad04b2b5d20f2dac44f757fe56aae70cc0739a6cd6db,2021bfcf916adca8c3c724e44ef0de9873a3b8b8f9d00974868d55254e755982,1,1
PRC,2024Q1,108,2,490,4ca2efd8990129d479adf269461990d051b2d85b30eab9c50fe0f88fe039622c,3e0f2357f1f1c30d9b5b6d751089cb851aa650f0199b6b424762efd06e938102,0,0
PRC,2024Q2,118,1,493,9cc4e459ef39649d833850af0566032c4afe5b1dfae42b51a1f9cd5ec5529ef5,e545563b497023690c9b474b0e63e1a6ae16dc9d52f7ab31f156f6d4219b072d,1,1
PRC,2025Q1,173,4,493,c3d0cdce1a4c679306723e6d6548cc94f73eeebfa0ca90cfcfed06987dd7bead,b49569ebd330c0a17a39fb9fba769f79c57a09fe39592a6d2ddbc0d3280da3a6,0,0
PRI,2024Q2,193,2,513,0d04d1b75d4ab03151080ba01b680e9133686577fd7fce8b11cbc48876b4f685,3348cf74549182ab6e5b8ca43fb7dd547cb7253db5f1b93d1642dd8e801a1e09,0,0
PRL,2024Q1,1108,3,433,5227fd849ab8c5e20c0f632bb3386a028afed71f355921f0df502d13a45e410b,77f24f09364d2adc0433de2d1551c4f1df2a2476f8be3e0d7f2a88c76c68eb3f,1,1
PRL,2024Q2,1209,1,435,b48af706f197f5d17e8f39863f610eddcf2abe6240538f102ba3cc02b9ad52c4,642afd0c4301a0fe639c483bc95e6532b9d55e8d36c16a0eed5187af4472e194,0,0
PRL,2024Q3,1310,3,434,3a83e93b3eca31a2731235c8785f33d52cfb86e5c68c9eec7d043a42ed20203d,c12e6b3ed4384d4b3eb6cedc0b420e974515eface4f7964513360b19fb1b1a58,1,1
PRL,2024Q4,1434,2,432,05e21dda076202cdc48d7d8d1a02fa1c70c918197a1d87b871ba1c5f38af0393,33d75694156b6815ae9a9b8b1e63e5bef441417277fb719d88a6c154414c73ab,1,1
PRL,2025Q4,1905,2,440,ede36ba05a59c40fcf93dbed3c9451839c93bf6aa051e9379ab49c83ac96a078,19b5b1138347c26adc824ff2f4e3cf9f40c67ef6415a84259946977cfaba5427,0,0
PRN,2024Q1,1,2,515,9c1eb2fb957950b84b5d4a67e668296d6483134871da7ea680c1166af08aa270,d2682c445e15d899d6f84f9fd78036d9d1bfa285f95229a00a5f1675523b02a4,0,0
PRN,2025Q4,2,1,529,17d69a81668320cbe4ba4a8deed9737d77aa1318cf90665b796aea6bbfa18739,7986c188fb6f886fe49c10e0567f93476e028759a1df307f14027173ea371dde,0,0
PRR,2025Q2,2,1,523,9d8efebfab12aa4744cae724273e46076e3966438b8bbb7f24752de0b1be6fea,2021bfcf916adca8c3c724e44ef0de9873a3b8b8f9d00974868d55254e755982,1,1
PRV,2025Q2,1,1,520,563d158d72b83643cce209f3faf2079d5bedc539072472798f1fce8a5315723f,e23191cce8b013609a93fa6552ce263885ebb9abf128e2eab65b73c69de62b70,1,0
PSQ,2024Q1,35,2,503,341b2e6ea095810540a9e9849bebac896d74606646583223045b8957c623a263,14b1b84510382ea34906350b6620c5bba013a158c31f5c2e7de6abb649f0d962,0,0
PSR,2025Q4,3,2,532,2f03b2122cbcfd2a7cc77f7383fdbd68e72f125937d07bb860334bfeb2b82361,41eebe68af584d00bcc32840e96eec9861b57e1a88e47c6ce37c8c867bc1717d,0,0
PSV,2024Q1,1390,1,430,a16d159218806cd860dc151152ce3edafd19298da89a51dcc6f0c4b92edc7135,e48f9a2df6d08b5a1934e0431786f10a704f525ff73074014bc43770b396db33,0,0
PSV,2024Q2,1536,3,434,f794d0faa7de603f1eabd6363edb3903c05845001ca50e8d9283a57e8aee30c2,0996776a70beb2dd8a72acc37c52e2d4796b01b595d9281510814493e16ec30f,1,1
PSV,2024Q3,1708,4,431,9478d8355e0bf7af0db8fee5f9041e9d005909fbfd131f6b4c53cce3590b65ce,6f50582c39ad3108f7b6c848ed1250ccec7f3dfc61c574d86971defbb192f462,0,0
PSV,2024Q4,1858,3,428,cdfa189283a6a5bedb975264fd42c0b15b27181e6cc75f954d57857d85dff69d,5acd177d37c641e0c39f740f6515661e2a7280bebe2e4d4661483d1e5f0a6372,0,0
PSV,2025Q1,2017,5,425,4e8d65b3ec4771dc5677a511a556d0bb1be1e95a288c1cc427989402cb595d05,07c52986a1c505211a809333517265e690df979e08362a5fe2fdfac27c3249c4,0,0
PSV,2025Q2,2226,2,422,69476392cd7fcd8f6f8ec4b8e52c4b8c25475449eca5dae758e8f6e18118fba7,c8cb4c8ce10cf77fed31e1fff88f03a9c2afe8068cdc19b465387ad7aca1bd1a,0,0
PSV,2025Q3,2484,14,423,703962fd17093d702835c9fb71cfd182244e3c71ce951fe1a602228b315b24f8,4f6e4d2cd46d3a8e0ebfb05975708d4d7fb41de5a3acfbf74fe180f7b0311b64,0,1
PSV,2025Q4,2888,11,414,769eca016aebb0ecf9a1cf52d371e5eccb276380f04452ceff029c541b90f264,2deb9f2f004311575318873ba814d91c0aa1c0366d71a5e57244cad48d39a984,1,1
PSZ,2025Q4,139,1,518,e04365954d8410664955b0a68a2e5c63eb97a2cc30405497c80fb0418ba5f92c,a221944324d4dbab1046b19d5cad57619f9900d32cef7a6adb1b377a3a0ff59e,0,0
PTD,2024Q1,104,1,487,88369709150d0f1208ac57b5829833c79dad41e3e041eb05ca6c09d17d4bae32,cbdd00c08fcd013e55e94815c31b8e42f822f7d7d47f2836753892256c8267f9,0,0
PTD,2025Q1,126,1,492,9d75b8d964ea564f32e92f5d92a6be19113ac29103989bbc7334832d71f6e470,6e09471d01d382b76e1a78471c1cbdc849d6995b18bbf3a1d1031f289eb059eb,0,0
PTD,2025Q2,129,1,493,d3e7125fb480c58a5dd8d19787bd0041f804e2e5ae30fa4c90e51ec09fcbcfba,191c83ef3b46c3098e66e64b58c90f27a6ad43e7d675c97e8e54a1581c102456,0,0
PTI,2024Q4,96,1,504,deb6bc155d722a891c0855e89003e4711e736955353e0caf8c4c4c919d4142e6,598a368849023e0238de665cb5ad2506d41b4ec6497efa2fdb6b432b05bd9241,0,1
PTI,2025Q1,100,2,503,6eb4463c539dd2c7bfe4c528e90757469e675ea8c0a55fda1597d63aa2e1179d,76a032fa68d1b53ac3aba04b2108db0d59066311012f2c11db55fac4695523ca,1,1
PTI,2025Q2,108,1,503,ee34397fb8958f7266ef494762ba1dac2d61acc4655ceac5820562742fe56d93,3d0105d4b59fda1b993f890378edfb772cb1baf5545f823fc4877c3d16fc5a62,1,1
PTI,2025Q3,114,1,505,dd5774f9c827c533fadfbf46d1d74a8a60d136f94cb841590e40e827e2afc9f1,a870dcb24a5decb006ff62fa84d61e196ae2ada80b26cb1f88676e14c29c6c22,0,0
PTI,2025Q4,125,1,509,3b32797037d4e704c16e2e49744e19711d2c3bdf5c565f62ec4e360d2cf3a540,e397784c48b2128e957f45ef79f152203f0e86f32f8c2cdf8b1db70cd42496a6,0,0
PTM,2025Q1,5,2,519,36238f3cccc16f95bbea0f051caa4207cc177553b5492f9c6ba053a492fd7239,f710c4762c7f4419478aacef021a8f4cca007cb60739f70d91fd59fbe045e3a1,0,0
PTM,2025Q2,6,3,519,40c53340cb7b821adaad3f9ebc7128406eb3864992a82fbaca24bc70120e19d8,713940a8aa87983e61429d3e0418b5c7c07613671b71c3afa63bb5f11644ddd4,0,0
PTM,2025Q3,9,2,519,8bb4b669e4e78b15bf2ba29e1f597fd60831defeae18e69a86cb47a3ee0a4273,180e5e4dbb2ffebdd8fd3bd484f58eab6f1b2de7db5b18a97035b1df0fd11ede,1,2
PTM,2025Q4,15,3,522,554abef1baec86c624638fc1dd2a0062e5ca74c00d975d8cffde7792fb2dcddf,fd42ed4d4c5225602497952a85bd9ab7c7b1fa2bc3152efbd4b4bc0a43e4103a,1,1
PTS,2024Q2,223,2,480,368fe7386ec7873a65def141d5c14e07228b19d680990004d22942d5c160eeac,45ffbd8cfe9832f663a8f67c730c8960290eacded78180ba8224ba48c1848a60,0,0
PTS,2024Q3,233,2,478,a08d38a250ed1a8bb5f07c69ae0e41da1da97f27e94db5040108b24a3761945c,dd507cbb5f8be748d6b946fc25f5d898bd5e05bba6b0455073b6f95f01110e11,1,1
PTS,2025Q1,260,2,477,8f0697d9504ab32325188afefe899d34c21f9e0ec9f9dbcff93aae4d20d2f9b9,438af8a17050486eae8e5f4442e1237c9b970ee669e3c615db7c20b7f03f81ef,1,1
PTS,2025Q2,276,1,477,80cee9aa373fc555cded182753af3561ab6d221cd049576792d851895bd970ca,c40b1c5676925657145ed816dfe78048de0e4e71d68b9535fc4da2f237454a0f,0,0
PTS,2025Q3,283,1,479,733ac68defca682288a3713e74aeb146d0586d16bc40c02d6d89ec9c4b8823aa,d782bb7473be55ba5c5459e0a7d1d0ef9c048810cc4660cb074bc8d1cbf0c771,0,0
PTS,2025Q4,287,1,483,45e093371afd079577e58698c06040e7a48e1ec0daf0dd9f522f63356950d34e,04f40a8c8305397da67f43059e7858044f792a000c56dfb6e91f783f8d059f94,0,0
PTX,2024Q2,5,1,519,21ef4629db448a9637747c4149b92134201161468faadc21950d5dac341d0839,261efddb563af16eb9763793f4ef4a07ddf66db8bc9970df2550287de5d68413,1,1
PTX,2024Q3,7,1,518,9b866b4f938d564104c50cf675e6573e7e461779ed8a04d41492d489a1bde10d,cbdd00c08fcd013e55e94815c31b8e42f822f7d7d47f2836753892256c8267f9,0,0
PUB,2025Q4,2,1,531,5faffac24c8e2e7b69d7f857bef8e6330782b2951260b4a22e4598e7b57e9201,10660adffc097cdbe50eb0ff2a86476029e12b2b1665e45428c444244bc7da02,0,0
PUI,2024Q1,181,1,481,5619c1b4ddc00fd37d2609f7b306872dceab8a85ad6ef81f99fe56c878251273,c7ca1bb14fd51ba8fd58aef005c843e2cd4ba79f86f16179c12ba3d85bd461f3,0,0
PUI,2024Q2,196,3,485,ad5e08615b4f3cce7a8f97ff58c0f21f83b1703b10bd5d10579f1cd4dead1544,e3348f32cd486162fbc6a5c7cda71d9d6a88e1064c0a2901a435329de9540664,1,1
PUI,2024Q4,234,4,483,1cef0c408e4ac06798acc8eb55a2db9e53036495c8de20044194065464c0af96,012fdf37eae2925c5450a0992b54d6e79f5734148838df899136ad8fb5ffc436,1,1
PUI,2025Q2,264,3,481,07849995fc6db27f507f79c4e02d88c1e4ad56ef944f181485c90d73e2c6825a,20a98d22c5eec6ce9faebf53cd22a45f2ddc578cce859fe9d879a7467d243b47,1,1
PUI,2025Q3,270,3,481,dc706cb055f3f21c4c2fc3d9ff6ab2fa8369adc58eca32fa7818850688b5098c,f42d19e9e8e30d849f3430a6cc35e483010276951fcf8add3eb93143ab7a7c44,0,0
PUM,2024Q1,228,1,484,cc4cde325dbdf3431a62421cef2d9c9b0c53f97dcf459a0b9331b80ac2044af6,12a6e199c2c6f77cd1b8dfbe7d507bd7f61a30f1f02b3954f4b12bc8c45e9782,0,0
PUM,2024Q2,240,1,488,691864c29660cd816263c465750c658ea1ec19a89e9a2ed66024258d93fa5d46,ee9189e403355ef9acc59c1a0a64ed23dbe7e7273b952f9cc09e9ca7d38bb483,0,0
PUM,2024Q3,251,2,487,74c392ec06a269f453ef0dd6ba555c4171d8597058559d6c307076ca5f54a538,be7bca58d11be8db97d6b0ad8b175c410bf5dfaf9c5a58079568b6b3828dadf6,0,0
PUM,2025Q2,283,3,488,d80c3b3161634e2432afe40dbdf92831d1b9f2ecb8397cd6195f889fe477903a,6a78bead1bf402c345cbbd48372068d1a70b3af9c255427944c351ca3829ecd5,1,0
PUM,2025Q4,309,2,493,9b871a811ab0eb0965db78d2082f46e4ba461bfa7b21a2f7eab770199bfbe792,f2fea56528af0cec9d2b8e80a368aa9f4846dfdb3e049962d70b9e6303e83ce0,0,0
PUP,2024Q1,5,1,511,368369dc53ddd455bd93e3bce18655dd321dc3eb3042e2b78b7963a3b8f1c441,e545563b497023690c9b474b0e63e1a6ae16dc9d52f7ab31f156f6d4219b072d,1,1
PUP,2024Q2,10,1,515,8f574d6b3f95572af2ab057ef00ad7cfef5a7c3d8fbd0855bcf0363c5ea66515,e23191cce8b013609a93fa6552ce263885ebb9abf128e2eab65b73c69de62b70,0,0
PUP,2025Q4,18,1,525,fc6e3b60dc17fcc978e806414ccdb6fec6fbb315429ba52c3b8540bd1628f7a5,3697faf9942af42685fb3f815b16f9ce5d825777d0421210ec2e5cca8734bbdd,1,1
PWB,2024Q2,12,1,516,b82236754c55514df85d9edd126ead8a82d346803d7fca3f32334fdac720a535,e545563b497023690c9b474b0e63e1a6ae16dc9d52f7ab31f156f6d4219b072d,1,1
PWG,2024Q1,1,1,516,bd82e0bb3c8c23266ac90ad2ad7a0c0bd44d4c6f37fe54229e5a0c4f1907ae6b,7986c188fb6f886fe49c10e0567f93476e028759a1df307f14027173ea371dde,0,0
PWH,2024Q2,29,1,511,05ff86dd7c18549fbb2ed50423e8fd4bd7d76a6ea4666981ff8beb2bc82c3a5f,b514795fcb021b5d26c110b7507d228de6666fc736bde58e16aca507b2ea3979,0,0
PWH,2024Q3,33,2,510,e41b03e98664d8a034678d13cf89c4c6a1c335bf7a50a753685d9cff8f0279e3,6541427fffe48d05138ca4491906efb548120cb4fe76a3f29cd56f5255bf2946,1,0
PWH,2025Q1,45,1,509,e88ec75ba2ae02dbd55e5a768da7b9095f1ad1a533c9f81cda0a3c34496996c5,9a747d942ca2a9e4b9c780de67bee393e775fa215e0220d0ee8b53bab7f29573,0,0
PWI,2024Q2,31,2,501,709c143b1534955fff36855962b7dd9e3e32b6b9c498b1bbcfba13603d93c715,3dcc58df54b6d64b1f92fa1520cfe5cd59c0bea6f0bb78b5426a50855b3b28ec,1,1
PWI,2024Q3,34,5,499,112020d47e2f7c2caa52fe461947ddc1c50847870ae2ea2352bde63ec69127bd,78fe4c47aa8c0c3f43a459848889f269df5d82a4bf811bbc770af1914925a811,1,2
PWI,2024Q4,66,1,495,12529bbea240f9d7f5fc7cbecd2c68cfb289a7f0465de12b6016dbb3db6140b0,639c0853fb0c447ea4ae2ccad50b169129c5b47c8755b913897dc9adc29c0497,0,0
PWI,2025Q1,102,3,494,f2264b7d5221df68ecfe1e5f0ebfcfa988e72284fbf7368a5061e2243e3b8a51,d12f04d252c5441214f2da45f270631137753496c801f7a32dec2b039b40ecd9,0,0
PWI,2025Q4,176,3,501,6f0344905f427b49d429d4cad58e0662dbf1f355c61d1bd90e0cf025b60c2ef6,e2d4a5dc511f96ddc3e6423ac4098099d54ca132a2c1616f7a634cc1207071b7,0,0
PWJ,2024Q4,3,2,520,f712e972fb0096903236b8d418056f8a041852541362e7950e73004c9a7e375d,8316d69f3eca8b664582da6f8f6f2295e152920f3a40a301c096e1c630d68c79,2,1
PWJ,2025Q4,5,2,528,cde0e28b44ed4b4f2df29c1e7e75f6f070f5dbd2db0a35d20e29ca5aa6e6186e,c33b83ddd03db8b1854bf8b382d5bfc118c37c1b962db008a7d3b1b5e637678b,2,2
PWY,2024Q4,52,2,504,97b0d006c66e8d302d73dd29fdd0b2152f15be03cac1954ac124c48ea9be05a6,fa66b23f742a81e1856f1cb3252853b760681ee498a7fd6452ace3ab712f85ae,0,0
PXE,2024Q2,3,1,519,55589549c160d1205a17164b6fd6b47d41cd980378e9497ab7ae69ef4e2fbcbf,c5f1bdea4b936530e6d08a46848374a4e328fd17c67662f67ce7ed7f65217cef,0,0
PXE,2024Q3,6,3,518,bfdcede307d7043f86045ce2201832d5825af592d0e92716bf955b706f462feb,f07a59aefc29a70df93d07cbf6c07f6efd2dc4257a84cbb8da450943258f7edd,0,0
PXH,2024Q4,2,3,520,bfe8fe07e30cb442a52570dc7e01cc265a04f5401cdcd81a420c1ec690b301d1,e8074b16d02d2709b8d6aebb658616230d6feb85df0e1b43f170ab9b8891884e,0,0
PXH,2025Q1,9,1,517,1ab625015256c33555b905941affb1abefa53e39fe682b0516efc3407d3d4077,261efddb563af16eb9763793f4ef4a07ddf66db8bc9970df2550287de5d68413,1,1
PXI,2024Q1,47,1,496,62362287d366b2ee57bb61d14883be7c69ec6c1f8fe3d43eead8ef63f4ce4414,38c09c12833d504dfcc0dbdbb3d4ce61b2e921adf0cf8cc9e741a7704f3daf14,0,0
PXI,2024Q2,55,2,500,d3f677b6874c7d4266cd436c24a1b57c0b76eca4ebf713a360c5f22fd0930ca6,f05758a8b87f72319db9e7d5cc75af042540d40e33dcac1326aa3f6468b7ba77,1,1
PXI,2024Q3,64,3,498,199fb83ce47465c1966fadeb452503d0530fe0812e261efca5b3354b99988d3b,f94344637d3dc4a5152431baf8cdbb043a643bac5e0f3266fb3a5c185ba172d2,1,0
PXI,2025Q2,85,3,498,d528b28bed632c7676cefc726804e4fdc632a5332f8dd7d80c730a61a9c63fa0,bf92ecf203259323a6d833a74dd99a4a44098521bc5fd79004e14026d684d4c7,1,1
PXI,2025Q4,110,2,503,503c5d0970041211d0ad7c865638a01beb9049bca523cf22bc8dfe9b350e3505,facfbb786af3227ff484d9e28306efd70f1dcac2996522b086e6c25ae959eaf5,0,0
PXK,2025Q2,1,2,523,6d3e15b98a0c9d4af6747bf360e0cb0b50d531f96f2fd3b7802d4497afd58153,aa0213be1c6aa61fac59d9378875aef2ba8dc8727e302ea27c43c0876870f9cf,0,0
PXU,2024Q4,8,2,516,114fcf33183c8219b789ce053fa87aab8b55ac4b7231ba7b4cd85807fe57d867,eeeaf78dd4e28d36f70c243dfdeca2d7bb5d8eb8da086500c3949d5d594145ab,1,1
PXU,2025Q1,9,1,514,acd2cd7fd5095d4e4f35de880cbe168600b2661832a55b233e1c375191954e39,f624dcf018bd7117af2c0ef366f6025a434c1a89c33a122df101132ce5fe9074,0,1
PXU,2025Q2,12,1,515,8f0f66a77ccc400fcdfa0d70e11e03fdccf1c21de73154acb8a2a7b33e5fe402,71c46697edee9e71aa348f719c4c7b970093c2f170e96c721b1c35b61b7d2256,0,0
PXY,2024Q4,3,1,522,1dcc8cd4b90e0e3bb30293c213c3f20004fad04f218a106f808fd9ce5566d11b,be0fbd4adb5691c289e97783510d0962c510097d36e515db7b41acbdb28015f6,0,0
PYX,2024Q1,126,11,480,a48c3e69baa06fcc4c19fceea39acba8ab49d7ff7804898948d9b43a3d4b7674,5ca092537b114583c0dce2a8e41f435d250809e9ae9023f872cffc784bcef96f,3,2
PYX,2024Q2,228,8,474,4f4bd4e5d0a806e8d376083876d02809a984b48aa753335336fe1dcd8e08f126,df3716dcf40a2f13ac5349acf5de5a30b0478dfc4c798d01d2c4461ff7af4b11,1,1
PYX,2024Q3,373,5,466,9c8094cd870793d38fe3c5ecc76bfbc6ea285570fac8d71f76375a682b7f9e56,31db98208cafef64bf35c64e3b7aa9304467e4cdaa101016dff34da00cd38289,0,0
PYX,2024Q4,859,2,462,dc066c17c128c3eac86cfeb2e1a1c4f74269f5687e7d9c7ed25f9bdd0be82728,24b2870b1d13540f09bcb8e13aadb9e28224b56f67d452175dec9f5baabc64ef,1,0
PYX,2025Q2,1246,3,462,45d354447a889db4f35d501514d2bd4fe15cd4a9bbf479092eb59b88cf29cee9,4b8afa4ac88c5fa8deb8c672f20ef3884c3f87b351f5dfc124a0127a51569187,1,1
PYX,2025Q3,1369,3,462,f8755720de31cb90841a4723c36064fe0ea2a06d596206f4b3d3c136fb4a91cb,04b13dd25c789c8a67ebf0e5ac1905fcdca27fc2d6ebced6519fb57a42941716,0,0
PYX,2025Q4,1567,2,464,cf6b90e841417c6f7a65db220bb57c9b9d4d8e5e9e24d86cf057064e7f72e520,a2ce16ab7135da01b3845e048cf6b936c0069be47b6d95124609545bf5937e7a,0,0
PZE,2024Q2,107015,2,419,c16b35af4778ec537de8425c06d771fec82b9df4b2dc0c9b735e0e401340decb,404076aa0edd9c1567e0168741f56da0199ac658696707028644da235ac86e26,0,0
PZE,2025Q1,110601,1,418,a9e0be5f54cfc1ef17cab02935def4e4cb744911e35888231e9bdb18d0f4dbe9,57dc770617ff6777df87b210b8bb9f2b9314ad58ea38f8ccb79809f0ae688261,0,0
PZE,2025Q2,111192,1,419,638a71f85aa4e16cdaae4fe5ed5186f4c3d800801873ec14645dd67e55ebc2b0,99ecbcca20ee1d8e82bec093d10acfd8cee24a2b9f6e6e746e2c0e8bf2b4587a,0,0
PZI,2024Q4,56,2,506,5b7f07fa27015c0c48eed9c626324147c161c9af43b955eb4a3546944635cb2e,4d303ccd1d35ffa3fa13eeb2499f6b5541bc6f7f19d16db8ac56606fbaf9502c,2,0
PZI,2025Q1,59,1,504,bb01459d47677ec42d0d0ead085dd80ef5a143cc0ce8e85431e90908ea4720ed,41cb6db6b4b81ec360579fad82e609926a78ade93b8600e1304acf0315616942,0,0
PZI,2025Q2,63,4,505,697fcd24366dd928aaa34007c476fd80a3f77a44bb6e3692d0d77a2ba804ce52,a4a6b9a7c30932eb99db84f1e0a32a81468a3050758431fd12d896b4660881c9,2,1
PZI,2025Q3,87,1,504,2a569c873a73b7cedd6c04056d68c8d44a3b076d0d8936d8160ce8c65a25f4fb,ed64a5a5322ce493860dd99ed952f99c5cc4857da12ed346aea053ed4a0e00c9,0,1
PZI,2025Q4,90,1,508,a3a93ed18461ad588f009b3a6ee9b7fd580ac82a80e7c49ddab6f38909ebe8e2,a6a0ebc661bdca78ef039a803c3c305d0bcf29af1f78f1fe07b6f7690d5a7573,1,0
PZK,2024Q1,304,1,496,a1737a96ba4b305720398e32c48f71db2dc7a16fc7246547649ee8562c58dce6,8d679bc0fcab565c28f10b0b96de772fe7ec45d7979c51b1ece80a984650f2b2,0,0
PZK,2024Q4,467,1,501,7e4a6f57ec8e1d878bb39cde87ad5373da226504febedf2ea0ab90a8734ea850,4c3c63706537489d0895a078d95681851dcb8b0c251a8f2081af4029ecaf0dce,0,0
PZK,2025Q3,750,2,505,e03bb2d376531e4a15266d53edab4c2fe92a840318a6ae167d2b47f4ec771ae6,f331fa9188d7df607479e32ec2a1ee548ad322dd1219de8a8a2cc39ff1b743c7,1,1
PZK,2025Q4,892,2,508,a2b0f1977fc1ffe45f30285c55eea50b34bb06d870087623d520436d9fee29e2,f261cd8a448d2a31743b26ea63f110d6e51ccf113b915bca90d699e96d769935,1,2
PZP,2024Q1,682,1,472,cafa67ad775637bb1042a414716e420f615e432b761a314ee252702415b01e80,5a489744f0e6044951321d02f4b36bd22ee1bc9b699313c30d5078f30abffc57,0,0
PZP,2024Q2,777,1,476,ee03420c7779808fd23ffcd5679235c1ace102169fb8d8401c14d3cf72489872,439fd981edb3e2f2627282b1b655676cc4176970a4c243218b851672060095be,1,0
PZP,2024Q3,843,1,475,36c49901b0856c41b0de1d1a60240c6765cd4a5ae6ea9980a00df9f31337255a,6dbdffd7ae59a216b79d8f81925e4847ae6a185509c9bb40b39456307fcd0988,0,0
PZP,2024Q4,920,2,475,6d309d061a7180577f959b8813fabb9602d9725a60b42b1dc83a56f5fc1b95ad,8066af2916b9a17562f84f5a27edaa112def0b52b32d803cbd4ece9b1e0f5d24,0,0
PZP,2025Q1,991,7,473,f1debbd760d167b22d73e422b5bf23a5f497b1477e76e46c29a91f0e1dd44b8f,40c80cfcae689d682476e2c5271027930c9b52f1a29dfc6951c5bef30ce5e544,1,0
PZP,2025Q2,1104,4,468,d3ae7a9434dbf29f3c4f821c415d6b38a52258be963518899ffb6faf28bdb403,4c9715a778690664e187967362fdf4964e7856079233202a329ee023f2d89910,0,0
PZP,2025Q3,1173,5,467,050a5f2863d0245c9f3c50221bbc6b03d11bf306d16f5e25d94d50c003298a4f,a239c71569598dc95409e2297f581db51c26454a6f1485884378a6d9c2f64c34,2,2
PZP,2025Q4,1232,1,467,30fd773472926eb0f3005ef236ca09021705d907aeb23b4c0648dca8c88b93b8,2347b5f9fc99fcb36264441f380dfa46acb748fa78699ca15936e1452d65ff8f,1,1
PZS,2024Q4,64,1,506,cb38c5f778a1b561b4e3ef32d23649cdfeab458c3a208b54913a6aa5f0b06bd6,6d19f89a6b34d52be49fffb1dedeef8940de00db8969153058cce8f0e00a17e0,0,0
PZS,2025Q1,68,1,505,392bfbe5595936eeff9361ebc537defbe7e96a4ef826212a6c93c99478b172df,ed64a5a5322ce493860dd99ed952f99c5cc4857da12ed346aea053ed4a0e00c9,1,1
PZS,2025Q2,75,1,506,33a34f3a5b859ca6e4170b56b7737569bfd4dcbd06ca06b18af15124434546b0,71c46697edee9e71aa348f719c4c7b970093c2f170e96c721b1c35b61b7d2256,0,0
PZS,2025Q3,83,1,508,7d19a66e50a4cdb7164d2bb27185436b56546d08ac96281872d8c186e42211eb,f624dcf018bd7117af2c0ef366f6025a434c1a89c33a122df101132ce5fe9074,1,1
PZX,2024Q2,38,3,508,285f0ca01dedc4e724de21a04aa301edff395f2914493902aa52af849fbd739d,40e2dcbb008e9820a134c03d1a426d095ced2629c3b5cd48807ae2d18e9608eb,0,1
PZX,2024Q4,55,1,506,1aea1df802c0f317d5ad2afce5bc9716cef8cc17d9d20346c8286f3a0dbe97fc,e23191cce8b013609a93fa6552ce263885ebb9abf128e2eab65b73c69de62b70,0,1
PZX,2025Q1,68,1,505,1465a46ce6e36cd407cd45b1d364915f4706a9e8499751672864360469184519,e3173dd3b267271ce8c0c426407a504bfe481afa16c303d4493143e7f5dc6f18,0,0
PZX,2025Q2,84,1,506,cf2847b6955ae9af7f6d3fad4181b9342abfd80004538373eed107deb11fca06,81a2026272ff63d01f8af801ee48fcfad671edeb997efa58ad6011c7992e636e,0,0
PZX,2025Q3,91,4,508,f1d987d299d1cfeee1bb854ff808037e7b4d8fe8fad90ca4227a1595f728cd5e,172ce80d26b49ee4f63154bbb48e15dfa59b4980d250735e3d885f9822e3ae3a,0,0
PZX,2025Q4,102,3,509,bab6e499ce5b445c255b6894ffc1229f1f188e9a59722c13ad471eb3a4295242,3f52c304e27802a7894454902733fa28458c7df18a9e4766afd254289d9af5a0,0,0
QAD,2024Q2,97,2,498,9b7860b5befef42958e61f756e752794f239242c6bfaf10bf563eb18cc776bcc,3179503d7979ba123a8a7a023bbb91b1423057d20e4e91d8a7b9eae755428b11,0,0
QAD,2025Q3,136,1,502,cdec6e6546cd16d31a22897e9f63386a85c328fab3e5fa1cea8ce0592c74f55d,ee9189e403355ef9acc59c1a0a64ed23dbe7e7273b952f9cc09e9ca7d38bb483,0,0
QAD,2025Q4,142,1,506,6681c25fe50fdd51ca686e4db811f1f63f7e969ce62def6618e28572d6435f1f,ed64a5a5322ce493860dd99ed952f99c5cc4857da12ed346aea053ed4a0e00c9,1,1
QAI,2025Q2,44,1,508,13a39ca795092b54b897ba7303550d36def1657e273733b13ce541b15fad8081,ac7f1e728789774064460738975f157889c8ba1ae094065abf368853cff930b2,0,0
QAI,2025Q4,47,1,515,547cb07234a14d762e060db1334461d015bf4d9b27c78fbe0cc4adc3c9759125,0e7ce2c55b01e28812e7fd0b7e7682c2f5cf97d5e220080ed0c6f04b26b18df1,1,1
QAN,2024Q1,889,1,456,b6c9dcfe07f74be7cfcb79629d2162badfaac6e82207f3728950459b46d113b3,c40b1c5676925657145ed816dfe78048de0e4e71d68b9535fc4da2f237454a0f,0,0
QAN,2024Q3,941,5,460,44ec32c00bb238db31ac9d2fccf15fc4a4cec8ed719dfcc02ca686d2886f6247,a6ef2de7873c86451fe94c39e301d631a3104b690d846aa81a1df5c05a3fbd41,1,0
QAN,2024Q4,982,1,456,5754c01ce6a8d77ba3b6bc1e60f2513f2a013a3205b6ca75cb4446cb93b57318,409e212fb4bf98886b260e02291379b63e84fd6cb7ab067b968c4bc5205a31ac,0,0
QAN,2025Q1,1017,1,455,bab5ae06c894cb28cd1bea9496ecd6b787816b5016695404177b5a9ae5b9bc34,38d7512d42c29f4fa4538e708a569768cd8265bdf716160456aa3cb363db646e,0,0
QAN,2025Q3,1090,1,459,d1b43296e20d423d5e52b96b85e747b96b5b7620cfb0a483716170ce3f8be0c6,67a8d890ae35fecf506ba8c84d2766b477e3cd7e99254f911cffbfc4349f5bec,0,0
QAN,2025Q4,1148,2,463,a124202eef5933e677e2587499e45aea07521f9e1df457ad72967581be25f35f,a68752a06932938895cf0d3b1be8ee7753a2f297f4c5670cf1f3c939918686fe,0,0
QAU,2024Q1,670,1,475,299a50a1354878c6c6838ebce3ba975fa2d5af58dd77c3600faf58ea2d2c325c,ba07166769a3e3452c50870ce5d5ac2227dee54068e4f1be8bc354c881ba382f,0,0
QAU,2024Q4,773,1,480,bdf18b34a7dd8292f816127df70ff6c18edc062e83ff7b523d4c4d5c036e0c83,f001cd25e7732637e5fbce9737215618847b554a59a0590aa14afac115271abc,0,0
QAU,2025Q2,850,1,481,07b2815a38f9a62e568a73c759e5517f5dbfccfff2e26a0cf528902fb87b0951,f4aca0645ae9b53723543edf7a32e2ce8639b3bde004d46afd03e272e392ca8b,1,1
QAU,2025Q3,887,1,483,179b3241e9cf07b292d87d35c6efb18eed0e2021157b589e353aa387bd19db6c,439fd981edb3e2f2627282b1b655676cc4176970a4c243218b851672060095be,1,1
QAV,2024Q2,13,1,508,0eae1c77f0bf18b1ee5d9ba71792b46592d5bde220c8c30b63585eeef3a54475,3697faf9942af42685fb3f815b16f9ce5d825777d0421210ec2e5cca8734bbdd,0,1
QAV,2024Q3,15,2,507,1c96ae7e1308cd36aac7de649f60847a9fa3299b9be957d16d956f68a862d213,e086e50df12cc3f6024446ed4d314d508a0e1d64ee17f46e1769606d7776b01c,1,0
QAV,2025Q3,18,3,511,9b6509a026f4da1151ab900aa09be19e2e5dfdcc84d2f50c26cef89142f04775,8b226c588772783b29e076fa142d3f14abe7accaa2bdb55c85fe64cc9b91eaeb,1,1
QAV,2025Q4,25,3,513,fd26e6676a86e3bc5b66f9ca68fe25b35cef7498fbcb199295c40064b0de2ec1,016ab358ba03f9ddba4895393b5a0619e0d51966cfe6e1c7c327dc515f92129c,1,1
QAX,2025Q3,1,2,527,1f674ba12c1435f670c9417674e4f512334dd2886ecf78420455e9774f6a77b6,794e36d02dc0dec2039f9cdc41f159490abd9c6ee0121defd2d683befe9d9734,1,1
QAX,2025Q4,3,1,530,7856ae13b835dc4060ce6941fc24d153cc331667afde85855745df2ed74fd487,261efddb563af16eb9763793f4ef4a07ddf66db8bc9970df2550287de5d68413,0,1
QBC,2024Q4,3,1,520,5a8b006b25fffa261fa727e616af3483a276743e099ac9f5b6dc9a3106823dd5,e545563b497023690c9b474b0e63e1a6ae16dc9d52f7ab31f156f6d4219b072d,1,1
QBC,2025Q2,4,1,521,525bd512b4f533d10a316a0428f0e527806e1b5221f925d4009cc9825b6cc142,0e7ce2c55b01e28812e7fd0b7e7682c2f5cf97d5e220080ed0c6f04b26b18df1,0,0
QBG,2024Q1,1,1,515,26391acf0a9e09f923575e1c223a0db44394ee9da3907bd96afa8c2e8214dc62,9a6a45463e157674e04c3b6a2b52396b512719b3b7769ab43cd964729525051f,0,0
QBG,2025Q3,2,1,525,a39c450dde408f6b2dffcc43ddbf08294f374af36ff086d99e6143d86e8d466d,f871daf976560eb79e3ef5cb85b3d2d6a3d7697323456f5fb281da2a26de8a6d,0,0
QBI,2025Q2,24,8,525,d021af00d93aca76c251b9e035db2125352e6f4a1a0d2386eefadf0efde80f6a,ef5f8c8c859957f07dfaa4f6923613bddd5cd0db01fd3f36846e35feaba3e7e8,3,3
QBJ,2024Q2,1117528,1,334,0bcabd44ae15bbf64904fdd4ccb298f4c9a8cfadc4dba18c0b4ad347a3070770,a45a4d8ca8f3f66cfe922287ca79f1444322afd4d71aba862038704c11a2aa0a,1,1
QBJ,2024Q3,1199301,1,333,19f8bf2b1f865c00e1ca37a60a49703c5f51d1954d62cfd8f1d870f6ce265281,5fd09d1b78591e13ebddc2a8e95189433e215d44d0347594d994d099496e9ac9,0,0
QBJ,2024Q4,1298442,2,333,879d73025f948822f3ce776851444ecd27f01427c40a901f0e3eab68fc49cc19,cdb3d1237f7355bf39e877023f27d0adb153a429f493b734784c441529e0dbbf,1,1
QBJ,2025Q1,1389313,1,331,c8d0f0f30ecd33e1894bf7dd33e003594dfa39bcd60766699cd88097607ef25f,c40b1c5676925657145ed816dfe78048de0e4e71d68b9535fc4da2f237454a0f,0,0
QBJ,2025Q2,1468298,15,332,dd019a69369f3e888b292bbb611189b1e1e84cfc33a7fb48cd5fb40dee60fa91,4779ef7020cc5a1c3f51b5e13a515e790092699bd7aad73f3ddd6e93a61ab869,1,2
QBJ,2025Q3,1565873,16,320,7fd8d22f914019d23f1138caa7cf2a34cd8724ecc562d6e58848f5e6adebd0c1,7b3c92ba50afba88932ed557899bc4770568961b8b9fff4f1631d18f328a3707,1,2
QBJ,2025Q4,1681809,9,307,79454945df4bdb302b5f4a5a336f1d3ef65864f3b64a2faeac45be669645119b,572651c1f9c837da67e010c37b6c92c488772d20f193a350a8bd59194cbc7274,1,3
QBO,2024Q4,57,1,514,fa076d0704fba8350002fff22207f66172a4f7468ee8949a0b56bc4ecca4346d,f624dcf018bd7117af2c0ef366f6025a434c1a89c33a122df101132ce5fe9074,0,1
QBO,2025Q1,65,1,513,21b2d31412b7ebb5181983c7bf453601d0b1ee36ddc12d932245c549b3692c1e,cfb436f59fd90f48de462bd4c70a516b6bb39f081b5208a870583942b81826c5,0,0
QBP,2025Q2,7,3,519,74c92851990d5b6552f4ceea71405345dda1de8eb3334663ae14746ee2de356b,a9e237b92639b2b08257e60f4c66aef9d6e248be4b9ab4782e0ac107d0de17bd,0,1
QBP,2025Q3,10,7,519,21033307508e35846f8a482fdd708f1caddf0b2c94ed2352a86245cb7134251a,35c492d74765bde76570c9fafdfff5aeedffeb9ccab9606512deb7eb1d77fd10,2,1
QBY,2025Q3,1,1,527,3a4fbc4edd60118ca0a121539df6947bf13257e759d17d033855501967fd000c,261efddb563af16eb9763793f4ef4a07ddf66db8bc9970df2550287de5d68413,1,1
QCA,2024Q1,120,1,495,a6c4d18e0516cf3f94e35d172f545aff199f96f9b9ac17b4a840cc6172d5d2e9,04f40a8c8305397da67f43059e7858044f792a000c56dfb6e91f783f8d059f94,0,0
QCA,2024Q3,160,5,499,df7feb2cf116ea7a67a969df9d259683c7c86c98f4e3e9dd9ce365c1a46b1959,eaefd6a88724bf055ed81f1a5c1f820f85808c60b84bf984e805036debcb1f08,2,1
QCA,2024Q4,198,4,495,8fe607a0dc219ce345ee7a3bb0f515eced2bec434945a55d92f71841c35575c2,96847cdbd59962b7996c7a8a867a20e119694ea532a2cfc9534c82646865258e,0,0
QCA,2025Q1,273,6,491,29e82d0f1a9efff57e13bff4dda64d1c0fa957993335192e4e253de6989d79f8,8f84d21df272cb2c1155ae052f560d707b6b53bf08e28ccae9932415bf28c2b6,2,0
QCA,2025Q2,342,4,487,7a1e55755e2f7f8a31bf5a1c59b3ba448447786a500429d438d2195f111e150f,5574711a1d7cf06e0306e7c7e6db9c9c4d3364d5ba91491cc5fb63f3f1851472,2,1
QCA,2025Q3,416,8,486,9229713e4f43ca02600bd540365ca6423c63928c23ef3f0a3889066924dc2419,c929bf928302f402af1d4159652f395173422d374054d9646903ac23c90563ed,2,1
QCA,2025Q4,507,2,483,bc8d7956d156f54948a48331ce2fe72e0c5d25ef4d60a61aa442517ac3068015,be7bca58d11be8db97d6b0ad8b175c410bf5dfaf9c5a58079568b6b3828dadf6,0,0
QCB,2024Q1,12244,1,485,3b9c3d7bc7f1ec5fc7a5dcbf789749f2bbb1fa2ae95ce0853396752ca6c3f543,f04a9b043ea63e419307d3c70b380b6564a71cdf899e31cca1ab50bbfa038b96,0,0
QCD,2024Q1,1147,6,484,041b4a4fcd36de1fcca57f75e99631c7b88af56048c3cc4a15faf2925d502e95,8a0a5d365617bbd85952a4feef3a935f3547bac75740268c54614ae2f767669c,2,1
QCT,2024Q3,13,6,511,4bb8cc32c85a9ff78fd4708b56e9f44f890e613fbe415a649ec3a6402ad2f3d0,ed93a6697edf8c83e9ad8c91a42098245a63b0500cefe9ba8941d05d5d1ae98b,1,1
QCT,2024Q4,39,3,506,6707d0f8404af877d7a9bc63f274e39999cc2ffc165847efdcc9c54f66bd6af7,f1221c149e233213530249a9a38fc59428b582c77c9fd21682a4962b36810e7e,0,0
QDA,2024Q3,18,5,516,77eebd945831421367556dfb6e2acfcc25fb9d83cbf5e1777594f2f8ca009526,6880786cc01569b138a31148ab94b89131d21c1acc56dfbd5b790c794cf7ba04,1,0
QDA,2024Q4,21,2,512,5d33ca0d7fe3406cc61f32668620603c711ffde48c77aa80612f4619fd85ba50,1cd7e70bdb470f061083bfef312236f92c181cf9b56f9e07360ab580d8ed708d,1,0
QDA,2025Q4,27,2,520,6ed9218e90b53e22ff846d94fbf6e48c254948708c938b74186407d481034811,ab738b9b85bd421da82a5a9adebfbd8ab915162fa7c8d6a00f323837851a977b,0,1
QDF,2025Q2,1,1,524,c7b14a698c5547ec7ab224e53c5407ca72c303fec0de9647900cf54775c09bac,e23191cce8b013609a93fa6552ce263885ebb9abf128e2eab65b73c69de62b70,0,1
QDK,2025Q2,555,1,491,667e9ab8fa7f74eb651047b4f296f9d31db5639205c52bd7e83870f9db2439d7,2021bfcf916adca8c3c724e44ef0de9873a3b8b8f9d00974868d55254e755982,1,1
QDO,2025Q3,2,3,525,c039cca3b6f129a401c26c114584c891a431a65e9615a18471ad58361accdf32,91a08160540e5a69e1e92a2b2d56b3074e0dba9e256c457dab924f37389e2e88,0,0
QDS,2024Q3,2,1,520,f8804f1dcca7de858f65060307cf7a965c818dd59e79f09f8f5add398c947a28,5e800d40783d3edae9ddf1f0c212b347b2c6e2e9b641fe20f371488817be4eb3,1,0
QEH,2024Q1,3,1,515,e7e591337b67f435417c0f667a5c38591e41cfb8b3be5f9b58775063c0862c79,261efddb563af16eb9763793f4ef4a07ddf66db8bc9970df2550287de5d68413,1,1
QEH,2024Q4,6,2,520,d7eb991a3360d574337562b5e43291f118937acfb219f080e446c8e4323f4eee,594dc5ef1a604a309e74536fb7c01b95ce9c31f6e69b0c68c1bea25c2796dcb9,0,0
QEH,2025Q4,20,1,528,89ba1d7a5a28026f83217179150b13550938d1590e0f36cbb1cab6ec7c5300db,06ffafe2347c3a89f0bf26e1657b8d45c014e9f95a710e5bf5b17ea7045b3deb,1,0
QEP,2024Q3,15,1,517,629c83d8b1f2901b9a2cdd258a78ebef4926af34f17d164080fa4996dbfbb202,0e7ce2c55b01e28812e7fd0b7e7682c2f5cf97d5e220080ed0c6f04b26b18df1,0,0
QES,2024Q2,79,2,506,0cc69cb3202929723fc6a3d3e6acebe5444355e1b71c4fd3b2c97a896cdd347f,40cf46183d8c8fbcbe5535ceda24f28ff8a827538b40725cb03c279e19b734f1,1,1
QES,2024Q3,85,1,504,7bcc3919e1524324eecc6b42a93678c6fca7875f2c0922296446aa6f2b2b341e,cbdd00c08fcd013e55e94815c31b8e42f822f7d7d47f2836753892256c8267f9,0,0
QES,2025Q1,100,2,504,b07af19290f3257a4227d381e496eea58f3a2c3ce6fd61fe471d7ba4611274f4,5a851d5d4dfc827ad32e4a8169e48e9397d57f3e74e59c660200c771c3010eb0,0,0
QES,2025Q2,106,1,504,bdff9232bd1298b604f35df73ad8f58c07ce55f3b33f5eda9add3dc322af1ef9,72f69ee9e5cf9108f868966bfba9ee450cd827ef6e28e359bbd03f57fa808f18,0,0
QEW,2024Q4,960,1,444,1c77bea298fff309c376b2a76abef0ddf2a6a1f9c085c2f07f3b9866a8a56012,e397784c48b2128e957f45ef79f152203f0e86f32f8c2cdf8b1db70cd42496a6,1,0
QEW,2025Q1,1004,1,443,56f24299418abcf6a69d86a1e6bb151247e71ddfb6e148e329d6b3ece1640133,e23191cce8b013609a93fa6552ce263885ebb9abf128e2eab65b73c69de62b70,1,1
QEW,2025Q2,1050,2,444,9812f908d42792bab94ea6b00f54814929fbd0dfa4b5875d509e4b452f6d5904,74e5167a7757f56f599c0e53a42217d2453ebe1414a30741623786422baad885,0,0
QEW,2025Q3,1105,1,445,70e12ccf6699dc78aa8d27c6facb95dd3c4869e447586ca4e33984bdb8c0f326,bd5ae63a29890d42f6512a1e7fe6f694176d700f8f76ec36212249be32b87292,1,1
QEW,2025Q4,1150,2,449,47160ca59835f04c4c92a41b8687c7d15716f385606ec7bf3b88ccab6c0617ec,8bd3eefc0dc1a32f6a1a02fdbf798f338e5c92823bae61896faf9de641f91831,0,0
QEX,2024Q1,158,1,499,b360e1544f5995c53265ef5e016a2d48c24c61a2fd8e84b3a55d5df57ba37936,3ae3d218a8eac87e03237fdc4a88f599903d51d06327066df9cbee60a7635f5b,0,0
QEY,2025Q3,2,2,527,1f674ba12c1435f670c9417674e4f512334dd2886ecf78420455e9774f6a77b6,195e5146330f61dfa2f2ac2482e0f065021fe4dcaf407e6b08b72ec9048cab32,1,2
QEY,2025Q4,6,1,530,cc28845b6f674cdb704e23eff65aedafbc22f42aa13b8c9a5bbd9192ea71c661,2021bfcf916adca8c3c724e44ef0de9873a3b8b8f9d00974868d55254e755982,1,1
QEZ,2024Q2,35,2,496,a3140801e0e662e6c2ed3fec00f0410836e2c5674ca82f2bb6c886fe842bd3a4,e8f19cc8477241331c3f8ff54191bec2400f934f9f1fc038811d874efaa9b8bb,0,0
QEZ,2024Q3,42,2,494,6a8f34f5d145715eb1ef2c69b44790a798d5a0592513313aba356907c76c84a9,c7f68ff8479a730ee6d068858a6666f9afd5c829cc9e922e1e10970a9874c6c2,1,1
QEZ,2024Q4,48,1,493,f6f547bf4f605781d5d7ee375174b253cc8be403d64a71d11844bbf9617013d4,083821f12d7436845a7f874e2f134d5103a891c9516a746670881b21b9919c61,1,1
QEZ,2025Q1,51,2,492,23835e59ecbbfb3a46fe241f47b6061e94d51b7fd1cc96579c4d989756de983c,b993610bc180e490a08edd86307d368cf24b5c1190d40140d2b502e30cb52834,0,0
QEZ,2025Q2,62,2,492,e2d252a2ab38116004a4b5a78a729d01f896daf032a4fc76b6858d672b9a284d,c0ed8fe47781da6b510fd9603e107138e92ef05bef3e81af13d31de5923749cd,0,1
QEZ,2025Q4,68,1,498,8c20fa397ee04921d65582116a3e8049d5d4035363177cadd28b42e25295e2e0,ed64a5a5322ce493860dd99ed952f99c5cc4857da12ed346aea053ed4a0e00c9,1,1
QFG,2024Q1,422356,9,331,82ed8a8a9ef5a3606fe5bea8e43f3d7b0c05f1ac836d73e35de65a56b8295b71,c0989fc007306aac12f309711fe69b0bd14882343d5dd59de8c2bd18ca21fab5,0,1
QFG,2024Q2,478489,3,327,066cb1d76ea9310f368a5a0613b016339ac4e0732d70acd535bf891ee1ffab68,4d98c5da85a24ecfc2b47426238bb3ecaf49b7b43aac3ce02dc219890eca532f,0,1
QFG,2024Q3,543602,4,324,d5e46ed5b5d1ffd971c20c95393aab056c8636324150effb117b0f34f77c65c6,3c41f8b15c721706974eb48b17d05cbf0ba47c24b7ff04e6b997a5236245df85,0,1
QFG,2024Q4,625964,6,321,0e865742233fd3ec3a38aa460166f69bcb0a45d7edcb614256b11167c0536503,10bd75e537c91badee31dd36a850317c7907e3bbb15ae892746ac04c075bae40,1,1
QFG,2025Q1,695546,5,315,d0951cda168932192854ab76d3e6bcf080fc6d06b2a72d9b991b7d23601b107e,aaa10861e1a64e232e7b0748bf04cba8ccfc179b84a59701dbaf8a0da59182a3,2,1
QFG,2025Q2,766656,19,312,4a9026798746900e4e2602e9bbc04ef069dbe1d2a3ee1c667f9e410b65de67c1,eccd4fc6d60ffb673a73620887fcb12851652d18cef8769b34debc677af4d5d0,2,1
QFG,2025Q3,836952,27,296,fa5afc98ecccd2c36c9f6c1119ec079bd19303439afb7fb8ae24e71590def80c,15d59499eac109b90e3ce51e4b59685cacefb69751235cedd23fdea0f9648300,2,1
QFG,2025Q4,927102,11,274,99db1426ef7fd66f475d1781fe3fd893d445dff7a432e81d4de0f5bc9ed7d255,8637ddd7c330f8ed4db4f84944e331f085419bce0f1e7fce6e6a65b09c1ddc73,2,1
QFV,2024Q1,26,2,509,3503a38b7d4922708a5cbff7ad752f4f48ed8458b50f84a5a7338597e1337508,cfedc01877eb099a59aa875c4ebf95537b29ec5296b789db64a9c6f2314d5a1d,1,1
QFV,2024Q3,51,7,512,0571a611575c6c12ec1b39cb4b26a11e3842b1c07ecbb142ffe2e01ad24523b6,7f9e1eb8a5f4ab9c10a8d8d75f952b6a6cf64502024a5fae8d6082962f4ff461,1,1
QFV,2024Q4,62,2,506,03e94228712a072ec1b1baacc2852846b4f6acfdca525db2576e25d936ae3ce4,6f844774d1a09c91ec82db5f593ed1b97ee5eb2a1abc7fa714ae9f52ae643abb,0,0
QFV,2025Q2,77,1,506,8105948a2995d3037cba65aa70083e9185d7ff2af55588de6d5fc6d60103d78b,72bedc5286df3195906390406f2182d897234b564c9cafe702a2d39fd2b08639,0,0
QFV,2025Q3,83,1,508,eaa770c49b1d74f58a4b21d12cc855584ecb5bc8c87c8b55ea84d1b71ddb1b17,ed64a5a5322ce493860dd99ed952f99c5cc4857da12ed346aea053ed4a0e00c9,0,1
QGK,2024Q1,4,1,515,104868d4f20a15782298b1687e7239b85fee1a8a32b03e119d4d94504075893e,0e7ce2c55b01e28812e7fd0b7e7682c2f5cf97d5e220080ed0c6f04b26b18df1,0,0
QGK,2024Q3,8,2,519,c2d5cf65d9f714992bf1f0da54a74f16c330f491ff4705d7667aa17aacfc458b,50139090f69928877e916c6ea9bc0131dec60dbc0c1753ea3e9d24038c000f70,1,0
QGP,2025Q3,288,1,505,ad343e3b09c749ca64365bb9109f248a92c16627957209565f7a77e088f64f27,71798fa4b4cabca6ba9d14739146ec22200e76b774043e4b21c6f2898827461b,0,0
QHE,2025Q1,5,1,521,6180cf126a36794fcc2072d6659dec630eb21b79b274a5b0ebbbeda5ff933df2,31f201bd0543b1c592c877a2226da8bad38ba2666f53a88fd941648541cb24cd,0,0
QHH,2025Q2,2,1,524,761cec7a1dbaa34884a41279e0eb46b63ee6aa128afa42b12ab364a928add903,0e7ce2c55b01e28812e7fd0b7e7682c2f5cf97d5e220080ed0c6f04b26b18df1,0,0
QHJ,2024Q1,541,13,501,5fcf3ff80d86e139394eb702f3a7136b69206cc6f178a4c7d790dec1cf325042,7ed85e2c9ef1dfe5b2d0625b4b386f37ebcd46f6a7ca4a684da7bb3a69857e8b,1,1
QHJ,2024Q2,901,4,493,5739746bc73f152092a631eb5c7412476db8a31371bf1e29aa879c2c4068fc27,e2157818cf7bfe9b81e16f9fbf61d905732b3971762188102ecdd9f385c4bf12,0,0
QHJ,2024Q3,1091,4,489,332318a8c8a61366a473cbd6248bb91f6941df09625158b1d892fac7ecdb83ef,af5c74a08f8dce8c5274a2c96e6b8862cdf1cedd3cc205b350c8b99aca1a4ee4,0,1
QHJ,2024Q4,1261,2,486,e608a4532425cc027770fc96982b4c9210a99ed51f91aec4b47ea9451369273c,26eaa3e58510b53cec65879b75247fd4fda1634ced9e7c3dcbc2dac11bf4963d,0,0
QHJ,2025Q1,1456,5,484,67287b3cc3d46b1e12a129c2283ce664735a99a88680117fdb4822f816447ff5,ddd11418846e7016ab5dd02e6eb0a0de79dd08d48e36ac4a7adfbae42d124f63,1,0
QHJ,2025Q3,1755,1,484,9887bded78b150b31bb80958f3b5a229c692f2d2a4782d6f4ab39d0ef9323a8e,ed64a5a5322ce493860dd99ed952f99c5cc4857da12ed346aea053ed4a0e00c9,1,1
QHM,2025Q3,459,1,523,317daac327305780d99a68df6da44eb7f3f34c9d096808caaafd9b43094e14d9,6832e84ec787bb1b9b0587e8cfde91de6beea69890cacd7e948dd0bead445a21,1,0
QHO,2025Q3,59,3,522,60f705c7ee88b9f337b57966ef9f895831c6e61ee8e9880cb8aab61bfd413997,2331cb5e99b6e4e727d8f4499a846b1e3c7ba7853dce8e66accc2aa6a3d1570c,2,1
QHP,2024Q3,218,1,511,b774183d8b53f9dfb20948e0c3726b7b83813cde2f97f0b4b40c7e1775f71d54,e545563b497023690c9b474b0e63e1a6ae16dc9d52f7ab31f156f6d4219b072d,1,1
QHP,2025Q1,250,1,511,b3841ac9fcd7319ecf1d416fc377c64a853912aac71e26e352a664a7c01ed98d,3ae3d218a8eac87e03237fdc4a88f599903d51d06327066df9cbee60a7635f5b,0,0
QHP,2025Q2,259,1,512,6681d9fb976398f8adfdba9fc265c06a1ff6e4555ea57f5cbe4602dfc43eb520,d782bb7473be55ba5c5459e0a7d1d0ef9c048810cc4660cb074bc8d1cbf0c771,0,0
QHQ,2024Q1,80,1,498,8cd2832c0c3dc9f8ba62666910e6167fce42ac3099a5fd4fa245d541c7ac8141,4eca1e6c29a9ef0ef18bac5338972a30a2024c93ab0e76c6f6a929055f950bef,0,0
QHQ,2024Q2,89,2,502,026f83936cf07e25a5759a8bfb1b8b2f2be70e8fd0b9b205c1826fcc0cdd124d,3e5d5f939269d84367ffcdb023af8de001aa1446c8bca4f5b218b9f7f290e70f,0,0
QHR,2024Q1,337,1,503,140bddc839d6f863422160c356e20ab673c031e3ae38a6f512420b5f4093eeee,598a368849023e0238de665cb5ad2506d41b4ec6497efa2fdb6b432b05bd9241,1,1
QHT,2024Q1,256,1,505,de5bc328f236194d34444df6a1d7763c283f6ee6cb22225affdb92758d63c561,57dc770617ff6777df87b210b8bb9f2b9314ad58ea38f8ccb79809f0ae688261,1,0
QHW,2024Q2,13,3,516,c6cb8519cdf2de526a983c61ba1cbd55c032127583e193faa391eaa191493059,59696d0904dbd625925b3bfeb0073ed17ef1dd5ade35f9180f947a2bdd00bfaf,2,2
QHW,2024Q3,18,1,513,de1d7950b1d4ff093d7bb5d29f4455e4f2b7ee02b525aa99f066bce6bedfba8d,261efddb563af16eb9763793f4ef4a07ddf66db8bc9970df2550287de5d68413,1,1
QHW,2024Q4,21,1,513,0e8e01ef2225719a6d65b2d87d4d12de9ca441d4baab5ddc0e975be6c8f78420,ed64a5a5322ce493860dd99ed952f99c5cc4857da12ed346aea053ed4a0e00c9,0,1
QIH,2024Q4,1,4,523,da05501a9f8d00eb60ca34545be6592be626de420ed911bce4ae4bfd596a4920,7e7de46fa0b79882704d9660273675d06c6805854bae31cc079c95a36649ef71,1,1
QIH,2025Q2,3,2,521,cadee662c444509dfcb95c1f2086a02972b5e76840907c7564efc4f0a352a4a4,717932055707513901dffd90059dff9752909d0049d228904f89a6e0fd80fbe7,1,0
QII,2025Q2,234,1,514,d21c09f9aa8b6c81575f7fabc08954ea9220fd214b559c14d1c8b34017d99be0,f8b5a1f732d1fa106c665d1f896ee50369aa4f2a5fa606e80c4ab6f3fad43ec6,0,0
QIJ,2024Q3,9,1,518,b659474387bc670ef567e2937fce9f76d51a8c857b3ccae829f2c7fe6836beee,3697faf9942af42685fb3f815b16f9ce5d825777d0421210ec2e5cca8734bbdd,1,1
QIK,2024Q3,2,7,522,1343cbe311fd7fde86abaed49cc997ac27c969aaae38e09be2f48a5d1c766979,bdb894d688af3514f75aa4823d12d4e41da0b3c93f3289648b546482feb591cc,1,1
QIK,2025Q2,12,2,518,0ec77d94e8fce30523419c44fb0fc3daf2ea14981aaec17390d4d1f3689cae82,b09bef2fd4e80b1dddfdf7b6c5085f4d4bac9ce3370c30dbfc4748eb852e9b11,1,1
QIK,2025Q3,13,2,519,8a63049f537d725563d2f0378a30887bcd7672a15bd0d06a317427efb944ee6e,18b6ed62246a32b0dd39e1dcb8ee1e28361939f774f602518b3fa66f15240cb2,1,0
QIK,2025Q4,15,1,522,2fa20a59ecb449392de93998e65b9268d4a1bac77da1b979d37e217c6c8e2684,96a2ce8601b91337bc7ad5e29da42216f07936936e35f4eacbc78e4e22820714,0,0
QIR,2024Q1,12,1,507,2e8f78c29472327910c6e9cd34cb2350d5f7e6d4c1b7a6d796b2a6bca7d73654,7986c188fb6f886fe49c10e0567f93476e028759a1df307f14027173ea371dde,0,0
QIR,2025Q2,26,1,514,aaba3855faee80887fea8e5731fae60cc5d019c91cd7bbfe7fe6db5d9e2e4521,409e212fb4bf98886b260e02291379b63e84fd6cb7ab067b968c4bc5205a31ac,0,0
QIR,2025Q3,29,3,516,dcea667590423fec579ca0885e0fad242298add77081ef27d0c36d6d9baf5c50,e54fc40a4c5ed27310bc8ea7db5effa13142753527139c8dbc5c5fca36d6ef03,1,1
QIT,2025Q2,12,1,522,9fe8c1c053a1cc967f41e69b113882243fe027d04aa5a0e7c6ecf8d3b790f419,3697faf9942af42685fb3f815b16f9ce5d825777d0421210ec2e5cca8734bbdd,1,1
QIX,2025Q3,1,5,527,82bddccc67ae6fa8b4325d9f4134fabba23f0473158ab8d508bb5d464a86d636,645ff85789f182f8e3a9182c3c5c9cf1da993be3b79f5ab1cdcea9cca738dff8,3,3
QJA,2024Q1,10,1,509,db75319abe4fc9fac485b7beb5fd1732234b848023521eb21eb34ed782c13586,2347b5f9fc99fcb36264441f380dfa46acb748fa78699ca15936e1452d65ff8f,0,0
QJA,2024Q2,12,1,513,f22963313b33f5413c0ab5211e0058b79a0f3a8ecdc2dcd2cba09eaafc6dd464,e545563b497023690c9b474b0e63e1a6ae16dc9d52f7ab31f156f6d4219b072d,1,1
QJA,2024Q3,14,1,512,5818746930821e120b276a40ec2f9620505ff3aaad43554576058040dfc3c5b6,1ad7da01ad9afedca3ca06eca6f98a05415dcb6066060971d68b6929efd66ddc,0,0
QJA,2024Q4,19,1,512,dfb55d097dd7f952019ad0cfe1908e1bd99b022840d2390c06961cd694a26770,a870dcb24a5decb006ff62fa84d61e196ae2ada80b26cb1f88676e14c29c6c22,0,0
QJH,2025Q4,6,1,527,60e46251ddf7272c8929528a2308b2f0e603de2be61e91152d486f159d803548,0e7ce2c55b01e28812e7fd0b7e7682c2f5cf97d5e220080ed0c6f04b26b18df1,1,0
QJI,2025Q2,48,1,504,8d8e914a16dcbd1bcba73252e8ca84f9d00162961ede488abd62488fddcf1fef,d847d308767049bfe74f99746f841259f7e7e0bd538a2070254bb9d5c73235f1,0,0
QJI,2025Q4,49,1,511,1babd740edc4aab7847434bd71f5226ce03ed7e4dbdd96704848240e2945d3cb,4e3d02aa585719d4f47391eec94e52df6c1978c18b266fa1299884a6e69a1139,0,0
QJP,2024Q1,150,5,481,163363950ceb4866c0f5e5a8a231f362c7b6154fa1c84272c26796166f831da2,64f8111a2fd95c1ceced1d878ea478916cdc931c63a840e4786c5d9c420e90ad,0,1
QJP,2024Q3,219,1,481,0c7bb47b60c74894db824556ef2ead36fb67cbfd46aede20056a7995ca5e3705,118c3868357412e35adc0a781ba0d2850d1f6ee12b138466bd9c9988ed432606,0,0
QJP,2024Q4,240,3,481,69f3b48aab7d3e38b37bcc2602454af8ecf59907ad61b0034572cefd31969ce6,674df445288cf4b80d921db59576da1b505f2c244a543965750fe828a49af7bb,1,0
QJP,2025Q1,276,1,478,97cf0def42c58742e5b072da4a73ee821c393693108b6295e4d17ed6a09cf573,71798fa4b4cabca6ba9d14739146ec22200e76b774043e4b21c6f2898827461b,0,0
QJP,2025Q2,326,3,479,11dd778457cf835b42f8ba1eebd43ba17f72d79ae93fa46154ca0196a8d05b9d,f2418801e66aaee2fa2bb1534ba9691d9494528abd5c2c9672b19cc6ea644916,1,1
QJP,2025Q3,461,3,479,26dfbb23a5f67ea130eb0cf8693d828f0327719dc4b01e9e6f0bad052a419e44,713d82b292453a518fbae2a546061f9401259cb3b4a20c05ab3b0a26bad285bd,1,1
QJR,2024Q1,19149,1,451,dfa4b04bb114ce5505fe4190e2330c633f88763e6a77e668bf1fdcddc50c19a7,b59aefe600a1124757da8d1a086cdf81609f998fc72f05f590845c399724f28b,0,0
QJR,2024Q2,19439,2,455,19861ed6e1e9a682aec877b2a6188029fac3db1c505406fa7ea726c7b65c8fd6,d160f38850c05310ff39249291769e6ed74da6de71c27c3c32a2e43447aab80d,1,1
QJR,2024Q3,19608,1,453,9ae079ed91a53724e3acd08f9f46c403dd560c72b1d1c9a7db7f754d21155065,c7ca1bb14fd51ba8fd58aef005c843e2cd4ba79f86f16179c12ba3d85bd461f3,1,0
QJR,2024Q4,19644,3,453,ebd66e5d3bb34433fad807526798f9cf6e12cb3ca9831c7ef17b543874fbeadf,4ad6a0358e8a5414591ef160accf45b8dda072931d2ebc4c048d54ed97e82685,1,1
QJR,2025Q2,19838,1,452,4daa5fa2027da1c06967c0655ba9a164f01c6fdc9e054bb968a0eb3d25a4741b,b33cc2be20ef231d730c6ffe3bb2941c968b6e8f730a7ee1af31fca48e52c9b6,0,0
QJY,2025Q1,130,1,491,376ce4a8976000aaa03242e94096d81e89b536e470a364a0b1d935e3773109bf,6b0f3b31667aa0f2ccdd5aa7d49159d1336831bf28e225872c7d04de70e5d886,0,0
QJY,2025Q2,164,10,492,915da211818b2a00499c1bdd535c7e82e0e0b1e18885cc239f563e3bf6411df2,9c7a95de2b82869dd3b9f98842f9dbddc4fb2e6f5343c487ec8b47299ffcc67b,2,1
QJY,2025Q3,215,12,485,5e6bbee8c573d39f92698e000f005585e4088c8164cc224f79036bbdcb54db1e,ba95b86893377274a37e5917cfa064a15821d4e39dfccbb784e00fec07398187,1,0
QJY,2025Q4,253,8,478,923659d6d1d6924f2243281c0eb8ca1db0264988d59f61e09e3aad36764a4cc1,dbf089259f12a2358b2bbb54c23d8827aff7329e2f523b88c848bd1bcc541acb,2,1
QJZ,2024Q3,262,1,512,8371b3d2f6702d28fa2f3e0927d4e4707f3888e90899639c1dc895e5d0f5d347,c0a96f021be2b891bbb71643ab13928f1c30e4cf94f9498b4cae5f22f76816bc,0,0
QJZ,2024Q4,277,9,512,d096294cbea86728a76c18fbcb7b5e726a3dc6e26758114c80286754e89936f7,6e54162a70dd3c8bac525f2327e2e460353f36ac65559d84a75f17f630ec4516,5,2
QJZ,2025Q1,301,6,503,27df809836993c668b55bb7984ec916a1e96844e4eba6ed619cf613063696deb,e398827415dc8d605076da4470e95d296864f4ac1f5f125bbcad83616aa45255,1,1
QJZ,2025Q2,339,5,499,b82722547a7eeded5c7f5065909b202e81520b74061af27c99f7112f7e214094,7701f0045107bcbe867add4083fb242886e171119b882f86170eb6a39ad84912,2,0
QJZ,2025Q3,370,8,497,0a9829140e09753b221004f6d6fda20277dbc420d824658cf7a318b443fed2aa,499e9e789fa23ec542c40aa0c41b76294aac74a9ff1cc9ddf68fdb597e0b9004,2,0
QJZ,2025Q4,410,4,494,8b016d53e60d34051dcbfa217c94bf519f79d8c1d07c0f12554a820c1a03b690,c84db6639a6ab2ff719d44bcd87382307afa1cc0ab8afccdd285493797df5e63,0,1
QKA,2024Q4,2,3,521,e56ffb195ccc96b49d47ff8e5c167fccc1bb664010c577e2ce86d429ce1355fc,06e1481d9f63a49e96d188c2df0617b98db41c5c6a15f648bf0501c7a56ddf50,1,1
QKA,2025Q1,6,1,518,ae63a46fb8718d7411ae7ac7d3c9d60c05818e530ca5274bad1383383610c6da,6aaac4c087a792d286d3515a44379ddb473cd0625f83dd380ac1bf9300202e68,0,0
QKL,2024Q1,18,4,511,50ddd9aaa50138015a2c69c01f1d040224f06441babe6585fe311d484e14f1a8,6577b82687ed3311339197d1add959d67e515714947517678433d43cb1ec219f,1,0
QKL,2024Q3,28,1,512,6416128d3ed4aa5a521ad554583f63e357da9654bc9e4a5321816e0a2ed7376e,a45a4d8ca8f3f66cfe922287ca79f1444322afd4d71aba862038704c11a2aa0a,0,0
QKL,2024Q4,30,3,512,341e079e3a11d1d79364a1d988822784969ccd06fa1194ca15e089c16c351d35,f7a3ddc2247c242ae5f9a51d3255b3ba4a7731af29c1260ab3f416e91ac72f97,1,0
QKL,2025Q1,43,1,509,34f3aad3e527d2db547e605c110a60d066c361b61eae2120ab4b5f73c731ac87,261efddb563af16eb9763793f4ef4a07ddf66db8bc9970df2550287de5d68413,0,1
QKP,2024Q1,24486,1,426,a4f7888830efabe887d1109945a3d972b2a9cf59a4c33b13081329ecc3fa42af,c957738e5282f1d8262f7bd397d53846b13aee1fc53cfea8b7876e506746b975,0,0
QKP,2024Q4,25418,1,431,018b2dd2b475632366e656042cbe3fca1f21b31c8ea843c78173f1dd755c433e,083821f12d7436845a7f874e2f134d5103a891c9516a746670881b21b9919c61,1,1
QKP,2025Q1,25892,1,430,39ce4103ef192bdae06471f6394630201bf19382217e59a9efe0a3e204df741f,118c3868357412e35adc0a781ba0d2850d1f6ee12b138466bd9c9988ed432606,0,0
QKW,2024Q2,12,1,513,9703088f85d34f939e6db814e3ffded9c6780783146db234cd520940a8ee0a14,191c83ef3b46c3098e66e64b58c90f27a6ad43e7d675c97e8e54a1581c102456,0,0
QKW,2024Q4,16,2,513,bd76014c6a5054e6a44e1c15e8380c04c13f1f54ec87f55144a6937625533fa7,afa98a6fcc30a0d36662d646c4341a1b37918cc48e61a79b0e22d196c846d1b7,1,1
QKW,2025Q1,19,1,511,ad55097fa791000934613f05ee2db5f24e47186f7d54dc2fdb7d0a29f7caa87c,4c3c63706537489d0895a078d95681851dcb8b0c251a8f2081af4029ecaf0dce,0,0
QKW,2025Q2,26,1,512,7d6698a9671c6513385e215b5c5e07600a27ff3f99f296499b907482833f427c,e545563b497023690c9b474b0e63e1a6ae16dc9d52f7ab31f156f6d4219b072d,1,1
QKW,2025Q3,29,1,514,04c02df95e448cfc8e56a16332b7534a2282e882a5b3dba3f1e7b51cfc2e80ce,57dc770617ff6777df87b210b8bb9f2b9314ad58ea38f8ccb79809f0ae688261,1,0
QLC,2025Q3,35,1,521,8313490dff19a0a236b770ce2558e1c97f8050c128cbd36111c81d425778c6b7,f871daf976560eb79e3ef5cb85b3d2d6a3d7697323456f5fb281da2a26de8a6d,1,0
QLG,2024Q1,89420,2,410,002560fb092d7928bc4af5174caab91d043b975313e4c20b53a05fdd56ebfdac,db9016625509d8a920df91a98d8aefc62aff1f3557a688d077e2af781c8e585a,0,0
QLG,2024Q2,96546,2,413,98159e31704ca7fcc58fc8ba423045affb54a8a0ff1792140af9d8429bac8c1e,f9c2dd1ffeab9db172e2988aa403e9dbd6644e0f3f4e484e69d82cc5d13bf718,1,0
QLG,2025Q1,124536,1,412,9d22f525cce2af0a937dcc53b6fd90a3ae2f29373a968ed1bef1ff5cd55d1cb2,67a8d890ae35fecf506ba8c84d2766b477e3cd7e99254f911cffbfc4349f5bec,0,0
QLG,2025Q2,130886,3,413,3124cb58254dcac2b9288c352077dfe8ffc5ed8aa35593a7b73fe88c54af6a2d,b6e3484f7d2577546bb5f7032e58224df6870fb11c1ca3d8d5ec51795046bd79,1,0
QLG,2025Q4,142302,1,418,baf64d0ed041cfa302772f6ff6603e38d86cab16d86f27e9de2b5ac540afdd29,f01e905825ed2060e534525d0d7191a86e7cbecb247a3557af8166bdabacfdf7,0,0
QLJ,2024Q2,4,2,517,d6040fb2c1edb1ac83b4c9cbde86983a994f8a66c868c28cda539f044f0e8468,3348cf74549182ab6e5b8ca43fb7dd547cb7253db5f1b93d1642dd8e801a1e09,0,0
QLJ,2025Q2,29,1,518,d63056ea646ad6a8f18df73c1034e0c176af2da4a7a9a55e7f948efa51545dfd,f871daf976560eb79e3ef5cb85b3d2d6a3d7697323456f5fb281da2a26de8a6d,1,0
QLK,2024Q2,106,1,514,737a402667e2cc0af28477de04f31a6ff68cc117bf2d7d3a723d7e27ed748acd,10660adffc097cdbe50eb0ff2a86476029e12b2b1665e45428c444244bc7da02,0,0
QLK,2024Q3,136,1,513,50bc5cb090f61afc174896bc3ac9c146b8db07f72e235e0804e2a93c65e9ac81,ed64a5a5322ce493860dd99ed952f99c5cc4857da12ed346aea053ed4a0e00c9,0,1
QLK,2025Q1,192,2,513,87d7f5f420b64751f6701af01f11b550ea129552ce4e6e5c9f7981ecfb7e9224,d3dd8809329a137f2a4817283cd68984b44fc4dd635845e0cbb9fc420dd753db,1,1
QLK,2025Q2,226,1,513,c8c3de273b9c0e67d42356c9c5aa9528e528cb790218b4c314db61749a822f05,77370f9dc24dcb03504f600d0970d9161beb2b6c3c52f69cbf12623fe9f63570,0,0
QLK,2025Q4,285,1,520,5777a0f16606550f07cd69d326a5ad65acedfb9b5436197b3aba5fb4b069b2a5,11f2bcbd883dd7ef71cd843cff4a195669d3445df7b9b171d5234359e78a8b9b,0,0
QLO,2025Q2,6,3,522,d89e2d3b5a8208c2aed2609e9418198ef7605cf6af2eaee74dc17977c01ea45e,70040d5bc0db71126d70fe0b3332a1caa786d00dcf6f1ba32345505febaf5541,1,2
QLT,2024Q2,1649,1,509,50419d9a02d13b08005db19830f28ee35edddac8f2abbb6e84f163e2f46567ef,06dfaddc2baf64285e44a89644c3767ba922b3106dcd1505f299920714a743ff,0,0
QLX,2024Q1,1,1,516,41a92fe0015d9dd0a548d5d1b5825878e83114367914fc63275e31dfc052b5b9,0ff25e7a663ac5de6078c298b325256a8c68a51b21eb3248d83748127cece7db,1,0
QLX,2024Q2,2,1,520,d560ba472cbdf482ddd14e0c22fdb2a9331b3ca43faf5ed55ca9294228ff0854,5fd09d1b78591e13ebddc2a8e95189433e215d44d0347594d994d099496e9ac9,1,1
QLX,2025Q3,5,1,525,c56f5cc9f8728ec6dd3262d396953440bfd7675a16341f04845d77f8b31af965,f871daf976560eb79e3ef5cb85b3d2d6a3d7697323456f5fb281da2a26de8a6d,1,1
QLX,2025Q4,6,1,529,398e416396ba2b91c5eb80bc10f557bd4e5b37c710b7bbbba3584edc25532ecb,e23191cce8b013609a93fa6552ce263885ebb9abf128e2eab65b73c69de62b70,0,1
QMG,2024Q1,141,1,480,79edaebd6273d321e8c32facf59549f18c5b046232cc295e06e62dc167947e78,408011c658a01c6e5bb88892b71739eaa23afb185e98f01265dbc90d1ea458fb,0,0
QMG,2025Q2,299,1,487,8e66440e2373bde8c5a2eccb63d48906b3f33f82958214e753ed176fd22096ac,f04a9b043ea63e419307d3c70b380b6564a71cdf899e31cca1ab50bbfa038b96,0,0
QMG,2025Q3,319,2,489,c5283a6ba8077b10dbfc327649636fc1f3074e53e563f1b33ad94a1543cacf9e,681f6cdc7c55290f52f88b96c7c64e12ff9b6da00b44643b0ff96cc2ae062253,0,0
QMG,2025Q4,345,3,492,0b987bbe3d1109a2d8cb1d00b09d55f176d43dd47a14536a5bb5ca5e3e934280,400305bef09a9b76f601325c7467fe79cd215797ebad7d45b95e62a48727b4a6,1,2
QMN,2024Q4,3029,1,509,7cbcf05a3a44fbed6d87b0e7f64582481e4429dbfd17dfd72bfbb77090da7c62,fa004cc648fbc48aa07924ff3e5b332da3f3c2d020ecc8908e765f1ca14d4cc0,0,0
QMN,2025Q2,3340,1,510,ba5a1d838fb0a639e5cf44642352996ed9201279a8a6f6b3585ba85034a5daf3,e545563b497023690c9b474b0e63e1a6ae16dc9d52f7ab31f156f6d4219b072d,0,1
QNI,2025Q3,3,3,527,694ddeef0e08344a1ee47582172c4ec0c9c581e1af1c3f6e27caad54b0efd5ad,7ea00a84b8e82cce6b0903980d0ff4942967e64765c15aaa63440c3fc15fc043,2,1
QNN,2024Q2,3,2,521,c0eebc6fc42c7055735ec9db86981e9d60ed2579ec9a1bf700ed48e34fb0dc89,58d9d1d698be256a2bae1a605967014c9db8d789c1f442b0981c9ef6951edb50,2,2
QNN,2025Q1,8,1,520,6d922f7db7cc96aac74076068344b0d76a15709f25021efacba7b8b20d579c93,8ae249e9e86444b026ef96dd5f3eb4224403cdc633087e07aed5869f02d19551,0,0
QNR,2024Q1,6,12,512,dbbff87d7172a9d7e52d40130dcc060e033e140ea75281cc28ed7b6043d49b6d,68082603e7b9b4db77ac0d16c173603f15de4b8a1b2332ff61d3e8fa52775c56,1,1
QNR,2024Q2,38,5,505,40a5927e0bdf3d83db4c35b522e7d6254e6ded9d0caf85d9914205b44f21a265,f6034a3fb4f4e9132041d17458650492ca8fafebecdec700183f45b002083826,0,0
QNR,2024Q3,86,5,500,de845eed4fbe76dc5ba0f858e26ac23674cb897d949822caf0282fe988c8ceb6,758b1be02285bb2d0485e16279b67213996c8fd75b78af73b9f1b190bc768881,1,0
QNR,2024Q4,117,1,496,f15632eecc0755e078f816414b3c6e601db5f240be4562a5fcea58969bdf32ec,3697faf9942af42685fb3f815b16f9ce5d825777d0421210ec2e5cca8734bbdd,1,1
QNR,2025Q1,140,5,495,6c92111a28b8481eb24eb0f7cc780de0fb8f48a9f4bc5c592830a2afdc092bd2,f550d1dea50aede20540b1c74d22677ab2273519b56688ceb106effce0d4ab72,1,2
QNR,2025Q2,186,3,492,73769bab2e0a8e846b0c45de054af4b329fc20fa4d5aa6959faed91b6e6f77ba,27ca650faa73d195274c3c5eb719fa789b4a33eb5a2b685f43ffc7f04ce19ced,0,0
QNR,2025Q3,233,3,492,30da779e74f5494ea3e0c96ce173a39686d64f0c89d24021c79dcec32c863fad,64e7faf951cf39e7ee9f73d1d1290b1b4ce812e61da5368e84784bd116a4b039,0,1
QNR,2025Q4,280,5,494,96869d567f6bba4029020a783de36d339bb9c31b5cc97da308e25cfd115e38b6,d121d414aa8859cea7c5bf6148cdf3477dd41cca663e40a23955d8fdc9219124,0,0
QNW,2024Q1,8,1,512,29a2bb9e7b3cf1b8e60bea240bd3bc46b2784779e7f90e72eb9285e26820549d,d7ec104e208aa981741ae1bc9bc2671e6c3a75f583887f14c33a0b2f8dc6c686,0,0
QNW,2024Q3,12,1,516,cd19627987f8f2f0ead3c44e052a083ec47dd5332f2ebc31e6a2b8232475e745,598a368849023e0238de665cb5ad2506d41b4ec6497efa2fdb6b432b05bd9241,1,1
QNW,2025Q1,16,1,516,8103903c97a32b794345ca983dc6ff440499560032f7665baa5c881452e339ed,22d9d66ebc39a7263baf276b5cb64705d4faf13b49a11097f31eb82dd97bc4d4,0,0
QOF,2024Q3,12,3,518,e24dd24aa08fd13dd15c85d75db67f51c438ba2d080531f1216608c574929581,12ab57fb087d30273799deebfe196639e8c4227840522181f1f84637456a8a0c,2,0
QOF,2025Q3,42,1,521,7738cdbae9cb194d45ce4ca8c7e748cac9fa03fd29f2c873c87028132a89fdca,3908176d571f3d2b23037be73bf33da28ca1b689a71ebacf4d44459b7fe0f4e0,0,0
QOI,2024Q4,2,1,521,6e4bcc397dccb91d77bf89edf0e637d300a22b998ec29415c795bff3f638e12a,0e581c4815066a7ff423d513a2adc5f8e1d1163835a251048a3f89dca2383c4f,0,0
QOI,2025Q2,3,2,522,0ddfac899331badecd79ced93ba8f82d9b93cff9649ef9af96852f11843a3609,399fa8b113dba7d099d618a7076e119fa05835a61f0e3943f7d1824914b4d13f,1,0
QOI,2025Q3,21,1,523,86d5e403a2e2a67af4b43eef73c4550c67e2a0a8d7d98ddce4f645d2f6ad5570,de4083f4e5c33620cfccaab77a0519ec09cf957e79b5f188e54363c02babcac3,1,0
QOI,2025Q4,49,1,527,0f683132ad95f50cc190ab8ce3b61fd519e1d0db8e9a226410a4631e98272a8f,1bc72c293f420770f578f0c0d66b172bd66262949be51838ae4ee46d224c4596,0,0
QOL,2024Q2,1,1,522,1343cbe311fd7fde86abaed49cc997ac27c969aaae38e09be2f48a5d1c766979,2021bfcf916adca8c3c724e44ef0de9873a3b8b8f9d00974868d55254e755982,1,1
QON,2025Q3,3,1,524,fb6274b850dc8bca24d204e2ffc5a3a66d5d534021aa074853de9cd12e72dee3,3659cacab05527b55657926c7f6335720a935c7202daf914d7562dc0342d2acb,1,1
QOR,2025Q2,7,1,514,5c369c266d42f96294b18933a2d9dec24002a65c4fe34182fec0c2c35471ecba,8ee4768ca710711739fe0eb1350f14ebdec2c21c30e21ae2e0e2adc52fbe7172,1,0
QOV,2025Q4,55,2,498,ab51dcee1c2ddaa469d376dca0dc541c9eedabb9b0e5a46de422e4c077a2f154,2cd420beb165d8c285bebaaabbe902b992cfd970d3170e629a41a2c7d2810f43,0,0
QPB,2024Q1,33,1,503,8518a53ff513cbe84b3050d0fdb0c97468c19e5406acac923d76eb139f87e710,b514795fcb021b5d26c110b7507d228de6666fc736bde58e16aca507b2ea3979,1,0
QPB,2024Q2,36,4,507,7b2d57f3eeb01a8f5ba6deb9910fa9b48fa096f45ba6a3db192182b32df21386,532a964a0be206eac346ace79fc1128c4fdb530fb5a19dac5a62fdbabf2d7e5d,0,0
QPB,2024Q3,41,5,503,c230714a5ad682b9923f72f2ece03ea5523dc7ae9d57d5e3d61b361092c43da0,79a81f98c068f07e0f9557f1c881b2a75ccf28198b17eb97657b1952b3de93ca,1,1
QPB,2024Q4,45,2,499,782c2865b84ce52afa0ffde2309996ad9905ed174bc90d24b545ff8f2bebd6f7,866d6eccb0ebba8128bde46b756be1fe82544f67eb7db04cfdf5089e6098331c,0,0
QPB,2025Q1,49,1,497,968e547ed935fd0ab64fcae7478ce66265ff73c2dddef51e0051182eab7fdcb4,3c8003bd19a8efa7a946d908732916923fd3539586f74f9fe1c8885b59310d4d,0,0
QPB,2025Q2,54,2,498,5aa004a98b199d15072082dca9bb379db0687ca5ee8a66654321372b92c1f3e5,905f9052211f5e5959c379be5a4a49d5fb3e66beedac740a5eae545efe6fb2b2,1,2
QPB,2025Q4,63,2,504,30ef6be74f77915323b360065b72cf71f0be9746f6e3aec04046091390838c63,ddc7a3be03157384477a3094979776869ab59a6a1b81e84a72214e403b782423,1,2
QPP,2024Q3,2,1,521,63e213a8caf329a82026866da0118ad92726215a04da5372e14993daf6f48212,261efddb563af16eb9763793f4ef4a07ddf66db8bc9970df2550287de5d68413,0,1
QPQ,2024Q2,29,1,510,91953ed3bcf54b8e3b6fe0a4e51f0324ed5899497808db0e6e2baec1089bf92f,20b55df4920ce2e4d50f52af88c9fb96254d96d058c414f391278206a37fa665,0,0
QPQ,2025Q4,43,1,520,26e1143bfdc5120101c83f50ffa1fe0dc7d5e92d383aa4a230463cc942ca35b4,de4083f4e5c33620cfccaab77a0519ec09cf957e79b5f188e54363c02babcac3,0,0
QPT,2025Q3,22,1,527,694ddeef0e08344a1ee47582172c4ec0c9c581e1af1c3f6e27caad54b0efd5ad,3659cacab05527b55657926c7f6335720a935c7202daf914d7562dc0342d2acb,1,1
QPT,2025Q4,24,1,531,9af7753bebb3e642cdb975affb18a3a5b61cf5921b1955cd3c68ea88c6a46388,2347b5f9fc99fcb36264441f380dfa46acb748fa78699ca15936e1452d65ff8f,0,0
QPY,2024Q1,4,1,516,10f914eae26bd5e351b580b02592e0a3b524bde00a34a394ab9919574b0e40e9,3ae3d218a8eac87e03237fdc4a88f599903d51d06327066df9cbee60a7635f5b,0,0
QPY,2024Q3,6,2,520,be9a69f29752fe23e7ff344d5aeba11ab44e107e071a318c31f75db035acc325,74409880430263f9bcce835393d2147bcaee83714792fa8ace58aba66c1d9ce2,0,0
QPY,2025Q3,10,4,524,9bbbb17da09c183a25835c9d9aeb803ff65e517eb5a037e99bb8e3532cc4e4c5,78a09da73f814ac4c662172fc13b3fbb1ed3d3bc78681b7ff8e09a9ea805c9bf,1,1
QPY,2025Q4,14,1,525,6c5595b7e8a66adb3fb2794a74c5ad9ef3d031608d62910616c1ec98c91e9f92,3d5b4c710d6c1ee6c24d7b1798abbf471196fca1ed5584de4f6f1d4fab26f02c,0,0
QQK,2024Q2,8,18,516,0a5fb625e48f3c616a99ffb51707e32c0d223b219d29c356a3e55a262831546d,4e967a0ee4b56ba2dcb6f599d7ceb7469b5c77f1eb0607686c75e09e420450eb,2,2
QQK,2024Q3,72,9,498,a44e9e35bf475294c227bec565ede9bb557bdb4b76aad2205d752554f117aebb,da4e4a2028ec899305a56699bbb074423bcf770ddbd83298ffc66e3f4193dc1c,0,0
QQK,2024Q4,108,5,490,d9fe9bcd94af9b31926f41d97b3290d8ae00e51030ddb432ec5ef31db69b3b22,7187d2189816e9f9815367319f43d647b2e3509ca9e423763725b7d7e76bd727,0,0
QQK,2025Q1,139,8,485,4491b50f63009b4cb7d18d5a2b4f6fbac804ce1deb2c2234ee2eb5aeb31238a1,e8211fa09175260e4ce623e070dbe42f9588df666dfef9bffa2da69ee6e267f8,1,0
QQK,2025Q2,181,3,479,0a755b6f568880b01ac4df80a42cc817249d7c71653e0a204dc86f8f01d903de,9c24f9c732cda3b7b56e20f74d482db1f96a6db60e47b9f1fb1635e0f1034317,1,0
QQK,2025Q3,211,7,479,3c7b5096570cacc6159c6f557c1c3bd462af0706bd87a2865d6330ffe05ffb13,f09e11328c1876f242768e7f9d3f0c412d1f7a3451a8379b530942d330b920ee,3,3
QQK,2025Q4,252,13,477,ce6211204962a5853638af26d0ff6bc68a23a61bb6d96798886e33d09cb1f1e7,2957edc96143ee2cc1097e9d1e712a73e0504fdf5e38498d120b1cceb05df7d3,1,2
QQS,2024Q1,1809,4,482,a6e42072c7aac45149fb4306b9ddeda0facda2e6519096ea2d9171c77247dbe4,5d5c7355199a5534784b014cf4ad5b4c0003bd98deb944cdc4cd594cfca14bc7,1,2
QQS,2024Q2,2073,3,483,97997095e14a91dd9483724e16fe6e27e313b44ac9162069c491d8d85a6de9a6,506620a741ef766dd965e5b51533f42c8cfb4913f7f732497db82024def63b32,1,0
QQS,2024Q3,2426,2,480,8e167e6c1f8a415198da53e8422cc4e98a0592a5949ad18baca63ac5f88219ad,a9947300da0ea2906ef72bf7a4a71f54bef3ea8cb7117f5343db32b0a79215c1,2,2
QQS,2024Q4,2783,2,479,47eda46801bbefff73755ea28e0bff9755491b29ee4b6057d643daa1fc96eaf5,e328da0485d4e874deefc45f788fc2515bbd5e37ee40a7ba84c4fd673d6d9d6f,1,1
QQS,2025Q1,3084,3,477,7ad237e0090ba63cb5acd7def125b119b378951476848e7ff27ab6b2f1a627cc,acad0cafa0582a465b1a7394a4f48e68e35776538c009baa9ed354612ac49071,1,0
QQS,2025Q2,3301,1,476,ebc64f03a162ce51943e61c10bac58f2ee8743d3e10d14e1d250b538d1988b88,22d9d66ebc39a7263baf276b5cb64705d4faf13b49a11097f31eb82dd97bc4d4,1,0
QQS,2025Q3,3408,1,478,9957cc2d9d7f4104f2b423697a4e96b7917578d0542473ccc074f925720ce861,5fe5bd762629a8a9cb381c223e50c4a8e1fe61ff295966be187691694764725e,0,0
QRB,2025Q2,3,3,523,0aee5a6994766e3e4d61b622320e3f6d1dc516b0a39c9bfd2c0a38a8cc18040e,670292326af4872c33515781e17f2f02b012c92ce5e57f05eafc72f5003600e9,1,1
QRB,2025Q4,5,2,528,8576585f96d35f40e968cecd8513c27151a3510c5e89f47c5c7ec23b8a56023d,04784da44b121f2a1879abf050c503c56a5858a31c329ce2d05fd811dec0e370,1,1
QRH,2025Q2,7,2,522,ea9c3b7f360ca73fad4732f9a5ad1afb4b62fe7d98bdb841ba1af04d15059037,53d6d7c0a962b0d22158203aab8a3606beadbf0ecec7f3fc99554683c9d92aef,0,0
QRH,2025Q4,10,2,528,86c4607596072e426eecb4c202b4d234e6b1537ca8828ff893f9a4853d1135bb,e42882754ab16ffe979f7b5ce4ea195dc5c5fed019cf96035c4712c38763f941,1,1
QRJ,2024Q1,4,1,514,cf1accb7ebff2f836f0a95ab4b9615a457d353ffc4d5ffe6d75eb4cf40f0f8fc,221324166e41feb46e457f0490759eaa3aa9a12f6071baf143042e787b07d16c,1,0
QRK,2024Q1,14,2,510,5a8819bb92ccf72cdf3dcbcbb9315e538d4aebd72f07caa1c3e08c9a3c86c903,bfb95cb3ce849cddab9403efd2c4cd1ff540f6bc8b03ea24e2997b084f452999,2,2
QRK,2024Q3,20,1,513,746a569c2e54a074421efbe234471e5c95688935062f121589a02af87bcc312f,a45a4d8ca8f3f66cfe922287ca79f1444322afd4d71aba862038704c11a2aa0a,0,0
QRK,2025Q1,24,1,513,1f5a0abe92593093d93335c3f7a853ee3625ce27a67cbf69046e27c7434f265d,fdaad9580dfcec1acfc41367e03d8b8c22a0addbc4921a87777990153f78028c,0,1
QRL,2024Q2,4,3,520,3f1532dbb4bb4c2991de862fb10e6803ca14263b8f397f0aad61bcc0e7692584,e05be6fff428db0f40f6234b1d2d724de7a27d93d906dff6074192d210ddbfc7,3,3
QRL,2024Q4,10,1,518,4dc34e771bffb6c9fbb297ca90c74d2cab07c6d13e4c07b7c74d6b5fd92a5b78,6556bd75510fd707c72261c90be4ea3afb1effd2eedab24b6ee5683d5bfdf624,0,0
QRL,2025Q1,11,2,517,7b1127026442aeeb01741a83fa3e0c771f8b164535bfa9d6392be34c08a4750a,18f2fb79197b90a452207d9b65c11b70f607f9963cdc66d8d2a5312c8cfb27dd,0,0
QRL,2025Q2,43,1,517,9aa2292df5fc3d038ad9f1463989373125ecfafc11b5b9f654ddcfd4197ac9ce,598a368849023e0238de665cb5ad2506d41b4ec6497efa2fdb6b432b05bd9241,1,1
QRL,2025Q4,113,1,524,e8fc124ba4b7d897cd4e2d4c5594dd5e02048d01b87c20d90f4f1d9814ebbbc6,fdaad9580dfcec1acfc41367e03d8b8c22a0addbc4921a87777990153f78028c,0,1
QRR,2025Q4,1,2,531,f7bda32c06b79292db883ac955f9611e783f6032cd81d8d7d671477e94301e77,f4b7c122da53bce4f8fa04ab01a0f3816906f0dcfe7b1672df1ccfe486fd252a,0,0
QRU,2024Q1,1,1,516,34d9dc570add0ab9e09db666b7fee02297e2b231b60ab62a0e37d68a7bcfcb22,261efddb563af16eb9763793f4ef4a07ddf66db8bc9970df2550287de5d68413,0,1
QRU,2024Q3,2,1,520,422187da09239179f137933e346e7f90310209af0e235faa23035f20e54a4150,84fd7a95f5415de561b15080617ec65d60ff3ce1263df7f0e3559d0d33b22326,1,0
QRU,2025Q1,3,2,520,d7bc0343e4955042e4711ce2a0b722262e1154151c3e38732b6fc41d0eb7a53e,a1e17ba842b8c99e7d6e3a9e3e074a580090d8364a612df54e15c5bcde184808,0,1
QRU,2025Q3,5,1,523,4fdd90c6e0120905be5b7b354492947a660b193bd21489d9d60c402cbec056d1,083821f12d7436845a7f874e2f134d5103a891c9516a746670881b21b9919c61,1,1
QRY,2024Q4,8,1,516,c0b37ac14082d3d6cfd0ac0d05b794400db37b1ac3d6354a6bbcfb94f5082006,ed64a5a5322ce493860dd99ed952f99c5cc4857da12ed346aea053ed4a0e00c9,0,1
QSK,2024Q1,37,2,503,06fee3bdc93883a68e818c7f8f0a08d4934f864327d081658b6146cc8dd83aaa,d57e6229ce79f7b95606d3a2eb855c2d93d599a69e9a43ba16cfad90c7ac45c7,0,0
QSK,2024Q2,50,3,506,f954e94f84f2057b2a21fca21cd38c8083339aa7368ba0196f3077ae07bfbae4,79c7237ae6f77193b5bb155774cd15a85e27e814ba9f6c86699ada5dc89e0329,0,0
QSK,2024Q3,67,4,503,8b249e9a59a76e37cc368263fa8a5e48322aaf03d07242c4be84a3766a7c6f64,ab1ef5f69e8ecdcd6abbd33802e4a5d6e277d0ce56c72aad053e5e4f955624fa,0,1
QSK,2025Q1,95,5,500,441dc71c7623418baa932c7171b250fd6626b14b230ba014e90dcab5f2f5ba09,05a9bf47e9bab275c83873e4dedac348b8989ff0c454680a6082db08a2e61ae5,1,1
QSK,2025Q2,124,2,497,0d0347762f08ed343bbaaafa7a8ea11f0fbbe381f2db8c1feeb6203f48ecc496,70d677d83dba94acef2a3c3c41a28aab21e0c57cb669bcef8b05124d81d52641,0,0
QSK,2025Q3,175,4,498,46b9dedcbdba724c8aa22c764f41c1263ce9efde06a7bf73f8de2fc3919fc937,f915bfe685312cfbe7f6f4efdbc73333630044f0fb9889ab380c10d0a04c752b,0,0
QSK,2025Q4,233,2,499,36ffa3b692155021324abb53139c52f752feb4a2fd5ab6a3480cb32e26cc0e61,9156a39370b9e4cce69ff68fd827478b98fdc9f88b0207a4cab928ef24f0333c,1,1
QST,2024Q3,1,2,521,f44d4fd93b1902785d167c0095af97c946a55bcbc80a36ba0b599d2912f20041,8630eef259ecbf6d19ac34af709987b3a4ad7033baa12bf124ee9ae46a3e3e39,0,0
QST,2024Q4,3,2,520,b3393b1f7665520bf3c2cd52ab453600e280d0bce78f04f36149bda231546fcf,306e396e57202492346205d9c54d1e63f226f43b5e075482cd19db966f658444,0,0
QST,2025Q3,5,2,523,434daf13228cd9a774af2a619d0f1e55c0098f870e633bc43e37168bb055dbd4,987eb3323d232526dd481b106cf92dbf9e8d9712757bc69a44d6e58895d4bb4e,1,0
QSW,2025Q2,1,3,524,fae40f8f2a4b29000ced4c22b4c0ffe98a4e16ce303468c970806ab65085201d,6b9b23d917be2ae6d9f0a3f24a8d1688c24d55365b09c832eb00b8b364d6ad01,1,0
QSY,2024Q1,1,1,516,8a08f74bc28e5c174a06f7400c606fce5f1c368bef18611c24f99c6933a0830a,51c1736269f3fc3956f415ff8ac449f3b8facec287918b631b30c61f99cba830,0,0
QSY,2024Q4,2,2,521,45f6078bac8554794652190e2bcb9af0bedffaf59e4a7f603969a85b2e02c7a8,12b3a5f6a27b14485b2cf136f914d8ac41bfdfa31b4d8f27da0d8a49f3315fe6,1,1
QSY,2025Q1,4,2,519,e882dd9539dd1b8909a5af2f6b63992ad27439506d07f5c0048045a3bb7aada4,d9513754ece7b97bc03e59d20ae74098df8b467c434891bb01a19a2783457730,1,1
QSY,2025Q2,8,2,519,39d3b17f21e00535f3a75cf643fb6817cb41609c935880707dea06467c8a60d2,882ede8632d988b1685c542dfda5ccc547a7a9eed5e9e111a92911400c0ed6df,0,0
QSY,2025Q3,13,1,520,2466fdd3a8699dbec93baca2be6c7fde8d3f599f81604268e58b2f8960412d69,261efddb563af16eb9763793f4ef4a07ddf66db8bc9970df2550287de5d68413,1,1
QSZ,2024Q1,15,1,513,2126ec43882f41b8f8209a36dfae4f8525cc0e834f4aed00ed908a753a990498,598a368849023e0238de665cb5ad2506d41b4ec6497efa2fdb6b432b05bd9241,1,1
QSZ,2024Q4,21,2,518,92836071a64113409b051667722a826e187da480779b977760afd458809895c4,620bd60bcc22e738a26ffad778aa1c9ca069fb0a9781c7212287b24c8948fd7f,1,1
QSZ,2025Q2,35,1,518,519cdd364d595d6ccde1fcd72e9e7c39f6597542f9e800afae3ccd2c58677976,57dc770617ff6777df87b210b8bb9f2b9314ad58ea38f8ccb79809f0ae688261,0,0
QSZ,2025Q3,48,6,520,a115f4c5dfe1da157ad20721817cedb4ed2d6f7457b79209947b2100fc73731f,62ea0cb322f63f186276de9d1f65451bba288f9c7dabf23a8176a0c5b477b453,0,0
QTC,2024Q1,1,2,517,b127c53695945f8b80e8c3503bd8ab9276277acd3abbd097fd715bbda9aceb8d,05a4ef532e30dbc0e5d94e5745e93f60841f72fde41efca0677877b1913bca2a,2,2
QTC,2024Q2,3,1,520,32e9f77ee08bdf2a9d5e1adfa81449104f94fa9107235dddd648f8994e6486b3,e545563b497023690c9b474b0e63e1a6ae16dc9d52f7ab31f156f6d4219b072d,1,1
QTD,2025Q2,1,1,525,d021af00d93aca76c251b9e035db2125352e6f4a1a0d2386eefadf0efde80f6a,fac6b53cb1d57486f3d2ac065899bfd6887583840626edea76382ea21d4e03fe,0,0
QTG,2024Q4,2,1,523,da05501a9f8d00eb60ca34545be6592be626de420ed911bce4ae4bfd596a4920,e23191cce8b013609a93fa6552ce263885ebb9abf128e2eab65b73c69de62b70,0,0
QTG,2025Q2,3,8,524,08da05147ef120ba588fcd7e3ed34da4b90733de79d463cbe84752d09a90788f,e387f20f6dc145510d10fd96552d0d9427a1cb6def6b246af578cc441c29bef0,0,1
QTI,2024Q3,1,1,521,8db1aa505151764a80199c3faaa946d3124dc3eb5b61e97bade6f8cafbb42775,3d0105d4b59fda1b993f890378edfb772cb1baf5545f823fc4877c3d16fc5a62,0,0
QTI,2024Q4,2,1,521,be35b6ab81aba720b48f870eea6d359414df387d85d08923b90fc8a59d6f9d60,d0925ed7e7326fd1da0599f4480b6028be72c31955c5064207f11ff98d94efab,1,1
QTI,2025Q4,4,1,530,c06825bcbdb884c8e7690d916a2875fca123a3f40716863f54e7d15bb8928ece,261efddb563af16eb9763793f4ef4a07ddf66db8bc9970df2550287de5d68413,1,1
QTN,2024Q4,2,2,522,c9d80cb2a6167420cedb8811f4a82f92c7f71b61cb401767c12d2ba64cd5d94c,79426590a665a03405ed0a68ba0fc8170ace04cd195e7d0cb645b94cbb433577,1,1
QTY,2025Q3,2,1,527,41d7b8fab668facda42dc87124a27daa41f145591cbd980ce49b41cfb5adaafe,0ff25e7a663ac5de6078c298b325256a8c68a51b21eb3248d83748127cece7db,1,1
QUF,2025Q2,25,1,521,dcec04b9c22a13a3660a0f892f63fdf0e9e746b2422130be4816c44b07e1ccef,2347b5f9fc99fcb36264441f380dfa46acb748fa78699ca15936e1452d65ff8f,0,0
QUF,2025Q4,28,3,528,1e41aa0fcb6663c01938a6f9779d83d0d49035b55c722b015a3f9b6a799f2a18,a849aa8cbeef541d81b3840572fb5fc8a1d77f17f8396c3c312af0a395225101,0,0
QUG,2025Q1,6,1,523,da05501a9f8d00eb60ca34545be6592be626de420ed911bce4ae4bfd596a4920,e23191cce8b013609a93fa6552ce263885ebb9abf128e2eab65b73c69de62b70,0,0
QUG,2025Q2,7,4,524,08da05147ef120ba588fcd7e3ed34da4b90733de79d463cbe84752d09a90788f,eb6654b4e88c4d42803fddd6a08a0a4e907c1c8f3809b176c29adba7be6fab2a,2,2
QUG,2025Q3,9,1,523,87aebfaf37e5c078d92ea408dfe31781efac65c57ffe62426a576ab03bef7308,9f5364d82104dd8fe6a59f3ac01e610a6749aa04fcc21e02fe06e8681d73bda5,0,0
QUG,2025Q4,10,1,527,3fa5b880374ad25dcb40463a03138b4063e0e4f846349135549868e290e14cd8,c6981b383d5d405d002d8a7883d4dd3fdbca3fbc2a7bd6b9e58e48ca0094d38c,0,0
QUH,2025Q2,7,1,520,2bedb39d1ab7c4c810b49567ad5ef0bd4c8679372324378803e9601cd10cd867,3659cacab05527b55657926c7f6335720a935c7202daf914d7562dc0342d2acb,1,1
QUH,2025Q4,8,1,527,f2c5045624a3cac433aced84a6eea34ecb144d169efebe1c997b72b7d3599c14,69c9b47649ef5fd9ebd2d096cf6ac8a423c34daacb3af8b0455b7a4d46370e03,1,1
QUM,2024Q3,1,1,520,22083caf7570c390fc0b2491d9d7942fd74fadf3a8c201838d31349b69c532de,0ff25e7a663ac5de6078c298b325256a8c68a51b21eb3248d83748127cece7db,0,1
QVA,2025Q2,1,4,524,96b1b30d78587d24d7b4058d6e490297c8a1e9fe39b567dbbbcd93ab744f7d1b,070fee26d1fdc6f0e444498458c931bcc35f101e31af1f05ed150b0061e37992,2,2
QVA,2025Q3,9,1,523,f77169f06f6b1913a9b02c9f4c5c0534f890e2ccfed7fcf6003924649b514ddf,4f5256da086a19543bc0d1aa3afe6da635650e0141d5ec3c69b14fd15e0ae61f,0,0
QVG,2024Q2,1,1,521,aabb3d96b267909134881aa625d8f43c78d60d18fafa8a5a9582f1f31bcdb34b,e545563b497023690c9b474b0e63e1a6ae16dc9d52f7ab31f156f6d4219b072d,1,1
QVG,2025Q2,2,1,523,8131abf15c951af00cf43d6b3d32bedb7002d2e7eb2e63156ea006913650ad50,3d5b4c710d6c1ee6c24d7b1798abbf471196fca1ed5584de4f6f1d4fab26f02c,0,0
QVG,2025Q3,3,7,525,3fe2f1762b9a0efcfee377dbc938d72cb5929e21e7200ca2add9927404055ad9,6ee67b3df09c65f15b2d3ca5522ba34333fa79a5e2008680e5ec5900b4ddb28e,0,1
QVG,2025Q4,14,6,523,f83bd830a415180c120f1c2328061319894f12df3330a8e75344b327393951f7,4f10bc1f6158b2e0a4a8ecc230a0954d54d14ca3703446624e40b2939bdb996a,1,1
QVN,2024Q2,5,1,522,1343cbe311fd7fde86abaed49cc997ac27c969aaae38e09be2f48a5d1c766979,261efddb563af16eb9763793f4ef4a07ddf66db8bc9970df2550287de5d68413,1,1
QVV,2024Q3,1,1,521,35cd60daab00c2e343b10892ea68a3c40a5905cb9476695d610ba41e5d11345d,261efddb563af16eb9763793f4ef4a07ddf66db8bc9970df2550287de5d68413,1,1
QVV,2024Q4,2,1,521,ebd52dc0945c0d335c908cf3fa0abe268e9e6705df644175e1962d388339c743,083821f12d7436845a7f874e2f134d5103a891c9516a746670881b21b9919c61,1,1
QWH,2025Q3,1,1,526,22cfa67808b9a509ba559d4b2d56fc3513577c031181cf6fa69523a924c752db,c5f1bdea4b936530e6d08a46848374a4e328fd17c67662f67ce7ed7f65217cef,0,1
QWK,2024Q1,3,5,516,10f914eae26bd5e351b580b02592e0a3b524bde00a34a394ab9919574b0e40e9,bb111c0ecc910d591c2c495d142a7cc33e0334ccfe5a2551ef2ec3e11d647359,2,2
QWK,2024Q2,27,1,516,00a25ec27bd51c20f434feefe8852e11b9c22bc3cba6073c600544d8e863d3ea,95f8db617c747748c872ed565dbc1331043899d3517615b785e79038c1d1909e,0,0
QWK,2024Q3,28,2,515,4e9613922e11fcb1543c630689a7a1d61e5066ee4175e427a036476358c260e0,524f2058f4e46181d9274d9f1d8ce6fb0862a2c1502f804a4911b34434a0e84d,0,0
QWK,2025Q2,31,2,516,fe2d13a02f9bfd32db5603d8df9f109c3c8ca374dcc5a8cb2ab99ca1d299b2ff,7b656dc232fc04bcf098469a901099f9cb95ca8c3d4f298d35b1e24f221bd1c5,0,0
QWK,2025Q3,35,1,517,73930d9021b4844383c1d9982602459f14c970942c7dba54b9b86f0f965078d4,6e09471d01d382b76e1a78471c1cbdc849d6995b18bbf3a1d1031f289eb059eb,0,0
QWM,2024Q1,1,5,516,81725286c4c5d6a5f73e2057df7bd21db6c00fab8882796dd0ae247acdd463e4,5df47ff7c0203fe8532b9ee07ef4f6ee9ea0cf97ef6be0b8500d3895b99eddf6,0,1
QWM,2024Q2,8,10,516,6799af4064422a109cc3f5445aaf0549a3938140824128e723a77a135fc0d829,015fd84c314b53e8fa7cdcfcd34e2203ce0256d57486d1c7da50921b620a0b05,1,1
QWM,2024Q3,13,1,506,c0293dd62fa08dc1eb1fcc58690341ba929d15fc57d55297c9674bffb48cdec3,06edbdfe6d728e3dfb5f9090d6e72a92e5b67383c0010e0df34534bed283ea16,0,0
QWM,2025Q1,17,2,506,450f11909655110d66a4adab64afa313bb42a30b1112576408e6ff81a42f5603,5f4da3b313c30351faa06e482ea138b242004a85fca2ebc20f530129b6bf00c1,1,1
QWM,2025Q3,21,1,509,32712b44e372bcab8502d4c20b96e1f16fda453c552ed20c93fb665ca27a251b,84fd7a95f5415de561b15080617ec65d60ff3ce1263df7f0e3559d0d33b22326,0,0
QWN,2025Q4,1,3,532,fa7b03a8cb41bd3ee43ccbb3f970929be39f2d8ba1dacc477861541542e6db4a,437dde91416145339a444cdaaf98bb790a1140052fdf70105e367ab61643f6b0,0,0
QWR,2024Q2,12,1,521,dcb4eb273369d35d8be3cf97a4085412159db3f4e9eebb6114d6b6c63c779d07,5e800d40783d3edae9ddf1f0c212b347b2c6e2e9b641fe20f371488817be4eb3,1,1
QWR,2024Q3,29,1,520,7f8778dc487a254bdb5ef789002306c946e421bc8b8705466b4773a1f252552e,6832e84ec787bb1b9b0587e8cfde91de6beea69890cacd7e948dd0bead445a21,1,0
QWU,2024Q3,2,1,520,044122aff94cb7367de1d0f335bde7568e9901b6ebf4e025bd6b8cf3008b0f67,3ae3d218a8eac87e03237fdc4a88f599903d51d06327066df9cbee60a7635f5b,0,0
QWU,2025Q3,29,3,525,db23adc5363bebb5b75a8bf26db5a2f90a46bd2b3013b3da61112bf4ce0aa68b,fb04ea1e46a464c261388397e9b9036b704e3d13a06481c3e776cf8c78490ac1,1,2
QXH,2025Q4,9,10,525,adb45fe7eb40367ddb699d7cd7d27389c12ecc8cff3e99c7c039afb45001e205,52d90164c8fdde632d180059959f283000bf48a07f9c2b8199425c839df54f18,2,2
QXM,2024Q4,1,1,522,1dcc8cd4b90e0e3bb30293c213c3f20004fad04f218a106f808fd9ce5566d11b,f4aca0645ae9b53723543edf7a32e2ce8639b3bde004d46afd03e272e392ca8b,0,0
QXM,2025Q1,4,2,521,4d84e85b24658a68b3fafebf6fabc265bac76e421b5585b6fc5790e1a4301955,8d8a9a1eff90f3aa11df00256b818b1035bba1da24f9af893dd1617cba69d2c0,0,0
QXM,2025Q3,6,5,524,f94943788e8b506ec468b4db5295c900f455d499e00791c0e9dcf2e9095f4af0,faf860191bef3972dab408135a161c3283caa80f758ff8d2eae11c8852b5b040,0,0
QYI,2024Q3,2,8,520,344823b6f1ec1f7dc8d99be9a88e0888692213839cfab4bd13afddd90d6d1d25,6c12c23579bfa96ffa9fec2f4edd4d8ce58abd559dd2db217528f92e850c8b10,1,1
QYI,2024Q4,8,1,513,613f722516cb61aa7eb14109ce5bfcaee4a3e583d597e039514debd79be4fa6b,3659cacab05527b55657926c7f6335720a935c7202daf914d7562dc0342d2acb,1,1
QYI,2025Q2,19,6,514,60758a633bf747388e6ec64b35954f2f34f54dace00c7c0c8cf059b30c11c93c,a72cb2ef1c22e95f478e18e3e73e7268063c072b8ed3dafc0c1c38c110702b52,2,2
QYI,2025Q4,25,2,516,a8d93288260cf10a1b9b800e9a6084b34af28ca3251c0fa29501672419d9e01a,3bb4ddae0df3f22dc1e44380395cb33ed559da2985186176b1b3bcc0d6d44264,0,0
QYM,2025Q3,4,2,527,d30d229328339ee19898f946833a87428529dd3ef42e69c19cf47fa29f9616d8,4ffa0fa668593e871443ace253e1d8c9cbdaa532477b3d23b54dde9f729fd253,1,1
QYT,2024Q4,7,2,523,da05501a9f8d00eb60ca34545be6592be626de420ed911bce4ae4bfd596a4920,4201dd5f47ee41fb2047e3ff218d52db9f64ec9ca7725b55adc811abed42a3bb,0,0
QYT,2025Q2,26,2,523,66395ee73c0f6ec4aa2fe141c8e90e8049265b3b8a8c641c66d8d8702937d2ac,7c54538f1a6b245ab97a3b3638aadb3357e0df083c64816a6cd2f57840f91052,1,1
QYT,2025Q3,45,4,524,296ece5d7cee93e332f8d427aefa4ebb66ccaadad74ac611fbb5fdbd2a27b9eb,356fb2907da4e3027fd2651ee7ed97e449447245e207d248f419a5595c05e728,0,1
QYT,2025Q4,67,1,525,01e008d1b39a87eca5fe27ed20da18edc2c285764aef9cabf253328959ffa7f9,0e7ce2c55b01e28812e7fd0b7e7682c2f5cf97d5e220080ed0c6f04b26b18df1,0,0
QYU,2025Q2,1,1,525,d021af00d93aca76c251b9e035db2125352e6f4a1a0d2386eefadf0efde80f6a,261efddb563af16eb9763793f4ef4a07ddf66db8bc9970df2550287de5d68413,1,1
QYU,2025Q4,2,4,532,2f03b2122cbcfd2a7cc77f7383fdbd68e72f125937d07bb860334bfeb2b82361,0bdecc792561b1876c1a5503ef8bd7535996ea64b961d4fa0e7b5d90eba16163,2,2
QYX,2024Q1,74,1,510,4dfaa6891d487bb8981059a4a37efab8ba225e8bbeaf5439b6231c7bd67bc6e6,e545563b497023690c9b474b0e63e1a6ae16dc9d52f7ab31f156f6d4219b072d,1,1
QYX,2024Q4,439,2,515,baec6228759447f2722ce1162f1fdd346cfa3b929e2977fcddbecebb32df3a6d,bb08e5501f8fe5a0331924b7a7baf0d3a659ef1722a0e08b62392b6ecc5cb1a7,0,0
QYX,2025Q3,528,1,518,377b804be7b3626e1b77df90cefa5ba42d2c5536764b34aab3a2582151f683df,e23191cce8b013609a93fa6552ce263885ebb9abf128e2eab65b73c69de62b70,1,1
QZI,2024Q2,116,15,502,a5396dbecc6f5540bf9361b0d95b8c7cba05cb349cc39f82f914eede604646da,6e49d0f99ef190e2a3fd94fc3f10176833d5cfb1a6e5bd4cca1b2685dacf0495,1,1
QZI,2024Q3,418,17,487,503a5bd726015e2dba870da8a63797d56e4c41a865b69089883c1be48177e45b,cba9d115b899512734a776afa670cd9bf0ff09302be04cee08155ec2e435af46,4,4
QZI,2024Q4,802,10,471,3e2bf024852e1204b0611a65a73c9ec8eb9463714effe5f49ee1375657d5a100,4c24c4d2bd000770ad4e72e7b07551404cfd94a19fb2fb32bcbc7b687dd7ce66,2,2
QZI,2025Q1,1430,18,461,9fb42203102fb4859aec4ca0b0c645b0c6e7db7488ba1189a718b201a1edaa76,bb39921d1db3f2ea61d00e27d170385333491774a16b5c52c10e82d2521e8cbf,3,4
QZI,2025Q2,2211,17,445,123990c76d45211ac61cec1d2113e3b52c83449c7759d072ebb3e4d566110210,e01b7c76639ae7cdf0f512ce24bdedd549c7cba7b612932990f19446e3bd7b33,1,1
QZI,2025Q3,3211,27,431,c1e5607da8931e9b6341141092c100c377247b567b9ee5d9337b3538df89acc9,50e62dd57cf591c53608add6171104317f57dd339a3ce441d8957e42c5755653,4,4
QZI,2025Q4,4354,17,409,3bdd6cbbe6cae5573cd63502ef02a23ee885ccade6e609be231047f5c6b51c70,9f9913fe18995b9212c60e239a1470519daf39521ffc258297929e20a0421648,2,2
QZK,2024Q4,10,1,518,d095509c228cd6b9c388ef1d983ac8898901812724755c39a618e1670e15c722,26cf003c63d921055440ab26236e44982cf0d05a9106dbec56df5e72c168828a,0,0
QZK,2025Q1,16,1,517,b9669abe32d09d7a837250a93e5d3d2fe78b58fda93c23bc7c41dffc1b9d80f4,f4aca0645ae9b53723543edf7a32e2ce8639b3bde004d46afd03e272e392ca8b,1,0
QZK,2025Q2,21,8,518,dba57b8527fd6c7887ed53267e923d49b45a0c66a5484af99a2dbc034bdd65d4,53caa7ac8909a392002a51b9c168c8c14364564e3506a6d8c257e0284dfcaea8,0,3
QZK,2025Q3,42,6,513,4e6d1fc912488b7db17af786b59851858ff2c8d45b30fa5ddb936251c3432013,339e9972e9132f7e09cd4298e07f12a7571a89e8ae978f6485ac6177c08391a7,2,4
QZK,2025Q4,57,3,512,88730df3ebbc0e3442e933500eafa137d83aa6b3423510f6c2292cb587ec492b,3d7565e6ebcb58d367145ea2797febc0efe1886fa566f14acd6331cebb299dac,1,1
QZW,2025Q3,1,2,528,f504ac10f4eecc846126174058dc4b07d41f646accba49f7d2c7422514695dd5,84c8d61fc47bde31e726195ba45a071b1fe185d4b8a5d4fac43755d19c0548aa,0,0
RCC,2025Q3,1,2,527,560822d02ca90dcbab4bf9c4830948e1d97f095e1dd04d8521505d70cb2833e1,2309424815d974948f7aa34627e34d2d5669d5fd178ace1ed912926c6271cb8d,0,0
SAF,2024Q4,16,9,520,d1a22885e702bd640271382b7a5f544a4eb685808ae4d832ffc07732d2ba934a,f93c3191d42cbc74e709d0935a322730d8c7c279583901e52816eddc86a5262f,1,1
SAF,2025Q1,249,4,511,b91b22e9bce6d1351491c23b1e55f590e3138062a0d48a41ba8369c025e17510,efead62f3c8f74cec6de46bff9b0858cbd3371fa79175caee80ac7a89aaf2d2b,2,2
SAF,2025Q2,660,7,509,e2911b4b8c85b6f544f6bb9c18b3fad6bc1ae0961f94bfcaa5c6dab9bdd183b0,253e0732dc4738c3a5d764a1026693ce4af890ac85b7f5ec9c55e7fb22b0baf8,1,0
SAF,2025Q3,1106,5,505,2c132b8c6ce5828b9095acbc3c68affd29ece9cc2697243b1a1d63e3efb590c1,5c32eab54bd1e79955a701ec42d9118637188b66b24d980c6e65e8eb7e7a3ca2,1,2
SAF,2025Q4,1435,6,505,957e077c372d7a7635855530da36afb2a07892a985ca8c0d82f40e2f9cea7009,d1baed13531e44752c2e7bba635fe4547edf7dde9231afb7dda0ed3ca32ad720,1,1
SAK,2025Q2,6,1,524,0d0469930d74570cb9da32dc624428d6e2b2cc8fd67af1334a19e88e14160082,6b4137f733ea885c2d1acf8bce6859431b875e532624bc62a2e6b00cd58b764b,0,0
SAK,2025Q3,9,1,526,a632773b6f92e3c5d47e710ec1cc9b7340f187eb437dec92d25878d9817839d3,598a368849023e0238de665cb5ad2506d41b4ec6497efa2fdb6b432b05bd9241,0,1
SAZ,2025Q4,1,1,531,6d73677d4f0cdcf4dc5426046a0a9095d023763131eafa14d633ddb0446e8c45,261efddb563af16eb9763793f4ef4a07ddf66db8bc9970df2550287de5d68413,1,1
SBA,2025Q1,17,10,517,3512bcdba07049ae38c601cd227f1539bae512b00fa9665e2ee56da803c0e7e5,6b2826885b7cf3370f70d42f111db8f008cd7796087dd3ab28b4ddbabbfbd2a9,2,0
SBA,2025Q2,252,4,509,ea1b08a39659db8447cd8a2df3323cbd9278ffe5f4c9bc232d4b4324cbabf7b0,a3929841be6a04e89bfa1df36f6c5f8cfbf90e447bd8e7305d4028d3f78f675b,2,2
SBA,2025Q3,504,5,508,8d6ea64996b47e7b63d91771e370916c25e7a054e7b5bd4de69fe2de65402abf,6f88e24851caee9e6fb8eca141a3309227f01472d3d9f95116c8c8b1ecf07c53,2,1
SBA,2025Q4,817,2,508,32529978bde91f4dee8a3f9f13121847c7015801897b6124591ac0115340d29b,68ad2f37ebc670fe428a2aeaeb6e5ded43b8191b57d9b2b2c1f8dac2ef7c765b,0,0
SCR,2025Q3,2,3,528,f504ac10f4eecc846126174058dc4b07d41f646accba49f7d2c7422514695dd5,bb32430e500c0668cf15d5230a7e18df6d97ec2e6bc3fbb0707ca708e07a6382,1,1
SCR,2025Q4,3,1,530,2558f1d511465e3a7edc0485ebefc44af035ee245b89ad87647f7e0e4f8904f1,3659cacab05527b55657926c7f6335720a935c7202daf914d7562dc0342d2acb,1,1
SCZ,2025Q4,4,3,529,5bc0f0fe3eb4823c5850cf5c180c404d93bceccb2936ea9a1e0cfaaac2906b2f,94692bcfe84ca78e64257e810879b2cd020f13939721acc9e9fd77de2781bfef,2,2
SDE,2025Q4,1,1,531,46d537109f527b93eb65c336b22304ed744517785fe597aa5efd8a30de2d36a1,261efddb563af16eb9763793f4ef4a07ddf66db8bc9970df2550287de5d68413,1,1
SEG,2025Q2,1,4,523,a20171898aa0bb30563cf091a0795f607d8ad5b47ac74f80446660d517d5d9e5,204ae9deb0f63f4efebfc02660bda648bdf1ecc56853f6b3c6fe33e2fd6e64f6,0,0
SEG,2025Q3,8,3,522,88275918cd09c57910204253e393119c3a5b6b13955b9ed90d1054c6726bc89c,4a0c0acfdd73a8c73152df55f8c3ec26c25c71a468fa61ef222cf61a8b399736,2,2
SEG,2025Q4,21,5,524,610e7348a2d03d8b38055545bfc07fad88ed4ac7190c4fb1094ec2441cbe4785,804e346560e3c15813e45dee9761917b65fcf4868fea27d3f1a16e7deee9073e,0,0
